id,suite,name,result,source,evidence,requirements,scope,run_at
APP-001,Application,qualification.test_access_bootstrap::test_approval_independence_applies_across_identity_aliases,Pass,qualification/test_access_bootstrap.py,docs/evidence/application-tests.xml,FR-TEN-001,Automated assertion only; requirement-level mapping is partial,2026-10-02T20:13:13.222907-05:00
APP-002,Application,qualification.test_access_bootstrap::test_approval_rechecks_pinned_context_and_consent[expired-403],Pass,qualification/test_access_bootstrap.py,docs/evidence/application-tests.xml,FR-TEN-001,Automated assertion only; requirement-level mapping is partial,2026-10-02T20:13:13.222907-05:00
APP-003,Application,qualification.test_access_bootstrap::test_approval_rechecks_pinned_context_and_consent[owner-409],Pass,qualification/test_access_bootstrap.py,docs/evidence/application-tests.xml,FR-TEN-001,Automated assertion only; requirement-level mapping is partial,2026-10-02T20:13:13.222907-05:00
APP-004,Application,qualification.test_access_bootstrap::test_approval_rechecks_pinned_context_and_consent[owner_cutoff-403],Pass,qualification/test_access_bootstrap.py,docs/evidence/application-tests.xml,FR-TEN-001,Automated assertion only; requirement-level mapping is partial,2026-10-02T20:13:13.222907-05:00
APP-005,Application,qualification.test_access_bootstrap::test_approval_rechecks_pinned_context_and_consent[profile-409],Pass,qualification/test_access_bootstrap.py,docs/evidence/application-tests.xml,FR-TEN-001,Automated assertion only; requirement-level mapping is partial,2026-10-02T20:13:13.222907-05:00
APP-006,Application,qualification.test_access_bootstrap::test_approval_rechecks_pinned_context_and_consent[qualification-403],Pass,qualification/test_access_bootstrap.py,docs/evidence/application-tests.xml,FR-TEN-001,Automated assertion only; requirement-level mapping is partial,2026-10-02T20:13:13.222907-05:00
APP-007,Application,qualification.test_access_bootstrap::test_approval_rechecks_pinned_context_and_consent[second_cutoff-403],Pass,qualification/test_access_bootstrap.py,docs/evidence/application-tests.xml,FR-TEN-001,Automated assertion only; requirement-level mapping is partial,2026-10-02T20:13:13.222907-05:00
APP-008,Application,qualification.test_access_bootstrap::test_approval_rechecks_pinned_context_and_consent[tenant-409],Pass,qualification/test_access_bootstrap.py,docs/evidence/application-tests.xml,FR-TEN-001,Automated assertion only; requirement-level mapping is partial,2026-10-02T20:13:13.222907-05:00
APP-009,Application,qualification.test_access_bootstrap::test_failure_after_provisioning_rolls_back_all_access_and_receipt,Pass,qualification/test_access_bootstrap.py,docs/evidence/application-tests.xml,FR-TEN-001,Automated assertion only; requirement-level mapping is partial,2026-10-02T20:13:13.222907-05:00
APP-010,Application,qualification.test_access_bootstrap::test_idempotent_once_only_and_replay_cannot_restore_revoked_grants,Pass,qualification/test_access_bootstrap.py,docs/evidence/application-tests.xml,FR-TEN-001,Automated assertion only; requirement-level mapping is partial,2026-10-02T20:13:13.222907-05:00
APP-011,Application,qualification.test_access_bootstrap::test_invalid_initial_authority_packages[changes0-422],Pass,qualification/test_access_bootstrap.py,docs/evidence/application-tests.xml,FR-TEN-001,Automated assertion only; requirement-level mapping is partial,2026-10-02T20:13:13.222907-05:00
APP-012,Application,qualification.test_access_bootstrap::test_invalid_initial_authority_packages[changes1-422],Pass,qualification/test_access_bootstrap.py,docs/evidence/application-tests.xml,FR-TEN-001,Automated assertion only; requirement-level mapping is partial,2026-10-02T20:13:13.222907-05:00
APP-013,Application,qualification.test_access_bootstrap::test_invalid_initial_authority_packages[changes2-422],Pass,qualification/test_access_bootstrap.py,docs/evidence/application-tests.xml,FR-TEN-001,Automated assertion only; requirement-level mapping is partial,2026-10-02T20:13:13.222907-05:00
APP-014,Application,qualification.test_access_bootstrap::test_invalid_initial_authority_packages[changes3-422],Pass,qualification/test_access_bootstrap.py,docs/evidence/application-tests.xml,FR-TEN-001,Automated assertion only; requirement-level mapping is partial,2026-10-02T20:13:13.222907-05:00
APP-015,Application,qualification.test_access_bootstrap::test_invalid_initial_authority_packages[changes4-422],Pass,qualification/test_access_bootstrap.py,docs/evidence/application-tests.xml,FR-TEN-001,Automated assertion only; requirement-level mapping is partial,2026-10-02T20:13:13.222907-05:00
APP-016,Application,qualification.test_access_bootstrap::test_invalid_initial_authority_packages[changes5-409],Pass,qualification/test_access_bootstrap.py,docs/evidence/application-tests.xml,FR-TEN-001,Automated assertion only; requirement-level mapping is partial,2026-10-02T20:13:13.222907-05:00
APP-017,Application,qualification.test_access_bootstrap::test_invalid_initial_authority_packages[changes6-404],Pass,qualification/test_access_bootstrap.py,docs/evidence/application-tests.xml,FR-TEN-001,Automated assertion only; requirement-level mapping is partial,2026-10-02T20:13:13.222907-05:00
APP-018,Application,qualification.test_access_bootstrap::test_onboarding_to_first_programme_requires_two_reviews,Pass,qualification/test_access_bootstrap.py,docs/evidence/application-tests.xml,FR-TEN-001,Automated assertion only; requirement-level mapping is partial,2026-10-02T20:13:13.222907-05:00
APP-019,Application,qualification.test_access_bootstrap::test_private_inbox_nominee_binding_and_fresh_assurance,Pass,qualification/test_access_bootstrap.py,docs/evidence/application-tests.xml,FR-TEN-001,Automated assertion only; requirement-level mapping is partial,2026-10-02T20:13:13.222907-05:00
APP-020,Application,qualification.test_access_bootstrap::test_request_is_owner_only_and_unknown_fields_are_closed,Pass,qualification/test_access_bootstrap.py,docs/evidence/application-tests.xml,FR-TEN-001,Automated assertion only; requirement-level mapping is partial,2026-10-02T20:13:13.222907-05:00
APP-021,Application,qualification.test_access_bootstrap::test_revoked_operator_cannot_replay_approval,Pass,qualification/test_access_bootstrap.py,docs/evidence/application-tests.xml,FR-TEN-001,Automated assertion only; requirement-level mapping is partial,2026-10-02T20:13:13.222907-05:00
APP-022,Application,qualification.test_access_bootstrap::test_runtime_cannot_manufacture_delegation_or_reset_marker,Pass,qualification/test_access_bootstrap.py,docs/evidence/application-tests.xml,FR-TEN-001,Automated assertion only; requirement-level mapping is partial,2026-10-02T20:13:13.222907-05:00
APP-023,Application,qualification.test_access_bootstrap::test_same_natural_person_cannot_be_second_admin,Pass,qualification/test_access_bootstrap.py,docs/evidence/application-tests.xml,FR-TEN-001,Automated assertion only; requirement-level mapping is partial,2026-10-02T20:13:13.222907-05:00
APP-024,Application,qualification.test_access_bootstrap::test_suspension_blocks_acceptance_and_cancellation_allows_fresh_proposal,Pass,qualification/test_access_bootstrap.py,docs/evidence/application-tests.xml,FR-TEN-001,Automated assertion only; requirement-level mapping is partial,2026-10-02T20:13:13.222907-05:00
APP-025,Application,qualification.test_access_bootstrap::test_unselected_capabilities_and_longer_grants_exceed_delegation_ceiling,Pass,qualification/test_access_bootstrap.py,docs/evidence/application-tests.xml,FR-TEN-001,Automated assertion only; requirement-level mapping is partial,2026-10-02T20:13:13.222907-05:00
APP-026,Application,qualification.test_administration::test_admin_cursor_bound_to_policy_epoch_and_tenant,Pass,qualification/test_administration.py,docs/evidence/application-tests.xml,FR-TEN-003; FR-IAM-001; FR-IAM-002; FR-IAM-009; FR-IAM-014; FR-ACC-003; FR-ACC-006; FR-ACC-012,Automated assertion only; requirement-level mapping is partial,2026-10-02T20:13:13.222907-05:00
APP-027,Application,qualification.test_administration::test_administration_closed_list_contracts[access-requests-AccessRequestList],Pass,qualification/test_administration.py,docs/evidence/application-tests.xml,FR-TEN-003; FR-IAM-001; FR-IAM-002; FR-IAM-009; FR-IAM-014; FR-ACC-003; FR-ACC-006; FR-ACC-012,Automated assertion only; requirement-level mapping is partial,2026-10-02T20:13:13.222907-05:00
APP-028,Application,qualification.test_administration::test_administration_closed_list_contracts[access-scopes-AccessScopeList],Pass,qualification/test_administration.py,docs/evidence/application-tests.xml,FR-TEN-003; FR-IAM-001; FR-IAM-002; FR-IAM-009; FR-IAM-014; FR-ACC-003; FR-ACC-006; FR-ACC-012,Automated assertion only; requirement-level mapping is partial,2026-10-02T20:13:13.222907-05:00
APP-029,Application,qualification.test_administration::test_administration_closed_list_contracts[member-invitations-MemberInvitationList],Pass,qualification/test_administration.py,docs/evidence/application-tests.xml,FR-TEN-003; FR-IAM-001; FR-IAM-002; FR-IAM-009; FR-IAM-014; FR-ACC-003; FR-ACC-006; FR-ACC-012,Automated assertion only; requirement-level mapping is partial,2026-10-02T20:13:13.222907-05:00
APP-030,Application,qualification.test_administration::test_administration_closed_list_contracts[membership-directory-MemberDirectoryList],Pass,qualification/test_administration.py,docs/evidence/application-tests.xml,FR-TEN-003; FR-IAM-001; FR-IAM-002; FR-IAM-009; FR-IAM-014; FR-ACC-003; FR-ACC-006; FR-ACC-012,Automated assertion only; requirement-level mapping is partial,2026-10-02T20:13:13.222907-05:00
APP-031,Application,qualification.test_administration::test_administration_closed_list_contracts[role-templates-RoleTemplateList],Pass,qualification/test_administration.py,docs/evidence/application-tests.xml,FR-TEN-003; FR-IAM-001; FR-IAM-002; FR-IAM-009; FR-IAM-014; FR-ACC-003; FR-ACC-006; FR-ACC-012,Automated assertion only; requirement-level mapping is partial,2026-10-02T20:13:13.222907-05:00
APP-032,Application,qualification.test_administration::test_administration_create_cannot_be_called_through_patch,Pass,qualification/test_administration.py,docs/evidence/application-tests.xml,FR-TEN-003; FR-IAM-001; FR-IAM-002; FR-IAM-009; FR-IAM-014; FR-ACC-003; FR-ACC-006; FR-ACC-012,Automated assertion only; requirement-level mapping is partial,2026-10-02T20:13:13.222907-05:00
APP-033,Application,qualification.test_administration::test_app_role_cannot_manufacture_delegation_or_owner_custody,Pass,qualification/test_administration.py,docs/evidence/application-tests.xml,FR-TEN-003; FR-IAM-001; FR-IAM-002; FR-IAM-009; FR-IAM-014; FR-ACC-003; FR-ACC-006; FR-ACC-012,Automated assertion only; requirement-level mapping is partial,2026-10-02T20:13:13.222907-05:00
APP-034,Application,qualification.test_administration::test_changed_membership_invalidates_pending_role_request,Pass,qualification/test_administration.py,docs/evidence/application-tests.xml,FR-TEN-003; FR-IAM-001; FR-IAM-002; FR-IAM-009; FR-IAM-014; FR-ACC-003; FR-ACC-006; FR-ACC-012,Automated assertion only; requirement-level mapping is partial,2026-10-02T20:13:13.222907-05:00
APP-035,Application,qualification.test_administration::test_cross_tenant_scope_creation_is_atomic,Pass,qualification/test_administration.py,docs/evidence/application-tests.xml,FR-TEN-003; FR-IAM-001; FR-IAM-002; FR-IAM-009; FR-IAM-014; FR-ACC-003; FR-ACC-006; FR-ACC-012,Automated assertion only; requirement-level mapping is partial,2026-10-02T20:13:13.222907-05:00
APP-036,Application,qualification.test_administration::test_delegation_expiry_cannot_be_exceeded,Pass,qualification/test_administration.py,docs/evidence/application-tests.xml,FR-TEN-003; FR-IAM-001; FR-IAM-002; FR-IAM-009; FR-IAM-014; FR-ACC-003; FR-ACC-006; FR-ACC-012,Automated assertion only; requirement-level mapping is partial,2026-10-02T20:13:13.222907-05:00
APP-037,Application,qualification.test_administration::test_expired_invitation_and_wrong_tenant_are_denied,Pass,qualification/test_administration.py,docs/evidence/application-tests.xml,FR-TEN-003; FR-IAM-001; FR-IAM-002; FR-IAM-009; FR-IAM-014; FR-ACC-003; FR-ACC-006; FR-ACC-012,Automated assertion only; requirement-level mapping is partial,2026-10-02T20:13:13.222907-05:00
APP-038,Application,qualification.test_administration::test_generic_membership_patch_cannot_bypass_governance,Pass,qualification/test_administration.py,docs/evidence/application-tests.xml,FR-TEN-003; FR-IAM-001; FR-IAM-002; FR-IAM-009; FR-IAM-014; FR-ACC-003; FR-ACC-006; FR-ACC-012,Automated assertion only; requirement-level mapping is partial,2026-10-02T20:13:13.222907-05:00
APP-039,Application,qualification.test_administration::test_invitation_acceptance_immediately_updates_cookie_workspace_directory,Pass,qualification/test_administration.py,docs/evidence/application-tests.xml,FR-TEN-003; FR-IAM-001; FR-IAM-002; FR-IAM-009; FR-IAM-014; FR-ACC-003; FR-ACC-006; FR-ACC-012,Automated assertion only; requirement-level mapping is partial,2026-10-02T20:13:13.222907-05:00
APP-040,Application,qualification.test_administration::test_invitation_cannot_grant_administrative_role,Pass,qualification/test_administration.py,docs/evidence/application-tests.xml,FR-TEN-003; FR-IAM-001; FR-IAM-002; FR-IAM-009; FR-IAM-014; FR-ACC-003; FR-ACC-006; FR-ACC-012,Automated assertion only; requirement-level mapping is partial,2026-10-02T20:13:13.222907-05:00
APP-041,Application,qualification.test_administration::test_invitation_checks_current_inviter_authority,Pass,qualification/test_administration.py,docs/evidence/application-tests.xml,FR-TEN-003; FR-IAM-001; FR-IAM-002; FR-IAM-009; FR-IAM-014; FR-ACC-003; FR-ACC-006; FR-ACC-012,Automated assertion only; requirement-level mapping is partial,2026-10-02T20:13:13.222907-05:00
APP-042,Application,qualification.test_administration::test_invitation_identity_single_use_exact_retry_and_no_token_storage,Pass,qualification/test_administration.py,docs/evidence/application-tests.xml,FR-TEN-003; FR-IAM-001; FR-IAM-002; FR-IAM-009; FR-IAM-014; FR-ACC-003; FR-ACC-006; FR-ACC-012,Automated assertion only; requirement-level mapping is partial,2026-10-02T20:13:13.222907-05:00
APP-043,Application,qualification.test_administration::test_missing_reason_and_read_only_injection_are_rejected,Pass,qualification/test_administration.py,docs/evidence/application-tests.xml,FR-TEN-003; FR-IAM-001; FR-IAM-002; FR-IAM-009; FR-IAM-014; FR-ACC-003; FR-ACC-006; FR-ACC-012,Automated assertion only; requirement-level mapping is partial,2026-10-02T20:13:13.222907-05:00
APP-044,Application,qualification.test_administration::test_non_admin_cannot_issue_invites_or_mutate_memberships,Pass,qualification/test_administration.py,docs/evidence/application-tests.xml,FR-TEN-003; FR-IAM-001; FR-IAM-002; FR-IAM-009; FR-IAM-014; FR-ACC-003; FR-ACC-006; FR-ACC-012,Automated assertion only; requirement-level mapping is partial,2026-10-02T20:13:13.222907-05:00
APP-045,Application,qualification.test_administration::test_object_scoped_invitation_cannot_read_other_objects,Pass,qualification/test_administration.py,docs/evidence/application-tests.xml,FR-TEN-003; FR-IAM-001; FR-IAM-002; FR-IAM-009; FR-IAM-014; FR-ACC-003; FR-ACC-006; FR-ACC-012,Automated assertion only; requirement-level mapping is partial,2026-10-02T20:13:13.222907-05:00
APP-046,Application,qualification.test_administration::test_offboarding_cancels_pending_work_and_never_automatically_resumes_it,Pass,qualification/test_administration.py,docs/evidence/application-tests.xml,FR-TEN-003; FR-IAM-001; FR-IAM-002; FR-IAM-009; FR-IAM-014; FR-ACC-003; FR-ACC-006; FR-ACC-012,Automated assertion only; requirement-level mapping is partial,2026-10-02T20:13:13.222907-05:00
APP-047,Application,qualification.test_administration::test_offboarding_revokes_grants_and_preserves_attribution,Pass,qualification/test_administration.py,docs/evidence/application-tests.xml,FR-TEN-003; FR-IAM-001; FR-IAM-002; FR-IAM-009; FR-IAM-014; FR-ACC-003; FR-ACC-006; FR-ACC-012,Automated assertion only; requirement-level mapping is partial,2026-10-02T20:13:13.222907-05:00
APP-048,Application,qualification.test_administration::test_owner_custody_cannot_be_removed[revoke],Pass,qualification/test_administration.py,docs/evidence/application-tests.xml,FR-TEN-003; FR-IAM-001; FR-IAM-002; FR-IAM-009; FR-IAM-014; FR-ACC-003; FR-ACC-006; FR-ACC-012,Automated assertion only; requirement-level mapping is partial,2026-10-02T20:13:13.222907-05:00
APP-049,Application,qualification.test_administration::test_owner_custody_cannot_be_removed[suspend],Pass,qualification/test_administration.py,docs/evidence/application-tests.xml,FR-TEN-003; FR-IAM-001; FR-IAM-002; FR-IAM-009; FR-IAM-014; FR-ACC-003; FR-ACC-006; FR-ACC-012,Automated assertion only; requirement-level mapping is partial,2026-10-02T20:13:13.222907-05:00
APP-050,Application,qualification.test_administration::test_owner_grants_cannot_be_removed,Pass,qualification/test_administration.py,docs/evidence/application-tests.xml,FR-TEN-003; FR-IAM-001; FR-IAM-002; FR-IAM-009; FR-IAM-014; FR-ACC-003; FR-ACC-006; FR-ACC-012,Automated assertion only; requirement-level mapping is partial,2026-10-02T20:13:13.222907-05:00
APP-051,Application,qualification.test_administration::test_privileged_action_requires_recent_authentication,Pass,qualification/test_administration.py,docs/evidence/application-tests.xml,FR-TEN-003; FR-IAM-001; FR-IAM-002; FR-IAM-009; FR-IAM-014; FR-ACC-003; FR-ACC-006; FR-ACC-012,Automated assertion only; requirement-level mapping is partial,2026-10-02T20:13:13.222907-05:00
APP-052,Application,qualification.test_administration::test_recent_token_without_authentication_time_cannot_authorize_admin_changes,Pass,qualification/test_administration.py,docs/evidence/application-tests.xml,FR-TEN-003; FR-IAM-001; FR-IAM-002; FR-IAM-009; FR-IAM-014; FR-ACC-003; FR-ACC-006; FR-ACC-012,Automated assertion only; requirement-level mapping is partial,2026-10-02T20:13:13.222907-05:00
APP-053,Application,qualification.test_administration::test_reissue_invalidates_old_link_and_revoke_disables_new_link,Pass,qualification/test_administration.py,docs/evidence/application-tests.xml,FR-TEN-003; FR-IAM-001; FR-IAM-002; FR-IAM-009; FR-IAM-014; FR-ACC-003; FR-ACC-006; FR-ACC-012,Automated assertion only; requirement-level mapping is partial,2026-10-02T20:13:13.222907-05:00
APP-054,Application,qualification.test_administration::test_restarting_fixture_provisioning_does_not_restore_revoked_original_grant,Pass,qualification/test_administration.py,docs/evidence/application-tests.xml,FR-TEN-003; FR-IAM-001; FR-IAM-002; FR-IAM-009; FR-IAM-014; FR-ACC-003; FR-ACC-006; FR-ACC-012,Automated assertion only; requirement-level mapping is partial,2026-10-02T20:13:13.222907-05:00
APP-055,Application,qualification.test_administration::test_role_change_requires_independent_approval_and_rechecks_revision,Pass,qualification/test_administration.py,docs/evidence/application-tests.xml,FR-TEN-003; FR-IAM-001; FR-IAM-002; FR-IAM-009; FR-IAM-014; FR-ACC-003; FR-ACC-006; FR-ACC-012,Automated assertion only; requirement-level mapping is partial,2026-10-02T20:13:13.222907-05:00
APP-056,Application,qualification.test_administration::test_second_login_same_natural_person_is_not_independent,Pass,qualification/test_administration.py,docs/evidence/application-tests.xml,FR-TEN-003; FR-IAM-001; FR-IAM-002; FR-IAM-009; FR-IAM-014; FR-ACC-003; FR-ACC-006; FR-ACC-012,Automated assertion only; requirement-level mapping is partial,2026-10-02T20:13:13.222907-05:00
APP-057,Application,qualification.test_administration::test_suspension_reactivation_requires_new_authentication,Pass,qualification/test_administration.py,docs/evidence/application-tests.xml,FR-TEN-003; FR-IAM-001; FR-IAM-002; FR-IAM-009; FR-IAM-014; FR-ACC-003; FR-ACC-006; FR-ACC-012,Automated assertion only; requirement-level mapping is partial,2026-10-02T20:13:13.222907-05:00
APP-058,Application,qualification.test_administration::test_target_cannot_approve_own_access,Pass,qualification/test_administration.py,docs/evidence/application-tests.xml,FR-TEN-003; FR-IAM-001; FR-IAM-002; FR-IAM-009; FR-IAM-014; FR-ACC-003; FR-ACC-006; FR-ACC-012,Automated assertion only; requirement-level mapping is partial,2026-10-02T20:13:13.222907-05:00
APP-059,Application,qualification.test_administration::test_unprovisioned_identity_is_not_silently_created,Pass,qualification/test_administration.py,docs/evidence/application-tests.xml,FR-TEN-003; FR-IAM-001; FR-IAM-002; FR-IAM-009; FR-IAM-014; FR-ACC-003; FR-ACC-006; FR-ACC-012,Automated assertion only; requirement-level mapping is partial,2026-10-02T20:13:13.222907-05:00
APP-060,Application,qualification.test_administration_unit::test_each_administrative_command_has_closed_schema_exact_capability_and_fresh_assurance[accept_invitation],Pass,qualification/test_administration_unit.py,docs/evidence/application-tests.xml,,Automated assertion only; requirement-level mapping is partial,2026-10-02T20:13:13.222907-05:00
APP-061,Application,qualification.test_administration_unit::test_each_administrative_command_has_closed_schema_exact_capability_and_fresh_assurance[accept_ownership],Pass,qualification/test_administration_unit.py,docs/evidence/application-tests.xml,,Automated assertion only; requirement-level mapping is partial,2026-10-02T20:13:13.222907-05:00
APP-062,Application,qualification.test_administration_unit::test_each_administrative_command_has_closed_schema_exact_capability_and_fresh_assurance[action_grants_revoke],Pass,qualification/test_administration_unit.py,docs/evidence/application-tests.xml,,Automated assertion only; requirement-level mapping is partial,2026-10-02T20:13:13.222907-05:00
APP-063,Application,qualification.test_administration_unit::test_each_administrative_command_has_closed_schema_exact_capability_and_fresh_assurance[action_memberships_revoke],Pass,qualification/test_administration_unit.py,docs/evidence/application-tests.xml,,Automated assertion only; requirement-level mapping is partial,2026-10-02T20:13:13.222907-05:00
APP-064,Application,qualification.test_administration_unit::test_each_administrative_command_has_closed_schema_exact_capability_and_fresh_assurance[action_memberships_suspend],Pass,qualification/test_administration_unit.py,docs/evidence/application-tests.xml,,Automated assertion only; requirement-level mapping is partial,2026-10-02T20:13:13.222907-05:00
APP-065,Application,qualification.test_administration_unit::test_each_administrative_command_has_closed_schema_exact_capability_and_fresh_assurance[apply_reference_defaults],Pass,qualification/test_administration_unit.py,docs/evidence/application-tests.xml,,Automated assertion only; requirement-level mapping is partial,2026-10-02T20:13:13.222907-05:00
APP-066,Application,qualification.test_administration_unit::test_each_administrative_command_has_closed_schema_exact_capability_and_fresh_assurance[approve_access_change],Pass,qualification/test_administration_unit.py,docs/evidence/application-tests.xml,,Automated assertion only; requirement-level mapping is partial,2026-10-02T20:13:13.222907-05:00
APP-067,Application,qualification.test_administration_unit::test_each_administrative_command_has_closed_schema_exact_capability_and_fresh_assurance[approve_group_change_requests],Pass,qualification/test_administration_unit.py,docs/evidence/application-tests.xml,,Automated assertion only; requirement-level mapping is partial,2026-10-02T20:13:13.222907-05:00
APP-068,Application,qualification.test_administration_unit::test_each_administrative_command_has_closed_schema_exact_capability_and_fresh_assurance[approve_purpose_grant],Pass,qualification/test_administration_unit.py,docs/evidence/application-tests.xml,,Automated assertion only; requirement-level mapping is partial,2026-10-02T20:13:13.222907-05:00
APP-069,Application,qualification.test_administration_unit::test_each_administrative_command_has_closed_schema_exact_capability_and_fresh_assurance[approve_renewal_requests],Pass,qualification/test_administration_unit.py,docs/evidence/application-tests.xml,,Automated assertion only; requirement-level mapping is partial,2026-10-02T20:13:13.222907-05:00
APP-070,Application,qualification.test_administration_unit::test_each_administrative_command_has_closed_schema_exact_capability_and_fresh_assurance[cancel_ownership],Pass,qualification/test_administration_unit.py,docs/evidence/application-tests.xml,,Automated assertion only; requirement-level mapping is partial,2026-10-02T20:13:13.222907-05:00
APP-071,Application,qualification.test_administration_unit::test_each_administrative_command_has_closed_schema_exact_capability_and_fresh_assurance[create_access_group],Pass,qualification/test_administration_unit.py,docs/evidence/application-tests.xml,,Automated assertion only; requirement-level mapping is partial,2026-10-02T20:13:13.222907-05:00
APP-072,Application,qualification.test_administration_unit::test_each_administrative_command_has_closed_schema_exact_capability_and_fresh_assurance[create_access_scope],Pass,qualification/test_administration_unit.py,docs/evidence/application-tests.xml,,Automated assertion only; requirement-level mapping is partial,2026-10-02T20:13:13.222907-05:00
APP-073,Application,qualification.test_administration_unit::test_each_administrative_command_has_closed_schema_exact_capability_and_fresh_assurance[create_geography],Pass,qualification/test_administration_unit.py,docs/evidence/application-tests.xml,,Automated assertion only; requirement-level mapping is partial,2026-10-02T20:13:13.222907-05:00
APP-074,Application,qualification.test_administration_unit::test_each_administrative_command_has_closed_schema_exact_capability_and_fresh_assurance[create_organisation_unit],Pass,qualification/test_administration_unit.py,docs/evidence/application-tests.xml,,Automated assertion only; requirement-level mapping is partial,2026-10-02T20:13:13.222907-05:00
APP-075,Application,qualification.test_administration_unit::test_each_administrative_command_has_closed_schema_exact_capability_and_fresh_assurance[create_report_template],Pass,qualification/test_administration_unit.py,docs/evidence/application-tests.xml,,Automated assertion only; requirement-level mapping is partial,2026-10-02T20:13:13.222907-05:00
APP-076,Application,qualification.test_administration_unit::test_each_administrative_command_has_closed_schema_exact_capability_and_fresh_assurance[create_reporting_calendar],Pass,qualification/test_administration_unit.py,docs/evidence/application-tests.xml,,Automated assertion only; requirement-level mapping is partial,2026-10-02T20:13:13.222907-05:00
APP-077,Application,qualification.test_administration_unit::test_each_administrative_command_has_closed_schema_exact_capability_and_fresh_assurance[create_role_template],Pass,qualification/test_administration_unit.py,docs/evidence/application-tests.xml,,Automated assertion only; requirement-level mapping is partial,2026-10-02T20:13:13.222907-05:00
APP-078,Application,qualification.test_administration_unit::test_each_administrative_command_has_closed_schema_exact_capability_and_fresh_assurance[create_workflow_template],Pass,qualification/test_administration_unit.py,docs/evidence/application-tests.xml,,Automated assertion only; requirement-level mapping is partial,2026-10-02T20:13:13.222907-05:00
APP-079,Application,qualification.test_administration_unit::test_each_administrative_command_has_closed_schema_exact_capability_and_fresh_assurance[extend_reporting_calendar],Pass,qualification/test_administration_unit.py,docs/evidence/application-tests.xml,,Automated assertion only; requirement-level mapping is partial,2026-10-02T20:13:13.222907-05:00
APP-080,Application,qualification.test_administration_unit::test_each_administrative_command_has_closed_schema_exact_capability_and_fresh_assurance[invite_member],Pass,qualification/test_administration_unit.py,docs/evidence/application-tests.xml,,Automated assertion only; requirement-level mapping is partial,2026-10-02T20:13:13.222907-05:00
APP-081,Application,qualification.test_administration_unit::test_each_administrative_command_has_closed_schema_exact_capability_and_fresh_assurance[nominate_owner],Pass,qualification/test_administration_unit.py,docs/evidence/application-tests.xml,,Automated assertion only; requirement-level mapping is partial,2026-10-02T20:13:13.222907-05:00
APP-082,Application,qualification.test_administration_unit::test_each_administrative_command_has_closed_schema_exact_capability_and_fresh_assurance[reactivate_membership],Pass,qualification/test_administration_unit.py,docs/evidence/application-tests.xml,,Automated assertion only; requirement-level mapping is partial,2026-10-02T20:13:13.222907-05:00
APP-083,Application,qualification.test_administration_unit::test_each_administrative_command_has_closed_schema_exact_capability_and_fresh_assurance[reject_access_change],Pass,qualification/test_administration_unit.py,docs/evidence/application-tests.xml,,Automated assertion only; requirement-level mapping is partial,2026-10-02T20:13:13.222907-05:00
APP-084,Application,qualification.test_administration_unit::test_each_administrative_command_has_closed_schema_exact_capability_and_fresh_assurance[reject_group_change_requests],Pass,qualification/test_administration_unit.py,docs/evidence/application-tests.xml,,Automated assertion only; requirement-level mapping is partial,2026-10-02T20:13:13.222907-05:00
APP-085,Application,qualification.test_administration_unit::test_each_administrative_command_has_closed_schema_exact_capability_and_fresh_assurance[reject_purpose_grant],Pass,qualification/test_administration_unit.py,docs/evidence/application-tests.xml,,Automated assertion only; requirement-level mapping is partial,2026-10-02T20:13:13.222907-05:00
APP-086,Application,qualification.test_administration_unit::test_each_administrative_command_has_closed_schema_exact_capability_and_fresh_assurance[reject_renewal_requests],Pass,qualification/test_administration_unit.py,docs/evidence/application-tests.xml,,Automated assertion only; requirement-level mapping is partial,2026-10-02T20:13:13.222907-05:00
APP-087,Application,qualification.test_administration_unit::test_each_administrative_command_has_closed_schema_exact_capability_and_fresh_assurance[remove_group_member],Pass,qualification/test_administration_unit.py,docs/evidence/application-tests.xml,,Automated assertion only; requirement-level mapping is partial,2026-10-02T20:13:13.222907-05:00
APP-088,Application,qualification.test_administration_unit::test_each_administrative_command_has_closed_schema_exact_capability_and_fresh_assurance[rename_organisation_unit],Pass,qualification/test_administration_unit.py,docs/evidence/application-tests.xml,,Automated assertion only; requirement-level mapping is partial,2026-10-02T20:13:13.222907-05:00
APP-089,Application,qualification.test_administration_unit::test_each_administrative_command_has_closed_schema_exact_capability_and_fresh_assurance[reparent_organisation_unit],Pass,qualification/test_administration_unit.py,docs/evidence/application-tests.xml,,Automated assertion only; requirement-level mapping is partial,2026-10-02T20:13:13.222907-05:00
APP-090,Application,qualification.test_administration_unit::test_each_administrative_command_has_closed_schema_exact_capability_and_fresh_assurance[request_access_change],Pass,qualification/test_administration_unit.py,docs/evidence/application-tests.xml,,Automated assertion only; requirement-level mapping is partial,2026-10-02T20:13:13.222907-05:00
APP-091,Application,qualification.test_administration_unit::test_each_administrative_command_has_closed_schema_exact_capability_and_fresh_assurance[request_group_change],Pass,qualification/test_administration_unit.py,docs/evidence/application-tests.xml,,Automated assertion only; requirement-level mapping is partial,2026-10-02T20:13:13.222907-05:00
APP-092,Application,qualification.test_administration_unit::test_each_administrative_command_has_closed_schema_exact_capability_and_fresh_assurance[request_membership_renewal],Pass,qualification/test_administration_unit.py,docs/evidence/application-tests.xml,,Automated assertion only; requirement-level mapping is partial,2026-10-02T20:13:13.222907-05:00
APP-093,Application,qualification.test_administration_unit::test_each_administrative_command_has_closed_schema_exact_capability_and_fresh_assurance[request_purpose_grant],Pass,qualification/test_administration_unit.py,docs/evidence/application-tests.xml,,Automated assertion only; requirement-level mapping is partial,2026-10-02T20:13:13.222907-05:00
APP-094,Application,qualification.test_administration_unit::test_each_administrative_command_has_closed_schema_exact_capability_and_fresh_assurance[resend_invitation],Pass,qualification/test_administration_unit.py,docs/evidence/application-tests.xml,,Automated assertion only; requirement-level mapping is partial,2026-10-02T20:13:13.222907-05:00
APP-095,Application,qualification.test_administration_unit::test_each_administrative_command_has_closed_schema_exact_capability_and_fresh_assurance[retire_access_group],Pass,qualification/test_administration_unit.py,docs/evidence/application-tests.xml,,Automated assertion only; requirement-level mapping is partial,2026-10-02T20:13:13.222907-05:00
APP-096,Application,qualification.test_administration_unit::test_each_administrative_command_has_closed_schema_exact_capability_and_fresh_assurance[retire_role_template],Pass,qualification/test_administration_unit.py,docs/evidence/application-tests.xml,,Automated assertion only; requirement-level mapping is partial,2026-10-02T20:13:13.222907-05:00
APP-097,Application,qualification.test_administration_unit::test_each_administrative_command_has_closed_schema_exact_capability_and_fresh_assurance[revise_role_template],Pass,qualification/test_administration_unit.py,docs/evidence/application-tests.xml,,Automated assertion only; requirement-level mapping is partial,2026-10-02T20:13:13.222907-05:00
APP-098,Application,qualification.test_administration_unit::test_each_administrative_command_has_closed_schema_exact_capability_and_fresh_assurance[revoke_invitation],Pass,qualification/test_administration_unit.py,docs/evidence/application-tests.xml,,Automated assertion only; requirement-level mapping is partial,2026-10-02T20:13:13.222907-05:00
APP-099,Application,qualification.test_administration_unit::test_invalid_invitation_email[ a@example.test],Pass,qualification/test_administration_unit.py,docs/evidence/application-tests.xml,,Automated assertion only; requirement-level mapping is partial,2026-10-02T20:13:13.222907-05:00
APP-100,Application,qualification.test_administration_unit::test_invalid_invitation_email[.a@example.test],Pass,qualification/test_administration_unit.py,docs/evidence/application-tests.xml,,Automated assertion only; requirement-level mapping is partial,2026-10-02T20:13:13.222907-05:00
APP-101,Application,qualification.test_administration_unit::test_invalid_invitation_email[42],Pass,qualification/test_administration_unit.py,docs/evidence/application-tests.xml,,Automated assertion only; requirement-level mapping is partial,2026-10-02T20:13:13.222907-05:00
APP-102,Application,qualification.test_administration_unit::test_invalid_invitation_email[None],Pass,qualification/test_administration_unit.py,docs/evidence/application-tests.xml,,Automated assertion only; requirement-level mapping is partial,2026-10-02T20:13:13.222907-05:00
APP-103,Application,qualification.test_administration_unit::test_invalid_invitation_email[\xe9@example.test],Pass,qualification/test_administration_unit.py,docs/evidence/application-tests.xml,,Automated assertion only; requirement-level mapping is partial,2026-10-02T20:13:13.222907-05:00
APP-104,Application,qualification.test_administration_unit::test_invalid_invitation_email[],Pass,qualification/test_administration_unit.py,docs/evidence/application-tests.xml,,Automated assertion only; requirement-level mapping is partial,2026-10-02T20:13:13.222907-05:00
APP-105,Application,qualification.test_administration_unit::test_invalid_invitation_email[a..b@example.test],Pass,qualification/test_administration_unit.py,docs/evidence/application-tests.xml,,Automated assertion only; requirement-level mapping is partial,2026-10-02T20:13:13.222907-05:00
APP-106,Application,qualification.test_administration_unit::test_invalid_invitation_email[a.@example.test],Pass,qualification/test_administration_unit.py,docs/evidence/application-tests.xml,,Automated assertion only; requirement-level mapping is partial,2026-10-02T20:13:13.222907-05:00
APP-107,Application,qualification.test_administration_unit::test_invalid_invitation_email[a@-example.test],Pass,qualification/test_administration_unit.py,docs/evidence/application-tests.xml,,Automated assertion only; requirement-level mapping is partial,2026-10-02T20:13:13.222907-05:00
APP-108,Application,qualification.test_administration_unit::test_invalid_invitation_email[a@example.test ],Pass,qualification/test_administration_unit.py,docs/evidence/application-tests.xml,,Automated assertion only; requirement-level mapping is partial,2026-10-02T20:13:13.222907-05:00
APP-109,Application,qualification.test_administration_unit::test_invalid_invitation_email[a@localhost],Pass,qualification/test_administration_unit.py,docs/evidence/application-tests.xml,,Automated assertion only; requirement-level mapping is partial,2026-10-02T20:13:13.222907-05:00
APP-110,Application,qualification.test_administration_unit::test_invalid_invitation_email[a\n@example.test],Pass,qualification/test_administration_unit.py,docs/evidence/application-tests.xml,,Automated assertion only; requirement-level mapping is partial,2026-10-02T20:13:13.222907-05:00
APP-111,Application,qualification.test_administration_unit::test_invalid_invitation_email[aaaaaaaaaaaaaaaaaaaaaaaaaaaaaaaaaaaaaaaaaaaaaaaaaaaaaaaaaaaaaaaaa@example.test],Pass,qualification/test_administration_unit.py,docs/evidence/application-tests.xml,,Automated assertion only; requirement-level mapping is partial,2026-10-02T20:13:13.222907-05:00
APP-112,Application,qualification.test_administration_unit::test_invitation_signature_is_bound_to_tenant_id_generation_and_separate_key,Pass,qualification/test_administration_unit.py,docs/evidence/application-tests.xml,,Automated assertion only; requirement-level mapping is partial,2026-10-02T20:13:13.222907-05:00
APP-113,Application,qualification.test_administration_unit::test_production_requires_separate_strong_invitation_key[],Pass,qualification/test_administration_unit.py,docs/evidence/application-tests.xml,,Automated assertion only; requirement-level mapping is partial,2026-10-02T20:13:13.222907-05:00
APP-114,Application,qualification.test_administration_unit::test_production_requires_separate_strong_invitation_key[cccccccccccccccccccccccccccccccccccccccccccccccccccccccccccccccc],Pass,qualification/test_administration_unit.py,docs/evidence/application-tests.xml,,Automated assertion only; requirement-level mapping is partial,2026-10-02T20:13:13.222907-05:00
APP-115,Application,qualification.test_administration_unit::test_production_requires_separate_strong_invitation_key[xxxxxxxxxxxxxxxxxxxxxxxxxxxxxxxxxxxxxxxxxxxxxxx],Pass,qualification/test_administration_unit.py,docs/evidence/application-tests.xml,,Automated assertion only; requirement-level mapping is partial,2026-10-02T20:13:13.222907-05:00
APP-116,Application,qualification.test_administration_unit::test_verified_email_canonicalization_is_explicit_and_not_provider_specific,Pass,qualification/test_administration_unit.py,docs/evidence/application-tests.xml,,Automated assertion only; requirement-level mapping is partial,2026-10-02T20:13:13.222907-05:00
APP-117,Application,qualification.test_audit_export::test_chain_digest_and_seal_verify_and_detect_tampering,Pass,qualification/test_audit_export.py,docs/evidence/application-tests.xml,FR-SEC-007; VF-AUD-001,Automated assertion only; requirement-level mapping is partial,2026-10-02T20:13:13.222907-05:00
APP-118,Application,qualification.test_audit_export::test_cursor_is_signed_and_bound_to_window_and_purpose,Pass,qualification/test_audit_export.py,docs/evidence/application-tests.xml,FR-SEC-007; VF-AUD-001,Automated assertion only; requirement-level mapping is partial,2026-10-02T20:13:13.222907-05:00
APP-119,Application,qualification.test_audit_export::test_empty_window_is_a_complete_page_with_the_genesis_chain,Pass,qualification/test_audit_export.py,docs/evidence/application-tests.xml,FR-SEC-007; VF-AUD-001,Automated assertion only; requirement-level mapping is partial,2026-10-02T20:13:13.222907-05:00
APP-120,Application,qualification.test_audit_export::test_exact_retry_is_identical_and_a_changed_payload_conflicts,Pass,qualification/test_audit_export.py,docs/evidence/application-tests.xml,FR-SEC-007; VF-AUD-001,Automated assertion only; requirement-level mapping is partial,2026-10-02T20:13:13.222907-05:00
APP-121,Application,qualification.test_audit_export::test_export_pages_verify_and_each_export_is_audited,Pass,qualification/test_audit_export.py,docs/evidence/application-tests.xml,FR-SEC-007; VF-AUD-001,Automated assertion only; requirement-level mapping is partial,2026-10-02T20:13:13.222907-05:00
APP-122,Application,qualification.test_audit_export::test_owner_may_export_and_the_content_holds_no_secret,Pass,qualification/test_audit_export.py,docs/evidence/application-tests.xml,FR-SEC-007; VF-AUD-001,Automated assertion only; requirement-level mapping is partial,2026-10-02T20:13:13.222907-05:00
APP-123,Application,qualification.test_audit_export::test_policy_row_is_purpose_required_fresh_and_audited,Pass,qualification/test_audit_export.py,docs/evidence/application-tests.xml,FR-SEC-007; VF-AUD-001,Automated assertion only; requirement-level mapping is partial,2026-10-02T20:13:13.222907-05:00
APP-124,Application,qualification.test_audit_export::test_purpose_is_required_and_a_purpose_bound_grant_authorises_only_its_purpose,Pass,qualification/test_audit_export.py,docs/evidence/application-tests.xml,FR-SEC-007; VF-AUD-001,Automated assertion only; requirement-level mapping is partial,2026-10-02T20:13:13.222907-05:00
APP-125,Application,qualification.test_audit_export::test_refusals_tenant_capability_assurance_and_revocation,Pass,qualification/test_audit_export.py,docs/evidence/application-tests.xml,FR-SEC-007; VF-AUD-001,Automated assertion only; requirement-level mapping is partial,2026-10-02T20:13:13.222907-05:00
APP-126,Application,qualification.test_audit_export::test_window_and_body_are_bounded[future-WINDOW_IN_FUTURE],Pass,qualification/test_audit_export.py,docs/evidence/application-tests.xml,FR-SEC-007; VF-AUD-001,Automated assertion only; requirement-level mapping is partial,2026-10-02T20:13:13.222907-05:00
APP-127,Application,qualification.test_audit_export::test_window_and_body_are_bounded[limit-None],Pass,qualification/test_audit_export.py,docs/evidence/application-tests.xml,FR-SEC-007; VF-AUD-001,Automated assertion only; requirement-level mapping is partial,2026-10-02T20:13:13.222907-05:00
APP-128,Application,qualification.test_audit_export::test_window_and_body_are_bounded[purpose-None],Pass,qualification/test_audit_export.py,docs/evidence/application-tests.xml,FR-SEC-007; VF-AUD-001,Automated assertion only; requirement-level mapping is partial,2026-10-02T20:13:13.222907-05:00
APP-129,Application,qualification.test_audit_export::test_window_and_body_are_bounded[reversed-WINDOW_INVALID],Pass,qualification/test_audit_export.py,docs/evidence/application-tests.xml,FR-SEC-007; VF-AUD-001,Automated assertion only; requirement-level mapping is partial,2026-10-02T20:13:13.222907-05:00
APP-130,Application,qualification.test_audit_export::test_window_and_body_are_bounded[too-long-WINDOW_TOO_LONG],Pass,qualification/test_audit_export.py,docs/evidence/application-tests.xml,FR-SEC-007; VF-AUD-001,Automated assertion only; requirement-level mapping is partial,2026-10-02T20:13:13.222907-05:00
APP-131,Application,qualification.test_audit_export::test_window_and_body_are_bounded[unknown-field-None],Pass,qualification/test_audit_export.py,docs/evidence/application-tests.xml,FR-SEC-007; VF-AUD-001,Automated assertion only; requirement-level mapping is partial,2026-10-02T20:13:13.222907-05:00
APP-132,Application,qualification.test_authority_renewal::test_approval_rechecks_pinned_context_and_consent[expired-403-RENEWAL_EXPIRED],Pass,qualification/test_authority_renewal.py,docs/evidence/application-tests.xml,FR-TEN-001; FR-TEN-002; FR-TEN-010; FR-IAM-003; FR-IAM-006; FR-IAM-008; FR-IAM-009; FR-IAM-010; FR-IAM-013; FR-ACC-002,Automated assertion only; requirement-level mapping is partial,2026-10-02T20:13:13.222907-05:00
APP-133,Application,qualification.test_authority_renewal::test_approval_rechecks_pinned_context_and_consent[hash-409-AUTHORITY_CHANGED],Pass,qualification/test_authority_renewal.py,docs/evidence/application-tests.xml,FR-TEN-001; FR-TEN-002; FR-TEN-010; FR-IAM-003; FR-IAM-006; FR-IAM-008; FR-IAM-009; FR-IAM-010; FR-IAM-013; FR-ACC-002,Automated assertion only; requirement-level mapping is partial,2026-10-02T20:13:13.222907-05:00
APP-134,Application,qualification.test_authority_renewal::test_approval_rechecks_pinned_context_and_consent[owner-409-RENEWAL_CONTEXT_CHANGED],Pass,qualification/test_authority_renewal.py,docs/evidence/application-tests.xml,FR-TEN-001; FR-TEN-002; FR-TEN-010; FR-IAM-003; FR-IAM-006; FR-IAM-008; FR-IAM-009; FR-IAM-010; FR-IAM-013; FR-ACC-002,Automated assertion only; requirement-level mapping is partial,2026-10-02T20:13:13.222907-05:00
APP-135,Application,qualification.test_authority_renewal::test_approval_rechecks_pinned_context_and_consent[owner_cutoff-403-REAUTHENTICATION_REQUIRED],Pass,qualification/test_authority_renewal.py,docs/evidence/application-tests.xml,FR-TEN-001; FR-TEN-002; FR-TEN-010; FR-IAM-003; FR-IAM-006; FR-IAM-008; FR-IAM-009; FR-IAM-010; FR-IAM-013; FR-ACC-002,Automated assertion only; requirement-level mapping is partial,2026-10-02T20:13:13.222907-05:00
APP-136,Application,qualification.test_authority_renewal::test_approval_rechecks_pinned_context_and_consent[qualification-403-TENANT_NOT_READY],Pass,qualification/test_authority_renewal.py,docs/evidence/application-tests.xml,FR-TEN-001; FR-TEN-002; FR-TEN-010; FR-IAM-003; FR-IAM-006; FR-IAM-008; FR-IAM-009; FR-IAM-010; FR-IAM-013; FR-ACC-002,Automated assertion only; requirement-level mapping is partial,2026-10-02T20:13:13.222907-05:00
APP-137,Application,qualification.test_authority_renewal::test_approval_rechecks_pinned_context_and_consent[second_cutoff-403-REAUTHENTICATION_REQUIRED],Pass,qualification/test_authority_renewal.py,docs/evidence/application-tests.xml,FR-TEN-001; FR-TEN-002; FR-TEN-010; FR-IAM-003; FR-IAM-006; FR-IAM-008; FR-IAM-009; FR-IAM-010; FR-IAM-013; FR-ACC-002,Automated assertion only; requirement-level mapping is partial,2026-10-02T20:13:13.222907-05:00
APP-138,Application,qualification.test_authority_renewal::test_approval_rechecks_pinned_context_and_consent[tenant-409-RENEWAL_CONTEXT_CHANGED],Pass,qualification/test_authority_renewal.py,docs/evidence/application-tests.xml,FR-TEN-001; FR-TEN-002; FR-TEN-010; FR-IAM-003; FR-IAM-006; FR-IAM-008; FR-IAM-009; FR-IAM-010; FR-IAM-013; FR-ACC-002,Automated assertion only; requirement-level mapping is partial,2026-10-02T20:13:13.222907-05:00
APP-139,Application,qualification.test_authority_renewal::test_exact_retry_operation_reuse_and_fresh_assurance,Pass,qualification/test_authority_renewal.py,docs/evidence/application-tests.xml,FR-TEN-001; FR-TEN-002; FR-TEN-010; FR-IAM-003; FR-IAM-006; FR-IAM-008; FR-IAM-009; FR-IAM-010; FR-IAM-013; FR-ACC-002,Automated assertion only; requirement-level mapping is partial,2026-10-02T20:13:13.222907-05:00
APP-140,Application,qualification.test_authority_renewal::test_expired_pending_proposal_is_closed_before_a_fresh_one[cancel-author],Pass,qualification/test_authority_renewal.py,docs/evidence/application-tests.xml,FR-TEN-001; FR-TEN-002; FR-TEN-010; FR-IAM-003; FR-IAM-006; FR-IAM-008; FR-IAM-009; FR-IAM-010; FR-IAM-013; FR-ACC-002,Automated assertion only; requirement-level mapping is partial,2026-10-02T20:13:13.222907-05:00
APP-141,Application,qualification.test_authority_renewal::test_expired_pending_proposal_is_closed_before_a_fresh_one[reject-admin],Pass,qualification/test_authority_renewal.py,docs/evidence/application-tests.xml,FR-TEN-001; FR-TEN-002; FR-TEN-010; FR-IAM-003; FR-IAM-006; FR-IAM-008; FR-IAM-009; FR-IAM-010; FR-IAM-013; FR-ACC-002,Automated assertion only; requirement-level mapping is partial,2026-10-02T20:13:13.222907-05:00
APP-142,Application,qualification.test_authority_renewal::test_expiry_must_exceed_current_ceiling_within_ninety_days[2026-10-02T01:13:13.350992+00:00],Pass,qualification/test_authority_renewal.py,docs/evidence/application-tests.xml,FR-TEN-001; FR-TEN-002; FR-TEN-010; FR-IAM-003; FR-IAM-006; FR-IAM-008; FR-IAM-009; FR-IAM-010; FR-IAM-013; FR-ACC-002,Automated assertion only; requirement-level mapping is partial,2026-10-02T20:13:13.222907-05:00
APP-143,Application,qualification.test_authority_renewal::test_expiry_must_exceed_current_ceiling_within_ninety_days[2026-11-01T01:13:13.350984+00:00],Pass,qualification/test_authority_renewal.py,docs/evidence/application-tests.xml,FR-TEN-001; FR-TEN-002; FR-TEN-010; FR-IAM-003; FR-IAM-006; FR-IAM-008; FR-IAM-009; FR-IAM-010; FR-IAM-013; FR-ACC-002,Automated assertion only; requirement-level mapping is partial,2026-10-02T20:13:13.222907-05:00
APP-144,Application,qualification.test_authority_renewal::test_expiry_must_exceed_current_ceiling_within_ninety_days[2026-11-02T01:13:13.350990+00:00],Pass,qualification/test_authority_renewal.py,docs/evidence/application-tests.xml,FR-TEN-001; FR-TEN-002; FR-TEN-010; FR-IAM-003; FR-IAM-006; FR-IAM-008; FR-IAM-009; FR-IAM-010; FR-IAM-013; FR-ACC-002,Automated assertion only; requirement-level mapping is partial,2026-10-02T20:13:13.222907-05:00
APP-145,Application,qualification.test_authority_renewal::test_expiry_must_exceed_current_ceiling_within_ninety_days[2026-12-31T00:00:00],Pass,qualification/test_authority_renewal.py,docs/evidence/application-tests.xml,FR-TEN-001; FR-TEN-002; FR-TEN-010; FR-IAM-003; FR-IAM-006; FR-IAM-008; FR-IAM-009; FR-IAM-010; FR-IAM-013; FR-ACC-002,Automated assertion only; requirement-level mapping is partial,2026-10-02T20:13:13.222907-05:00
APP-146,Application,qualification.test_authority_renewal::test_expiry_must_exceed_current_ceiling_within_ninety_days[2027-01-11T01:13:13.350994+00:00],Pass,qualification/test_authority_renewal.py,docs/evidence/application-tests.xml,FR-TEN-001; FR-TEN-002; FR-TEN-010; FR-IAM-003; FR-IAM-006; FR-IAM-008; FR-IAM-009; FR-IAM-010; FR-IAM-013; FR-ACC-002,Automated assertion only; requirement-level mapping is partial,2026-10-02T20:13:13.222907-05:00
APP-147,Application,qualification.test_authority_renewal::test_expiry_must_exceed_current_ceiling_within_ninety_days[not-a-date],Pass,qualification/test_authority_renewal.py,docs/evidence/application-tests.xml,FR-TEN-001; FR-TEN-002; FR-TEN-010; FR-IAM-003; FR-IAM-006; FR-IAM-008; FR-IAM-009; FR-IAM-010; FR-IAM-013; FR-ACC-002,Automated assertion only; requirement-level mapping is partial,2026-10-02T20:13:13.222907-05:00
APP-148,Application,qualification.test_authority_renewal::test_failure_after_extension_rolls_back_everything_and_exact_retry_succeeds,Pass,qualification/test_authority_renewal.py,docs/evidence/application-tests.xml,FR-TEN-001; FR-TEN-002; FR-TEN-010; FR-IAM-003; FR-IAM-006; FR-IAM-008; FR-IAM-009; FR-IAM-010; FR-IAM-013; FR-ACC-002,Automated assertion only; requirement-level mapping is partial,2026-10-02T20:13:13.222907-05:00
APP-149,Application,qualification.test_authority_renewal::test_grant_revoked_through_administration_after_proposal_invalidates_it,Pass,qualification/test_authority_renewal.py,docs/evidence/application-tests.xml,FR-TEN-001; FR-TEN-002; FR-TEN-010; FR-IAM-003; FR-IAM-006; FR-IAM-008; FR-IAM-009; FR-IAM-010; FR-IAM-013; FR-ACC-002,Automated assertion only; requirement-level mapping is partial,2026-10-02T20:13:13.222907-05:00
APP-150,Application,qualification.test_authority_renewal::test_one_live_renewal_per_tenant_until_withdrawn_or_rejected,Pass,qualification/test_authority_renewal.py,docs/evidence/application-tests.xml,FR-TEN-001; FR-TEN-002; FR-TEN-010; FR-IAM-003; FR-IAM-006; FR-IAM-008; FR-IAM-009; FR-IAM-010; FR-IAM-013; FR-ACC-002,Automated assertion only; requirement-level mapping is partial,2026-10-02T20:13:13.222907-05:00
APP-151,Application,qualification.test_authority_renewal::test_operator_independence_and_operator_only_review,Pass,qualification/test_authority_renewal.py,docs/evidence/application-tests.xml,FR-TEN-001; FR-TEN-002; FR-TEN-010; FR-IAM-003; FR-IAM-006; FR-IAM-008; FR-IAM-009; FR-IAM-010; FR-IAM-013; FR-ACC-002,Automated assertion only; requirement-level mapping is partial,2026-10-02T20:13:13.222907-05:00
APP-152,Application,qualification.test_authority_renewal::test_owner_who_authenticated_after_suspension_may_withdraw_a_pending_renewal,Pass,qualification/test_authority_renewal.py,docs/evidence/application-tests.xml,FR-TEN-001; FR-TEN-002; FR-TEN-010; FR-IAM-003; FR-IAM-006; FR-IAM-008; FR-IAM-009; FR-IAM-010; FR-IAM-013; FR-ACC-002,Automated assertion only; requirement-level mapping is partial,2026-10-02T20:13:13.222907-05:00
APP-153,Application,qualification.test_authority_renewal::test_private_inbox_and_cross_tenant_isolation,Pass,qualification/test_authority_renewal.py,docs/evidence/application-tests.xml,FR-TEN-001; FR-TEN-002; FR-TEN-010; FR-IAM-003; FR-IAM-006; FR-IAM-008; FR-IAM-009; FR-IAM-010; FR-IAM-013; FR-ACC-002,Automated assertion only; requirement-level mapping is partial,2026-10-02T20:13:13.222907-05:00
APP-154,Application,qualification.test_authority_renewal::test_removed_ceilings_invalidate_the_proposal_and_are_never_resurrected,Pass,qualification/test_authority_renewal.py,docs/evidence/application-tests.xml,FR-TEN-001; FR-TEN-002; FR-TEN-010; FR-IAM-003; FR-IAM-006; FR-IAM-008; FR-IAM-009; FR-IAM-010; FR-IAM-013; FR-ACC-002,Automated assertion only; requirement-level mapping is partial,2026-10-02T20:13:13.222907-05:00
APP-155,Application,qualification.test_authority_renewal::test_request_is_owner_only_reads_are_owner_or_operator_and_fields_are_closed,Pass,qualification/test_authority_renewal.py,docs/evidence/application-tests.xml,FR-TEN-001; FR-TEN-002; FR-TEN-010; FR-IAM-003; FR-IAM-006; FR-IAM-008; FR-IAM-009; FR-IAM-010; FR-IAM-013; FR-ACC-002,Automated assertion only; requirement-level mapping is partial,2026-10-02T20:13:13.222907-05:00
APP-156,Application,qualification.test_authority_renewal::test_reviewed_renewal_extends_every_pinned_ceiling_and_keeps_readiness,Pass,qualification/test_authority_renewal.py,docs/evidence/application-tests.xml,FR-TEN-001; FR-TEN-002; FR-TEN-010; FR-IAM-003; FR-IAM-006; FR-IAM-008; FR-IAM-009; FR-IAM-010; FR-IAM-013; FR-ACC-002,Automated assertion only; requirement-level mapping is partial,2026-10-02T20:13:13.222907-05:00
APP-157,Application,qualification.test_authority_renewal::test_runtime_roles_cannot_read_renewals_or_extend_authority,Pass,qualification/test_authority_renewal.py,docs/evidence/application-tests.xml,FR-TEN-001; FR-TEN-002; FR-TEN-010; FR-IAM-003; FR-IAM-006; FR-IAM-008; FR-IAM-009; FR-IAM-010; FR-IAM-013; FR-ACC-002,Automated assertion only; requirement-level mapping is partial,2026-10-02T20:13:13.222907-05:00
APP-158,Application,qualification.test_authority_renewal::test_second_administrator_must_hold_authority_and_be_a_distinct_person,Pass,qualification/test_authority_renewal.py,docs/evidence/application-tests.xml,FR-TEN-001; FR-TEN-002; FR-TEN-010; FR-IAM-003; FR-IAM-006; FR-IAM-008; FR-IAM-009; FR-IAM-010; FR-IAM-013; FR-ACC-002,Automated assertion only; requirement-level mapping is partial,2026-10-02T20:13:13.222907-05:00
APP-159,Application,qualification.test_authority_renewal::test_suspension_and_missing_recovery_contact_block_renewal,Pass,qualification/test_authority_renewal.py,docs/evidence/application-tests.xml,FR-TEN-001; FR-TEN-002; FR-TEN-010; FR-IAM-003; FR-IAM-006; FR-IAM-008; FR-IAM-009; FR-IAM-010; FR-IAM-013; FR-ACC-002,Automated assertion only; requirement-level mapping is partial,2026-10-02T20:13:13.222907-05:00
APP-160,Application,qualification.test_authority_renewal::test_unready_tenant_is_not_renewable_until_recovery_evidence_is_restored,Pass,qualification/test_authority_renewal.py,docs/evidence/application-tests.xml,FR-TEN-001; FR-TEN-002; FR-TEN-010; FR-IAM-003; FR-IAM-006; FR-IAM-008; FR-IAM-009; FR-IAM-010; FR-IAM-013; FR-ACC-002,Automated assertion only; requirement-level mapping is partial,2026-10-02T20:13:13.222907-05:00
APP-161,Application,qualification.test_backchannel_logout::test_expired_replay_records_are_purged,Pass,qualification/test_backchannel_logout.py,docs/evidence/application-tests.xml,FR-IAM-006,Automated assertion only; requirement-level mapping is partial,2026-10-02T20:13:13.222907-05:00
APP-162,Application,qualification.test_backchannel_logout::test_invalid_logout_tokens_are_refused[empty-sid],Pass,qualification/test_backchannel_logout.py,docs/evidence/application-tests.xml,FR-IAM-006,Automated assertion only; requirement-level mapping is partial,2026-10-02T20:13:13.222907-05:00
APP-163,Application,qualification.test_backchannel_logout::test_invalid_logout_tokens_are_refused[event-not-object],Pass,qualification/test_backchannel_logout.py,docs/evidence/application-tests.xml,FR-IAM-006,Automated assertion only; requirement-level mapping is partial,2026-10-02T20:13:13.222907-05:00
APP-164,Application,qualification.test_backchannel_logout::test_invalid_logout_tokens_are_refused[no-events],Pass,qualification/test_backchannel_logout.py,docs/evidence/application-tests.xml,FR-IAM-006,Automated assertion only; requirement-level mapping is partial,2026-10-02T20:13:13.222907-05:00
APP-165,Application,qualification.test_backchannel_logout::test_invalid_logout_tokens_are_refused[no-exp],Pass,qualification/test_backchannel_logout.py,docs/evidence/application-tests.xml,FR-IAM-006,Automated assertion only; requirement-level mapping is partial,2026-10-02T20:13:13.222907-05:00
APP-166,Application,qualification.test_backchannel_logout::test_invalid_logout_tokens_are_refused[no-jti],Pass,qualification/test_backchannel_logout.py,docs/evidence/application-tests.xml,FR-IAM-006,Automated assertion only; requirement-level mapping is partial,2026-10-02T20:13:13.222907-05:00
APP-167,Application,qualification.test_backchannel_logout::test_invalid_logout_tokens_are_refused[no-sid],Pass,qualification/test_backchannel_logout.py,docs/evidence/application-tests.xml,FR-IAM-006,Automated assertion only; requirement-level mapping is partial,2026-10-02T20:13:13.222907-05:00
APP-168,Application,qualification.test_backchannel_logout::test_invalid_logout_tokens_are_refused[nonce],Pass,qualification/test_backchannel_logout.py,docs/evidence/application-tests.xml,FR-IAM-006,Automated assertion only; requirement-level mapping is partial,2026-10-02T20:13:13.222907-05:00
APP-169,Application,qualification.test_backchannel_logout::test_invalid_logout_tokens_are_refused[old-iat],Pass,qualification/test_backchannel_logout.py,docs/evidence/application-tests.xml,FR-IAM-006,Automated assertion only; requirement-level mapping is partial,2026-10-02T20:13:13.222907-05:00
APP-170,Application,qualification.test_backchannel_logout::test_invalid_logout_tokens_are_refused[other-event],Pass,qualification/test_backchannel_logout.py,docs/evidence/application-tests.xml,FR-IAM-006,Automated assertion only; requirement-level mapping is partial,2026-10-02T20:13:13.222907-05:00
APP-171,Application,qualification.test_backchannel_logout::test_invalid_logout_tokens_are_refused[wrong-aud],Pass,qualification/test_backchannel_logout.py,docs/evidence/application-tests.xml,FR-IAM-006,Automated assertion only; requirement-level mapping is partial,2026-10-02T20:13:13.222907-05:00
APP-172,Application,qualification.test_backchannel_logout::test_invalid_logout_tokens_are_refused[wrong-iss],Pass,qualification/test_backchannel_logout.py,docs/evidence/application-tests.xml,FR-IAM-006,Automated assertion only; requirement-level mapping is partial,2026-10-02T20:13:13.222907-05:00
APP-173,Application,qualification.test_backchannel_logout::test_invalid_logout_tokens_are_refused[wrong-typ],Pass,qualification/test_backchannel_logout.py,docs/evidence/application-tests.xml,FR-IAM-006,Automated assertion only; requirement-level mapping is partial,2026-10-02T20:13:13.222907-05:00
APP-174,Application,qualification.test_backchannel_logout::test_valid_logout_token_is_accepted_once,Pass,qualification/test_backchannel_logout.py,docs/evidence/application-tests.xml,FR-IAM-006,Automated assertion only; requirement-level mapping is partial,2026-10-02T20:13:13.222907-05:00
APP-175,Application,qualification.test_calculation_methods::test_absent_value_states_never_become_zero[LAST_VALID-STOCK-INVALID],Pass,qualification/test_calculation_methods.py,docs/evidence/application-tests.xml,FR-IND-006; FR-CAL-001; FR-CAL-003; FR-CAL-005; FR-CAL-008; FR-CAL-009; FR-CAL-010; VF-DIN-001,Automated assertion only; requirement-level mapping is partial,2026-10-02T20:13:13.222907-05:00
APP-176,Application,qualification.test_calculation_methods::test_absent_value_states_never_become_zero[LAST_VALID-STOCK-MISSING],Pass,qualification/test_calculation_methods.py,docs/evidence/application-tests.xml,FR-IND-006; FR-CAL-001; FR-CAL-003; FR-CAL-005; FR-CAL-008; FR-CAL-009; FR-CAL-010; VF-DIN-001,Automated assertion only; requirement-level mapping is partial,2026-10-02T20:13:13.222907-05:00
APP-177,Application,qualification.test_calculation_methods::test_absent_value_states_never_become_zero[LAST_VALID-STOCK-NOT_APPLICABLE],Pass,qualification/test_calculation_methods.py,docs/evidence/application-tests.xml,FR-IND-006; FR-CAL-001; FR-CAL-003; FR-CAL-005; FR-CAL-008; FR-CAL-009; FR-CAL-010; VF-DIN-001,Automated assertion only; requirement-level mapping is partial,2026-10-02T20:13:13.222907-05:00
APP-178,Application,qualification.test_calculation_methods::test_absent_value_states_never_become_zero[LAST_VALID-STOCK-NOT_COLLECTED],Pass,qualification/test_calculation_methods.py,docs/evidence/application-tests.xml,FR-IND-006; FR-CAL-001; FR-CAL-003; FR-CAL-005; FR-CAL-008; FR-CAL-009; FR-CAL-010; VF-DIN-001,Automated assertion only; requirement-level mapping is partial,2026-10-02T20:13:13.222907-05:00
APP-179,Application,qualification.test_calculation_methods::test_absent_value_states_never_become_zero[LAST_VALID-STOCK-UNDEFINED],Pass,qualification/test_calculation_methods.py,docs/evidence/application-tests.xml,FR-IND-006; FR-CAL-001; FR-CAL-003; FR-CAL-005; FR-CAL-008; FR-CAL-009; FR-CAL-010; VF-DIN-001,Automated assertion only; requirement-level mapping is partial,2026-10-02T20:13:13.222907-05:00
APP-180,Application,qualification.test_calculation_methods::test_absent_value_states_never_become_zero[MEAN-FLOW-INVALID],Pass,qualification/test_calculation_methods.py,docs/evidence/application-tests.xml,FR-IND-006; FR-CAL-001; FR-CAL-003; FR-CAL-005; FR-CAL-008; FR-CAL-009; FR-CAL-010; VF-DIN-001,Automated assertion only; requirement-level mapping is partial,2026-10-02T20:13:13.222907-05:00
APP-181,Application,qualification.test_calculation_methods::test_absent_value_states_never_become_zero[MEAN-FLOW-MISSING],Pass,qualification/test_calculation_methods.py,docs/evidence/application-tests.xml,FR-IND-006; FR-CAL-001; FR-CAL-003; FR-CAL-005; FR-CAL-008; FR-CAL-009; FR-CAL-010; VF-DIN-001,Automated assertion only; requirement-level mapping is partial,2026-10-02T20:13:13.222907-05:00
APP-182,Application,qualification.test_calculation_methods::test_absent_value_states_never_become_zero[MEAN-FLOW-NOT_APPLICABLE],Pass,qualification/test_calculation_methods.py,docs/evidence/application-tests.xml,FR-IND-006; FR-CAL-001; FR-CAL-003; FR-CAL-005; FR-CAL-008; FR-CAL-009; FR-CAL-010; VF-DIN-001,Automated assertion only; requirement-level mapping is partial,2026-10-02T20:13:13.222907-05:00
APP-183,Application,qualification.test_calculation_methods::test_absent_value_states_never_become_zero[MEAN-FLOW-NOT_COLLECTED],Pass,qualification/test_calculation_methods.py,docs/evidence/application-tests.xml,FR-IND-006; FR-CAL-001; FR-CAL-003; FR-CAL-005; FR-CAL-008; FR-CAL-009; FR-CAL-010; VF-DIN-001,Automated assertion only; requirement-level mapping is partial,2026-10-02T20:13:13.222907-05:00
APP-184,Application,qualification.test_calculation_methods::test_absent_value_states_never_become_zero[MEAN-FLOW-UNDEFINED],Pass,qualification/test_calculation_methods.py,docs/evidence/application-tests.xml,FR-IND-006; FR-CAL-001; FR-CAL-003; FR-CAL-005; FR-CAL-008; FR-CAL-009; FR-CAL-010; VF-DIN-001,Automated assertion only; requirement-level mapping is partial,2026-10-02T20:13:13.222907-05:00
APP-185,Application,qualification.test_calculation_methods::test_absent_value_states_never_become_zero[MIN-FLOW-INVALID],Pass,qualification/test_calculation_methods.py,docs/evidence/application-tests.xml,FR-IND-006; FR-CAL-001; FR-CAL-003; FR-CAL-005; FR-CAL-008; FR-CAL-009; FR-CAL-010; VF-DIN-001,Automated assertion only; requirement-level mapping is partial,2026-10-02T20:13:13.222907-05:00
APP-186,Application,qualification.test_calculation_methods::test_absent_value_states_never_become_zero[MIN-FLOW-MISSING],Pass,qualification/test_calculation_methods.py,docs/evidence/application-tests.xml,FR-IND-006; FR-CAL-001; FR-CAL-003; FR-CAL-005; FR-CAL-008; FR-CAL-009; FR-CAL-010; VF-DIN-001,Automated assertion only; requirement-level mapping is partial,2026-10-02T20:13:13.222907-05:00
APP-187,Application,qualification.test_calculation_methods::test_absent_value_states_never_become_zero[MIN-FLOW-NOT_APPLICABLE],Pass,qualification/test_calculation_methods.py,docs/evidence/application-tests.xml,FR-IND-006; FR-CAL-001; FR-CAL-003; FR-CAL-005; FR-CAL-008; FR-CAL-009; FR-CAL-010; VF-DIN-001,Automated assertion only; requirement-level mapping is partial,2026-10-02T20:13:13.222907-05:00
APP-188,Application,qualification.test_calculation_methods::test_absent_value_states_never_become_zero[MIN-FLOW-NOT_COLLECTED],Pass,qualification/test_calculation_methods.py,docs/evidence/application-tests.xml,FR-IND-006; FR-CAL-001; FR-CAL-003; FR-CAL-005; FR-CAL-008; FR-CAL-009; FR-CAL-010; VF-DIN-001,Automated assertion only; requirement-level mapping is partial,2026-10-02T20:13:13.222907-05:00
APP-189,Application,qualification.test_calculation_methods::test_absent_value_states_never_become_zero[MIN-FLOW-UNDEFINED],Pass,qualification/test_calculation_methods.py,docs/evidence/application-tests.xml,FR-IND-006; FR-CAL-001; FR-CAL-003; FR-CAL-005; FR-CAL-008; FR-CAL-009; FR-CAL-010; VF-DIN-001,Automated assertion only; requirement-level mapping is partial,2026-10-02T20:13:13.222907-05:00
APP-190,Application,qualification.test_calculation_methods::test_absent_value_states_never_become_zero[SUM-FLOW-INVALID],Pass,qualification/test_calculation_methods.py,docs/evidence/application-tests.xml,FR-IND-006; FR-CAL-001; FR-CAL-003; FR-CAL-005; FR-CAL-008; FR-CAL-009; FR-CAL-010; VF-DIN-001,Automated assertion only; requirement-level mapping is partial,2026-10-02T20:13:13.222907-05:00
APP-191,Application,qualification.test_calculation_methods::test_absent_value_states_never_become_zero[SUM-FLOW-MISSING],Pass,qualification/test_calculation_methods.py,docs/evidence/application-tests.xml,FR-IND-006; FR-CAL-001; FR-CAL-003; FR-CAL-005; FR-CAL-008; FR-CAL-009; FR-CAL-010; VF-DIN-001,Automated assertion only; requirement-level mapping is partial,2026-10-02T20:13:13.222907-05:00
APP-192,Application,qualification.test_calculation_methods::test_absent_value_states_never_become_zero[SUM-FLOW-NOT_APPLICABLE],Pass,qualification/test_calculation_methods.py,docs/evidence/application-tests.xml,FR-IND-006; FR-CAL-001; FR-CAL-003; FR-CAL-005; FR-CAL-008; FR-CAL-009; FR-CAL-010; VF-DIN-001,Automated assertion only; requirement-level mapping is partial,2026-10-02T20:13:13.222907-05:00
APP-193,Application,qualification.test_calculation_methods::test_absent_value_states_never_become_zero[SUM-FLOW-NOT_COLLECTED],Pass,qualification/test_calculation_methods.py,docs/evidence/application-tests.xml,FR-IND-006; FR-CAL-001; FR-CAL-003; FR-CAL-005; FR-CAL-008; FR-CAL-009; FR-CAL-010; VF-DIN-001,Automated assertion only; requirement-level mapping is partial,2026-10-02T20:13:13.222907-05:00
APP-194,Application,qualification.test_calculation_methods::test_absent_value_states_never_become_zero[SUM-FLOW-UNDEFINED],Pass,qualification/test_calculation_methods.py,docs/evidence/application-tests.xml,FR-IND-006; FR-CAL-001; FR-CAL-003; FR-CAL-005; FR-CAL-008; FR-CAL-009; FR-CAL-010; VF-DIN-001,Automated assertion only; requirement-level mapping is partial,2026-10-02T20:13:13.222907-05:00
APP-195,Application,qualification.test_calculation_methods::test_breakdown_total_is_computed_from_sources_not_from_categories,Pass,qualification/test_calculation_methods.py,docs/evidence/application-tests.xml,FR-IND-006; FR-CAL-001; FR-CAL-003; FR-CAL-005; FR-CAL-008; FR-CAL-009; FR-CAL-010; VF-DIN-001,Automated assertion only; requirement-level mapping is partial,2026-10-02T20:13:13.222907-05:00
APP-196,Application,qualification.test_calculation_methods::test_category_correction_through_change_request,Pass,qualification/test_calculation_methods.py,docs/evidence/application-tests.xml,FR-IND-006; FR-CAL-001; FR-CAL-003; FR-CAL-005; FR-CAL-008; FR-CAL-009; FR-CAL-010; VF-DIN-001,Automated assertion only; requirement-level mapping is partial,2026-10-02T20:13:13.222907-05:00
APP-197,Application,qualification.test_calculation_methods::test_close_promotes_breakdown_and_keeps_undefined_reason,Pass,qualification/test_calculation_methods.py,docs/evidence/application-tests.xml,FR-IND-006; FR-CAL-001; FR-CAL-003; FR-CAL-005; FR-CAL-008; FR-CAL-009; FR-CAL-010; VF-DIN-001,Automated assertion only; requirement-level mapping is partial,2026-10-02T20:13:13.222907-05:00
APP-198,Application,qualification.test_calculation_methods::test_codes_refused_for_definition_without_scheme,Pass,qualification/test_calculation_methods.py,docs/evidence/application-tests.xml,FR-IND-006; FR-CAL-001; FR-CAL-003; FR-CAL-005; FR-CAL-008; FR-CAL-009; FR-CAL-010; VF-DIN-001,Automated assertion only; requirement-level mapping is partial,2026-10-02T20:13:13.222907-05:00
APP-199,Application,qualification.test_calculation_methods::test_contract_rejects_unknown_method_and_open_scheme,Pass,qualification/test_calculation_methods.py,docs/evidence/application-tests.xml,FR-IND-006; FR-CAL-001; FR-CAL-003; FR-CAL-005; FR-CAL-008; FR-CAL-009; FR-CAL-010; VF-DIN-001,Automated assertion only; requirement-level mapping is partial,2026-10-02T20:13:13.222907-05:00
APP-200,Application,qualification.test_calculation_methods::test_coverage_without_required_obligations_is_not_applicable,Pass,qualification/test_calculation_methods.py,docs/evidence/application-tests.xml,FR-IND-006; FR-CAL-001; FR-CAL-003; FR-CAL-005; FR-CAL-008; FR-CAL-009; FR-CAL-010; VF-DIN-001,Automated assertion only; requirement-level mapping is partial,2026-10-02T20:13:13.222907-05:00
APP-201,Application,qualification.test_calculation_methods::test_definition_submission_refuses_unsupported_method,Pass,qualification/test_calculation_methods.py,docs/evidence/application-tests.xml,FR-IND-006; FR-CAL-001; FR-CAL-003; FR-CAL-005; FR-CAL-008; FR-CAL-009; FR-CAL-010; VF-DIN-001,Automated assertion only; requirement-level mapping is partial,2026-10-02T20:13:13.222907-05:00
APP-202,Application,qualification.test_calculation_methods::test_disaggregated_calculation_persists_breakdown_and_denies_other_tenant,Pass,qualification/test_calculation_methods.py,docs/evidence/application-tests.xml,FR-IND-006; FR-CAL-001; FR-CAL-003; FR-CAL-005; FR-CAL-008; FR-CAL-009; FR-CAL-010; VF-DIN-001,Automated assertion only; requirement-level mapping is partial,2026-10-02T20:13:13.222907-05:00
APP-203,Application,qualification.test_calculation_methods::test_display_is_derived_from_the_stored_value,Pass,qualification/test_calculation_methods.py,docs/evidence/application-tests.xml,FR-IND-006; FR-CAL-001; FR-CAL-003; FR-CAL-005; FR-CAL-008; FR-CAL-009; FR-CAL-010; VF-DIN-001,Automated assertion only; requirement-level mapping is partial,2026-10-02T20:13:13.222907-05:00
APP-204,Application,qualification.test_calculation_methods::test_event_count_requires_single_events_and_ratio_mean_requires_components,Pass,qualification/test_calculation_methods.py,docs/evidence/application-tests.xml,FR-IND-006; FR-CAL-001; FR-CAL-003; FR-CAL-005; FR-CAL-008; FR-CAL-009; FR-CAL-010; VF-DIN-001,Automated assertion only; requirement-level mapping is partial,2026-10-02T20:13:13.222907-05:00
APP-205,Application,qualification.test_calculation_methods::test_exhaustive_code_optional_for_draft_and_non_present_values,Pass,qualification/test_calculation_methods.py,docs/evidence/application-tests.xml,FR-IND-006; FR-CAL-001; FR-CAL-003; FR-CAL-005; FR-CAL-008; FR-CAL-009; FR-CAL-010; VF-DIN-001,Automated assertion only; requirement-level mapping is partial,2026-10-02T20:13:13.222907-05:00
APP-206,Application,qualification.test_calculation_methods::test_incomplete_draft_does_not_block_calculation,Pass,qualification/test_calculation_methods.py,docs/evidence/application-tests.xml,FR-IND-006; FR-CAL-001; FR-CAL-003; FR-CAL-005; FR-CAL-008; FR-CAL-009; FR-CAL-010; VF-DIN-001,Automated assertion only; requirement-level mapping is partial,2026-10-02T20:13:13.222907-05:00
APP-207,Application,qualification.test_calculation_methods::test_mean_result_is_labelled_unweighted,Pass,qualification/test_calculation_methods.py,docs/evidence/application-tests.xml,FR-IND-006; FR-CAL-001; FR-CAL-003; FR-CAL-005; FR-CAL-008; FR-CAL-009; FR-CAL-010; VF-DIN-001,Automated assertion only; requirement-level mapping is partial,2026-10-02T20:13:13.222907-05:00
APP-208,Application,qualification.test_calculation_methods::test_multiselect_categories_are_nonadditive_and_unique_total_stays_one,Pass,qualification/test_calculation_methods.py,docs/evidence/application-tests.xml,FR-IND-006; FR-CAL-001; FR-CAL-003; FR-CAL-005; FR-CAL-008; FR-CAL-009; FR-CAL-010; VF-DIN-001,Automated assertion only; requirement-level mapping is partial,2026-10-02T20:13:13.222907-05:00
APP-209,Application,qualification.test_calculation_methods::test_naive_timestamp_never_reaches_latest_ordering,Pass,qualification/test_calculation_methods.py,docs/evidence/application-tests.xml,FR-IND-006; FR-CAL-001; FR-CAL-003; FR-CAL-005; FR-CAL-008; FR-CAL-009; FR-CAL-010; VF-DIN-001,Automated assertion only; requirement-level mapping is partial,2026-10-02T20:13:13.222907-05:00
APP-210,Application,qualification.test_calculation_methods::test_observation_codes_must_match_the_pinned_scheme[None-dims5-PRESENT-False],Pass,qualification/test_calculation_methods.py,docs/evidence/application-tests.xml,FR-IND-006; FR-CAL-001; FR-CAL-003; FR-CAL-005; FR-CAL-008; FR-CAL-009; FR-CAL-010; VF-DIN-001,Automated assertion only; requirement-level mapping is partial,2026-10-02T20:13:13.222907-05:00
APP-211,Application,qualification.test_calculation_methods::test_observation_codes_must_match_the_pinned_scheme[scheme0-dims0-PRESENT-True],Pass,qualification/test_calculation_methods.py,docs/evidence/application-tests.xml,FR-IND-006; FR-CAL-001; FR-CAL-003; FR-CAL-005; FR-CAL-008; FR-CAL-009; FR-CAL-010; VF-DIN-001,Automated assertion only; requirement-level mapping is partial,2026-10-02T20:13:13.222907-05:00
APP-212,Application,qualification.test_calculation_methods::test_observation_codes_must_match_the_pinned_scheme[scheme1-dims1-PRESENT-True],Pass,qualification/test_calculation_methods.py,docs/evidence/application-tests.xml,FR-IND-006; FR-CAL-001; FR-CAL-003; FR-CAL-005; FR-CAL-008; FR-CAL-009; FR-CAL-010; VF-DIN-001,Automated assertion only; requirement-level mapping is partial,2026-10-02T20:13:13.222907-05:00
APP-213,Application,qualification.test_calculation_methods::test_observation_codes_must_match_the_pinned_scheme[scheme2-dims2-PRESENT-True],Pass,qualification/test_calculation_methods.py,docs/evidence/application-tests.xml,FR-IND-006; FR-CAL-001; FR-CAL-003; FR-CAL-005; FR-CAL-008; FR-CAL-009; FR-CAL-010; VF-DIN-001,Automated assertion only; requirement-level mapping is partial,2026-10-02T20:13:13.222907-05:00
APP-214,Application,qualification.test_calculation_methods::test_observation_codes_must_match_the_pinned_scheme[scheme3-dims3-PRESENT-True],Pass,qualification/test_calculation_methods.py,docs/evidence/application-tests.xml,FR-IND-006; FR-CAL-001; FR-CAL-003; FR-CAL-005; FR-CAL-008; FR-CAL-009; FR-CAL-010; VF-DIN-001,Automated assertion only; requirement-level mapping is partial,2026-10-02T20:13:13.222907-05:00
APP-215,Application,qualification.test_calculation_methods::test_observation_codes_must_match_the_pinned_scheme[scheme4-dims4-PRESENT-True],Pass,qualification/test_calculation_methods.py,docs/evidence/application-tests.xml,FR-IND-006; FR-CAL-001; FR-CAL-003; FR-CAL-005; FR-CAL-008; FR-CAL-009; FR-CAL-010; VF-DIN-001,Automated assertion only; requirement-level mapping is partial,2026-10-02T20:13:13.222907-05:00
APP-216,Application,qualification.test_calculation_methods::test_observation_codes_refused_at_draft_and_submission,Pass,qualification/test_calculation_methods.py,docs/evidence/application-tests.xml,FR-IND-006; FR-CAL-001; FR-CAL-003; FR-CAL-005; FR-CAL-008; FR-CAL-009; FR-CAL-010; VF-DIN-001,Automated assertion only; requirement-level mapping is partial,2026-10-02T20:13:13.222907-05:00
APP-217,Application,qualification.test_calculation_methods::test_pending_and_returned_rows_are_excluded,Pass,qualification/test_calculation_methods.py,docs/evidence/application-tests.xml,FR-IND-006; FR-CAL-001; FR-CAL-003; FR-CAL-005; FR-CAL-008; FR-CAL-009; FR-CAL-010; VF-DIN-001,Automated assertion only; requirement-level mapping is partial,2026-10-02T20:13:13.222907-05:00
APP-218,Application,qualification.test_calculation_methods::test_scheme_rejects_duplicates_and_reserved_category,Pass,qualification/test_calculation_methods.py,docs/evidence/application-tests.xml,FR-IND-006; FR-CAL-001; FR-CAL-003; FR-CAL-005; FR-CAL-008; FR-CAL-009; FR-CAL-010; VF-DIN-001,Automated assertion only; requirement-level mapping is partial,2026-10-02T20:13:13.222907-05:00
APP-219,Application,qualification.test_calculation_methods::test_supported_method_combinations_accepted[changes0],Pass,qualification/test_calculation_methods.py,docs/evidence/application-tests.xml,FR-IND-006; FR-CAL-001; FR-CAL-003; FR-CAL-005; FR-CAL-008; FR-CAL-009; FR-CAL-010; VF-DIN-001,Automated assertion only; requirement-level mapping is partial,2026-10-02T20:13:13.222907-05:00
APP-220,Application,qualification.test_calculation_methods::test_supported_method_combinations_accepted[changes1],Pass,qualification/test_calculation_methods.py,docs/evidence/application-tests.xml,FR-IND-006; FR-CAL-001; FR-CAL-003; FR-CAL-005; FR-CAL-008; FR-CAL-009; FR-CAL-010; VF-DIN-001,Automated assertion only; requirement-level mapping is partial,2026-10-02T20:13:13.222907-05:00
APP-221,Application,qualification.test_calculation_methods::test_supported_method_combinations_accepted[changes2],Pass,qualification/test_calculation_methods.py,docs/evidence/application-tests.xml,FR-IND-006; FR-CAL-001; FR-CAL-003; FR-CAL-005; FR-CAL-008; FR-CAL-009; FR-CAL-010; VF-DIN-001,Automated assertion only; requirement-level mapping is partial,2026-10-02T20:13:13.222907-05:00
APP-222,Application,qualification.test_calculation_methods::test_supported_method_combinations_accepted[changes3],Pass,qualification/test_calculation_methods.py,docs/evidence/application-tests.xml,FR-IND-006; FR-CAL-001; FR-CAL-003; FR-CAL-005; FR-CAL-008; FR-CAL-009; FR-CAL-010; VF-DIN-001,Automated assertion only; requirement-level mapping is partial,2026-10-02T20:13:13.222907-05:00
APP-223,Application,qualification.test_calculation_methods::test_supported_method_combinations_accepted[changes4],Pass,qualification/test_calculation_methods.py,docs/evidence/application-tests.xml,FR-IND-006; FR-CAL-001; FR-CAL-003; FR-CAL-005; FR-CAL-008; FR-CAL-009; FR-CAL-010; VF-DIN-001,Automated assertion only; requirement-level mapping is partial,2026-10-02T20:13:13.222907-05:00
APP-224,Application,qualification.test_calculation_methods::test_supported_method_combinations_accepted[changes5],Pass,qualification/test_calculation_methods.py,docs/evidence/application-tests.xml,FR-IND-006; FR-CAL-001; FR-CAL-003; FR-CAL-005; FR-CAL-008; FR-CAL-009; FR-CAL-010; VF-DIN-001,Automated assertion only; requirement-level mapping is partial,2026-10-02T20:13:13.222907-05:00
APP-225,Application,qualification.test_calculation_methods::test_supported_method_combinations_accepted[changes6],Pass,qualification/test_calculation_methods.py,docs/evidence/application-tests.xml,FR-IND-006; FR-CAL-001; FR-CAL-003; FR-CAL-005; FR-CAL-008; FR-CAL-009; FR-CAL-010; VF-DIN-001,Automated assertion only; requirement-level mapping is partial,2026-10-02T20:13:13.222907-05:00
APP-226,Application,qualification.test_calculation_methods::test_timestamp_without_offset_refused[captured_at],Pass,qualification/test_calculation_methods.py,docs/evidence/application-tests.xml,FR-IND-006; FR-CAL-001; FR-CAL-003; FR-CAL-005; FR-CAL-008; FR-CAL-009; FR-CAL-010; VF-DIN-001,Automated assertion only; requirement-level mapping is partial,2026-10-02T20:13:13.222907-05:00
APP-227,Application,qualification.test_calculation_methods::test_timestamp_without_offset_refused[event_at],Pass,qualification/test_calculation_methods.py,docs/evidence/application-tests.xml,FR-IND-006; FR-CAL-001; FR-CAL-003; FR-CAL-005; FR-CAL-008; FR-CAL-009; FR-CAL-010; VF-DIN-001,Automated assertion only; requirement-level mapping is partial,2026-10-02T20:13:13.222907-05:00
APP-228,Application,qualification.test_calculation_methods::test_ui_method_table_matches_domain,Pass,qualification/test_calculation_methods.py,docs/evidence/application-tests.xml,FR-IND-006; FR-CAL-001; FR-CAL-003; FR-CAL-005; FR-CAL-008; FR-CAL-009; FR-CAL-010; VF-DIN-001,Automated assertion only; requirement-level mapping is partial,2026-10-02T20:13:13.222907-05:00
APP-229,Application,qualification.test_calculation_methods::test_unsupported_method_combinations_refused[changes0-CONFIGURATION_NOT_IMPLEMENTED],Pass,qualification/test_calculation_methods.py,docs/evidence/application-tests.xml,FR-IND-006; FR-CAL-001; FR-CAL-003; FR-CAL-005; FR-CAL-008; FR-CAL-009; FR-CAL-010; VF-DIN-001,Automated assertion only; requirement-level mapping is partial,2026-10-02T20:13:13.222907-05:00
APP-230,Application,qualification.test_calculation_methods::test_unsupported_method_combinations_refused[changes1-CONFIGURATION_NOT_IMPLEMENTED],Pass,qualification/test_calculation_methods.py,docs/evidence/application-tests.xml,FR-IND-006; FR-CAL-001; FR-CAL-003; FR-CAL-005; FR-CAL-008; FR-CAL-009; FR-CAL-010; VF-DIN-001,Automated assertion only; requirement-level mapping is partial,2026-10-02T20:13:13.222907-05:00
APP-231,Application,qualification.test_calculation_methods::test_unsupported_method_combinations_refused[changes2-CONFIGURATION_NOT_IMPLEMENTED],Pass,qualification/test_calculation_methods.py,docs/evidence/application-tests.xml,FR-IND-006; FR-CAL-001; FR-CAL-003; FR-CAL-005; FR-CAL-008; FR-CAL-009; FR-CAL-010; VF-DIN-001,Automated assertion only; requirement-level mapping is partial,2026-10-02T20:13:13.222907-05:00
APP-232,Application,qualification.test_calculation_methods::test_unsupported_method_combinations_refused[changes3-CONFIGURATION_NOT_IMPLEMENTED],Pass,qualification/test_calculation_methods.py,docs/evidence/application-tests.xml,FR-IND-006; FR-CAL-001; FR-CAL-003; FR-CAL-005; FR-CAL-008; FR-CAL-009; FR-CAL-010; VF-DIN-001,Automated assertion only; requirement-level mapping is partial,2026-10-02T20:13:13.222907-05:00
APP-233,Application,qualification.test_calculation_methods::test_unsupported_method_combinations_refused[changes4-CONFIGURATION_NOT_IMPLEMENTED],Pass,qualification/test_calculation_methods.py,docs/evidence/application-tests.xml,FR-IND-006; FR-CAL-001; FR-CAL-003; FR-CAL-005; FR-CAL-008; FR-CAL-009; FR-CAL-010; VF-DIN-001,Automated assertion only; requirement-level mapping is partial,2026-10-02T20:13:13.222907-05:00
APP-234,Application,qualification.test_calculation_methods::test_unsupported_method_combinations_refused[changes5-CONFIGURATION_NOT_IMPLEMENTED],Pass,qualification/test_calculation_methods.py,docs/evidence/application-tests.xml,FR-IND-006; FR-CAL-001; FR-CAL-003; FR-CAL-005; FR-CAL-008; FR-CAL-009; FR-CAL-010; VF-DIN-001,Automated assertion only; requirement-level mapping is partial,2026-10-02T20:13:13.222907-05:00
APP-235,Application,qualification.test_calculation_methods::test_unsupported_method_combinations_refused[changes6-CONFIGURATION_NOT_IMPLEMENTED],Pass,qualification/test_calculation_methods.py,docs/evidence/application-tests.xml,FR-IND-006; FR-CAL-001; FR-CAL-003; FR-CAL-005; FR-CAL-008; FR-CAL-009; FR-CAL-010; VF-DIN-001,Automated assertion only; requirement-level mapping is partial,2026-10-02T20:13:13.222907-05:00
APP-236,Application,qualification.test_calculation_methods::test_unsupported_method_combinations_refused[changes7-CONFIGURATION_NOT_IMPLEMENTED],Pass,qualification/test_calculation_methods.py,docs/evidence/application-tests.xml,FR-IND-006; FR-CAL-001; FR-CAL-003; FR-CAL-005; FR-CAL-008; FR-CAL-009; FR-CAL-010; VF-DIN-001,Automated assertion only; requirement-level mapping is partial,2026-10-02T20:13:13.222907-05:00
APP-237,Application,qualification.test_calculation_methods::test_unsupported_method_combinations_refused[changes8-CONFIGURATION_NOT_IMPLEMENTED],Pass,qualification/test_calculation_methods.py,docs/evidence/application-tests.xml,FR-IND-006; FR-CAL-001; FR-CAL-003; FR-CAL-005; FR-CAL-008; FR-CAL-009; FR-CAL-010; VF-DIN-001,Automated assertion only; requirement-level mapping is partial,2026-10-02T20:13:13.222907-05:00
APP-238,Application,qualification.test_calculation_methods::test_unsupported_method_combinations_refused[changes9-COMPONENT_MEANINGS_REQUIRED],Pass,qualification/test_calculation_methods.py,docs/evidence/application-tests.xml,FR-IND-006; FR-CAL-001; FR-CAL-003; FR-CAL-005; FR-CAL-008; FR-CAL-009; FR-CAL-010; VF-DIN-001,Automated assertion only; requirement-level mapping is partial,2026-10-02T20:13:13.222907-05:00
APP-239,Application,qualification.test_changes::test_approved_amendment_retry_has_one_effect_and_target_event,Pass,qualification/test_changes.py,docs/evidence/application-tests.xml,,Automated assertion only; requirement-level mapping is partial,2026-10-02T20:13:13.222907-05:00
APP-240,Application,qualification.test_changes::test_change_cross_tenant_and_scope_hidden_and_effect_rls,Pass,qualification/test_changes.py,docs/evidence/application-tests.xml,,Automated assertion only; requirement-level mapping is partial,2026-10-02T20:13:13.222907-05:00
APP-241,Application,qualification.test_changes::test_closed_period_blocks_amendment_without_restatement,Pass,qualification/test_changes.py,docs/evidence/application-tests.xml,,Automated assertion only; requirement-level mapping is partial,2026-10-02T20:13:13.222907-05:00
APP-242,Application,qualification.test_changes::test_competing_corrections_recheck_target_atomically,Pass,qualification/test_changes.py,docs/evidence/application-tests.xml,,Automated assertion only; requirement-level mapping is partial,2026-10-02T20:13:13.222907-05:00
APP-243,Application,qualification.test_changes::test_connection_handoffs_preserve_tenant_reads_and_administrative_scope,Pass,qualification/test_changes.py,docs/evidence/application-tests.xml,,Automated assertion only; requirement-level mapping is partial,2026-10-02T20:13:13.222907-05:00
APP-244,Application,qualification.test_changes::test_correction_author_cannot_approve_and_rejection_preserves_source,Pass,qualification/test_changes.py,docs/evidence/application-tests.xml,,Automated assertion only; requirement-level mapping is partial,2026-10-02T20:13:13.222907-05:00
APP-245,Application,qualification.test_changes::test_correction_contract_rejects_identity_and_authority_changes[approval_state],Pass,qualification/test_changes.py,docs/evidence/application-tests.xml,,Automated assertion only; requirement-level mapping is partial,2026-10-02T20:13:13.222907-05:00
APP-246,Application,qualification.test_changes::test_correction_contract_rejects_identity_and_authority_changes[event_at],Pass,qualification/test_changes.py,docs/evidence/application-tests.xml,,Automated assertion only; requirement-level mapping is partial,2026-10-02T20:13:13.222907-05:00
APP-247,Application,qualification.test_changes::test_correction_contract_rejects_identity_and_authority_changes[indicator_id],Pass,qualification/test_changes.py,docs/evidence/application-tests.xml,,Automated assertion only; requirement-level mapping is partial,2026-10-02T20:13:13.222907-05:00
APP-248,Application,qualification.test_changes::test_correction_contract_rejects_identity_and_authority_changes[source_key],Pass,qualification/test_changes.py,docs/evidence/application-tests.xml,,Automated assertion only; requirement-level mapping is partial,2026-10-02T20:13:13.222907-05:00
APP-249,Application,qualification.test_changes::test_correction_contract_rejects_identity_and_authority_changes[tenant_id],Pass,qualification/test_changes.py,docs/evidence/application-tests.xml,,Automated assertion only; requirement-level mapping is partial,2026-10-02T20:13:13.222907-05:00
APP-250,Application,qualification.test_changes::test_correction_keeps_effective_source_until_approval_and_stales_result,Pass,qualification/test_changes.py,docs/evidence/application-tests.xml,,Automated assertion only; requirement-level mapping is partial,2026-10-02T20:13:13.222907-05:00
APP-251,Application,qualification.test_changes::test_plan_amendment_preserves_history_and_changes_binding,Pass,qualification/test_changes.py,docs/evidence/application-tests.xml,,Automated assertion only; requirement-level mapping is partial,2026-10-02T20:13:13.222907-05:00
APP-252,Application,qualification.test_changes::test_plan_cannot_remove_obligations_to_inflate_coverage,Pass,qualification/test_changes.py,docs/evidence/application-tests.xml,,Automated assertion only; requirement-level mapping is partial,2026-10-02T20:13:13.222907-05:00
APP-253,Application,qualification.test_changes::test_pooled_components_can_be_corrected_without_new_source_identity,Pass,qualification/test_changes.py,docs/evidence/application-tests.xml,,Automated assertion only; requirement-level mapping is partial,2026-10-02T20:13:13.222907-05:00
APP-254,Application,qualification.test_changes::test_reassignment_independent_approval_preserves_pending_candidate_and_decisions,Pass,qualification/test_changes.py,docs/evidence/application-tests.xml,,Automated assertion only; requirement-level mapping is partial,2026-10-02T20:13:13.222907-05:00
APP-255,Application,qualification.test_dashboards::test_access_boundaries,Pass,qualification/test_dashboards.py,docs/evidence/application-tests.xml,FR-ANA-002; FR-ANA-003; FR-ANA-004; VF-PER-006,Automated assertion only; requirement-level mapping is partial,2026-10-02T20:13:13.222907-05:00
APP-256,Application,qualification.test_dashboards::test_coverage_with_no_required_obligation_is_not_applicable,Pass,qualification/test_dashboards.py,docs/evidence/application-tests.xml,FR-ANA-002; FR-ANA-003; FR-ANA-004; VF-PER-006,Automated assertion only; requirement-level mapping is partial,2026-10-02T20:13:13.222907-05:00
APP-257,Application,qualification.test_dashboards::test_drilldown_lists_the_sources_behind_the_shown_value_with_their_disposition,Pass,qualification/test_dashboards.py,docs/evidence/application-tests.xml,FR-ANA-002; FR-ANA-003; FR-ANA-004; VF-PER-006,Automated assertion only; requirement-level mapping is partial,2026-10-02T20:13:13.222907-05:00
APP-258,Application,qualification.test_dashboards::test_drilldown_withholds_hidden_rows_and_says_so,Pass,qualification/test_dashboards.py,docs/evidence/application-tests.xml,FR-ANA-002; FR-ANA-003; FR-ANA-004; VF-PER-006,Automated assertion only; requirement-level mapping is partial,2026-10-02T20:13:13.222907-05:00
APP-259,Application,qualification.test_dashboards::test_official_pooled_ratio_from_the_programme_snapshot,Pass,qualification/test_dashboards.py,docs/evidence/application-tests.xml,FR-ANA-002; FR-ANA-003; FR-ANA-004; VF-PER-006,Automated assertion only; requirement-level mapping is partial,2026-10-02T20:13:13.222907-05:00
APP-260,Application,qualification.test_dashboards::test_portfolio_pools_official_values_per_definition_version_from_stored_components,Pass,qualification/test_dashboards.py,docs/evidence/application-tests.xml,FR-ANA-002; FR-ANA-003; FR-ANA-004; VF-PER-006,Automated assertion only; requirement-level mapping is partial,2026-10-02T20:13:13.222907-05:00
APP-261,Application,qualification.test_dashboards::test_portfolio_withholds_totals_for_partial_scope_non_poolable_methods_and_zero_denominators,Pass,qualification/test_dashboards.py,docs/evidence/application-tests.xml,FR-ANA-002; FR-ANA-003; FR-ANA-004; VF-PER-006,Automated assertion only; requirement-level mapping is partial,2026-10-02T20:13:13.222907-05:00
APP-262,Application,qualification.test_dashboards::test_provisional_to_official_and_freshness_transitions,Pass,qualification/test_dashboards.py,docs/evidence/application-tests.xml,FR-ANA-002; FR-ANA-003; FR-ANA-004; VF-PER-006,Automated assertion only; requirement-level mapping is partial,2026-10-02T20:13:13.222907-05:00
APP-263,Application,qualification.test_dashboards::test_result_withheld_without_result_access,Pass,qualification/test_dashboards.py,docs/evidence/application-tests.xml,FR-ANA-002; FR-ANA-003; FR-ANA-004; VF-PER-006,Automated assertion only; requirement-level mapping is partial,2026-10-02T20:13:13.222907-05:00
APP-264,Application,qualification.test_dashboards::test_seeded_fixture_official_is_never_surfaced,Pass,qualification/test_dashboards.py,docs/evidence/application-tests.xml,FR-ANA-002; FR-ANA-003; FR-ANA-004; VF-PER-006,Automated assertion only; requirement-level mapping is partial,2026-10-02T20:13:13.222907-05:00
APP-265,Application,qualification.test_dashboards::test_signed_cursor_pages_and_refusals,Pass,qualification/test_dashboards.py,docs/evidence/application-tests.xml,FR-ANA-002; FR-ANA-003; FR-ANA-004; VF-PER-006,Automated assertion only; requirement-level mapping is partial,2026-10-02T20:13:13.222907-05:00
APP-266,Application,qualification.test_dashboards::test_undefined_result_is_never_zero,Pass,qualification/test_dashboards.py,docs/evidence/application-tests.xml,FR-ANA-002; FR-ANA-003; FR-ANA-004; VF-PER-006,Automated assertion only; requirement-level mapping is partial,2026-10-02T20:13:13.222907-05:00
APP-267,Application,qualification.test_dashboards::test_value_block_displays_once_from_stored_value_and_never_zero_for_blank,Pass,qualification/test_dashboards.py,docs/evidence/application-tests.xml,FR-ANA-002; FR-ANA-003; FR-ANA-004; VF-PER-006,Automated assertion only; requirement-level mapping is partial,2026-10-02T20:13:13.222907-05:00
APP-268,Application,qualification.test_dashboards::test_without_a_plan_coverage_is_not_applicable_and_blank_stays_blank,Pass,qualification/test_dashboards.py,docs/evidence/application-tests.xml,FR-ANA-002; FR-ANA-003; FR-ANA-004; VF-PER-006,Automated assertion only; requirement-level mapping is partial,2026-10-02T20:13:13.222907-05:00
APP-269,Application,qualification.test_delivery_requeue::test_only_a_fresh_platform_operator_with_a_reason_may_requeue,Pass,qualification/test_delivery_requeue.py,docs/evidence/application-tests.xml,FR-TEN-001,Automated assertion only; requirement-level mapping is partial,2026-10-02T20:13:13.222907-05:00
APP-270,Application,qualification.test_delivery_requeue::test_operator_releases_a_held_delivery_of_an_active_tenant,Pass,qualification/test_delivery_requeue.py,docs/evidence/application-tests.xml,FR-TEN-001,Automated assertion only; requirement-level mapping is partial,2026-10-02T20:13:13.222907-05:00
APP-271,Application,qualification.test_delivery_requeue::test_operator_requeues_a_dead_delivery_once_and_the_worker_delivers_it,Pass,qualification/test_delivery_requeue.py,docs/evidence/application-tests.xml,FR-TEN-001,Automated assertion only; requirement-level mapping is partial,2026-10-02T20:13:13.222907-05:00
APP-272,Application,qualification.test_delivery_requeue::test_suspended_tenant_rows_are_listed_but_refused_until_reactivation,Pass,qualification/test_delivery_requeue.py,docs/evidence/application-tests.xml,FR-TEN-001,Automated assertion only; requirement-level mapping is partial,2026-10-02T20:13:13.222907-05:00
APP-273,Application,qualification.test_deploy_unit::test_bootstrap_requires_the_migration_login,Pass,qualification/test_deploy_unit.py,docs/evidence/application-tests.xml,FR-SEC-002,Automated assertion only; requirement-level mapping is partial,2026-10-02T20:13:13.222907-05:00
APP-274,Application,qualification.test_deploy_unit::test_bootstrap_validates_its_inputs,Pass,qualification/test_deploy_unit.py,docs/evidence/application-tests.xml,FR-SEC-002,Automated assertion only; requirement-level mapping is partial,2026-10-02T20:13:13.222907-05:00
APP-275,Application,qualification.test_deploy_unit::test_dockerfile_copies_only_existing_runtime_files,Pass,qualification/test_deploy_unit.py,docs/evidence/application-tests.xml,FR-SEC-002,Automated assertion only; requirement-level mapping is partial,2026-10-02T20:13:13.222907-05:00
APP-276,Application,qualification.test_deploy_unit::test_every_variable_compose_requires_is_written_by_update_sh,Pass,qualification/test_deploy_unit.py,docs/evidence/application-tests.xml,FR-SEC-002,Automated assertion only; requirement-level mapping is partial,2026-10-02T20:13:13.222907-05:00
APP-277,Application,qualification.test_deploy_unit::test_first_operator_is_created_once_and_a_second_person_is_refused,Pass,qualification/test_deploy_unit.py,docs/evidence/application-tests.xml,FR-SEC-002,Automated assertion only; requirement-level mapping is partial,2026-10-02T20:13:13.222907-05:00
APP-278,Application,qualification.test_deploy_unit::test_hashed_runtime_requirements_match_the_lock,Pass,qualification/test_deploy_unit.py,docs/evidence/application-tests.xml,FR-SEC-002,Automated assertion only; requirement-level mapping is partial,2026-10-02T20:13:13.222907-05:00
APP-279,Application,qualification.test_deploy_unit::test_mail_sink_captures_messages_and_refuses_oversized_ones,Pass,qualification/test_deploy_unit.py,docs/evidence/application-tests.xml,FR-SEC-002,Automated assertion only; requirement-level mapping is partial,2026-10-02T20:13:13.222907-05:00
APP-280,Application,qualification.test_deploy_unit::test_only_caddy_publishes_ports_and_the_database_network_is_internal,Pass,qualification/test_deploy_unit.py,docs/evidence/application-tests.xml,FR-SEC-002,Automated assertion only; requirement-level mapping is partial,2026-10-02T20:13:13.222907-05:00
APP-281,Application,qualification.test_deploy_unit::test_owner_account_is_created_once_with_required_actions_and_reset_restores_them,Pass,qualification/test_deploy_unit.py,docs/evidence/application-tests.xml,FR-SEC-002,Automated assertion only; requirement-level mapping is partial,2026-10-02T20:13:13.222907-05:00
APP-282,Application,qualification.test_deploy_unit::test_provisioner_secret_rotation_sets_the_client_secret_once_and_prints_no_value,Pass,qualification/test_deploy_unit.py,docs/evidence/application-tests.xml,FR-SEC-002,Automated assertion only; requirement-level mapping is partial,2026-10-02T20:13:13.222907-05:00
APP-283,Application,qualification.test_deploy_unit::test_realm_document_substitutes_the_origin_and_refuses_users,Pass,qualification/test_deploy_unit.py,docs/evidence/application-tests.xml,FR-SEC-002,Automated assertion only; requirement-level mapping is partial,2026-10-02T20:13:13.222907-05:00
APP-284,Application,qualification.test_deploy_unit::test_realm_import_happens_once_and_later_runs_only_realign_the_client,Pass,qualification/test_deploy_unit.py,docs/evidence/application-tests.xml,FR-SEC-002,Automated assertion only; requirement-level mapping is partial,2026-10-02T20:13:13.222907-05:00
APP-285,Application,qualification.test_deploy_unit::test_secret_helpers_generate_strong_distinct_values_and_never_overwrite,Pass,qualification/test_deploy_unit.py,docs/evidence/application-tests.xml,FR-SEC-002,Automated assertion only; requirement-level mapping is partial,2026-10-02T20:13:13.222907-05:00
APP-286,Application,qualification.test_deploy_unit::test_shell_scripts_are_executable_and_strict,Pass,qualification/test_deploy_unit.py,docs/evidence/application-tests.xml,FR-SEC-002,Automated assertion only; requirement-level mapping is partial,2026-10-02T20:13:13.222907-05:00
APP-287,Application,qualification.test_deploy_unit::test_smoke_does_not_flag_ordinary_status_fields[first_operator],Pass,qualification/test_deploy_unit.py,docs/evidence/application-tests.xml,FR-SEC-002,Automated assertion only; requirement-level mapping is partial,2026-10-02T20:13:13.222907-05:00
APP-288,Application,qualification.test_deploy_unit::test_smoke_does_not_flag_ordinary_status_fields[keycloak],Pass,qualification/test_deploy_unit.py,docs/evidence/application-tests.xml,FR-SEC-002,Automated assertion only; requirement-level mapping is partial,2026-10-02T20:13:13.222907-05:00
APP-289,Application,qualification.test_deploy_unit::test_smoke_does_not_flag_ordinary_status_fields[log_tail],Pass,qualification/test_deploy_unit.py,docs/evidence/application-tests.xml,FR-SEC-002,Automated assertion only; requirement-level mapping is partial,2026-10-02T20:13:13.222907-05:00
APP-290,Application,qualification.test_deploy_unit::test_smoke_does_not_flag_ordinary_status_fields[schema_version],Pass,qualification/test_deploy_unit.py,docs/evidence/application-tests.xml,FR-SEC-002,Automated assertion only; requirement-level mapping is partial,2026-10-02T20:13:13.222907-05:00
APP-291,Application,qualification.test_deploy_unit::test_smoke_does_not_flag_ordinary_status_fields[services],Pass,qualification/test_deploy_unit.py,docs/evidence/application-tests.xml,FR-SEC-002,Automated assertion only; requirement-level mapping is partial,2026-10-02T20:13:13.222907-05:00
APP-292,Application,qualification.test_deploy_unit::test_smoke_fails_each_broken_property[https://app.example.org/auth/login-response3-login_redirect],Pass,qualification/test_deploy_unit.py,docs/evidence/application-tests.xml,FR-SEC-002,Automated assertion only; requirement-level mapping is partial,2026-10-02T20:13:13.222907-05:00
APP-293,Application,qualification.test_deploy_unit::test_smoke_fails_each_broken_property[https://app.example.org/auth/mode-response2-live_provider],Pass,qualification/test_deploy_unit.py,docs/evidence/application-tests.xml,FR-SEC-002,Automated assertion only; requirement-level mapping is partial,2026-10-02T20:13:13.222907-05:00
APP-294,Application,qualification.test_deploy_unit::test_smoke_fails_each_broken_property[https://app.example.org/deploy-status.json-response5-deploy_status],Pass,qualification/test_deploy_unit.py,docs/evidence/application-tests.xml,FR-SEC-002,Automated assertion only; requirement-level mapping is partial,2026-10-02T20:13:13.222907-05:00
APP-295,Application,qualification.test_deploy_unit::test_smoke_fails_each_broken_property[https://app.example.org/health/live-response1-headers],Pass,qualification/test_deploy_unit.py,docs/evidence/application-tests.xml,FR-SEC-002,Automated assertion only; requirement-level mapping is partial,2026-10-02T20:13:13.222907-05:00
APP-296,Application,qualification.test_deploy_unit::test_smoke_fails_each_broken_property[https://app.example.org/health/ready-response0-ready],Pass,qualification/test_deploy_unit.py,docs/evidence/application-tests.xml,FR-SEC-002,Automated assertion only; requirement-level mapping is partial,2026-10-02T20:13:13.222907-05:00
APP-297,Application,qualification.test_deploy_unit::test_smoke_fails_each_broken_property[https://auth.app.example.org/admin/master/console/-response4-provider_admin_hidden],Pass,qualification/test_deploy_unit.py,docs/evidence/application-tests.xml,FR-SEC-002,Automated assertion only; requirement-level mapping is partial,2026-10-02T20:13:13.222907-05:00
APP-298,Application,qualification.test_deploy_unit::test_smoke_flags_secret_field_names[IMPACT_DSN],Pass,qualification/test_deploy_unit.py,docs/evidence/application-tests.xml,FR-SEC-002,Automated assertion only; requirement-level mapping is partial,2026-10-02T20:13:13.222907-05:00
APP-299,Application,qualification.test_deploy_unit::test_smoke_flags_secret_field_names[SMTP_PASSWORD],Pass,qualification/test_deploy_unit.py,docs/evidence/application-tests.xml,FR-SEC-002,Automated assertion only; requirement-level mapping is partial,2026-10-02T20:13:13.222907-05:00
APP-300,Application,qualification.test_deploy_unit::test_smoke_flags_secret_field_names[api-key],Pass,qualification/test_deploy_unit.py,docs/evidence/application-tests.xml,FR-SEC-002,Automated assertion only; requirement-level mapping is partial,2026-10-02T20:13:13.222907-05:00
APP-301,Application,qualification.test_deploy_unit::test_smoke_flags_secret_field_names[apikey],Pass,qualification/test_deploy_unit.py,docs/evidence/application-tests.xml,FR-SEC-002,Automated assertion only; requirement-level mapping is partial,2026-10-02T20:13:13.222907-05:00
APP-302,Application,qualification.test_deploy_unit::test_smoke_flags_secret_field_names[clientSecret],Pass,qualification/test_deploy_unit.py,docs/evidence/application-tests.xml,FR-SEC-002,Automated assertion only; requirement-level mapping is partial,2026-10-02T20:13:13.222907-05:00
APP-303,Application,qualification.test_deploy_unit::test_smoke_flags_secret_field_names[credentials],Pass,qualification/test_deploy_unit.py,docs/evidence/application-tests.xml,FR-SEC-002,Automated assertion only; requirement-level mapping is partial,2026-10-02T20:13:13.222907-05:00
APP-304,Application,qualification.test_deploy_unit::test_smoke_flags_secret_field_names[db_password],Pass,qualification/test_deploy_unit.py,docs/evidence/application-tests.xml,FR-SEC-002,Automated assertion only; requirement-level mapping is partial,2026-10-02T20:13:13.222907-05:00
APP-305,Application,qualification.test_deploy_unit::test_smoke_flags_secret_field_names[refresh_token],Pass,qualification/test_deploy_unit.py,docs/evidence/application-tests.xml,FR-SEC-002,Automated assertion only; requirement-level mapping is partial,2026-10-02T20:13:13.222907-05:00
APP-306,Application,qualification.test_deploy_unit::test_smoke_flags_secret_field_names[signingKey],Pass,qualification/test_deploy_unit.py,docs/evidence/application-tests.xml,FR-SEC-002,Automated assertion only; requirement-level mapping is partial,2026-10-02T20:13:13.222907-05:00
APP-307,Application,qualification.test_deploy_unit::test_smoke_flags_secret_field_names[signing_keys],Pass,qualification/test_deploy_unit.py,docs/evidence/application-tests.xml,FR-SEC-002,Automated assertion only; requirement-level mapping is partial,2026-10-02T20:13:13.222907-05:00
APP-308,Application,qualification.test_deploy_unit::test_smoke_passes_a_healthy_deployment,Pass,qualification/test_deploy_unit.py,docs/evidence/application-tests.xml,FR-SEC-002,Automated assertion only; requirement-level mapping is partial,2026-10-02T20:13:13.222907-05:00
APP-309,Application,qualification.test_deploy_unit::test_smoke_skips_what_a_local_stack_does_not_have,Pass,qualification/test_deploy_unit.py,docs/evidence/application-tests.xml,FR-SEC-002,Automated assertion only; requirement-level mapping is partial,2026-10-02T20:13:13.222907-05:00
APP-310,Application,qualification.test_deploy_unit::test_staging_realm_is_closed_and_matches_the_platform_configuration,Pass,qualification/test_deploy_unit.py,docs/evidence/application-tests.xml,FR-SEC-002,Automated assertion only; requirement-level mapping is partial,2026-10-02T20:13:13.222907-05:00
APP-311,Application,qualification.test_email_readiness::test_email_rate_limit_defers_claims_without_spending_attempts_and_spares_in_app,Pass,qualification/test_email_readiness.py,docs/evidence/application-tests.xml,FR-TEN-001; FR-WFL-006,Automated assertion only; requirement-level mapping is partial,2026-10-02T20:13:13.222907-05:00
APP-312,Application,qualification.test_email_readiness::test_invitation_is_delivered_over_starttls_with_auth_after_a_retried_wrong_password,Pass,qualification/test_email_readiness.py,docs/evidence/application-tests.xml,FR-TEN-001; FR-WFL-006,Automated assertion only; requirement-level mapping is partial,2026-10-02T20:13:13.222907-05:00
APP-313,Application,qualification.test_email_readiness::test_rate_limited_worker_settings_load_from_the_environment,Pass,qualification/test_email_readiness.py,docs/evidence/application-tests.xml,FR-TEN-001; FR-WFL-006,Automated assertion only; requirement-level mapping is partial,2026-10-02T20:13:13.222907-05:00
APP-314,Application,qualification.test_email_readiness_unit::test_certificate_for_another_name_is_refused,Pass,qualification/test_email_readiness_unit.py,docs/evidence/application-tests.xml,FR-WFL-006,Automated assertion only; requirement-level mapping is partial,2026-10-02T20:13:13.222907-05:00
APP-315,Application,qualification.test_email_readiness_unit::test_compose_and_update_pass_the_email_settings_to_the_worker,Pass,qualification/test_email_readiness_unit.py,docs/evidence/application-tests.xml,FR-WFL-006,Automated assertion only; requirement-level mapping is partial,2026-10-02T20:13:13.222907-05:00
APP-316,Application,qualification.test_email_readiness_unit::test_mail_check_never_sends_in_clear_to_a_provider_and_refuses_bad_configuration,Pass,qualification/test_email_readiness_unit.py,docs/evidence/application-tests.xml,FR-WFL-006,Automated assertion only; requirement-level mapping is partial,2026-10-02T20:13:13.222907-05:00
APP-317,Application,qualification.test_email_readiness_unit::test_mail_check_reports_a_wrong_password_without_revealing_it,Pass,qualification/test_email_readiness_unit.py,docs/evidence/application-tests.xml,FR-WFL-006,Automated assertion only; requirement-level mapping is partial,2026-10-02T20:13:13.222907-05:00
APP-318,Application,qualification.test_email_readiness_unit::test_mail_check_script_is_strict_and_refuses_bad_arguments,Pass,qualification/test_email_readiness_unit.py,docs/evidence/application-tests.xml,FR-WFL-006,Automated assertion only; requirement-level mapping is partial,2026-10-02T20:13:13.222907-05:00
APP-319,Application,qualification.test_email_readiness_unit::test_mail_check_sends_over_tls_and_prints_a_redacted_transcript[mechanisms0],Pass,qualification/test_email_readiness_unit.py,docs/evidence/application-tests.xml,FR-WFL-006,Automated assertion only; requirement-level mapping is partial,2026-10-02T20:13:13.222907-05:00
APP-320,Application,qualification.test_email_readiness_unit::test_mail_check_sends_over_tls_and_prints_a_redacted_transcript[mechanisms1],Pass,qualification/test_email_readiness_unit.py,docs/evidence/application-tests.xml,FR-WFL-006,Automated assertion only; requirement-level mapping is partial,2026-10-02T20:13:13.222907-05:00
APP-321,Application,qualification.test_email_readiness_unit::test_new_settings_are_validated_and_never_printed,Pass,qualification/test_email_readiness_unit.py,docs/evidence/application-tests.xml,FR-WFL-006,Automated assertion only; requirement-level mapping is partial,2026-10-02T20:13:13.222907-05:00
APP-322,Application,qualification.test_email_readiness_unit::test_non_loopback_host_without_starttls_is_refused_before_any_credential,Pass,qualification/test_email_readiness_unit.py,docs/evidence/application-tests.xml,FR-WFL-006,Automated assertion only; requirement-level mapping is partial,2026-10-02T20:13:13.222907-05:00
APP-323,Application,qualification.test_email_readiness_unit::test_permanent_rejection_over_tls_is_dead_and_transient_is_retried,Pass,qualification/test_email_readiness_unit.py,docs/evidence/application-tests.xml,FR-WFL-006,Automated assertion only; requirement-level mapping is partial,2026-10-02T20:13:13.222907-05:00
APP-324,Application,qualification.test_email_readiness_unit::test_rate_limiter_disabled_means_no_limit_and_rejects_bad_values,Pass,qualification/test_email_readiness_unit.py,docs/evidence/application-tests.xml,FR-WFL-006,Automated assertion only; requirement-level mapping is partial,2026-10-02T20:13:13.222907-05:00
APP-325,Application,qualification.test_email_readiness_unit::test_rate_limiter_windows_global_and_per_tenant_and_never_below_zero,Pass,qualification/test_email_readiness_unit.py,docs/evidence/application-tests.xml,FR-WFL-006,Automated assertion only; requirement-level mapping is partial,2026-10-02T20:13:13.222907-05:00
APP-326,Application,qualification.test_email_readiness_unit::test_redaction_covers_login_exchanges_and_literal_forms,Pass,qualification/test_email_readiness_unit.py,docs/evidence/application-tests.xml,FR-WFL-006,Automated assertion only; requirement-level mapping is partial,2026-10-02T20:13:13.222907-05:00
APP-327,Application,qualification.test_email_readiness_unit::test_required_starttls_applies_to_a_loopback_relay_too,Pass,qualification/test_email_readiness_unit.py,docs/evidence/application-tests.xml,FR-WFL-006,Automated assertion only; requirement-level mapping is partial,2026-10-02T20:13:13.222907-05:00
APP-328,Application,qualification.test_email_readiness_unit::test_starttls_advertised_but_not_offered_ends_the_conversation_in_clear,Pass,qualification/test_email_readiness_unit.py,docs/evidence/application-tests.xml,FR-WFL-006,Automated assertion only; requirement-level mapping is partial,2026-10-02T20:13:13.222907-05:00
APP-329,Application,qualification.test_email_readiness_unit::test_starttls_with_verification_then_auth_delivers[mechanisms0],Pass,qualification/test_email_readiness_unit.py,docs/evidence/application-tests.xml,FR-WFL-006,Automated assertion only; requirement-level mapping is partial,2026-10-02T20:13:13.222907-05:00
APP-330,Application,qualification.test_email_readiness_unit::test_starttls_with_verification_then_auth_delivers[mechanisms1],Pass,qualification/test_email_readiness_unit.py,docs/evidence/application-tests.xml,FR-WFL-006,Automated assertion only; requirement-level mapping is partial,2026-10-02T20:13:13.222907-05:00
APP-331,Application,qualification.test_email_readiness_unit::test_starttls_with_verification_then_auth_delivers[mechanisms2],Pass,qualification/test_email_readiness_unit.py,docs/evidence/application-tests.xml,FR-WFL-006,Automated assertion only; requirement-level mapping is partial,2026-10-02T20:13:13.222907-05:00
APP-332,Application,qualification.test_email_readiness_unit::test_untrusted_certificate_is_a_tls_failure_and_never_falls_back_to_clear_text,Pass,qualification/test_email_readiness_unit.py,docs/evidence/application-tests.xml,FR-WFL-006,Automated assertion only; requirement-level mapping is partial,2026-10-02T20:13:13.222907-05:00
APP-333,Application,qualification.test_email_readiness_unit::test_wrong_password_is_a_retried_authentication_failure_and_sends_nothing,Pass,qualification/test_email_readiness_unit.py,docs/evidence/application-tests.xml,FR-WFL-006,Automated assertion only; requirement-level mapping is partial,2026-10-02T20:13:13.222907-05:00
APP-334,Application,qualification.test_evidence::test_access_is_capability_owner_and_tenant_bound,Pass,qualification/test_evidence.py,docs/evidence/application-tests.xml,FR-EVD-001; FR-SEC-005,Automated assertion only; requirement-level mapping is partial,2026-10-02T20:13:13.222907-05:00
APP-335,Application,qualification.test_evidence::test_allow_list_names_and_declared_size_are_refused_before_any_byte,Pass,qualification/test_evidence.py,docs/evidence/application-tests.xml,FR-EVD-001; FR-SEC-005,Automated assertion only; requirement-level mapping is partial,2026-10-02T20:13:13.222907-05:00
APP-336,Application,qualification.test_evidence::test_attach_to_calculated_result_and_attachment_rules,Pass,qualification/test_evidence.py,docs/evidence/application-tests.xml,FR-EVD-001; FR-SEC-005,Automated assertion only; requirement-level mapping is partial,2026-10-02T20:13:13.222907-05:00
APP-337,Application,qualification.test_evidence::test_eicar_is_infected_rejected_and_never_downloadable,Pass,qualification/test_evidence.py,docs/evidence/application-tests.xml,FR-EVD-001; FR-SEC-005,Automated assertion only; requirement-level mapping is partial,2026-10-02T20:13:13.222907-05:00
APP-338,Application,qualification.test_evidence::test_failed_scan_and_changed_bytes_are_never_served,Pass,qualification/test_evidence.py,docs/evidence/application-tests.xml,FR-EVD-001; FR-SEC-005,Automated assertion only; requirement-level mapping is partial,2026-10-02T20:13:13.222907-05:00
APP-339,Application,qualification.test_evidence::test_finalize_and_content_retries_are_idempotent,Pass,qualification/test_evidence.py,docs/evidence/application-tests.xml,FR-EVD-001; FR-SEC-005,Automated assertion only; requirement-level mapping is partial,2026-10-02T20:13:13.222907-05:00
APP-340,Application,qualification.test_evidence::test_magic_bytes_size_and_digest_are_checked,Pass,qualification/test_evidence.py,docs/evidence/application-tests.xml,FR-EVD-001; FR-SEC-005,Automated assertion only; requirement-level mapping is partial,2026-10-02T20:13:13.222907-05:00
APP-341,Application,qualification.test_evidence::test_native_evidence_registers_are_fenced_and_insert_only,Pass,qualification/test_evidence.py,docs/evidence/native-application-tests.xml,FR-EVD-001; FR-SEC-005,Automated assertion on native PostgreSQL 16.13 (single node without a pooler); skipped on PGlite with a stated reason; requirement-level mapping is partial,2026-10-02T20:19:23.233124-05:00
APP-342,Application,qualification.test_evidence::test_raw_upload_route_alone_exceeds_the_json_cap,Pass,qualification/test_evidence.py,docs/evidence/application-tests.xml,FR-EVD-001; FR-SEC-005,Automated assertion only; requirement-level mapping is partial,2026-10-02T20:13:13.222907-05:00
APP-343,Application,qualification.test_evidence::test_replay_resumes_a_scan_interrupted_after_the_seal,Pass,qualification/test_evidence.py,docs/evidence/application-tests.xml,FR-EVD-001; FR-SEC-005,Automated assertion only; requirement-level mapping is partial,2026-10-02T20:13:13.222907-05:00
APP-344,Application,qualification.test_evidence::test_upload_scan_evidence_version_citation_and_mediated_download,Pass,qualification/test_evidence.py,docs/evidence/application-tests.xml,FR-EVD-001; FR-SEC-005,Automated assertion only; requirement-level mapping is partial,2026-10-02T20:13:13.222907-05:00
APP-345,Application,qualification.test_evidence_unit::test_declaration_allow_list_names_and_size,Pass,qualification/test_evidence_unit.py,docs/evidence/application-tests.xml,FR-EVD-001; FR-SEC-005; VF-AVL-002,Automated assertion only; requirement-level mapping is partial,2026-10-02T20:13:13.222907-05:00
APP-346,Application,qualification.test_evidence_unit::test_filesystem_store_is_content_addressed_private_and_verified,Pass,qualification/test_evidence_unit.py,docs/evidence/application-tests.xml,FR-EVD-001; FR-SEC-005; VF-AVL-002,Automated assertion only; requirement-level mapping is partial,2026-10-02T20:13:13.222907-05:00
APP-347,Application,qualification.test_evidence_unit::test_scanners_are_deterministic_and_named,Pass,qualification/test_evidence_unit.py,docs/evidence/application-tests.xml,FR-EVD-001; FR-SEC-005; VF-AVL-002,Automated assertion only; requirement-level mapping is partial,2026-10-02T20:13:13.222907-05:00
APP-348,Application,qualification.test_evidence_unit::test_sniffing_identifies_actual_content,Pass,qualification/test_evidence_unit.py,docs/evidence/application-tests.xml,FR-EVD-001; FR-SEC-005; VF-AVL-002,Automated assertion only; requirement-level mapping is partial,2026-10-02T20:13:13.222907-05:00
APP-349,Application,qualification.test_evidence_unit::test_store_and_scanner_configuration,Pass,qualification/test_evidence_unit.py,docs/evidence/application-tests.xml,FR-EVD-001; FR-SEC-005; VF-AVL-002,Automated assertion only; requirement-level mapping is partial,2026-10-02T20:13:13.222907-05:00
APP-350,Application,qualification.test_evidence_unit::test_store_failures_are_bounded_reason_codes_and_leave_no_partial_object,Pass,qualification/test_evidence_unit.py,docs/evidence/application-tests.xml,FR-EVD-001; FR-SEC-005; VF-AVL-002,Automated assertion only; requirement-level mapping is partial,2026-10-02T20:13:13.222907-05:00
APP-351,Application,qualification.test_forms::test_blank_answers_keep_explicit_value_states,Pass,qualification/test_forms.py,docs/evidence/application-tests.xml,FR-FRM-001; FR-FRM-002; FR-FRM-003; FR-FRM-006,Automated assertion only; requirement-level mapping is partial,2026-10-02T20:13:13.222907-05:00
APP-352,Application,qualification.test_forms::test_bound_form_submit_requires_observation_submit,Pass,qualification/test_forms.py,docs/evidence/application-tests.xml,FR-FRM-001; FR-FRM-002; FR-FRM-003; FR-FRM-006,Automated assertion only; requirement-level mapping is partial,2026-10-02T20:13:13.222907-05:00
APP-353,Application,qualification.test_forms::test_draft_answers_are_validated_against_the_version[answers0-ANSWER_OUT_OF_RANGE],Pass,qualification/test_forms.py,docs/evidence/application-tests.xml,FR-FRM-001; FR-FRM-002; FR-FRM-003; FR-FRM-006,Automated assertion only; requirement-level mapping is partial,2026-10-02T20:13:13.222907-05:00
APP-354,Application,qualification.test_forms::test_draft_answers_are_validated_against_the_version[answers1-ANSWER_OUT_OF_RANGE],Pass,qualification/test_forms.py,docs/evidence/application-tests.xml,FR-FRM-001; FR-FRM-002; FR-FRM-003; FR-FRM-006,Automated assertion only; requirement-level mapping is partial,2026-10-02T20:13:13.222907-05:00
APP-355,Application,qualification.test_forms::test_draft_answers_are_validated_against_the_version[answers2-ANSWER_TYPE_MISMATCH],Pass,qualification/test_forms.py,docs/evidence/application-tests.xml,FR-FRM-001; FR-FRM-002; FR-FRM-003; FR-FRM-006,Automated assertion only; requirement-level mapping is partial,2026-10-02T20:13:13.222907-05:00
APP-356,Application,qualification.test_forms::test_draft_answers_are_validated_against_the_version[answers3-ANSWER_CODE_NOT_ALLOWED],Pass,qualification/test_forms.py,docs/evidence/application-tests.xml,FR-FRM-001; FR-FRM-002; FR-FRM-003; FR-FRM-006,Automated assertion only; requirement-level mapping is partial,2026-10-02T20:13:13.222907-05:00
APP-357,Application,qualification.test_forms::test_draft_answers_are_validated_against_the_version[answers4-ANSWER_FIELD_UNKNOWN],Pass,qualification/test_forms.py,docs/evidence/application-tests.xml,FR-FRM-001; FR-FRM-002; FR-FRM-003; FR-FRM-006,Automated assertion only; requirement-level mapping is partial,2026-10-02T20:13:13.222907-05:00
APP-358,Application,qualification.test_forms::test_draft_answers_are_validated_against_the_version[answers5-ANSWER_OUT_OF_RANGE],Pass,qualification/test_forms.py,docs/evidence/application-tests.xml,FR-FRM-001; FR-FRM-002; FR-FRM-003; FR-FRM-006,Automated assertion only; requirement-level mapping is partial,2026-10-02T20:13:13.222907-05:00
APP-359,Application,qualification.test_forms::test_exhaustive_dimension_field_must_be_answered_with_the_value,Pass,qualification/test_forms.py,docs/evidence/application-tests.xml,FR-FRM-001; FR-FRM-002; FR-FRM-003; FR-FRM-006,Automated assertion only; requirement-level mapping is partial,2026-10-02T20:13:13.222907-05:00
APP-360,Application,qualification.test_forms::test_form_and_submission_access_boundaries,Pass,qualification/test_forms.py,docs/evidence/application-tests.xml,FR-FRM-001; FR-FRM-002; FR-FRM-003; FR-FRM-006,Automated assertion only; requirement-level mapping is partial,2026-10-02T20:13:13.222907-05:00
APP-361,Application,qualification.test_forms::test_form_definition_validation,Pass,qualification/test_forms.py,docs/evidence/application-tests.xml,FR-FRM-001; FR-FRM-002; FR-FRM-003; FR-FRM-006,Automated assertion only; requirement-level mapping is partial,2026-10-02T20:13:13.222907-05:00
APP-362,Application,qualification.test_forms::test_form_publication_requires_fresh_authentication,Pass,qualification/test_forms.py,docs/evidence/application-tests.xml,FR-FRM-001; FR-FRM-002; FR-FRM-003; FR-FRM-006,Automated assertion only; requirement-level mapping is partial,2026-10-02T20:13:13.222907-05:00
APP-363,Application,qualification.test_forms::test_form_review_requires_independence_and_publish_requires_approval,Pass,qualification/test_forms.py,docs/evidence/application-tests.xml,FR-FRM-001; FR-FRM-002; FR-FRM-003; FR-FRM-006,Automated assertion only; requirement-level mapping is partial,2026-10-02T20:13:13.222907-05:00
APP-364,Application,qualification.test_forms::test_form_version_review_publication_and_submission_to_calculation,Pass,qualification/test_forms.py,docs/evidence/application-tests.xml,FR-FRM-001; FR-FRM-002; FR-FRM-003; FR-FRM-006,Automated assertion only; requirement-level mapping is partial,2026-10-02T20:13:13.222907-05:00
APP-365,Application,qualification.test_forms::test_native_form_publication_register_is_fenced_and_insert_only,Pass,qualification/test_forms.py,docs/evidence/native-application-tests.xml,FR-FRM-001; FR-FRM-002; FR-FRM-003; FR-FRM-006,Automated assertion on native PostgreSQL 16.13 (single node without a pooler); skipped on PGlite with a stated reason; requirement-level mapping is partial,2026-10-02T20:19:23.233124-05:00
APP-366,Application,qualification.test_forms::test_numerator_and_denominator_answers_pool_into_a_percentage,Pass,qualification/test_forms.py,docs/evidence/application-tests.xml,FR-FRM-001; FR-FRM-002; FR-FRM-003; FR-FRM-006,Automated assertion only; requirement-level mapping is partial,2026-10-02T20:13:13.222907-05:00
APP-367,Application,qualification.test_forms::test_policy_declares_what_a_bound_submission_requires,Pass,qualification/test_forms.py,docs/evidence/application-tests.xml,FR-FRM-001; FR-FRM-002; FR-FRM-003; FR-FRM-006,Automated assertion only; requirement-level mapping is partial,2026-10-02T20:13:13.222907-05:00
APP-368,Application,qualification.test_forms::test_response_drafters_are_authors_of_its_observations,Pass,qualification/test_forms.py,docs/evidence/application-tests.xml,FR-FRM-001; FR-FRM-002; FR-FRM-003; FR-FRM-006,Automated assertion only; requirement-level mapping is partial,2026-10-02T20:13:13.222907-05:00
APP-369,Application,qualification.test_forms::test_submission_draft_requires_a_form_version,Pass,qualification/test_forms.py,docs/evidence/application-tests.xml,FR-FRM-001; FR-FRM-002; FR-FRM-003; FR-FRM-006,Automated assertion only; requirement-level mapping is partial,2026-10-02T20:13:13.222907-05:00
APP-370,Application,qualification.test_forms::test_submission_refuses_incomplete_and_hidden_answers[answers0-REQUIRED_ANSWER_MISSING],Pass,qualification/test_forms.py,docs/evidence/application-tests.xml,FR-FRM-001; FR-FRM-002; FR-FRM-003; FR-FRM-006,Automated assertion only; requirement-level mapping is partial,2026-10-02T20:13:13.222907-05:00
APP-371,Application,qualification.test_forms::test_submission_refuses_incomplete_and_hidden_answers[answers1-ANSWER_NOT_RELEVANT],Pass,qualification/test_forms.py,docs/evidence/application-tests.xml,FR-FRM-001; FR-FRM-002; FR-FRM-003; FR-FRM-006,Automated assertion only; requirement-level mapping is partial,2026-10-02T20:13:13.222907-05:00
APP-372,Application,qualification.test_forms::test_superseded_version_quarantines_rather_than_inventing_answers,Pass,qualification/test_forms.py,docs/evidence/application-tests.xml,FR-FRM-001; FR-FRM-002; FR-FRM-003; FR-FRM-006,Automated assertion only; requirement-level mapping is partial,2026-10-02T20:13:13.222907-05:00
APP-373,Application,qualification.test_forms_rounds::test_an_incomplete_or_invalid_translation_cannot_be_reviewed_or_published,Pass,qualification/test_forms_rounds.py,docs/evidence/application-tests.xml,FR-FRM-004; FR-FRM-005; FR-FRM-006,Automated assertion only; requirement-level mapping is partial,2026-10-02T20:13:13.222907-05:00
APP-374,Application,qualification.test_forms_rounds::test_language_versions_are_reviewed_published_and_collected_under_one_stable_code,Pass,qualification/test_forms_rounds.py,docs/evidence/application-tests.xml,FR-FRM-004; FR-FRM-005; FR-FRM-006,Automated assertion only; requirement-level mapping is partial,2026-10-02T20:13:13.222907-05:00
APP-375,Application,qualification.test_forms_rounds::test_returned_work_is_corrected_as_a_new_revision_under_the_same_review,Pass,qualification/test_forms_rounds.py,docs/evidence/application-tests.xml,FR-FRM-004; FR-FRM-005; FR-FRM-006,Automated assertion only; requirement-level mapping is partial,2026-10-02T20:13:13.222907-05:00
APP-376,Application,qualification.test_forms_rounds::test_rounds_assignments_my_work_and_coverage,Pass,qualification/test_forms_rounds.py,docs/evidence/application-tests.xml,FR-FRM-004; FR-FRM-005; FR-FRM-006,Automated assertion only; requirement-level mapping is partial,2026-10-02T20:13:13.222907-05:00
APP-377,Application,qualification.test_golden::test_domain_coverage_vector,Pass,qualification/test_golden.py,docs/evidence/application-tests.xml,FR-IND-006; FR-CAL-001; FR-CAL-003; FR-CAL-005; FR-CAL-008; FR-CAL-009; FR-CAL-010; VF-DIN-001,Automated assertion only; requirement-level mapping is partial,2026-10-02T20:13:13.222907-05:00
APP-378,Application,qualification.test_golden::test_domain_reconciles_with_reference[CAL01-pending-excluded],Pass,qualification/test_golden.py,docs/evidence/application-tests.xml,FR-IND-006; FR-CAL-001; FR-CAL-003; FR-CAL-005; FR-CAL-008; FR-CAL-009; FR-CAL-010; VF-DIN-001,Automated assertion only; requirement-level mapping is partial,2026-10-02T20:13:13.222907-05:00
APP-379,Application,qualification.test_golden::test_domain_reconciles_with_reference[CAL01-pooled-ratio-added],Pass,qualification/test_golden.py,docs/evidence/application-tests.xml,FR-IND-006; FR-CAL-001; FR-CAL-003; FR-CAL-005; FR-CAL-008; FR-CAL-009; FR-CAL-010; VF-DIN-001,Automated assertion only; requirement-level mapping is partial,2026-10-02T20:13:13.222907-05:00
APP-380,Application,qualification.test_golden::test_domain_reconciles_with_reference[CAL01-pooled-ratio],Pass,qualification/test_golden.py,docs/evidence/application-tests.xml,FR-IND-006; FR-CAL-001; FR-CAL-003; FR-CAL-005; FR-CAL-008; FR-CAL-009; FR-CAL-010; VF-DIN-001,Automated assertion only; requirement-level mapping is partial,2026-10-02T20:13:13.222907-05:00
APP-381,Application,qualification.test_golden::test_domain_reconciles_with_reference[CAL02-unweighted-mean],Pass,qualification/test_golden.py,docs/evidence/application-tests.xml,FR-IND-006; FR-CAL-001; FR-CAL-003; FR-CAL-005; FR-CAL-008; FR-CAL-009; FR-CAL-010; VF-DIN-001,Automated assertion only; requirement-level mapping is partial,2026-10-02T20:13:13.222907-05:00
APP-382,Application,qualification.test_golden::test_domain_reconciles_with_reference[CAL05-cumulative-decline],Pass,qualification/test_golden.py,docs/evidence/application-tests.xml,FR-IND-006; FR-CAL-001; FR-CAL-003; FR-CAL-005; FR-CAL-008; FR-CAL-009; FR-CAL-010; VF-DIN-001,Automated assertion only; requirement-level mapping is partial,2026-10-02T20:13:13.222907-05:00
APP-383,Application,qualification.test_golden::test_domain_reconciles_with_reference[CAL05-cumulative-end],Pass,qualification/test_golden.py,docs/evidence/application-tests.xml,FR-IND-006; FR-CAL-001; FR-CAL-003; FR-CAL-005; FR-CAL-008; FR-CAL-009; FR-CAL-010; VF-DIN-001,Automated assertion only; requirement-level mapping is partial,2026-10-02T20:13:13.222907-05:00
APP-384,Application,qualification.test_golden::test_domain_reconciles_with_reference[CAL05-cumulative-pending-latest],Pass,qualification/test_golden.py,docs/evidence/application-tests.xml,FR-IND-006; FR-CAL-001; FR-CAL-003; FR-CAL-005; FR-CAL-008; FR-CAL-009; FR-CAL-010; VF-DIN-001,Automated assertion only; requirement-level mapping is partial,2026-10-02T20:13:13.222907-05:00
APP-385,Application,qualification.test_golden::test_domain_reconciles_with_reference[CAL06-mean-zero-denominator],Pass,qualification/test_golden.py,docs/evidence/application-tests.xml,FR-IND-006; FR-CAL-001; FR-CAL-003; FR-CAL-005; FR-CAL-008; FR-CAL-009; FR-CAL-010; VF-DIN-001,Automated assertion only; requirement-level mapping is partial,2026-10-02T20:13:13.222907-05:00
APP-386,Application,qualification.test_golden::test_domain_reconciles_with_reference[CAL06-zero-denominator],Pass,qualification/test_golden.py,docs/evidence/application-tests.xml,FR-IND-006; FR-CAL-001; FR-CAL-003; FR-CAL-005; FR-CAL-008; FR-CAL-009; FR-CAL-010; VF-DIN-001,Automated assertion only; requirement-level mapping is partial,2026-10-02T20:13:13.222907-05:00
APP-387,Application,qualification.test_golden::test_domain_reconciles_with_reference[CAL07-five-contributors],Pass,qualification/test_golden.py,docs/evidence/application-tests.xml,FR-IND-006; FR-CAL-001; FR-CAL-003; FR-CAL-005; FR-CAL-008; FR-CAL-009; FR-CAL-010; VF-DIN-001,Automated assertion only; requirement-level mapping is partial,2026-10-02T20:13:13.222907-05:00
APP-388,Application,qualification.test_golden::test_domain_reconciles_with_reference[CAL09-display-precision],Pass,qualification/test_golden.py,docs/evidence/application-tests.xml,FR-IND-006; FR-CAL-001; FR-CAL-003; FR-CAL-005; FR-CAL-008; FR-CAL-009; FR-CAL-010; VF-DIN-001,Automated assertion only; requirement-level mapping is partial,2026-10-02T20:13:13.222907-05:00
APP-389,Application,qualification.test_golden::test_domain_reconciles_with_reference[CAL16-pooled-median],Pass,qualification/test_golden.py,docs/evidence/application-tests.xml,FR-IND-006; FR-CAL-001; FR-CAL-003; FR-CAL-005; FR-CAL-008; FR-CAL-009; FR-CAL-010; VF-DIN-001,Automated assertion only; requirement-level mapping is partial,2026-10-02T20:13:13.222907-05:00
APP-390,Application,qualification.test_golden::test_domain_reconciles_with_reference[CAL20-time-boundary],Pass,qualification/test_golden.py,docs/evidence/application-tests.xml,FR-IND-006; FR-CAL-001; FR-CAL-003; FR-CAL-005; FR-CAL-008; FR-CAL-009; FR-CAL-010; VF-DIN-001,Automated assertion only; requirement-level mapping is partial,2026-10-02T20:13:13.222907-05:00
APP-391,Application,qualification.test_golden::test_domain_reconciles_with_reference[FT-IND-006-multiselect],Pass,qualification/test_golden.py,docs/evidence/application-tests.xml,FR-IND-006; FR-CAL-001; FR-CAL-003; FR-CAL-005; FR-CAL-008; FR-CAL-009; FR-CAL-010; VF-DIN-001,Automated assertion only; requirement-level mapping is partial,2026-10-02T20:13:13.222907-05:00
APP-392,Application,qualification.test_golden::test_domain_reconciles_with_reference[disaggregation-pooled-ratio],Pass,qualification/test_golden.py,docs/evidence/application-tests.xml,FR-IND-006; FR-CAL-001; FR-CAL-003; FR-CAL-005; FR-CAL-008; FR-CAL-009; FR-CAL-010; VF-DIN-001,Automated assertion only; requirement-level mapping is partial,2026-10-02T20:13:13.222907-05:00
APP-393,Application,qualification.test_golden::test_domain_reconciles_with_reference[disaggregation-sum],Pass,qualification/test_golden.py,docs/evidence/application-tests.xml,FR-IND-006; FR-CAL-001; FR-CAL-003; FR-CAL-005; FR-CAL-008; FR-CAL-009; FR-CAL-010; VF-DIN-001,Automated assertion only; requirement-level mapping is partial,2026-10-02T20:13:13.222907-05:00
APP-394,Application,qualification.test_golden::test_domain_reconciles_with_reference[disaggregation-total-from-source],Pass,qualification/test_golden.py,docs/evidence/application-tests.xml,FR-IND-006; FR-CAL-001; FR-CAL-003; FR-CAL-005; FR-CAL-008; FR-CAL-009; FR-CAL-010; VF-DIN-001,Automated assertion only; requirement-level mapping is partial,2026-10-02T20:13:13.222907-05:00
APP-395,Application,qualification.test_golden::test_domain_reconciles_with_reference[display-from-stored-value],Pass,qualification/test_golden.py,docs/evidence/application-tests.xml,FR-IND-006; FR-CAL-001; FR-CAL-003; FR-CAL-005; FR-CAL-008; FR-CAL-009; FR-CAL-010; VF-DIN-001,Automated assertion only; requirement-level mapping is partial,2026-10-02T20:13:13.222907-05:00
APP-396,Application,qualification.test_golden::test_domain_reconciles_with_reference[event-count-not-one],Pass,qualification/test_golden.py,docs/evidence/application-tests.xml,FR-IND-006; FR-CAL-001; FR-CAL-003; FR-CAL-005; FR-CAL-008; FR-CAL-009; FR-CAL-010; VF-DIN-001,Automated assertion only; requirement-level mapping is partial,2026-10-02T20:13:13.222907-05:00
APP-397,Application,qualification.test_golden::test_domain_reconciles_with_reference[event-count],Pass,qualification/test_golden.py,docs/evidence/application-tests.xml,FR-IND-006; FR-CAL-001; FR-CAL-003; FR-CAL-005; FR-CAL-008; FR-CAL-009; FR-CAL-010; VF-DIN-001,Automated assertion only; requirement-level mapping is partial,2026-10-02T20:13:13.222907-05:00
APP-398,Application,qualification.test_golden::test_domain_reconciles_with_reference[half-up-0.125],Pass,qualification/test_golden.py,docs/evidence/application-tests.xml,FR-IND-006; FR-CAL-001; FR-CAL-003; FR-CAL-005; FR-CAL-008; FR-CAL-009; FR-CAL-010; VF-DIN-001,Automated assertion only; requirement-level mapping is partial,2026-10-02T20:13:13.222907-05:00
APP-399,Application,qualification.test_golden::test_domain_reconciles_with_reference[half-up-2.675],Pass,qualification/test_golden.py,docs/evidence/application-tests.xml,FR-IND-006; FR-CAL-001; FR-CAL-003; FR-CAL-005; FR-CAL-008; FR-CAL-009; FR-CAL-010; VF-DIN-001,Automated assertion only; requirement-level mapping is partial,2026-10-02T20:13:13.222907-05:00
APP-400,Application,qualification.test_golden::test_domain_reconciles_with_reference[half-up-integer-even],Pass,qualification/test_golden.py,docs/evidence/application-tests.xml,FR-IND-006; FR-CAL-001; FR-CAL-003; FR-CAL-005; FR-CAL-008; FR-CAL-009; FR-CAL-010; VF-DIN-001,Automated assertion only; requirement-level mapping is partial,2026-10-02T20:13:13.222907-05:00
APP-401,Application,qualification.test_golden::test_domain_reconciles_with_reference[half-up-integer-odd],Pass,qualification/test_golden.py,docs/evidence/application-tests.xml,FR-IND-006; FR-CAL-001; FR-CAL-003; FR-CAL-005; FR-CAL-008; FR-CAL-009; FR-CAL-010; VF-DIN-001,Automated assertion only; requirement-level mapping is partial,2026-10-02T20:13:13.222907-05:00
APP-402,Application,qualification.test_golden::test_domain_reconciles_with_reference[half-up-negative],Pass,qualification/test_golden.py,docs/evidence/application-tests.xml,FR-IND-006; FR-CAL-001; FR-CAL-003; FR-CAL-005; FR-CAL-008; FR-CAL-009; FR-CAL-010; VF-DIN-001,Automated assertion only; requirement-level mapping is partial,2026-10-02T20:13:13.222907-05:00
APP-403,Application,qualification.test_golden::test_domain_reconciles_with_reference[half-up-stored-12th-place],Pass,qualification/test_golden.py,docs/evidence/application-tests.xml,FR-IND-006; FR-CAL-001; FR-CAL-003; FR-CAL-005; FR-CAL-008; FR-CAL-009; FR-CAL-010; VF-DIN-001,Automated assertion only; requirement-level mapping is partial,2026-10-02T20:13:13.222907-05:00
APP-404,Application,qualification.test_golden::test_domain_reconciles_with_reference[large-magnitude],Pass,qualification/test_golden.py,docs/evidence/application-tests.xml,FR-IND-006; FR-CAL-001; FR-CAL-003; FR-CAL-005; FR-CAL-008; FR-CAL-009; FR-CAL-010; VF-DIN-001,Automated assertion only; requirement-level mapping is partial,2026-10-02T20:13:13.222907-05:00
APP-405,Application,qualification.test_golden::test_domain_reconciles_with_reference[many-decimals-mean],Pass,qualification/test_golden.py,docs/evidence/application-tests.xml,FR-IND-006; FR-CAL-001; FR-CAL-003; FR-CAL-005; FR-CAL-008; FR-CAL-009; FR-CAL-010; VF-DIN-001,Automated assertion only; requirement-level mapping is partial,2026-10-02T20:13:13.222907-05:00
APP-406,Application,qualification.test_golden::test_domain_reconciles_with_reference[max],Pass,qualification/test_golden.py,docs/evidence/application-tests.xml,FR-IND-006; FR-CAL-001; FR-CAL-003; FR-CAL-005; FR-CAL-008; FR-CAL-009; FR-CAL-010; VF-DIN-001,Automated assertion only; requirement-level mapping is partial,2026-10-02T20:13:13.222907-05:00
APP-407,Application,qualification.test_golden::test_domain_reconciles_with_reference[median-even],Pass,qualification/test_golden.py,docs/evidence/application-tests.xml,FR-IND-006; FR-CAL-001; FR-CAL-003; FR-CAL-005; FR-CAL-008; FR-CAL-009; FR-CAL-010; VF-DIN-001,Automated assertion only; requirement-level mapping is partial,2026-10-02T20:13:13.222907-05:00
APP-408,Application,qualification.test_golden::test_domain_reconciles_with_reference[min],Pass,qualification/test_golden.py,docs/evidence/application-tests.xml,FR-IND-006; FR-CAL-001; FR-CAL-003; FR-CAL-005; FR-CAL-008; FR-CAL-009; FR-CAL-010; VF-DIN-001,Automated assertion only; requirement-level mapping is partial,2026-10-02T20:13:13.222907-05:00
APP-409,Application,qualification.test_golden::test_domain_reconciles_with_reference[naive-timestamp-refused],Pass,qualification/test_golden.py,docs/evidence/application-tests.xml,FR-IND-006; FR-CAL-001; FR-CAL-003; FR-CAL-005; FR-CAL-008; FR-CAL-009; FR-CAL-010; VF-DIN-001,Automated assertion only; requirement-level mapping is partial,2026-10-02T20:13:13.222907-05:00
APP-410,Application,qualification.test_golden::test_domain_reconciles_with_reference[negative-rounds-to-zero],Pass,qualification/test_golden.py,docs/evidence/application-tests.xml,FR-IND-006; FR-CAL-001; FR-CAL-003; FR-CAL-005; FR-CAL-008; FR-CAL-009; FR-CAL-010; VF-DIN-001,Automated assertion only; requirement-level mapping is partial,2026-10-02T20:13:13.222907-05:00
APP-411,Application,qualification.test_golden::test_domain_reconciles_with_reference[overflow-limit],Pass,qualification/test_golden.py,docs/evidence/application-tests.xml,FR-IND-006; FR-CAL-001; FR-CAL-003; FR-CAL-005; FR-CAL-008; FR-CAL-009; FR-CAL-010; VF-DIN-001,Automated assertion only; requirement-level mapping is partial,2026-10-02T20:13:13.222907-05:00
APP-412,Application,qualification.test_golden::test_domain_reconciles_with_reference[percentage-above-bound],Pass,qualification/test_golden.py,docs/evidence/application-tests.xml,FR-IND-006; FR-CAL-001; FR-CAL-003; FR-CAL-005; FR-CAL-008; FR-CAL-009; FR-CAL-010; VF-DIN-001,Automated assertion only; requirement-level mapping is partial,2026-10-02T20:13:13.222907-05:00
APP-413,Application,qualification.test_golden::test_domain_reconciles_with_reference[stock-latest-ratio],Pass,qualification/test_golden.py,docs/evidence/application-tests.xml,FR-IND-006; FR-CAL-001; FR-CAL-003; FR-CAL-005; FR-CAL-008; FR-CAL-009; FR-CAL-010; VF-DIN-001,Automated assertion only; requirement-level mapping is partial,2026-10-02T20:13:13.222907-05:00
APP-414,Application,qualification.test_golden::test_domain_reconciles_with_reference[stock-latest-tie-conflict],Pass,qualification/test_golden.py,docs/evidence/application-tests.xml,FR-IND-006; FR-CAL-001; FR-CAL-003; FR-CAL-005; FR-CAL-008; FR-CAL-009; FR-CAL-010; VF-DIN-001,Automated assertion only; requirement-level mapping is partial,2026-10-02T20:13:13.222907-05:00
APP-415,Application,qualification.test_golden::test_domain_reconciles_with_reference[stock-latest-tie-equal],Pass,qualification/test_golden.py,docs/evidence/application-tests.xml,FR-IND-006; FR-CAL-001; FR-CAL-003; FR-CAL-005; FR-CAL-008; FR-CAL-009; FR-CAL-010; VF-DIN-001,Automated assertion only; requirement-level mapping is partial,2026-10-02T20:13:13.222907-05:00
APP-416,Application,qualification.test_golden::test_domain_reconciles_with_reference[value-states-all-absent],Pass,qualification/test_golden.py,docs/evidence/application-tests.xml,FR-IND-006; FR-CAL-001; FR-CAL-003; FR-CAL-005; FR-CAL-008; FR-CAL-009; FR-CAL-010; VF-DIN-001,Automated assertion only; requirement-level mapping is partial,2026-10-02T20:13:13.222907-05:00
APP-417,Application,qualification.test_golden::test_domain_reconciles_with_reference[value-states-never-zero],Pass,qualification/test_golden.py,docs/evidence/application-tests.xml,FR-IND-006; FR-CAL-001; FR-CAL-003; FR-CAL-005; FR-CAL-008; FR-CAL-009; FR-CAL-010; VF-DIN-001,Automated assertion only; requirement-level mapping is partial,2026-10-02T20:13:13.222907-05:00
APP-418,Application,qualification.test_golden::test_live_api_reconciles_with_reference[CAL01-pending-excluded],Pass,qualification/test_golden.py,docs/evidence/application-tests.xml,FR-IND-006; FR-CAL-001; FR-CAL-003; FR-CAL-005; FR-CAL-008; FR-CAL-009; FR-CAL-010; VF-DIN-001,Automated assertion only; requirement-level mapping is partial,2026-10-02T20:13:13.222907-05:00
APP-419,Application,qualification.test_golden::test_live_api_reconciles_with_reference[CAL01-pooled-ratio-added],Pass,qualification/test_golden.py,docs/evidence/application-tests.xml,FR-IND-006; FR-CAL-001; FR-CAL-003; FR-CAL-005; FR-CAL-008; FR-CAL-009; FR-CAL-010; VF-DIN-001,Automated assertion only; requirement-level mapping is partial,2026-10-02T20:13:13.222907-05:00
APP-420,Application,qualification.test_golden::test_live_api_reconciles_with_reference[CAL01-pooled-ratio],Pass,qualification/test_golden.py,docs/evidence/application-tests.xml,FR-IND-006; FR-CAL-001; FR-CAL-003; FR-CAL-005; FR-CAL-008; FR-CAL-009; FR-CAL-010; VF-DIN-001,Automated assertion only; requirement-level mapping is partial,2026-10-02T20:13:13.222907-05:00
APP-421,Application,qualification.test_golden::test_live_api_reconciles_with_reference[CAL02-unweighted-mean],Pass,qualification/test_golden.py,docs/evidence/application-tests.xml,FR-IND-006; FR-CAL-001; FR-CAL-003; FR-CAL-005; FR-CAL-008; FR-CAL-009; FR-CAL-010; VF-DIN-001,Automated assertion only; requirement-level mapping is partial,2026-10-02T20:13:13.222907-05:00
APP-422,Application,qualification.test_golden::test_live_api_reconciles_with_reference[CAL05-cumulative-decline],Pass,qualification/test_golden.py,docs/evidence/application-tests.xml,FR-IND-006; FR-CAL-001; FR-CAL-003; FR-CAL-005; FR-CAL-008; FR-CAL-009; FR-CAL-010; VF-DIN-001,Automated assertion only; requirement-level mapping is partial,2026-10-02T20:13:13.222907-05:00
APP-423,Application,qualification.test_golden::test_live_api_reconciles_with_reference[CAL05-cumulative-end],Pass,qualification/test_golden.py,docs/evidence/application-tests.xml,FR-IND-006; FR-CAL-001; FR-CAL-003; FR-CAL-005; FR-CAL-008; FR-CAL-009; FR-CAL-010; VF-DIN-001,Automated assertion only; requirement-level mapping is partial,2026-10-02T20:13:13.222907-05:00
APP-424,Application,qualification.test_golden::test_live_api_reconciles_with_reference[CAL05-cumulative-pending-latest],Pass,qualification/test_golden.py,docs/evidence/application-tests.xml,FR-IND-006; FR-CAL-001; FR-CAL-003; FR-CAL-005; FR-CAL-008; FR-CAL-009; FR-CAL-010; VF-DIN-001,Automated assertion only; requirement-level mapping is partial,2026-10-02T20:13:13.222907-05:00
APP-425,Application,qualification.test_golden::test_live_api_reconciles_with_reference[CAL06-mean-zero-denominator],Pass,qualification/test_golden.py,docs/evidence/application-tests.xml,FR-IND-006; FR-CAL-001; FR-CAL-003; FR-CAL-005; FR-CAL-008; FR-CAL-009; FR-CAL-010; VF-DIN-001,Automated assertion only; requirement-level mapping is partial,2026-10-02T20:13:13.222907-05:00
APP-426,Application,qualification.test_golden::test_live_api_reconciles_with_reference[CAL06-zero-denominator],Pass,qualification/test_golden.py,docs/evidence/application-tests.xml,FR-IND-006; FR-CAL-001; FR-CAL-003; FR-CAL-005; FR-CAL-008; FR-CAL-009; FR-CAL-010; VF-DIN-001,Automated assertion only; requirement-level mapping is partial,2026-10-02T20:13:13.222907-05:00
APP-427,Application,qualification.test_golden::test_live_api_reconciles_with_reference[CAL07-five-contributors],Pass,qualification/test_golden.py,docs/evidence/application-tests.xml,FR-IND-006; FR-CAL-001; FR-CAL-003; FR-CAL-005; FR-CAL-008; FR-CAL-009; FR-CAL-010; VF-DIN-001,Automated assertion only; requirement-level mapping is partial,2026-10-02T20:13:13.222907-05:00
APP-428,Application,qualification.test_golden::test_live_api_reconciles_with_reference[CAL09-display-precision],Pass,qualification/test_golden.py,docs/evidence/application-tests.xml,FR-IND-006; FR-CAL-001; FR-CAL-003; FR-CAL-005; FR-CAL-008; FR-CAL-009; FR-CAL-010; VF-DIN-001,Automated assertion only; requirement-level mapping is partial,2026-10-02T20:13:13.222907-05:00
APP-429,Application,qualification.test_golden::test_live_api_reconciles_with_reference[CAL16-pooled-median],Pass,qualification/test_golden.py,docs/evidence/application-tests.xml,FR-IND-006; FR-CAL-001; FR-CAL-003; FR-CAL-005; FR-CAL-008; FR-CAL-009; FR-CAL-010; VF-DIN-001,Automated assertion only; requirement-level mapping is partial,2026-10-02T20:13:13.222907-05:00
APP-430,Application,qualification.test_golden::test_live_api_reconciles_with_reference[CAL20-time-boundary],Pass,qualification/test_golden.py,docs/evidence/application-tests.xml,FR-IND-006; FR-CAL-001; FR-CAL-003; FR-CAL-005; FR-CAL-008; FR-CAL-009; FR-CAL-010; VF-DIN-001,Automated assertion only; requirement-level mapping is partial,2026-10-02T20:13:13.222907-05:00
APP-431,Application,qualification.test_golden::test_live_api_reconciles_with_reference[FT-IND-006-multiselect],Pass,qualification/test_golden.py,docs/evidence/application-tests.xml,FR-IND-006; FR-CAL-001; FR-CAL-003; FR-CAL-005; FR-CAL-008; FR-CAL-009; FR-CAL-010; VF-DIN-001,Automated assertion only; requirement-level mapping is partial,2026-10-02T20:13:13.222907-05:00
APP-432,Application,qualification.test_golden::test_live_api_reconciles_with_reference[disaggregation-pooled-ratio],Pass,qualification/test_golden.py,docs/evidence/application-tests.xml,FR-IND-006; FR-CAL-001; FR-CAL-003; FR-CAL-005; FR-CAL-008; FR-CAL-009; FR-CAL-010; VF-DIN-001,Automated assertion only; requirement-level mapping is partial,2026-10-02T20:13:13.222907-05:00
APP-433,Application,qualification.test_golden::test_live_api_reconciles_with_reference[disaggregation-sum],Pass,qualification/test_golden.py,docs/evidence/application-tests.xml,FR-IND-006; FR-CAL-001; FR-CAL-003; FR-CAL-005; FR-CAL-008; FR-CAL-009; FR-CAL-010; VF-DIN-001,Automated assertion only; requirement-level mapping is partial,2026-10-02T20:13:13.222907-05:00
APP-434,Application,qualification.test_golden::test_live_api_reconciles_with_reference[disaggregation-total-from-source],Pass,qualification/test_golden.py,docs/evidence/application-tests.xml,FR-IND-006; FR-CAL-001; FR-CAL-003; FR-CAL-005; FR-CAL-008; FR-CAL-009; FR-CAL-010; VF-DIN-001,Automated assertion only; requirement-level mapping is partial,2026-10-02T20:13:13.222907-05:00
APP-435,Application,qualification.test_golden::test_live_api_reconciles_with_reference[display-from-stored-value],Pass,qualification/test_golden.py,docs/evidence/application-tests.xml,FR-IND-006; FR-CAL-001; FR-CAL-003; FR-CAL-005; FR-CAL-008; FR-CAL-009; FR-CAL-010; VF-DIN-001,Automated assertion only; requirement-level mapping is partial,2026-10-02T20:13:13.222907-05:00
APP-436,Application,qualification.test_golden::test_live_api_reconciles_with_reference[event-count],Pass,qualification/test_golden.py,docs/evidence/application-tests.xml,FR-IND-006; FR-CAL-001; FR-CAL-003; FR-CAL-005; FR-CAL-008; FR-CAL-009; FR-CAL-010; VF-DIN-001,Automated assertion only; requirement-level mapping is partial,2026-10-02T20:13:13.222907-05:00
APP-437,Application,qualification.test_golden::test_live_api_reconciles_with_reference[half-up-0.125],Pass,qualification/test_golden.py,docs/evidence/application-tests.xml,FR-IND-006; FR-CAL-001; FR-CAL-003; FR-CAL-005; FR-CAL-008; FR-CAL-009; FR-CAL-010; VF-DIN-001,Automated assertion only; requirement-level mapping is partial,2026-10-02T20:13:13.222907-05:00
APP-438,Application,qualification.test_golden::test_live_api_reconciles_with_reference[half-up-2.675],Pass,qualification/test_golden.py,docs/evidence/application-tests.xml,FR-IND-006; FR-CAL-001; FR-CAL-003; FR-CAL-005; FR-CAL-008; FR-CAL-009; FR-CAL-010; VF-DIN-001,Automated assertion only; requirement-level mapping is partial,2026-10-02T20:13:13.222907-05:00
APP-439,Application,qualification.test_golden::test_live_api_reconciles_with_reference[half-up-integer-even],Pass,qualification/test_golden.py,docs/evidence/application-tests.xml,FR-IND-006; FR-CAL-001; FR-CAL-003; FR-CAL-005; FR-CAL-008; FR-CAL-009; FR-CAL-010; VF-DIN-001,Automated assertion only; requirement-level mapping is partial,2026-10-02T20:13:13.222907-05:00
APP-440,Application,qualification.test_golden::test_live_api_reconciles_with_reference[half-up-integer-odd],Pass,qualification/test_golden.py,docs/evidence/application-tests.xml,FR-IND-006; FR-CAL-001; FR-CAL-003; FR-CAL-005; FR-CAL-008; FR-CAL-009; FR-CAL-010; VF-DIN-001,Automated assertion only; requirement-level mapping is partial,2026-10-02T20:13:13.222907-05:00
APP-441,Application,qualification.test_golden::test_live_api_reconciles_with_reference[half-up-negative],Pass,qualification/test_golden.py,docs/evidence/application-tests.xml,FR-IND-006; FR-CAL-001; FR-CAL-003; FR-CAL-005; FR-CAL-008; FR-CAL-009; FR-CAL-010; VF-DIN-001,Automated assertion only; requirement-level mapping is partial,2026-10-02T20:13:13.222907-05:00
APP-442,Application,qualification.test_golden::test_live_api_reconciles_with_reference[half-up-stored-12th-place],Pass,qualification/test_golden.py,docs/evidence/application-tests.xml,FR-IND-006; FR-CAL-001; FR-CAL-003; FR-CAL-005; FR-CAL-008; FR-CAL-009; FR-CAL-010; VF-DIN-001,Automated assertion only; requirement-level mapping is partial,2026-10-02T20:13:13.222907-05:00
APP-443,Application,qualification.test_golden::test_live_api_reconciles_with_reference[large-magnitude],Pass,qualification/test_golden.py,docs/evidence/application-tests.xml,FR-IND-006; FR-CAL-001; FR-CAL-003; FR-CAL-005; FR-CAL-008; FR-CAL-009; FR-CAL-010; VF-DIN-001,Automated assertion only; requirement-level mapping is partial,2026-10-02T20:13:13.222907-05:00
APP-444,Application,qualification.test_golden::test_live_api_reconciles_with_reference[many-decimals-mean],Pass,qualification/test_golden.py,docs/evidence/application-tests.xml,FR-IND-006; FR-CAL-001; FR-CAL-003; FR-CAL-005; FR-CAL-008; FR-CAL-009; FR-CAL-010; VF-DIN-001,Automated assertion only; requirement-level mapping is partial,2026-10-02T20:13:13.222907-05:00
APP-445,Application,qualification.test_golden::test_live_api_reconciles_with_reference[max],Pass,qualification/test_golden.py,docs/evidence/application-tests.xml,FR-IND-006; FR-CAL-001; FR-CAL-003; FR-CAL-005; FR-CAL-008; FR-CAL-009; FR-CAL-010; VF-DIN-001,Automated assertion only; requirement-level mapping is partial,2026-10-02T20:13:13.222907-05:00
APP-446,Application,qualification.test_golden::test_live_api_reconciles_with_reference[median-even],Pass,qualification/test_golden.py,docs/evidence/application-tests.xml,FR-IND-006; FR-CAL-001; FR-CAL-003; FR-CAL-005; FR-CAL-008; FR-CAL-009; FR-CAL-010; VF-DIN-001,Automated assertion only; requirement-level mapping is partial,2026-10-02T20:13:13.222907-05:00
APP-447,Application,qualification.test_golden::test_live_api_reconciles_with_reference[min],Pass,qualification/test_golden.py,docs/evidence/application-tests.xml,FR-IND-006; FR-CAL-001; FR-CAL-003; FR-CAL-005; FR-CAL-008; FR-CAL-009; FR-CAL-010; VF-DIN-001,Automated assertion only; requirement-level mapping is partial,2026-10-02T20:13:13.222907-05:00
APP-448,Application,qualification.test_golden::test_live_api_reconciles_with_reference[negative-rounds-to-zero],Pass,qualification/test_golden.py,docs/evidence/application-tests.xml,FR-IND-006; FR-CAL-001; FR-CAL-003; FR-CAL-005; FR-CAL-008; FR-CAL-009; FR-CAL-010; VF-DIN-001,Automated assertion only; requirement-level mapping is partial,2026-10-02T20:13:13.222907-05:00
APP-449,Application,qualification.test_golden::test_live_api_reconciles_with_reference[overflow-limit],Pass,qualification/test_golden.py,docs/evidence/application-tests.xml,FR-IND-006; FR-CAL-001; FR-CAL-003; FR-CAL-005; FR-CAL-008; FR-CAL-009; FR-CAL-010; VF-DIN-001,Automated assertion only; requirement-level mapping is partial,2026-10-02T20:13:13.222907-05:00
APP-450,Application,qualification.test_golden::test_live_api_reconciles_with_reference[stock-latest-ratio],Pass,qualification/test_golden.py,docs/evidence/application-tests.xml,FR-IND-006; FR-CAL-001; FR-CAL-003; FR-CAL-005; FR-CAL-008; FR-CAL-009; FR-CAL-010; VF-DIN-001,Automated assertion only; requirement-level mapping is partial,2026-10-02T20:13:13.222907-05:00
APP-451,Application,qualification.test_golden::test_live_api_reconciles_with_reference[stock-latest-tie-conflict],Pass,qualification/test_golden.py,docs/evidence/application-tests.xml,FR-IND-006; FR-CAL-001; FR-CAL-003; FR-CAL-005; FR-CAL-008; FR-CAL-009; FR-CAL-010; VF-DIN-001,Automated assertion only; requirement-level mapping is partial,2026-10-02T20:13:13.222907-05:00
APP-452,Application,qualification.test_golden::test_live_api_reconciles_with_reference[stock-latest-tie-equal],Pass,qualification/test_golden.py,docs/evidence/application-tests.xml,FR-IND-006; FR-CAL-001; FR-CAL-003; FR-CAL-005; FR-CAL-008; FR-CAL-009; FR-CAL-010; VF-DIN-001,Automated assertion only; requirement-level mapping is partial,2026-10-02T20:13:13.222907-05:00
APP-453,Application,qualification.test_golden::test_live_api_reconciles_with_reference[value-states-all-absent],Pass,qualification/test_golden.py,docs/evidence/application-tests.xml,FR-IND-006; FR-CAL-001; FR-CAL-003; FR-CAL-005; FR-CAL-008; FR-CAL-009; FR-CAL-010; VF-DIN-001,Automated assertion only; requirement-level mapping is partial,2026-10-02T20:13:13.222907-05:00
APP-454,Application,qualification.test_golden::test_live_api_reconciles_with_reference[value-states-never-zero],Pass,qualification/test_golden.py,docs/evidence/application-tests.xml,FR-IND-006; FR-CAL-001; FR-CAL-003; FR-CAL-005; FR-CAL-008; FR-CAL-009; FR-CAL-010; VF-DIN-001,Automated assertion only; requirement-level mapping is partial,2026-10-02T20:13:13.222907-05:00
APP-455,Application,qualification.test_golden::test_reference_matches_prepared_expectation[CAL01-pending-excluded],Pass,qualification/test_golden.py,docs/evidence/application-tests.xml,FR-IND-006; FR-CAL-001; FR-CAL-003; FR-CAL-005; FR-CAL-008; FR-CAL-009; FR-CAL-010; VF-DIN-001,Automated assertion only; requirement-level mapping is partial,2026-10-02T20:13:13.222907-05:00
APP-456,Application,qualification.test_golden::test_reference_matches_prepared_expectation[CAL01-pooled-ratio-added],Pass,qualification/test_golden.py,docs/evidence/application-tests.xml,FR-IND-006; FR-CAL-001; FR-CAL-003; FR-CAL-005; FR-CAL-008; FR-CAL-009; FR-CAL-010; VF-DIN-001,Automated assertion only; requirement-level mapping is partial,2026-10-02T20:13:13.222907-05:00
APP-457,Application,qualification.test_golden::test_reference_matches_prepared_expectation[CAL01-pooled-ratio],Pass,qualification/test_golden.py,docs/evidence/application-tests.xml,FR-IND-006; FR-CAL-001; FR-CAL-003; FR-CAL-005; FR-CAL-008; FR-CAL-009; FR-CAL-010; VF-DIN-001,Automated assertion only; requirement-level mapping is partial,2026-10-02T20:13:13.222907-05:00
APP-458,Application,qualification.test_golden::test_reference_matches_prepared_expectation[CAL02-unweighted-mean],Pass,qualification/test_golden.py,docs/evidence/application-tests.xml,FR-IND-006; FR-CAL-001; FR-CAL-003; FR-CAL-005; FR-CAL-008; FR-CAL-009; FR-CAL-010; VF-DIN-001,Automated assertion only; requirement-level mapping is partial,2026-10-02T20:13:13.222907-05:00
APP-459,Application,qualification.test_golden::test_reference_matches_prepared_expectation[CAL05-cumulative-decline],Pass,qualification/test_golden.py,docs/evidence/application-tests.xml,FR-IND-006; FR-CAL-001; FR-CAL-003; FR-CAL-005; FR-CAL-008; FR-CAL-009; FR-CAL-010; VF-DIN-001,Automated assertion only; requirement-level mapping is partial,2026-10-02T20:13:13.222907-05:00
APP-460,Application,qualification.test_golden::test_reference_matches_prepared_expectation[CAL05-cumulative-end],Pass,qualification/test_golden.py,docs/evidence/application-tests.xml,FR-IND-006; FR-CAL-001; FR-CAL-003; FR-CAL-005; FR-CAL-008; FR-CAL-009; FR-CAL-010; VF-DIN-001,Automated assertion only; requirement-level mapping is partial,2026-10-02T20:13:13.222907-05:00
APP-461,Application,qualification.test_golden::test_reference_matches_prepared_expectation[CAL05-cumulative-pending-latest],Pass,qualification/test_golden.py,docs/evidence/application-tests.xml,FR-IND-006; FR-CAL-001; FR-CAL-003; FR-CAL-005; FR-CAL-008; FR-CAL-009; FR-CAL-010; VF-DIN-001,Automated assertion only; requirement-level mapping is partial,2026-10-02T20:13:13.222907-05:00
APP-462,Application,qualification.test_golden::test_reference_matches_prepared_expectation[CAL06-mean-zero-denominator],Pass,qualification/test_golden.py,docs/evidence/application-tests.xml,FR-IND-006; FR-CAL-001; FR-CAL-003; FR-CAL-005; FR-CAL-008; FR-CAL-009; FR-CAL-010; VF-DIN-001,Automated assertion only; requirement-level mapping is partial,2026-10-02T20:13:13.222907-05:00
APP-463,Application,qualification.test_golden::test_reference_matches_prepared_expectation[CAL06-zero-denominator],Pass,qualification/test_golden.py,docs/evidence/application-tests.xml,FR-IND-006; FR-CAL-001; FR-CAL-003; FR-CAL-005; FR-CAL-008; FR-CAL-009; FR-CAL-010; VF-DIN-001,Automated assertion only; requirement-level mapping is partial,2026-10-02T20:13:13.222907-05:00
APP-464,Application,qualification.test_golden::test_reference_matches_prepared_expectation[CAL07-five-contributors],Pass,qualification/test_golden.py,docs/evidence/application-tests.xml,FR-IND-006; FR-CAL-001; FR-CAL-003; FR-CAL-005; FR-CAL-008; FR-CAL-009; FR-CAL-010; VF-DIN-001,Automated assertion only; requirement-level mapping is partial,2026-10-02T20:13:13.222907-05:00
APP-465,Application,qualification.test_golden::test_reference_matches_prepared_expectation[CAL09-display-precision],Pass,qualification/test_golden.py,docs/evidence/application-tests.xml,FR-IND-006; FR-CAL-001; FR-CAL-003; FR-CAL-005; FR-CAL-008; FR-CAL-009; FR-CAL-010; VF-DIN-001,Automated assertion only; requirement-level mapping is partial,2026-10-02T20:13:13.222907-05:00
APP-466,Application,qualification.test_golden::test_reference_matches_prepared_expectation[CAL16-pooled-median],Pass,qualification/test_golden.py,docs/evidence/application-tests.xml,FR-IND-006; FR-CAL-001; FR-CAL-003; FR-CAL-005; FR-CAL-008; FR-CAL-009; FR-CAL-010; VF-DIN-001,Automated assertion only; requirement-level mapping is partial,2026-10-02T20:13:13.222907-05:00
APP-467,Application,qualification.test_golden::test_reference_matches_prepared_expectation[CAL20-time-boundary],Pass,qualification/test_golden.py,docs/evidence/application-tests.xml,FR-IND-006; FR-CAL-001; FR-CAL-003; FR-CAL-005; FR-CAL-008; FR-CAL-009; FR-CAL-010; VF-DIN-001,Automated assertion only; requirement-level mapping is partial,2026-10-02T20:13:13.222907-05:00
APP-468,Application,qualification.test_golden::test_reference_matches_prepared_expectation[FT-IND-006-multiselect],Pass,qualification/test_golden.py,docs/evidence/application-tests.xml,FR-IND-006; FR-CAL-001; FR-CAL-003; FR-CAL-005; FR-CAL-008; FR-CAL-009; FR-CAL-010; VF-DIN-001,Automated assertion only; requirement-level mapping is partial,2026-10-02T20:13:13.222907-05:00
APP-469,Application,qualification.test_golden::test_reference_matches_prepared_expectation[disaggregation-pooled-ratio],Pass,qualification/test_golden.py,docs/evidence/application-tests.xml,FR-IND-006; FR-CAL-001; FR-CAL-003; FR-CAL-005; FR-CAL-008; FR-CAL-009; FR-CAL-010; VF-DIN-001,Automated assertion only; requirement-level mapping is partial,2026-10-02T20:13:13.222907-05:00
APP-470,Application,qualification.test_golden::test_reference_matches_prepared_expectation[disaggregation-sum],Pass,qualification/test_golden.py,docs/evidence/application-tests.xml,FR-IND-006; FR-CAL-001; FR-CAL-003; FR-CAL-005; FR-CAL-008; FR-CAL-009; FR-CAL-010; VF-DIN-001,Automated assertion only; requirement-level mapping is partial,2026-10-02T20:13:13.222907-05:00
APP-471,Application,qualification.test_golden::test_reference_matches_prepared_expectation[disaggregation-total-from-source],Pass,qualification/test_golden.py,docs/evidence/application-tests.xml,FR-IND-006; FR-CAL-001; FR-CAL-003; FR-CAL-005; FR-CAL-008; FR-CAL-009; FR-CAL-010; VF-DIN-001,Automated assertion only; requirement-level mapping is partial,2026-10-02T20:13:13.222907-05:00
APP-472,Application,qualification.test_golden::test_reference_matches_prepared_expectation[display-from-stored-value],Pass,qualification/test_golden.py,docs/evidence/application-tests.xml,FR-IND-006; FR-CAL-001; FR-CAL-003; FR-CAL-005; FR-CAL-008; FR-CAL-009; FR-CAL-010; VF-DIN-001,Automated assertion only; requirement-level mapping is partial,2026-10-02T20:13:13.222907-05:00
APP-473,Application,qualification.test_golden::test_reference_matches_prepared_expectation[event-count-not-one],Pass,qualification/test_golden.py,docs/evidence/application-tests.xml,FR-IND-006; FR-CAL-001; FR-CAL-003; FR-CAL-005; FR-CAL-008; FR-CAL-009; FR-CAL-010; VF-DIN-001,Automated assertion only; requirement-level mapping is partial,2026-10-02T20:13:13.222907-05:00
APP-474,Application,qualification.test_golden::test_reference_matches_prepared_expectation[event-count],Pass,qualification/test_golden.py,docs/evidence/application-tests.xml,FR-IND-006; FR-CAL-001; FR-CAL-003; FR-CAL-005; FR-CAL-008; FR-CAL-009; FR-CAL-010; VF-DIN-001,Automated assertion only; requirement-level mapping is partial,2026-10-02T20:13:13.222907-05:00
APP-475,Application,qualification.test_golden::test_reference_matches_prepared_expectation[half-up-0.125],Pass,qualification/test_golden.py,docs/evidence/application-tests.xml,FR-IND-006; FR-CAL-001; FR-CAL-003; FR-CAL-005; FR-CAL-008; FR-CAL-009; FR-CAL-010; VF-DIN-001,Automated assertion only; requirement-level mapping is partial,2026-10-02T20:13:13.222907-05:00
APP-476,Application,qualification.test_golden::test_reference_matches_prepared_expectation[half-up-2.675],Pass,qualification/test_golden.py,docs/evidence/application-tests.xml,FR-IND-006; FR-CAL-001; FR-CAL-003; FR-CAL-005; FR-CAL-008; FR-CAL-009; FR-CAL-010; VF-DIN-001,Automated assertion only; requirement-level mapping is partial,2026-10-02T20:13:13.222907-05:00
APP-477,Application,qualification.test_golden::test_reference_matches_prepared_expectation[half-up-integer-even],Pass,qualification/test_golden.py,docs/evidence/application-tests.xml,FR-IND-006; FR-CAL-001; FR-CAL-003; FR-CAL-005; FR-CAL-008; FR-CAL-009; FR-CAL-010; VF-DIN-001,Automated assertion only; requirement-level mapping is partial,2026-10-02T20:13:13.222907-05:00
APP-478,Application,qualification.test_golden::test_reference_matches_prepared_expectation[half-up-integer-odd],Pass,qualification/test_golden.py,docs/evidence/application-tests.xml,FR-IND-006; FR-CAL-001; FR-CAL-003; FR-CAL-005; FR-CAL-008; FR-CAL-009; FR-CAL-010; VF-DIN-001,Automated assertion only; requirement-level mapping is partial,2026-10-02T20:13:13.222907-05:00
APP-479,Application,qualification.test_golden::test_reference_matches_prepared_expectation[half-up-negative],Pass,qualification/test_golden.py,docs/evidence/application-tests.xml,FR-IND-006; FR-CAL-001; FR-CAL-003; FR-CAL-005; FR-CAL-008; FR-CAL-009; FR-CAL-010; VF-DIN-001,Automated assertion only; requirement-level mapping is partial,2026-10-02T20:13:13.222907-05:00
APP-480,Application,qualification.test_golden::test_reference_matches_prepared_expectation[half-up-stored-12th-place],Pass,qualification/test_golden.py,docs/evidence/application-tests.xml,FR-IND-006; FR-CAL-001; FR-CAL-003; FR-CAL-005; FR-CAL-008; FR-CAL-009; FR-CAL-010; VF-DIN-001,Automated assertion only; requirement-level mapping is partial,2026-10-02T20:13:13.222907-05:00
APP-481,Application,qualification.test_golden::test_reference_matches_prepared_expectation[large-magnitude],Pass,qualification/test_golden.py,docs/evidence/application-tests.xml,FR-IND-006; FR-CAL-001; FR-CAL-003; FR-CAL-005; FR-CAL-008; FR-CAL-009; FR-CAL-010; VF-DIN-001,Automated assertion only; requirement-level mapping is partial,2026-10-02T20:13:13.222907-05:00
APP-482,Application,qualification.test_golden::test_reference_matches_prepared_expectation[many-decimals-mean],Pass,qualification/test_golden.py,docs/evidence/application-tests.xml,FR-IND-006; FR-CAL-001; FR-CAL-003; FR-CAL-005; FR-CAL-008; FR-CAL-009; FR-CAL-010; VF-DIN-001,Automated assertion only; requirement-level mapping is partial,2026-10-02T20:13:13.222907-05:00
APP-483,Application,qualification.test_golden::test_reference_matches_prepared_expectation[max],Pass,qualification/test_golden.py,docs/evidence/application-tests.xml,FR-IND-006; FR-CAL-001; FR-CAL-003; FR-CAL-005; FR-CAL-008; FR-CAL-009; FR-CAL-010; VF-DIN-001,Automated assertion only; requirement-level mapping is partial,2026-10-02T20:13:13.222907-05:00
APP-484,Application,qualification.test_golden::test_reference_matches_prepared_expectation[median-even],Pass,qualification/test_golden.py,docs/evidence/application-tests.xml,FR-IND-006; FR-CAL-001; FR-CAL-003; FR-CAL-005; FR-CAL-008; FR-CAL-009; FR-CAL-010; VF-DIN-001,Automated assertion only; requirement-level mapping is partial,2026-10-02T20:13:13.222907-05:00
APP-485,Application,qualification.test_golden::test_reference_matches_prepared_expectation[min],Pass,qualification/test_golden.py,docs/evidence/application-tests.xml,FR-IND-006; FR-CAL-001; FR-CAL-003; FR-CAL-005; FR-CAL-008; FR-CAL-009; FR-CAL-010; VF-DIN-001,Automated assertion only; requirement-level mapping is partial,2026-10-02T20:13:13.222907-05:00
APP-486,Application,qualification.test_golden::test_reference_matches_prepared_expectation[naive-timestamp-refused],Pass,qualification/test_golden.py,docs/evidence/application-tests.xml,FR-IND-006; FR-CAL-001; FR-CAL-003; FR-CAL-005; FR-CAL-008; FR-CAL-009; FR-CAL-010; VF-DIN-001,Automated assertion only; requirement-level mapping is partial,2026-10-02T20:13:13.222907-05:00
APP-487,Application,qualification.test_golden::test_reference_matches_prepared_expectation[negative-rounds-to-zero],Pass,qualification/test_golden.py,docs/evidence/application-tests.xml,FR-IND-006; FR-CAL-001; FR-CAL-003; FR-CAL-005; FR-CAL-008; FR-CAL-009; FR-CAL-010; VF-DIN-001,Automated assertion only; requirement-level mapping is partial,2026-10-02T20:13:13.222907-05:00
APP-488,Application,qualification.test_golden::test_reference_matches_prepared_expectation[overflow-limit],Pass,qualification/test_golden.py,docs/evidence/application-tests.xml,FR-IND-006; FR-CAL-001; FR-CAL-003; FR-CAL-005; FR-CAL-008; FR-CAL-009; FR-CAL-010; VF-DIN-001,Automated assertion only; requirement-level mapping is partial,2026-10-02T20:13:13.222907-05:00
APP-489,Application,qualification.test_golden::test_reference_matches_prepared_expectation[percentage-above-bound],Pass,qualification/test_golden.py,docs/evidence/application-tests.xml,FR-IND-006; FR-CAL-001; FR-CAL-003; FR-CAL-005; FR-CAL-008; FR-CAL-009; FR-CAL-010; VF-DIN-001,Automated assertion only; requirement-level mapping is partial,2026-10-02T20:13:13.222907-05:00
APP-490,Application,qualification.test_golden::test_reference_matches_prepared_expectation[stock-latest-ratio],Pass,qualification/test_golden.py,docs/evidence/application-tests.xml,FR-IND-006; FR-CAL-001; FR-CAL-003; FR-CAL-005; FR-CAL-008; FR-CAL-009; FR-CAL-010; VF-DIN-001,Automated assertion only; requirement-level mapping is partial,2026-10-02T20:13:13.222907-05:00
APP-491,Application,qualification.test_golden::test_reference_matches_prepared_expectation[stock-latest-tie-conflict],Pass,qualification/test_golden.py,docs/evidence/application-tests.xml,FR-IND-006; FR-CAL-001; FR-CAL-003; FR-CAL-005; FR-CAL-008; FR-CAL-009; FR-CAL-010; VF-DIN-001,Automated assertion only; requirement-level mapping is partial,2026-10-02T20:13:13.222907-05:00
APP-492,Application,qualification.test_golden::test_reference_matches_prepared_expectation[stock-latest-tie-equal],Pass,qualification/test_golden.py,docs/evidence/application-tests.xml,FR-IND-006; FR-CAL-001; FR-CAL-003; FR-CAL-005; FR-CAL-008; FR-CAL-009; FR-CAL-010; VF-DIN-001,Automated assertion only; requirement-level mapping is partial,2026-10-02T20:13:13.222907-05:00
APP-493,Application,qualification.test_golden::test_reference_matches_prepared_expectation[value-states-all-absent],Pass,qualification/test_golden.py,docs/evidence/application-tests.xml,FR-IND-006; FR-CAL-001; FR-CAL-003; FR-CAL-005; FR-CAL-008; FR-CAL-009; FR-CAL-010; VF-DIN-001,Automated assertion only; requirement-level mapping is partial,2026-10-02T20:13:13.222907-05:00
APP-494,Application,qualification.test_golden::test_reference_matches_prepared_expectation[value-states-never-zero],Pass,qualification/test_golden.py,docs/evidence/application-tests.xml,FR-IND-006; FR-CAL-001; FR-CAL-003; FR-CAL-005; FR-CAL-008; FR-CAL-009; FR-CAL-010; VF-DIN-001,Automated assertion only; requirement-level mapping is partial,2026-10-02T20:13:13.222907-05:00
APP-495,Application,qualification.test_import::test_a_locked_period_refuses_late_values_when_another_calendar_overlaps_it,Pass,qualification/test_import.py,docs/evidence/application-tests.xml,FR-CAL-008; FR-DAT-001; FR-DAT-002; FR-DAT-004; FR-DQ-003; FR-DQ-007,Automated assertion only; requirement-level mapping is partial,2026-10-02T20:13:13.222907-05:00
APP-496,Application,qualification.test_import::test_a_unit_imports_again_in_a_later_period_without_colliding,Pass,qualification/test_import.py,docs/evidence/application-tests.xml,FR-CAL-008; FR-DAT-001; FR-DAT-002; FR-DAT-004; FR-DQ-003; FR-DQ-007,Automated assertion only; requirement-level mapping is partial,2026-10-02T20:13:13.222907-05:00
APP-497,Application,qualification.test_import::test_access_tenancy_independence_and_reserved_namespace,Pass,qualification/test_import.py,docs/evidence/application-tests.xml,FR-CAL-008; FR-DAT-001; FR-DAT-002; FR-DAT-004; FR-DQ-003; FR-DQ-007,Automated assertion only; requirement-level mapping is partial,2026-10-02T20:13:13.222907-05:00
APP-498,Application,qualification.test_import::test_anomaly_warns_without_blocking,Pass,qualification/test_import.py,docs/evidence/application-tests.xml,FR-CAL-008; FR-DAT-001; FR-DAT-002; FR-DAT-004; FR-DQ-003; FR-DQ-007,Automated assertion only; requirement-level mapping is partial,2026-10-02T20:13:13.222907-05:00
APP-499,Application,qualification.test_import::test_bounds_are_enforced,Pass,qualification/test_import.py,docs/evidence/application-tests.xml,FR-CAL-008; FR-DAT-001; FR-DAT-002; FR-DAT-004; FR-DQ-003; FR-DQ-007,Automated assertion only; requirement-level mapping is partial,2026-10-02T20:13:13.222907-05:00
APP-500,Application,qualification.test_import::test_commit_refuses_a_stale_preview,Pass,qualification/test_import.py,docs/evidence/application-tests.xml,FR-CAL-008; FR-DAT-001; FR-DAT-002; FR-DAT-004; FR-DQ-003; FR-DQ-007,Automated assertion only; requirement-level mapping is partial,2026-10-02T20:13:13.222907-05:00
APP-501,Application,qualification.test_import::test_csv_import_preview_commit_review_and_receipts,Pass,qualification/test_import.py,docs/evidence/application-tests.xml,FR-CAL-008; FR-DAT-001; FR-DAT-002; FR-DAT-004; FR-DQ-003; FR-DQ-007,Automated assertion only; requirement-level mapping is partial,2026-10-02T20:13:13.222907-05:00
APP-502,Application,qualification.test_import::test_dimension_column_and_xlsx_source,Pass,qualification/test_import.py,docs/evidence/application-tests.xml,FR-CAL-008; FR-DAT-001; FR-DAT-002; FR-DAT-004; FR-DQ-003; FR-DQ-007,Automated assertion only; requirement-level mapping is partial,2026-10-02T20:13:13.222907-05:00
APP-503,Application,qualification.test_import::test_native_import_unit_register_is_fenced_and_insert_only,Pass,qualification/test_import.py,docs/evidence/native-application-tests.xml,FR-CAL-008; FR-DAT-001; FR-DAT-002; FR-DAT-004; FR-DQ-003; FR-DQ-007,Automated assertion on native PostgreSQL 16.13 (single node without a pooler); skipped on PGlite with a stated reason; requirement-level mapping is partial,2026-10-02T20:19:23.233124-05:00
APP-504,Application,qualification.test_import::test_planned_import_units_close_the_period,Pass,qualification/test_import.py,docs/evidence/application-tests.xml,FR-CAL-008; FR-DAT-001; FR-DAT-002; FR-DAT-004; FR-DQ-003; FR-DQ-007,Automated assertion only; requirement-level mapping is partial,2026-10-02T20:13:13.222907-05:00
APP-505,Application,qualification.test_import::test_quarantine_duplicates_and_atomic_mode,Pass,qualification/test_import.py,docs/evidence/application-tests.xml,FR-CAL-008; FR-DAT-001; FR-DAT-002; FR-DAT-004; FR-DQ-003; FR-DQ-007,Automated assertion only; requirement-level mapping is partial,2026-10-02T20:13:13.222907-05:00
APP-506,Application,qualification.test_import::test_ratio_components_dimensions_and_mapping_refusals,Pass,qualification/test_import.py,docs/evidence/application-tests.xml,FR-CAL-008; FR-DAT-001; FR-DAT-002; FR-DAT-004; FR-DQ-003; FR-DQ-007,Automated assertion only; requirement-level mapping is partial,2026-10-02T20:13:13.222907-05:00
APP-507,Application,qualification.test_import::test_unplanned_import_units_still_block_close,Pass,qualification/test_import.py,docs/evidence/application-tests.xml,FR-CAL-008; FR-DAT-001; FR-DAT-002; FR-DAT-004; FR-DQ-003; FR-DQ-007,Automated assertion only; requirement-level mapping is partial,2026-10-02T20:13:13.222907-05:00
APP-508,Application,qualification.test_key_rotation::test_delivery_and_invitation_secrets_rotate_for_the_worker,Pass,qualification/test_key_rotation.py,docs/evidence/application-tests.xml,FR-SEC-002; FR-SEC-006,Automated assertion only; requirement-level mapping is partial,2026-10-02T20:13:13.222907-05:00
APP-509,Application,qualification.test_key_rotation::test_development_tokens_verify_by_kid,Pass,qualification/test_key_rotation.py,docs/evidence/application-tests.xml,FR-SEC-002; FR-SEC-006,Automated assertion only; requirement-level mapping is partial,2026-10-02T20:13:13.222907-05:00
APP-510,Application,qualification.test_key_rotation::test_env_file_rotation_is_atomic_private_and_prints_kids_only,Pass,qualification/test_key_rotation.py,docs/evidence/application-tests.xml,FR-SEC-002; FR-SEC-006,Automated assertion only; requirement-level mapping is partial,2026-10-02T20:13:13.222907-05:00
APP-511,Application,qualification.test_key_rotation::test_hmac_tokens_verify_during_grace_and_fail_after_retirement,Pass,qualification/test_key_rotation.py,docs/evidence/application-tests.xml,FR-SEC-002; FR-SEC-006,Automated assertion only; requirement-level mapping is partial,2026-10-02T20:13:13.222907-05:00
APP-512,Application,qualification.test_key_rotation::test_kids_are_derived_per_family_and_reveal_no_value,Pass,qualification/test_key_rotation.py,docs/evidence/application-tests.xml,FR-SEC-002; FR-SEC-006,Automated assertion only; requirement-level mapping is partial,2026-10-02T20:13:13.222907-05:00
APP-513,Application,qualification.test_key_rotation::test_logout_hints_rotate_and_an_oversized_token_is_not_sealed,Pass,qualification/test_key_rotation.py,docs/evidence/application-tests.xml,FR-SEC-002; FR-SEC-006,Automated assertion only; requirement-level mapping is partial,2026-10-02T20:13:13.222907-05:00
APP-514,Application,qualification.test_key_rotation::test_provisioner_family_rotates_without_grace_and_asks_for_the_provider_realignment,Pass,qualification/test_key_rotation.py,docs/evidence/application-tests.xml,FR-SEC-002; FR-SEC-006,Automated assertion only; requirement-level mapping is partial,2026-10-02T20:13:13.222907-05:00
APP-515,Application,qualification.test_key_rotation::test_recovery_codes_issued_before_a_rotation_are_found_during_grace,Pass,qualification/test_key_rotation.py,docs/evidence/application-tests.xml,FR-SEC-002; FR-SEC-006,Automated assertion only; requirement-level mapping is partial,2026-10-02T20:13:13.222907-05:00
APP-516,Application,qualification.test_key_rotation::test_sealed_recipients_carry_the_kid_and_legacy_values_still_open,Pass,qualification/test_key_rotation.py,docs/evidence/application-tests.xml,FR-SEC-002; FR-SEC-006,Automated assertion only; requirement-level mapping is partial,2026-10-02T20:13:13.222907-05:00
APP-517,Application,qualification.test_key_rotation::test_settings_validate_keyrings_and_never_print_secrets,Pass,qualification/test_key_rotation.py,docs/evidence/application-tests.xml,FR-SEC-002; FR-SEC-006,Automated assertion only; requirement-level mapping is partial,2026-10-02T20:13:13.222907-05:00
APP-518,Application,qualification.test_key_rotation::test_signing_family_needs_a_run_directory,Pass,qualification/test_key_rotation.py,docs/evidence/application-tests.xml,FR-SEC-002; FR-SEC-006,Automated assertion only; requirement-level mapping is partial,2026-10-02T20:13:13.222907-05:00
APP-519,Application,qualification.test_key_rotation::test_values_made_before_rotation_work_during_grace_and_fail_after_retirement,Pass,qualification/test_key_rotation.py,docs/evidence/application-tests.xml,FR-SEC-002; FR-SEC-006,Automated assertion only; requirement-level mapping is partial,2026-10-02T20:13:13.222907-05:00
APP-520,Application,qualification.test_live_application::test_backchannel_logout_absent_with_development_login,Pass,qualification/test_live_application.py,docs/evidence/application-tests.xml,FR-ACC-001; FR-ACC-004; FR-ACC-005; FR-ACC-011; FR-INT-004; FR-INT-005; FR-SEC-003; FR-SEC-004; FR-SEC-007; FR-SEC-012,Automated assertion only; requirement-level mapping is partial,2026-10-02T20:13:13.222907-05:00
APP-521,Application,qualification.test_live_application::test_browser_session_csrf_logout,Pass,qualification/test_live_application.py,docs/evidence/application-tests.xml,FR-ACC-001; FR-ACC-004; FR-ACC-005; FR-ACC-011; FR-INT-004; FR-INT-005; FR-SEC-003; FR-SEC-004; FR-SEC-007; FR-SEC-012,Automated assertion only; requirement-level mapping is partial,2026-10-02T20:13:13.222907-05:00
APP-522,Application,qualification.test_live_application::test_claimed_roles_do_not_grant_access,Pass,qualification/test_live_application.py,docs/evidence/application-tests.xml,FR-ACC-001; FR-ACC-004; FR-ACC-005; FR-ACC-011; FR-INT-004; FR-INT-005; FR-SEC-003; FR-SEC-004; FR-SEC-007; FR-SEC-012,Automated assertion only; requirement-level mapping is partial,2026-10-02T20:13:13.222907-05:00
APP-523,Application,qualification.test_live_application::test_cross_tenant_reference_is_atomic,Pass,qualification/test_live_application.py,docs/evidence/application-tests.xml,FR-ACC-001; FR-ACC-004; FR-ACC-005; FR-ACC-011; FR-INT-004; FR-INT-005; FR-SEC-003; FR-SEC-004; FR-SEC-007; FR-SEC-012,Automated assertion only; requirement-level mapping is partial,2026-10-02T20:13:13.222907-05:00
APP-524,Application,qualification.test_live_application::test_cursor_integrity,Pass,qualification/test_live_application.py,docs/evidence/application-tests.xml,FR-ACC-001; FR-ACC-004; FR-ACC-005; FR-ACC-011; FR-INT-004; FR-INT-005; FR-SEC-003; FR-SEC-004; FR-SEC-007; FR-SEC-012,Automated assertion only; requirement-level mapping is partial,2026-10-02T20:13:13.222907-05:00
APP-525,Application,qualification.test_live_application::test_database_tenant_fence_and_immutable_revisions,Pass,qualification/test_live_application.py,docs/evidence/application-tests.xml,FR-ACC-001; FR-ACC-004; FR-ACC-005; FR-ACC-011; FR-INT-004; FR-INT-005; FR-SEC-003; FR-SEC-004; FR-SEC-007; FR-SEC-012,Automated assertion only; requirement-level mapping is partial,2026-10-02T20:13:13.222907-05:00
APP-526,Application,qualification.test_live_application::test_disaggregation_is_explicitly_refused,Pass,qualification/test_live_application.py,docs/evidence/application-tests.xml,FR-ACC-001; FR-ACC-004; FR-ACC-005; FR-ACC-011; FR-INT-004; FR-INT-005; FR-SEC-003; FR-SEC-004; FR-SEC-007; FR-SEC-012,Automated assertion only; requirement-level mapping is partial,2026-10-02T20:13:13.222907-05:00
APP-527,Application,qualification.test_live_application::test_duplicate_json_and_body_limit,Pass,qualification/test_live_application.py,docs/evidence/application-tests.xml,FR-ACC-001; FR-ACC-004; FR-ACC-005; FR-ACC-011; FR-INT-004; FR-INT-005; FR-SEC-003; FR-SEC-004; FR-SEC-007; FR-SEC-012,Automated assertion only; requirement-level mapping is partial,2026-10-02T20:13:13.222907-05:00
APP-528,Application,qualification.test_live_application::test_duplicate_source_key,Pass,qualification/test_live_application.py,docs/evidence/application-tests.xml,FR-ACC-001; FR-ACC-004; FR-ACC-005; FR-ACC-011; FR-INT-004; FR-INT-005; FR-SEC-003; FR-SEC-004; FR-SEC-007; FR-SEC-012,Automated assertion only; requirement-level mapping is partial,2026-10-02T20:13:13.222907-05:00
APP-529,Application,qualification.test_live_application::test_explicit_object_scope_filters_read_and_list,Pass,qualification/test_live_application.py,docs/evidence/application-tests.xml,FR-ACC-001; FR-ACC-004; FR-ACC-005; FR-ACC-011; FR-INT-004; FR-INT-005; FR-SEC-003; FR-SEC-004; FR-SEC-007; FR-SEC-012,Automated assertion only; requirement-level mapping is partial,2026-10-02T20:13:13.222907-05:00
APP-530,Application,qualification.test_live_application::test_invalid_signed_tokens[override0],Pass,qualification/test_live_application.py,docs/evidence/application-tests.xml,FR-ACC-001; FR-ACC-004; FR-ACC-005; FR-ACC-011; FR-INT-004; FR-INT-005; FR-SEC-003; FR-SEC-004; FR-SEC-007; FR-SEC-012,Automated assertion only; requirement-level mapping is partial,2026-10-02T20:13:13.222907-05:00
APP-531,Application,qualification.test_live_application::test_invalid_signed_tokens[override1],Pass,qualification/test_live_application.py,docs/evidence/application-tests.xml,FR-ACC-001; FR-ACC-004; FR-ACC-005; FR-ACC-011; FR-INT-004; FR-INT-005; FR-SEC-003; FR-SEC-004; FR-SEC-007; FR-SEC-012,Automated assertion only; requirement-level mapping is partial,2026-10-02T20:13:13.222907-05:00
APP-532,Application,qualification.test_live_application::test_invalid_signed_tokens[override2],Pass,qualification/test_live_application.py,docs/evidence/application-tests.xml,FR-ACC-001; FR-ACC-004; FR-ACC-005; FR-ACC-011; FR-INT-004; FR-INT-005; FR-SEC-003; FR-SEC-004; FR-SEC-007; FR-SEC-012,Automated assertion only; requirement-level mapping is partial,2026-10-02T20:13:13.222907-05:00
APP-533,Application,qualification.test_live_application::test_invalid_signed_tokens[override3],Pass,qualification/test_live_application.py,docs/evidence/application-tests.xml,FR-ACC-001; FR-ACC-004; FR-ACC-005; FR-ACC-011; FR-INT-004; FR-INT-005; FR-SEC-003; FR-SEC-004; FR-SEC-007; FR-SEC-012,Automated assertion only; requirement-level mapping is partial,2026-10-02T20:13:13.222907-05:00
APP-534,Application,qualification.test_live_application::test_invalid_signed_tokens[override4],Pass,qualification/test_live_application.py,docs/evidence/application-tests.xml,FR-ACC-001; FR-ACC-004; FR-ACC-005; FR-ACC-011; FR-INT-004; FR-INT-005; FR-SEC-003; FR-SEC-004; FR-SEC-007; FR-SEC-012,Automated assertion only; requirement-level mapping is partial,2026-10-02T20:13:13.222907-05:00
APP-535,Application,qualification.test_live_application::test_invalid_signed_tokens[override5],Pass,qualification/test_live_application.py,docs/evidence/application-tests.xml,FR-ACC-001; FR-ACC-004; FR-ACC-005; FR-ACC-011; FR-INT-004; FR-INT-005; FR-SEC-003; FR-SEC-004; FR-SEC-007; FR-SEC-012,Automated assertion only; requirement-level mapping is partial,2026-10-02T20:13:13.222907-05:00
APP-536,Application,qualification.test_live_application::test_logout_without_a_live_session_clears_the_cookie,Pass,qualification/test_live_application.py,docs/evidence/application-tests.xml,FR-ACC-001; FR-ACC-004; FR-ACC-005; FR-ACC-011; FR-INT-004; FR-INT-005; FR-SEC-003; FR-SEC-004; FR-SEC-007; FR-SEC-012,Automated assertion only; requirement-level mapping is partial,2026-10-02T20:13:13.222907-05:00
APP-537,Application,qualification.test_live_application::test_messages_larger_than_one_socket_read_reach_the_database_whole,Pass,qualification/test_live_application.py,docs/evidence/application-tests.xml,FR-ACC-001; FR-ACC-004; FR-ACC-005; FR-ACC-011; FR-INT-004; FR-INT-005; FR-SEC-003; FR-SEC-004; FR-SEC-007; FR-SEC-012,Automated assertion only; requirement-level mapping is partial,2026-10-02T20:13:13.222907-05:00
APP-538,Application,qualification.test_live_application::test_observation_review_calculation_freshness,Pass,qualification/test_live_application.py,docs/evidence/application-tests.xml,FR-ACC-001; FR-ACC-004; FR-ACC-005; FR-ACC-011; FR-INT-004; FR-INT-005; FR-SEC-003; FR-SEC-004; FR-SEC-007; FR-SEC-012,Automated assertion only; requirement-level mapping is partial,2026-10-02T20:13:13.222907-05:00
APP-539,Application,qualification.test_live_application::test_purpose_restricted_grant_does_not_authorize_general_reads,Pass,qualification/test_live_application.py,docs/evidence/application-tests.xml,FR-ACC-001; FR-ACC-004; FR-ACC-005; FR-ACC-011; FR-INT-004; FR-INT-005; FR-SEC-003; FR-SEC-004; FR-SEC-007; FR-SEC-012,Automated assertion only; requirement-level mapping is partial,2026-10-02T20:13:13.222907-05:00
APP-540,Application,qualification.test_live_application::test_restricted_record_hidden_from_get_and_list,Pass,qualification/test_live_application.py,docs/evidence/application-tests.xml,FR-ACC-001; FR-ACC-004; FR-ACC-005; FR-ACC-011; FR-INT-004; FR-INT-005; FR-SEC-003; FR-SEC-004; FR-SEC-007; FR-SEC-012,Automated assertion only; requirement-level mapping is partial,2026-10-02T20:13:13.222907-05:00
APP-541,Application,qualification.test_live_application::test_retry_has_one_revision_audit_outbox_receipt,Pass,qualification/test_live_application.py,docs/evidence/application-tests.xml,FR-ACC-001; FR-ACC-004; FR-ACC-005; FR-ACC-011; FR-INT-004; FR-INT-005; FR-SEC-003; FR-SEC-004; FR-SEC-007; FR-SEC-012,Automated assertion only; requirement-level mapping is partial,2026-10-02T20:13:13.222907-05:00
APP-542,Application,qualification.test_live_application::test_revocation_prevents_receipt_replay,Pass,qualification/test_live_application.py,docs/evidence/application-tests.xml,FR-ACC-001; FR-ACC-004; FR-ACC-005; FR-ACC-011; FR-INT-004; FR-INT-005; FR-SEC-003; FR-SEC-004; FR-SEC-007; FR-SEC-012,Automated assertion only; requirement-level mapping is partial,2026-10-02T20:13:13.222907-05:00
APP-543,Application,qualification.test_live_application::test_source_key_patch_conflict_rolls_back,Pass,qualification/test_live_application.py,docs/evidence/application-tests.xml,FR-ACC-001; FR-ACC-004; FR-ACC-005; FR-ACC-011; FR-INT-004; FR-INT-005; FR-SEC-003; FR-SEC-004; FR-SEC-007; FR-SEC-012,Automated assertion only; requirement-level mapping is partial,2026-10-02T20:13:13.222907-05:00
APP-544,Application,qualification.test_live_application::test_template_contract,Pass,qualification/test_live_application.py,docs/evidence/application-tests.xml,FR-ACC-001; FR-ACC-004; FR-ACC-005; FR-ACC-011; FR-INT-004; FR-INT-005; FR-SEC-003; FR-SEC-004; FR-SEC-007; FR-SEC-012,Automated assertion only; requirement-level mapping is partial,2026-10-02T20:13:13.222907-05:00
APP-545,Application,qualification.test_live_application::test_unsigned_jwt,Pass,qualification/test_live_application.py,docs/evidence/application-tests.xml,FR-ACC-001; FR-ACC-004; FR-ACC-005; FR-ACC-011; FR-INT-004; FR-INT-005; FR-SEC-003; FR-SEC-004; FR-SEC-007; FR-SEC-012,Automated assertion only; requirement-level mapping is partial,2026-10-02T20:13:13.222907-05:00
APP-546,Application,qualification.test_live_idp::test_authorization_code_with_pkce_establishes_a_session,Pass,qualification/test_live_idp.py,docs/evidence/application-tests.xml,FR-IAM-002; FR-IAM-003; FR-IAM-006,"Automated assertion against a live Keycloak 26.7.4 (development mode, in-memory provider database) on PGlite and on native PostgreSQL 16.13 login roles; skipped in the default and native suites with a stated reason; requirement-level mapping is partial",2026-10-01T21:49:56.743077-05:00
APP-547,Application,qualification.test_live_idp::test_backchannel_logout_body_is_bounded,Pass,qualification/test_live_idp.py,docs/evidence/application-tests.xml,FR-IAM-002; FR-IAM-003; FR-IAM-006,"Automated assertion against a live Keycloak 26.7.4 (development mode, in-memory provider database) on PGlite and on native PostgreSQL 16.13 login roles; skipped in the default and native suites with a stated reason; requirement-level mapping is partial",2026-10-01T21:49:56.743077-05:00
APP-548,Application,qualification.test_live_idp::test_backchannel_logout_refuses_unverified_tokens,Pass,qualification/test_live_idp.py,docs/evidence/application-tests.xml,FR-IAM-002; FR-IAM-003; FR-IAM-006,"Automated assertion against a live Keycloak 26.7.4 (development mode, in-memory provider database) on PGlite and on native PostgreSQL 16.13 login roles; skipped in the default and native suites with a stated reason; requirement-level mapping is partial",2026-10-01T21:49:56.743077-05:00
APP-549,Application,qualification.test_live_idp::test_bearer_tokens_are_validated_through_the_provider_jwks,Pass,qualification/test_live_idp.py,docs/evidence/application-tests.xml,FR-IAM-002; FR-IAM-003; FR-IAM-006,"Automated assertion against a live Keycloak 26.7.4 (development mode, in-memory provider database) on PGlite and on native PostgreSQL 16.13 login roles; skipped in the default and native suites with a stated reason; requirement-level mapping is partial",2026-10-01T21:49:56.743077-05:00
APP-550,Application,qualification.test_live_idp::test_disabled_provider_account_cannot_sign_in,Pass,qualification/test_live_idp.py,docs/evidence/application-tests.xml,FR-IAM-002; FR-IAM-003; FR-IAM-006,"Automated assertion against a live Keycloak 26.7.4 (development mode, in-memory provider database) on PGlite and on native PostgreSQL 16.13 login roles; skipped in the default and native suites with a stated reason; requirement-level mapping is partial",2026-10-01T21:49:56.743077-05:00
APP-551,Application,qualification.test_live_idp::test_expired_provider_token_is_refused,Pass,qualification/test_live_idp.py,docs/evidence/application-tests.xml,FR-IAM-002; FR-IAM-003; FR-IAM-006,"Automated assertion against a live Keycloak 26.7.4 (development mode, in-memory provider database) on PGlite and on native PostgreSQL 16.13 login roles; skipped in the default and native suites with a stated reason; requirement-level mapping is partial",2026-10-01T21:49:56.743077-05:00
APP-552,Application,qualification.test_live_idp::test_logout_after_idle_timeout_still_clears_the_cookie,Pass,qualification/test_live_idp.py,docs/evidence/application-tests.xml,FR-IAM-002; FR-IAM-003; FR-IAM-006,"Automated assertion against a live Keycloak 26.7.4 (development mode, in-memory provider database) on PGlite and on native PostgreSQL 16.13 login roles; skipped in the default and native suites with a stated reason; requirement-level mapping is partial",2026-10-01T21:49:56.743077-05:00
APP-553,Application,qualification.test_live_idp::test_logout_revokes_the_session_and_ends_the_provider_session,Pass,qualification/test_live_idp.py,docs/evidence/application-tests.xml,FR-IAM-002; FR-IAM-003; FR-IAM-006,"Automated assertion against a live Keycloak 26.7.4 (development mode, in-memory provider database) on PGlite and on native PostgreSQL 16.13 login roles; skipped in the default and native suites with a stated reason; requirement-level mapping is partial",2026-10-01T21:49:56.743077-05:00
APP-554,Application,qualification.test_live_idp::test_nonce_mismatch_is_refused,Pass,qualification/test_live_idp.py,docs/evidence/application-tests.xml,FR-IAM-002; FR-IAM-003; FR-IAM-006,"Automated assertion against a live Keycloak 26.7.4 (development mode, in-memory provider database) on PGlite and on native PostgreSQL 16.13 login roles; skipped in the default and native suites with a stated reason; requirement-level mapping is partial",2026-10-01T21:49:56.743077-05:00
APP-555,Application,qualification.test_live_idp::test_password_only_session_cannot_perform_fresh_assurance_operations,Pass,qualification/test_live_idp.py,docs/evidence/application-tests.xml,FR-IAM-002; FR-IAM-003; FR-IAM-006,"Automated assertion against a live Keycloak 26.7.4 (development mode, in-memory provider database) on PGlite and on native PostgreSQL 16.13 login roles; skipped in the default and native suites with a stated reason; requirement-level mapping is partial",2026-10-01T21:49:56.743077-05:00
APP-556,Application,qualification.test_live_idp::test_pkce_verifier_mismatch_is_refused,Pass,qualification/test_live_idp.py,docs/evidence/application-tests.xml,FR-IAM-002; FR-IAM-003; FR-IAM-006,"Automated assertion against a live Keycloak 26.7.4 (development mode, in-memory provider database) on PGlite and on native PostgreSQL 16.13 login roles; skipped in the default and native suites with a stated reason; requirement-level mapping is partial",2026-10-01T21:49:56.743077-05:00
APP-557,Application,qualification.test_live_idp::test_platform_runs_against_the_live_provider,Pass,qualification/test_live_idp.py,docs/evidence/application-tests.xml,FR-IAM-002; FR-IAM-003; FR-IAM-006,"Automated assertion against a live Keycloak 26.7.4 (development mode, in-memory provider database) on PGlite and on native PostgreSQL 16.13 login roles; skipped in the default and native suites with a stated reason; requirement-level mapping is partial",2026-10-01T21:49:56.743077-05:00
APP-558,Application,qualification.test_live_idp::test_provider_administrator_logout_revokes_exactly_that_session,Pass,qualification/test_live_idp.py,docs/evidence/application-tests.xml,FR-IAM-002; FR-IAM-003; FR-IAM-006,"Automated assertion against a live Keycloak 26.7.4 (development mode, in-memory provider database) on PGlite and on native PostgreSQL 16.13 login roles; skipped in the default and native suites with a stated reason; requirement-level mapping is partial",2026-10-01T21:49:56.743077-05:00
APP-559,Application,qualification.test_live_idp::test_provider_role_claims_grant_nothing,Pass,qualification/test_live_idp.py,docs/evidence/application-tests.xml,FR-IAM-002; FR-IAM-003; FR-IAM-006,"Automated assertion against a live Keycloak 26.7.4 (development mode, in-memory provider database) on PGlite and on native PostgreSQL 16.13 login roles; skipped in the default and native suites with a stated reason; requirement-level mapping is partial",2026-10-01T21:49:56.743077-05:00
APP-560,Application,qualification.test_live_idp::test_state_replay_and_browser_binding_are_refused,Pass,qualification/test_live_idp.py,docs/evidence/application-tests.xml,FR-IAM-002; FR-IAM-003; FR-IAM-006,"Automated assertion against a live Keycloak 26.7.4 (development mode, in-memory provider database) on PGlite and on native PostgreSQL 16.13 login roles; skipped in the default and native suites with a stated reason; requirement-level mapping is partial",2026-10-01T21:49:56.743077-05:00
APP-561,Application,qualification.test_live_idp::test_totp_step_up_allows_fresh_assurance_until_300_seconds,Pass,qualification/test_live_idp.py,docs/evidence/application-tests.xml,FR-IAM-002; FR-IAM-003; FR-IAM-006,"Automated assertion against a live Keycloak 26.7.4 (development mode, in-memory provider database) on PGlite and on native PostgreSQL 16.13 login roles; skipped in the default and native suites with a stated reason; requirement-level mapping is partial",2026-10-01T21:49:56.743077-05:00
APP-562,Application,qualification.test_measurement::test_activation_requires_approved_plan_and_independent_assignments,Pass,qualification/test_measurement.py,docs/evidence/application-tests.xml,FR-CAL-002; FR-CAL-015; FR-DAT-008; FR-ANA-004,Automated assertion only; requirement-level mapping is partial,2026-10-02T20:13:13.222907-05:00
APP-563,Application,qualification.test_measurement::test_approved_plan_reserves_source_key_across_indicators,Pass,qualification/test_measurement.py,docs/evidence/application-tests.xml,FR-CAL-002; FR-CAL-015; FR-DAT-008; FR-ANA-004,Automated assertion only; requirement-level mapping is partial,2026-10-02T20:13:13.222907-05:00
APP-564,Application,qualification.test_measurement::test_collection_binding_forced_rls,Pass,qualification/test_measurement.py,docs/evidence/application-tests.xml,FR-CAL-002; FR-CAL-015; FR-DAT-008; FR-ANA-004,Automated assertion only; requirement-level mapping is partial,2026-10-02T20:13:13.222907-05:00
APP-565,Application,qualification.test_measurement::test_cross_tenant_plan_and_readiness_hidden,Pass,qualification/test_measurement.py,docs/evidence/application-tests.xml,FR-CAL-002; FR-CAL-015; FR-DAT-008; FR-ANA-004,Automated assertion only; requirement-level mapping is partial,2026-10-02T20:13:13.222907-05:00
APP-566,Application,qualification.test_measurement::test_draft_readiness_explains_blockers_and_denies_activation,Pass,qualification/test_measurement.py,docs/evidence/application-tests.xml,FR-CAL-002; FR-CAL-015; FR-DAT-008; FR-ANA-004,Automated assertion only; requirement-level mapping is partial,2026-10-02T20:13:13.222907-05:00
APP-567,Application,qualification.test_measurement::test_duplicate_plan_competes_at_approval_and_rolls_back,Pass,qualification/test_measurement.py,docs/evidence/application-tests.xml,FR-CAL-002; FR-CAL-015; FR-DAT-008; FR-ANA-004,Automated assertion only; requirement-level mapping is partial,2026-10-02T20:13:13.222907-05:00
APP-568,Application,qualification.test_measurement::test_end_to_end_activation_and_fsd_coverage,Pass,qualification/test_measurement.py,docs/evidence/application-tests.xml,FR-CAL-002; FR-CAL-015; FR-DAT-008; FR-ANA-004,Automated assertion only; requirement-level mapping is partial,2026-10-02T20:13:13.222907-05:00
APP-569,Application,qualification.test_measurement::test_indicator_change_after_plan_approval_blocks_activation,Pass,qualification/test_measurement.py,docs/evidence/application-tests.xml,FR-CAL-002; FR-CAL-015; FR-DAT-008; FR-ANA-004,Automated assertion only; requirement-level mapping is partial,2026-10-02T20:13:13.222907-05:00
APP-570,Application,qualification.test_measurement::test_invalid_plan_inputs_rejected[change0],Pass,qualification/test_measurement.py,docs/evidence/application-tests.xml,FR-CAL-002; FR-CAL-015; FR-DAT-008; FR-ANA-004,Automated assertion only; requirement-level mapping is partial,2026-10-02T20:13:13.222907-05:00
APP-571,Application,qualification.test_measurement::test_invalid_plan_inputs_rejected[change1],Pass,qualification/test_measurement.py,docs/evidence/application-tests.xml,FR-CAL-002; FR-CAL-015; FR-DAT-008; FR-ANA-004,Automated assertion only; requirement-level mapping is partial,2026-10-02T20:13:13.222907-05:00
APP-572,Application,qualification.test_measurement::test_invalid_plan_inputs_rejected[change2],Pass,qualification/test_measurement.py,docs/evidence/application-tests.xml,FR-CAL-002; FR-CAL-015; FR-DAT-008; FR-ANA-004,Automated assertion only; requirement-level mapping is partial,2026-10-02T20:13:13.222907-05:00
APP-573,Application,qualification.test_measurement::test_members_directory_minimal_fields_and_capability_gate,Pass,qualification/test_measurement.py,docs/evidence/application-tests.xml,FR-CAL-002; FR-CAL-015; FR-DAT-008; FR-ANA-004,Automated assertion only; requirement-level mapping is partial,2026-10-02T20:13:13.222907-05:00
APP-574,Application,qualification.test_measurement::test_new_plan_invalidates_pre_plan_result,Pass,qualification/test_measurement.py,docs/evidence/application-tests.xml,FR-CAL-002; FR-CAL-015; FR-DAT-008; FR-ANA-004,Automated assertion only; requirement-level mapping is partial,2026-10-02T20:13:13.222907-05:00
APP-575,Application,qualification.test_measurement::test_not_active_measurement_cannot_submit_or_calculate,Pass,qualification/test_measurement.py,docs/evidence/application-tests.xml,FR-CAL-002; FR-CAL-015; FR-DAT-008; FR-ANA-004,Automated assertion only; requirement-level mapping is partial,2026-10-02T20:13:13.222907-05:00
APP-576,Application,qualification.test_measurement::test_plan_approval_detects_indicator_change_after_submission,Pass,qualification/test_measurement.py,docs/evidence/application-tests.xml,FR-CAL-002; FR-CAL-015; FR-DAT-008; FR-ANA-004,Automated assertion only; requirement-level mapping is partial,2026-10-02T20:13:13.222907-05:00
APP-577,Application,qualification.test_measurement::test_plan_duplicate_source_and_period_bounds,Pass,qualification/test_measurement.py,docs/evidence/application-tests.xml,FR-CAL-002; FR-CAL-015; FR-DAT-008; FR-ANA-004,Automated assertion only; requirement-level mapping is partial,2026-10-02T20:13:13.222907-05:00
APP-578,Application,qualification.test_measurement::test_plan_independence_typed_review_and_immutable_approval,Pass,qualification/test_measurement.py,docs/evidence/application-tests.xml,FR-CAL-002; FR-CAL-015; FR-DAT-008; FR-ANA-004,Automated assertion only; requirement-level mapping is partial,2026-10-02T20:13:13.222907-05:00
APP-579,Application,qualification.test_measurement::test_plan_server_pin_and_same_tenant_scope_denials,Pass,qualification/test_measurement.py,docs/evidence/application-tests.xml,FR-CAL-002; FR-CAL-015; FR-DAT-008; FR-ANA-004,Automated assertion only; requirement-level mapping is partial,2026-10-02T20:13:13.222907-05:00
APP-580,Application,qualification.test_measurement::test_readiness_rechecks_assignment_suspension,Pass,qualification/test_measurement.py,docs/evidence/application-tests.xml,FR-CAL-002; FR-CAL-015; FR-DAT-008; FR-ANA-004,Automated assertion only; requirement-level mapping is partial,2026-10-02T20:13:13.222907-05:00
APP-581,Application,qualification.test_measurement::test_ready_revision_recheck_and_idempotency,Pass,qualification/test_measurement.py,docs/evidence/application-tests.xml,FR-CAL-002; FR-CAL-015; FR-DAT-008; FR-ANA-004,Automated assertion only; requirement-level mapping is partial,2026-10-02T20:13:13.222907-05:00
APP-582,Application,qualification.test_measurement::test_return_edit_and_resubmit_creates_new_candidate,Pass,qualification/test_measurement.py,docs/evidence/application-tests.xml,FR-CAL-002; FR-CAL-015; FR-DAT-008; FR-ANA-004,Automated assertion only; requirement-level mapping is partial,2026-10-02T20:13:13.222907-05:00
APP-583,Application,qualification.test_measurement_unit::test_completion_and_cutoff_are_snapshot_properties,Pass,qualification/test_measurement_unit.py,docs/evidence/application-tests.xml,,Automated assertion only; requirement-level mapping is partial,2026-10-02T20:13:13.222907-05:00
APP-584,Application,qualification.test_measurement_unit::test_count_qualification[-1-False],Pass,qualification/test_measurement_unit.py,docs/evidence/application-tests.xml,,Automated assertion only; requirement-level mapping is partial,2026-10-02T20:13:13.222907-05:00
APP-585,Application,qualification.test_measurement_unit::test_count_qualification[0-True],Pass,qualification/test_measurement_unit.py,docs/evidence/application-tests.xml,,Automated assertion only; requirement-level mapping is partial,2026-10-02T20:13:13.222907-05:00
APP-586,Application,qualification.test_measurement_unit::test_count_qualification[1.5-False],Pass,qualification/test_measurement_unit.py,docs/evidence/application-tests.xml,,Automated assertion only; requirement-level mapping is partial,2026-10-02T20:13:13.222907-05:00
APP-587,Application,qualification.test_measurement_unit::test_count_qualification[10-True],Pass,qualification/test_measurement_unit.py,docs/evidence/application-tests.xml,,Automated assertion only; requirement-level mapping is partial,2026-10-02T20:13:13.222907-05:00
APP-588,Application,qualification.test_measurement_unit::test_count_qualification[NaN-False],Pass,qualification/test_measurement_unit.py,docs/evidence/application-tests.xml,,Automated assertion only; requirement-level mapping is partial,2026-10-02T20:13:13.222907-05:00
APP-589,Application,qualification.test_measurement_unit::test_count_qualification[None-False],Pass,qualification/test_measurement_unit.py,docs/evidence/application-tests.xml,,Automated assertion only; requirement-level mapping is partial,2026-10-02T20:13:13.222907-05:00
APP-590,Application,qualification.test_measurement_unit::test_fsd_five_contributors_three_approved_one_pending_one_missing,Pass,qualification/test_measurement_unit.py,docs/evidence/application-tests.xml,,Automated assertion only; requirement-level mapping is partial,2026-10-02T20:13:13.222907-05:00
APP-591,Application,qualification.test_measurement_unit::test_non_present_never_reduces_expected[INVALID-EXCLUDED],Pass,qualification/test_measurement_unit.py,docs/evidence/application-tests.xml,,Automated assertion only; requirement-level mapping is partial,2026-10-02T20:13:13.222907-05:00
APP-592,Application,qualification.test_measurement_unit::test_non_present_never_reduces_expected[MISSING-MISSING],Pass,qualification/test_measurement_unit.py,docs/evidence/application-tests.xml,,Automated assertion only; requirement-level mapping is partial,2026-10-02T20:13:13.222907-05:00
APP-593,Application,qualification.test_measurement_unit::test_non_present_never_reduces_expected[NOT_APPLICABLE-EXCLUDED],Pass,qualification/test_measurement_unit.py,docs/evidence/application-tests.xml,,Automated assertion only; requirement-level mapping is partial,2026-10-02T20:13:13.222907-05:00
APP-594,Application,qualification.test_measurement_unit::test_non_present_never_reduces_expected[NOT_COLLECTED-MISSING],Pass,qualification/test_measurement_unit.py,docs/evidence/application-tests.xml,,Automated assertion only; requirement-level mapping is partial,2026-10-02T20:13:13.222907-05:00
APP-595,Application,qualification.test_measurement_unit::test_plan_contract_rejects_invalid_or_authority_fields[bad0],Pass,qualification/test_measurement_unit.py,docs/evidence/application-tests.xml,,Automated assertion only; requirement-level mapping is partial,2026-10-02T20:13:13.222907-05:00
APP-596,Application,qualification.test_measurement_unit::test_plan_contract_rejects_invalid_or_authority_fields[bad1],Pass,qualification/test_measurement_unit.py,docs/evidence/application-tests.xml,,Automated assertion only; requirement-level mapping is partial,2026-10-02T20:13:13.222907-05:00
APP-597,Application,qualification.test_measurement_unit::test_plan_contract_rejects_invalid_or_authority_fields[bad2],Pass,qualification/test_measurement_unit.py,docs/evidence/application-tests.xml,,Automated assertion only; requirement-level mapping is partial,2026-10-02T20:13:13.222907-05:00
APP-598,Application,qualification.test_measurement_unit::test_plan_contract_rejects_invalid_or_authority_fields[bad3],Pass,qualification/test_measurement_unit.py,docs/evidence/application-tests.xml,,Automated assertion only; requirement-level mapping is partial,2026-10-02T20:13:13.222907-05:00
APP-599,Application,qualification.test_measurement_unit::test_reviewed_exception_retains_expected_count_but_changes_required_denominator,Pass,qualification/test_measurement_unit.py,docs/evidence/application-tests.xml,,Automated assertion only; requirement-level mapping is partial,2026-10-02T20:13:13.222907-05:00
APP-600,Application,qualification.test_measurement_unit::test_supported_definition_contract[changes0],Pass,qualification/test_measurement_unit.py,docs/evidence/application-tests.xml,,Automated assertion only; requirement-level mapping is partial,2026-10-02T20:13:13.222907-05:00
APP-601,Application,qualification.test_measurement_unit::test_supported_definition_contract[changes1],Pass,qualification/test_measurement_unit.py,docs/evidence/application-tests.xml,,Automated assertion only; requirement-level mapping is partial,2026-10-02T20:13:13.222907-05:00
APP-602,Application,qualification.test_measurement_unit::test_supported_definition_contract[changes2],Pass,qualification/test_measurement_unit.py,docs/evidence/application-tests.xml,,Automated assertion only; requirement-level mapping is partial,2026-10-02T20:13:13.222907-05:00
APP-603,Application,qualification.test_measurement_unit::test_supported_definition_contract[changes3],Pass,qualification/test_measurement_unit.py,docs/evidence/application-tests.xml,,Automated assertion only; requirement-level mapping is partial,2026-10-02T20:13:13.222907-05:00
APP-604,Application,qualification.test_measurement_unit::test_unsupported_or_incomplete_definitions_blocked[changes0],Pass,qualification/test_measurement_unit.py,docs/evidence/application-tests.xml,,Automated assertion only; requirement-level mapping is partial,2026-10-02T20:13:13.222907-05:00
APP-605,Application,qualification.test_measurement_unit::test_unsupported_or_incomplete_definitions_blocked[changes1],Pass,qualification/test_measurement_unit.py,docs/evidence/application-tests.xml,,Automated assertion only; requirement-level mapping is partial,2026-10-02T20:13:13.222907-05:00
APP-606,Application,qualification.test_measurement_unit::test_unsupported_or_incomplete_definitions_blocked[changes2],Pass,qualification/test_measurement_unit.py,docs/evidence/application-tests.xml,,Automated assertion only; requirement-level mapping is partial,2026-10-02T20:13:13.222907-05:00
APP-607,Application,qualification.test_measurement_unit::test_unsupported_or_incomplete_definitions_blocked[changes3],Pass,qualification/test_measurement_unit.py,docs/evidence/application-tests.xml,,Automated assertion only; requirement-level mapping is partial,2026-10-02T20:13:13.222907-05:00
APP-608,Application,qualification.test_measurement_unit::test_unsupported_or_incomplete_definitions_blocked[changes4],Pass,qualification/test_measurement_unit.py,docs/evidence/application-tests.xml,,Automated assertion only; requirement-level mapping is partial,2026-10-02T20:13:13.222907-05:00
APP-609,Application,qualification.test_measurement_unit::test_unsupported_or_incomplete_definitions_blocked[changes5],Pass,qualification/test_measurement_unit.py,docs/evidence/application-tests.xml,,Automated assertion only; requirement-level mapping is partial,2026-10-02T20:13:13.222907-05:00
APP-610,Application,qualification.test_measurement_unit::test_unsupported_or_incomplete_definitions_blocked[changes6],Pass,qualification/test_measurement_unit.py,docs/evidence/application-tests.xml,,Automated assertion only; requirement-level mapping is partial,2026-10-02T20:13:13.222907-05:00
APP-611,Application,qualification.test_measurement_unit::test_unsupported_or_incomplete_definitions_blocked[changes7],Pass,qualification/test_measurement_unit.py,docs/evidence/application-tests.xml,,Automated assertion only; requirement-level mapping is partial,2026-10-02T20:13:13.222907-05:00
APP-612,Application,qualification.test_measurement_unit::test_zero_is_valid_and_unplanned_does_not_fill_gap,Pass,qualification/test_measurement_unit.py,docs/evidence/application-tests.xml,,Automated assertion only; requirement-level mapping is partial,2026-10-02T20:13:13.222907-05:00
APP-613,Application,qualification.test_native_concurrency::test_mixed_writes_on_both_tenants_complete_without_deadlock,Pass,qualification/test_native_concurrency.py,docs/evidence/native-application-tests.xml,FR-TEN-001; VF-DIN-002,Automated assertion on native PostgreSQL 16.13 (single node without a pooler); skipped on PGlite with a stated reason; requirement-level mapping is partial,2026-10-02T20:19:23.233124-05:00
APP-614,Application,qualification.test_native_concurrency::test_reads_are_not_blocked_by_a_write_holding_the_tenant_advisory_lock,Pass,qualification/test_native_concurrency.py,docs/evidence/native-application-tests.xml,FR-TEN-001; VF-DIN-002,Automated assertion on native PostgreSQL 16.13 (single node without a pooler); skipped on PGlite with a stated reason; requirement-level mapping is partial,2026-10-02T20:19:23.233124-05:00
APP-615,Application,qualification.test_native_concurrency::test_renewal_approval_raced_with_pinned_grant_revocation[0-race],Pass,qualification/test_native_concurrency.py,docs/evidence/native-application-tests.xml,FR-TEN-001; VF-DIN-002,Automated assertion on native PostgreSQL 16.13 (single node without a pooler); skipped on PGlite with a stated reason; requirement-level mapping is partial,2026-10-02T20:19:23.233124-05:00
APP-616,Application,qualification.test_native_concurrency::test_renewal_approval_raced_with_pinned_grant_revocation[1-race],Pass,qualification/test_native_concurrency.py,docs/evidence/native-application-tests.xml,FR-TEN-001; VF-DIN-002,Automated assertion on native PostgreSQL 16.13 (single node without a pooler); skipped on PGlite with a stated reason; requirement-level mapping is partial,2026-10-02T20:19:23.233124-05:00
APP-617,Application,qualification.test_native_concurrency::test_renewal_approval_raced_with_pinned_grant_revocation[2-race],Pass,qualification/test_native_concurrency.py,docs/evidence/native-application-tests.xml,FR-TEN-001; VF-DIN-002,Automated assertion on native PostgreSQL 16.13 (single node without a pooler); skipped on PGlite with a stated reason; requirement-level mapping is partial,2026-10-02T20:19:23.233124-05:00
APP-618,Application,qualification.test_native_concurrency::test_renewal_approval_raced_with_pinned_grant_revocation[3-revocation_first],Pass,qualification/test_native_concurrency.py,docs/evidence/native-application-tests.xml,FR-TEN-001; VF-DIN-002,Automated assertion on native PostgreSQL 16.13 (single node without a pooler); skipped on PGlite with a stated reason; requirement-level mapping is partial,2026-10-02T20:19:23.233124-05:00
APP-619,Application,qualification.test_native_concurrency::test_renewal_approval_raced_with_pinned_grant_revocation[4-approval_first],Pass,qualification/test_native_concurrency.py,docs/evidence/native-application-tests.xml,FR-TEN-001; VF-DIN-002,Automated assertion on native PostgreSQL 16.13 (single node without a pooler); skipped on PGlite with a stated reason; requirement-level mapping is partial,2026-10-02T20:19:23.233124-05:00
APP-620,Application,qualification.test_native_concurrency::test_same_operation_from_two_threads_returns_the_one_receipt,Pass,qualification/test_native_concurrency.py,docs/evidence/native-application-tests.xml,FR-TEN-001; VF-DIN-002,Automated assertion on native PostgreSQL 16.13 (single node without a pooler); skipped on PGlite with a stated reason; requirement-level mapping is partial,2026-10-02T20:19:23.233124-05:00
APP-621,Application,qualification.test_native_concurrency::test_same_operation_with_different_payloads_admits_exactly_one,Pass,qualification/test_native_concurrency.py,docs/evidence/native-application-tests.xml,FR-TEN-001; VF-DIN-002,Automated assertion on native PostgreSQL 16.13 (single node without a pooler); skipped on PGlite with a stated reason; requirement-level mapping is partial,2026-10-02T20:19:23.233124-05:00
APP-622,Application,qualification.test_native_concurrency::test_simultaneous_independent_approvals_admit_exactly_one,Pass,qualification/test_native_concurrency.py,docs/evidence/native-application-tests.xml,FR-TEN-001; VF-DIN-002,Automated assertion on native PostgreSQL 16.13 (single node without a pooler); skipped on PGlite with a stated reason; requirement-level mapping is partial,2026-10-02T20:19:23.233124-05:00
APP-623,Application,qualification.test_native_concurrency::test_simultaneous_period_close_reviews_lock_the_period_once,Pass,qualification/test_native_concurrency.py,docs/evidence/native-application-tests.xml,FR-TEN-001; VF-DIN-002,Automated assertion on native PostgreSQL 16.13 (single node without a pooler); skipped on PGlite with a stated reason; requirement-level mapping is partial,2026-10-02T20:19:23.233124-05:00
APP-624,Application,qualification.test_native_degradation::test_database_refused_answers_503_readiness_names_it_and_recovers_without_restart,Pass,qualification/test_native_degradation.py,docs/evidence/application-tests.xml,FR-EVD-001; VF-AVL-002,Automated assertion only; requirement-level mapping is partial,2026-10-02T20:13:13.222907-05:00
APP-625,Application,qualification.test_native_degradation::test_identity_provider_outage_fails_closed_and_cookie_sessions_continue,Pass,qualification/test_native_degradation.py,docs/evidence/application-tests.xml,FR-EVD-001; VF-AVL-002,Automated assertion only; requirement-level mapping is partial,2026-10-02T20:13:13.222907-05:00
APP-626,Application,qualification.test_native_degradation::test_native_connection_lost_mid_write_commits_nothing_and_the_retry_commits_once,Pass,qualification/test_native_degradation.py,docs/evidence/native-application-tests.xml,FR-EVD-001; VF-AVL-002,Automated assertion on native PostgreSQL 16.13 (single node without a pooler); skipped on PGlite with a stated reason; requirement-level mapping is partial,2026-10-02T20:19:23.233124-05:00
APP-627,Application,qualification.test_native_degradation::test_object_store_full_or_unreadable_fails_cleanly_and_downloads_fail_closed,Pass,qualification/test_native_degradation.py,docs/evidence/application-tests.xml,FR-EVD-001; VF-AVL-002,Automated assertion only; requirement-level mapping is partial,2026-10-02T20:13:13.222907-05:00
APP-628,Application,qualification.test_native_degradation::test_smtp_refusing_connections_backs_off_then_dead_without_secrets_in_logs,Pass,qualification/test_native_degradation.py,docs/evidence/application-tests.xml,FR-EVD-001; VF-AVL-002,Automated assertion only; requirement-level mapping is partial,2026-10-02T20:13:13.222907-05:00
APP-629,Application,qualification.test_native_degradation::test_worker_down_api_serves_intents_wait_and_one_pass_delivers_each_once,Pass,qualification/test_native_degradation.py,docs/evidence/application-tests.xml,FR-EVD-001; VF-AVL-002,Automated assertion only; requirement-level mapping is partial,2026-10-02T20:13:13.222907-05:00
APP-630,Application,qualification.test_native_nonfunctional::test_native_close_new_source_and_restatement_released_together_never_deadlock[0-race],Pass,qualification/test_native_nonfunctional.py,docs/evidence/native-application-tests.xml,VF-AVL-002,Automated assertion on native PostgreSQL 16.13 (single node without a pooler); skipped on PGlite with a stated reason; requirement-level mapping is partial,2026-10-02T20:19:23.233124-05:00
APP-631,Application,qualification.test_native_nonfunctional::test_native_close_new_source_and_restatement_released_together_never_deadlock[1-race],Pass,qualification/test_native_nonfunctional.py,docs/evidence/native-application-tests.xml,VF-AVL-002,Automated assertion on native PostgreSQL 16.13 (single node without a pooler); skipped on PGlite with a stated reason; requirement-level mapping is partial,2026-10-02T20:19:23.233124-05:00
APP-632,Application,qualification.test_native_nonfunctional::test_native_close_new_source_and_restatement_released_together_never_deadlock[2-close_first],Pass,qualification/test_native_nonfunctional.py,docs/evidence/native-application-tests.xml,VF-AVL-002,Automated assertion on native PostgreSQL 16.13 (single node without a pooler); skipped on PGlite with a stated reason; requirement-level mapping is partial,2026-10-02T20:19:23.233124-05:00
APP-633,Application,qualification.test_native_nonfunctional::test_native_close_new_source_and_restatement_released_together_never_deadlock[3-source_first],Pass,qualification/test_native_nonfunctional.py,docs/evidence/native-application-tests.xml,VF-AVL-002,Automated assertion on native PostgreSQL 16.13 (single node without a pooler); skipped on PGlite with a stated reason; requirement-level mapping is partial,2026-10-02T20:19:23.233124-05:00
APP-634,Application,qualification.test_native_nonfunctional::test_native_database_restart_api_and_worker_recover_without_restart_and_receipts_hold,Pass,qualification/test_native_nonfunctional.py,docs/QA-NONFUNCTIONAL-2026-10.md,VF-AVL-002,Executed at the build 0.27.0 integration in a focused native run through PgBouncer 1.22 in transaction mode with database stop/start commands (21 passed with test_native_concurrency.py; evidence files restored afterwards; CI runs the same subset as an advisory step with artifact native-pooler-qualification); skipped in the full native run and on PGlite with a stated reason; requirement-level mapping is partial,2026-10-02T18:55:10-05:00
APP-635,Application,qualification.test_native_nonfunctional::test_native_opposite_order_writers_on_two_objects_serialise_on_the_tenant_lock,Pass,qualification/test_native_nonfunctional.py,docs/evidence/native-application-tests.xml,VF-AVL-002,Automated assertion on native PostgreSQL 16.13 (single node without a pooler); skipped on PGlite with a stated reason; requirement-level mapping is partial,2026-10-02T20:19:23.233124-05:00
APP-636,Application,qualification.test_native_nonfunctional::test_native_pooler_keeps_receipts_cursors_and_the_transaction_scoped_tenant_lock,Pass,qualification/test_native_nonfunctional.py,docs/QA-NONFUNCTIONAL-2026-10.md,VF-AVL-002,Executed at the build 0.27.0 integration in a focused native run through PgBouncer 1.22 in transaction mode with database stop/start commands (21 passed with test_native_concurrency.py; evidence files restored afterwards; CI runs the same subset as an advisory step with artifact native-pooler-qualification); skipped in the full native run and on PGlite with a stated reason; requirement-level mapping is partial,2026-10-02T18:55:10-05:00
APP-637,Application,qualification.test_native_nonfunctional::test_native_pooler_many_clients_share_few_server_connections_with_tenant_context_kept,Pass,qualification/test_native_nonfunctional.py,docs/QA-NONFUNCTIONAL-2026-10.md,VF-AVL-002,Executed at the build 0.27.0 integration in a focused native run through PgBouncer 1.22 in transaction mode with database stop/start commands (21 passed with test_native_concurrency.py; evidence files restored afterwards; CI runs the same subset as an advisory step with artifact native-pooler-qualification); skipped in the full native run and on PGlite with a stated reason; requirement-level mapping is partial,2026-10-02T18:55:10-05:00
APP-638,Application,qualification.test_native_nonfunctional::test_native_pooler_transaction_mode_is_in_front_of_the_api,Pass,qualification/test_native_nonfunctional.py,docs/QA-NONFUNCTIONAL-2026-10.md,VF-AVL-002,Executed at the build 0.27.0 integration in a focused native run through PgBouncer 1.22 in transaction mode with database stop/start commands (21 passed with test_native_concurrency.py; evidence files restored afterwards; CI runs the same subset as an advisory step with artifact native-pooler-qualification); skipped in the full native run and on PGlite with a stated reason; requirement-level mapping is partial,2026-10-02T18:55:10-05:00
APP-639,Application,qualification.test_native_nonfunctional::test_native_pooler_worker_process_delivers_through_the_pooler,Pass,qualification/test_native_nonfunctional.py,docs/QA-NONFUNCTIONAL-2026-10.md,VF-AVL-002,Executed at the build 0.27.0 integration in a focused native run through PgBouncer 1.22 in transaction mode with database stop/start commands (21 passed with test_native_concurrency.py; evidence files restored afterwards; CI runs the same subset as an advisory step with artifact native-pooler-qualification); skipped in the full native run and on PGlite with a stated reason; requirement-level mapping is partial,2026-10-02T18:55:10-05:00
APP-640,Application,qualification.test_native_restart::test_phase_1,Pass,qualification/test_native_restart.py,docs/evidence/native-qualification.json,FR-OPS-005,Executed as restart phase 1 by scripts/run.py test --native around a clean restart of the API process (recorded under restart_check with outcome PASS); collected as skipped in both JUnit files; no database restart; requirement-level mapping is partial,2026-10-02T20:19:23.233124-05:00
APP-641,Application,qualification.test_native_restart::test_phase_2,Pass,qualification/test_native_restart.py,docs/evidence/native-qualification.json,FR-OPS-005,Executed as restart phase 2 by scripts/run.py test --native around a clean restart of the API process (recorded under restart_check with outcome PASS); collected as skipped in both JUnit files; no database restart; requirement-level mapping is partial,2026-10-02T20:19:23.233124-05:00
APP-642,Application,qualification.test_native_roles::test_api_on_a_shared_login_refuses_requests_not_only_readiness,Pass,qualification/test_native_roles.py,docs/evidence/native-application-tests.xml,FR-SEC-003; FR-OPS-005,Automated assertion on native PostgreSQL 16.13 (single node without a pooler); skipped on PGlite with a stated reason; requirement-level mapping is partial,2026-10-02T20:19:23.233124-05:00
APP-643,Application,qualification.test_native_roles::test_app_role_cannot_read_control_plane_tables,Pass,qualification/test_native_roles.py,docs/evidence/native-application-tests.xml,FR-SEC-003; FR-OPS-005,Automated assertion on native PostgreSQL 16.13 (single node without a pooler); skipped on PGlite with a stated reason; requirement-level mapping is partial,2026-10-02T20:19:23.233124-05:00
APP-644,Application,qualification.test_native_roles::test_app_role_tenant_fence_needs_transaction_local_tenant,Pass,qualification/test_native_roles.py,docs/evidence/native-application-tests.xml,FR-SEC-003; FR-OPS-005,Automated assertion on native PostgreSQL 16.13 (single node without a pooler); skipped on PGlite with a stated reason; requirement-level mapping is partial,2026-10-02T20:19:23.233124-05:00
APP-645,Application,qualification.test_native_roles::test_each_login_is_unprivileged_and_assumes_exactly_its_own_role[APP-impact_app],Pass,qualification/test_native_roles.py,docs/evidence/native-application-tests.xml,FR-SEC-003; FR-OPS-005,Automated assertion on native PostgreSQL 16.13 (single node without a pooler); skipped on PGlite with a stated reason; requirement-level mapping is partial,2026-10-02T20:19:23.233124-05:00
APP-646,Application,qualification.test_native_roles::test_each_login_is_unprivileged_and_assumes_exactly_its_own_role[IDENTITY-impact_identity],Pass,qualification/test_native_roles.py,docs/evidence/native-application-tests.xml,FR-SEC-003; FR-OPS-005,Automated assertion on native PostgreSQL 16.13 (single node without a pooler); skipped on PGlite with a stated reason; requirement-level mapping is partial,2026-10-02T20:19:23.233124-05:00
APP-647,Application,qualification.test_native_roles::test_each_login_is_unprivileged_and_assumes_exactly_its_own_role[PLATFORM-impact_platform],Pass,qualification/test_native_roles.py,docs/evidence/native-application-tests.xml,FR-SEC-003; FR-OPS-005,Automated assertion on native PostgreSQL 16.13 (single node without a pooler); skipped on PGlite with a stated reason; requirement-level mapping is partial,2026-10-02T20:19:23.233124-05:00
APP-648,Application,qualification.test_native_roles::test_identity_role_reads_identity_tables_only,Pass,qualification/test_native_roles.py,docs/evidence/native-application-tests.xml,FR-SEC-003; FR-OPS-005,Automated assertion on native PostgreSQL 16.13 (single node without a pooler); skipped on PGlite with a stated reason; requirement-level mapping is partial,2026-10-02T20:19:23.233124-05:00
APP-649,Application,qualification.test_native_roles::test_migrator_assumes_owner_only_and_runs_the_migration_runner,Pass,qualification/test_native_roles.py,docs/evidence/native-application-tests.xml,FR-SEC-003; FR-OPS-005,Automated assertion on native PostgreSQL 16.13 (single node without a pooler); skipped on PGlite with a stated reason; requirement-level mapping is partial,2026-10-02T20:19:23.233124-05:00
APP-650,Application,qualification.test_native_roles::test_platform_role_cannot_make_operators_or_rewrite_nominations,Pass,qualification/test_native_roles.py,docs/evidence/native-application-tests.xml,FR-SEC-003; FR-OPS-005,Automated assertion on native PostgreSQL 16.13 (single node without a pooler); skipped on PGlite with a stated reason; requirement-level mapping is partial,2026-10-02T20:19:23.233124-05:00
APP-651,Application,qualification.test_native_roles::test_platform_role_changes_operators_only_through_the_definer,Pass,qualification/test_native_roles.py,docs/evidence/native-application-tests.xml,FR-SEC-003; FR-OPS-005,Automated assertion on native PostgreSQL 16.13 (single node without a pooler); skipped on PGlite with a stated reason; requirement-level mapping is partial,2026-10-02T20:19:23.233124-05:00
APP-652,Application,qualification.test_native_roles::test_platform_role_writes_only_its_restrictive_object_types,Pass,qualification/test_native_roles.py,docs/evidence/native-application-tests.xml,FR-SEC-003; FR-OPS-005,Automated assertion on native PostgreSQL 16.13 (single node without a pooler); skipped on PGlite with a stated reason; requirement-level mapping is partial,2026-10-02T20:19:23.233124-05:00
APP-653,Application,qualification.test_native_roles::test_revoke_public_connect_refuses_a_login_without_a_grant,Pass,qualification/test_native_roles.py,docs/evidence/native-application-tests.xml,FR-SEC-003; FR-OPS-005,Automated assertion on native PostgreSQL 16.13 (single node without a pooler); skipped on PGlite with a stated reason; requirement-level mapping is partial,2026-10-02T20:19:23.233124-05:00
APP-654,Application,qualification.test_native_roles::test_runtime_guard_refuses_privileged_and_shared_connections,Pass,qualification/test_native_roles.py,docs/evidence/native-application-tests.xml,FR-SEC-003; FR-OPS-005,Automated assertion on native PostgreSQL 16.13 (single node without a pooler); skipped on PGlite with a stated reason; requirement-level mapping is partial,2026-10-02T20:19:23.233124-05:00
APP-655,Application,qualification.test_native_sessions::test_activity_is_recorded_after_thirty_seconds_and_idle_limit_holds,Pass,qualification/test_native_sessions.py,docs/evidence/native-application-tests.xml,,Automated assertion on native PostgreSQL 16.13 (single node without a pooler); skipped on PGlite with a stated reason; requirement-level mapping is partial,2026-10-02T20:19:23.233124-05:00
APP-656,Application,qualification.test_native_sessions::test_parallel_cookie_requests_all_succeed_without_conflict,Pass,qualification/test_native_sessions.py,docs/evidence/native-application-tests.xml,,Automated assertion on native PostgreSQL 16.13 (single node without a pooler); skipped on PGlite with a stated reason; requirement-level mapping is partial,2026-10-02T20:19:23.233124-05:00
APP-657,Application,qualification.test_native_sessions::test_revoked_session_is_refused_in_parallel,Pass,qualification/test_native_sessions.py,docs/evidence/native-application-tests.xml,,Automated assertion on native PostgreSQL 16.13 (single node without a pooler); skipped on PGlite with a stated reason; requirement-level mapping is partial,2026-10-02T20:19:23.233124-05:00
APP-658,Application,qualification.test_native_worker::test_native_batch_outliving_its_lease_sends_every_row_once,Pass,qualification/test_native_worker.py,docs/evidence/native-application-tests.xml,FR-TEN-001,Automated assertion on native PostgreSQL 16.13 (single node without a pooler); skipped on PGlite with a stated reason; requirement-level mapping is partial,2026-10-02T20:19:23.233124-05:00
APP-659,Application,qualification.test_native_worker::test_native_lease_takeover_while_the_first_holder_is_sending,Pass,qualification/test_native_worker.py,docs/evidence/native-application-tests.xml,FR-TEN-001,Automated assertion on native PostgreSQL 16.13 (single node without a pooler); skipped on PGlite with a stated reason; requirement-level mapping is partial,2026-10-02T20:19:23.233124-05:00
APP-660,Application,qualification.test_native_worker::test_native_sigterm_finishes_the_current_send_and_releases_the_rest,Pass,qualification/test_native_worker.py,docs/evidence/native-application-tests.xml,FR-TEN-001,Automated assertion on native PostgreSQL 16.13 (single node without a pooler); skipped on PGlite with a stated reason; requirement-level mapping is partial,2026-10-02T20:19:23.233124-05:00
APP-661,Application,qualification.test_native_worker::test_native_simultaneous_claims_are_disjoint,Pass,qualification/test_native_worker.py,docs/evidence/native-application-tests.xml,FR-TEN-001,Automated assertion on native PostgreSQL 16.13 (single node without a pooler); skipped on PGlite with a stated reason; requirement-level mapping is partial,2026-10-02T20:19:23.233124-05:00
APP-662,Application,qualification.test_native_worker::test_native_two_worker_processes_never_deliver_the_same_row,Pass,qualification/test_native_worker.py,docs/evidence/native-application-tests.xml,FR-TEN-001,Automated assertion on native PostgreSQL 16.13 (single node without a pooler); skipped on PGlite with a stated reason; requirement-level mapping is partial,2026-10-02T20:19:23.233124-05:00
APP-663,Application,qualification.test_native_worker::test_native_worker_login_cannot_touch_tables_revoked_by_migration_0025,Pass,qualification/test_native_worker.py,docs/evidence/native-application-tests.xml,FR-TEN-001,Automated assertion on native PostgreSQL 16.13 (single node without a pooler); skipped on PGlite with a stated reason; requirement-level mapping is partial,2026-10-02T20:19:23.233124-05:00
APP-664,Application,qualification.test_native_worker::test_native_worker_login_holds_only_the_worker_role,Pass,qualification/test_native_worker.py,docs/evidence/native-application-tests.xml,FR-TEN-001,Automated assertion on native PostgreSQL 16.13 (single node without a pooler); skipped on PGlite with a stated reason; requirement-level mapping is partial,2026-10-02T20:19:23.233124-05:00
APP-665,Application,qualification.test_native_worker::test_native_worker_process_sends_over_smtp_with_no_transaction_open,Pass,qualification/test_native_worker.py,docs/evidence/native-application-tests.xml,FR-TEN-001,Automated assertion on native PostgreSQL 16.13 (single node without a pooler); skipped on PGlite with a stated reason; requirement-level mapping is partial,2026-10-02T20:19:23.233124-05:00
APP-666,Application,qualification.test_native_worker::test_native_worker_refuses_a_privileged_or_foreign_login,Pass,qualification/test_native_worker.py,docs/evidence/native-application-tests.xml,FR-TEN-001,Automated assertion on native PostgreSQL 16.13 (single node without a pooler); skipped on PGlite with a stated reason; requirement-level mapping is partial,2026-10-02T20:19:23.233124-05:00
APP-667,Application,qualification.test_operator_lifecycle::test_a_second_identity_of_the_subject_is_not_independent_and_the_database_refuses_too,Pass,qualification/test_operator_lifecycle.py,docs/evidence/application-tests.xml,FR-TEN-001,Automated assertion only; requirement-level mapping is partial,2026-10-02T20:13:13.222907-05:00
APP-668,Application,qualification.test_operator_lifecycle::test_deactivation_by_another_operator_ends_authority_at_once,Pass,qualification/test_operator_lifecycle.py,docs/evidence/application-tests.xml,FR-TEN-001,Automated assertion only; requirement-level mapping is partial,2026-10-02T20:13:13.222907-05:00
APP-669,Application,qualification.test_operator_lifecycle::test_platform_role_writes_operators_only_through_the_definer,Pass,qualification/test_operator_lifecycle.py,docs/evidence/application-tests.xml,FR-TEN-001,Automated assertion only; requirement-level mapping is partial,2026-10-02T20:13:13.222907-05:00
APP-670,Application,qualification.test_operator_lifecycle::test_renewal_by_another_operator_with_receipt_event_and_register,Pass,qualification/test_operator_lifecycle.py,docs/evidence/application-tests.xml,FR-TEN-001,Automated assertion only; requirement-level mapping is partial,2026-10-02T20:13:13.222907-05:00
APP-671,Application,qualification.test_operator_onboarding::test_a_new_operator_counts_at_activation_only_as_a_different_person,Pass,qualification/test_operator_onboarding.py,docs/evidence/application-tests.xml,FR-TEN-001; FR-IAM-001,Automated assertion only; requirement-level mapping is partial,2026-10-02T20:13:13.222907-05:00
APP-672,Application,qualification.test_operator_onboarding::test_a_second_identity_of_the_nominating_operator_cannot_accept,Pass,qualification/test_operator_onboarding.py,docs/evidence/application-tests.xml,FR-TEN-001; FR-IAM-001,Automated assertion only; requirement-level mapping is partial,2026-10-02T20:13:13.222907-05:00
APP-673,Application,qualification.test_operator_onboarding::test_a_tenant_owner_creates_sign_ins_only_for_invited_addresses,Pass,qualification/test_operator_onboarding.py,docs/evidence/application-tests.xml,FR-TEN-001; FR-IAM-001,Automated assertion only; requirement-level mapping is partial,2026-10-02T20:13:13.222907-05:00
APP-674,Application,qualification.test_operator_onboarding::test_decline_cancel_and_closed_nominations,Pass,qualification/test_operator_onboarding.py,docs/evidence/application-tests.xml,FR-TEN-001; FR-IAM-001,Automated assertion only; requirement-level mapping is partial,2026-10-02T20:13:13.222907-05:00
APP-675,Application,qualification.test_operator_onboarding::test_nomination_account_and_acceptance_by_the_nominee_only,Pass,qualification/test_operator_onboarding.py,docs/evidence/application-tests.xml,FR-TEN-001; FR-IAM-001,Automated assertion only; requirement-level mapping is partial,2026-10-02T20:13:13.222907-05:00
APP-676,Application,qualification.test_operator_onboarding::test_self_nomination_non_operators_and_existing_operators_are_refused,Pass,qualification/test_operator_onboarding.py,docs/evidence/application-tests.xml,FR-TEN-001; FR-IAM-001,Automated assertion only; requirement-level mapping is partial,2026-10-02T20:13:13.222907-05:00
APP-677,Application,qualification.test_ops_metrics::test_metrics_are_for_platform_operators_only,Pass,qualification/test_ops_metrics.py,docs/evidence/application-tests.xml,FR-OPS-005,Automated assertion only; requirement-level mapping is partial,2026-10-02T20:13:13.222907-05:00
APP-678,Application,qualification.test_ops_metrics::test_operators_read_counts_and_no_tenant_data,Pass,qualification/test_ops_metrics.py,docs/evidence/application-tests.xml,FR-OPS-005,Automated assertion only; requirement-level mapping is partial,2026-10-02T20:13:13.222907-05:00
APP-679,Application,qualification.test_ops_unit::test_a_healthy_server_has_no_alerts,Pass,qualification/test_ops_unit.py,docs/evidence/application-tests.xml,FR-OPS-005; FR-OPS-006; VF-DR-003; VF-OBS-001,Automated assertion only; requirement-level mapping is partial,2026-10-02T20:13:13.222907-05:00
APP-680,Application,qualification.test_ops_unit::test_a_second_set_the_same_day_replaces_the_first_only_when_complete,Pass,qualification/test_ops_unit.py,docs/evidence/application-tests.xml,FR-OPS-005; FR-OPS-006; VF-DR-003; VF-OBS-001,Automated assertion only; requirement-level mapping is partial,2026-10-02T20:13:13.222907-05:00
APP-681,Application,qualification.test_ops_unit::test_backup_age_helpers_handle_naive_and_missing_times,Pass,qualification/test_ops_unit.py,docs/evidence/application-tests.xml,FR-OPS-005; FR-OPS-006; VF-DR-003; VF-OBS-001,Automated assertion only; requirement-level mapping is partial,2026-10-02T20:13:13.222907-05:00
APP-682,Application,qualification.test_ops_unit::test_backup_set_holds_databases_roles_objects_and_a_verified_manifest,Pass,qualification/test_ops_unit.py,docs/evidence/application-tests.xml,FR-OPS-005; FR-OPS-006; VF-DR-003; VF-OBS-001,Automated assertion only; requirement-level mapping is partial,2026-10-02T20:13:13.222907-05:00
APP-683,Application,qualification.test_ops_unit::test_box_and_user_listing_are_plain_text,Pass,qualification/test_ops_unit.py,docs/evidence/application-tests.xml,FR-OPS-005; FR-OPS-006; VF-DR-003; VF-OBS-001,Automated assertion only; requirement-level mapping is partial,2026-10-02T20:13:13.222907-05:00
APP-684,Application,qualification.test_ops_unit::test_disk_guard_refuses_and_reports_without_touching_the_sets,Pass,qualification/test_ops_unit.py,docs/evidence/application-tests.xml,FR-OPS-005; FR-OPS-006; VF-DR-003; VF-OBS-001,Automated assertion only; requirement-level mapping is partial,2026-10-02T20:13:13.222907-05:00
APP-685,Application,qualification.test_ops_unit::test_disk_severity_and_unreadable_inputs,Pass,qualification/test_ops_unit.py,docs/evidence/application-tests.xml,FR-OPS-005; FR-OPS-006; VF-DR-003; VF-OBS-001,Automated assertion only; requirement-level mapping is partial,2026-10-02T20:13:13.222907-05:00
APP-686,Application,qualification.test_ops_unit::test_drill_record_measures_duration_and_backup_age,Pass,qualification/test_ops_unit.py,docs/evidence/application-tests.xml,FR-OPS-005; FR-OPS-006; VF-DR-003; VF-OBS-001,Automated assertion only; requirement-level mapping is partial,2026-10-02T20:13:13.222907-05:00
APP-687,Application,qualification.test_ops_unit::test_drill_restore_reports_a_damaged_set_or_a_failed_restore,Pass,qualification/test_ops_unit.py,docs/evidence/application-tests.xml,FR-OPS-005; FR-OPS-006; VF-DR-003; VF-OBS-001,Automated assertion only; requirement-level mapping is partial,2026-10-02T20:13:13.222907-05:00
APP-688,Application,qualification.test_ops_unit::test_drill_restores_the_newest_set_and_skips_the_bootstrap_superuser,Pass,qualification/test_ops_unit.py,docs/evidence/application-tests.xml,FR-OPS-005; FR-OPS-006; VF-DR-003; VF-OBS-001,Automated assertion only; requirement-level mapping is partial,2026-10-02T20:13:13.222907-05:00
APP-689,Application,qualification.test_ops_unit::test_each_problem_raises_its_alert[<lambda>-expected0],Pass,qualification/test_ops_unit.py,docs/evidence/application-tests.xml,FR-OPS-005; FR-OPS-006; VF-DR-003; VF-OBS-001,Automated assertion only; requirement-level mapping is partial,2026-10-02T20:13:13.222907-05:00
APP-690,Application,qualification.test_ops_unit::test_each_problem_raises_its_alert[<lambda>-expected10],Pass,qualification/test_ops_unit.py,docs/evidence/application-tests.xml,FR-OPS-005; FR-OPS-006; VF-DR-003; VF-OBS-001,Automated assertion only; requirement-level mapping is partial,2026-10-02T20:13:13.222907-05:00
APP-691,Application,qualification.test_ops_unit::test_each_problem_raises_its_alert[<lambda>-expected11],Pass,qualification/test_ops_unit.py,docs/evidence/application-tests.xml,FR-OPS-005; FR-OPS-006; VF-DR-003; VF-OBS-001,Automated assertion only; requirement-level mapping is partial,2026-10-02T20:13:13.222907-05:00
APP-692,Application,qualification.test_ops_unit::test_each_problem_raises_its_alert[<lambda>-expected12],Pass,qualification/test_ops_unit.py,docs/evidence/application-tests.xml,FR-OPS-005; FR-OPS-006; VF-DR-003; VF-OBS-001,Automated assertion only; requirement-level mapping is partial,2026-10-02T20:13:13.222907-05:00
APP-693,Application,qualification.test_ops_unit::test_each_problem_raises_its_alert[<lambda>-expected13],Pass,qualification/test_ops_unit.py,docs/evidence/application-tests.xml,FR-OPS-005; FR-OPS-006; VF-DR-003; VF-OBS-001,Automated assertion only; requirement-level mapping is partial,2026-10-02T20:13:13.222907-05:00
APP-694,Application,qualification.test_ops_unit::test_each_problem_raises_its_alert[<lambda>-expected14],Pass,qualification/test_ops_unit.py,docs/evidence/application-tests.xml,FR-OPS-005; FR-OPS-006; VF-DR-003; VF-OBS-001,Automated assertion only; requirement-level mapping is partial,2026-10-02T20:13:13.222907-05:00
APP-695,Application,qualification.test_ops_unit::test_each_problem_raises_its_alert[<lambda>-expected15],Pass,qualification/test_ops_unit.py,docs/evidence/application-tests.xml,FR-OPS-005; FR-OPS-006; VF-DR-003; VF-OBS-001,Automated assertion only; requirement-level mapping is partial,2026-10-02T20:13:13.222907-05:00
APP-696,Application,qualification.test_ops_unit::test_each_problem_raises_its_alert[<lambda>-expected1],Pass,qualification/test_ops_unit.py,docs/evidence/application-tests.xml,FR-OPS-005; FR-OPS-006; VF-DR-003; VF-OBS-001,Automated assertion only; requirement-level mapping is partial,2026-10-02T20:13:13.222907-05:00
APP-697,Application,qualification.test_ops_unit::test_each_problem_raises_its_alert[<lambda>-expected2],Pass,qualification/test_ops_unit.py,docs/evidence/application-tests.xml,FR-OPS-005; FR-OPS-006; VF-DR-003; VF-OBS-001,Automated assertion only; requirement-level mapping is partial,2026-10-02T20:13:13.222907-05:00
APP-698,Application,qualification.test_ops_unit::test_each_problem_raises_its_alert[<lambda>-expected3],Pass,qualification/test_ops_unit.py,docs/evidence/application-tests.xml,FR-OPS-005; FR-OPS-006; VF-DR-003; VF-OBS-001,Automated assertion only; requirement-level mapping is partial,2026-10-02T20:13:13.222907-05:00
APP-699,Application,qualification.test_ops_unit::test_each_problem_raises_its_alert[<lambda>-expected4],Pass,qualification/test_ops_unit.py,docs/evidence/application-tests.xml,FR-OPS-005; FR-OPS-006; VF-DR-003; VF-OBS-001,Automated assertion only; requirement-level mapping is partial,2026-10-02T20:13:13.222907-05:00
APP-700,Application,qualification.test_ops_unit::test_each_problem_raises_its_alert[<lambda>-expected5],Pass,qualification/test_ops_unit.py,docs/evidence/application-tests.xml,FR-OPS-005; FR-OPS-006; VF-DR-003; VF-OBS-001,Automated assertion only; requirement-level mapping is partial,2026-10-02T20:13:13.222907-05:00
APP-701,Application,qualification.test_ops_unit::test_each_problem_raises_its_alert[<lambda>-expected6],Pass,qualification/test_ops_unit.py,docs/evidence/application-tests.xml,FR-OPS-005; FR-OPS-006; VF-DR-003; VF-OBS-001,Automated assertion only; requirement-level mapping is partial,2026-10-02T20:13:13.222907-05:00
APP-702,Application,qualification.test_ops_unit::test_each_problem_raises_its_alert[<lambda>-expected7],Pass,qualification/test_ops_unit.py,docs/evidence/application-tests.xml,FR-OPS-005; FR-OPS-006; VF-DR-003; VF-OBS-001,Automated assertion only; requirement-level mapping is partial,2026-10-02T20:13:13.222907-05:00
APP-703,Application,qualification.test_ops_unit::test_each_problem_raises_its_alert[<lambda>-expected8],Pass,qualification/test_ops_unit.py,docs/evidence/application-tests.xml,FR-OPS-005; FR-OPS-006; VF-DR-003; VF-OBS-001,Automated assertion only; requirement-level mapping is partial,2026-10-02T20:13:13.222907-05:00
APP-704,Application,qualification.test_ops_unit::test_each_problem_raises_its_alert[<lambda>-expected9],Pass,qualification/test_ops_unit.py,docs/evidence/application-tests.xml,FR-OPS-005; FR-OPS-006; VF-DR-003; VF-OBS-001,Automated assertion only; requirement-level mapping is partial,2026-10-02T20:13:13.222907-05:00
APP-705,Application,qualification.test_ops_unit::test_evaluate_writes_the_ops_file_and_merges_into_the_status_files,Pass,qualification/test_ops_unit.py,docs/evidence/application-tests.xml,FR-OPS-005; FR-OPS-006; VF-DR-003; VF-OBS-001,Automated assertion only; requirement-level mapping is partial,2026-10-02T20:13:13.222907-05:00
APP-706,Application,qualification.test_ops_unit::test_every_service_rotates_its_logs_and_the_drill_is_isolated,Pass,qualification/test_ops_unit.py,docs/evidence/application-tests.xml,FR-OPS-005; FR-OPS-006; VF-DR-003; VF-OBS-001,Automated assertion only; requirement-level mapping is partial,2026-10-02T20:13:13.222907-05:00
APP-707,Application,qualification.test_ops_unit::test_host_units_run_the_check_every_five_minutes_and_the_drill_weekly,Pass,qualification/test_ops_unit.py,docs/evidence/application-tests.xml,FR-OPS-005; FR-OPS-006; VF-DR-003; VF-OBS-001,Automated assertion only; requirement-level mapping is partial,2026-10-02T20:13:13.222907-05:00
APP-708,Application,qualification.test_ops_unit::test_keycloak_listing_reports_status_without_credentials,Pass,qualification/test_ops_unit.py,docs/evidence/application-tests.xml,FR-OPS-005; FR-OPS-006; VF-DR-003; VF-OBS-001,Automated assertion only; requirement-level mapping is partial,2026-10-02T20:13:13.222907-05:00
APP-709,Application,qualification.test_ops_unit::test_new_scripts_are_executable_and_strict,Pass,qualification/test_ops_unit.py,docs/evidence/application-tests.xml,FR-OPS-005; FR-OPS-006; VF-DR-003; VF-OBS-001,Automated assertion only; requirement-level mapping is partial,2026-10-02T20:13:13.222907-05:00
APP-710,Application,qualification.test_ops_unit::test_object_digests_match_names_and_blob_rows_find_their_objects,Pass,qualification/test_ops_unit.py,docs/evidence/application-tests.xml,FR-OPS-005; FR-OPS-006; VF-DR-003; VF-OBS-001,Automated assertion only; requirement-level mapping is partial,2026-10-02T20:13:13.222907-05:00
APP-711,Application,qualification.test_ops_unit::test_operations_file_and_storage_are_optional,Pass,qualification/test_ops_unit.py,docs/evidence/application-tests.xml,FR-OPS-005; FR-OPS-006; VF-DR-003; VF-OBS-001,Automated assertion only; requirement-level mapping is partial,2026-10-02T20:13:13.222907-05:00
APP-712,Application,qualification.test_ops_unit::test_ops_status_file_must_be_absolute,Pass,qualification/test_ops_unit.py,docs/evidence/application-tests.xml,FR-OPS-005; FR-OPS-006; VF-DR-003; VF-OBS-001,Automated assertion only; requirement-level mapping is partial,2026-10-02T20:13:13.222907-05:00
APP-713,Application,qualification.test_ops_unit::test_owner_scripts_refuse_pipes_and_bad_arguments,Pass,qualification/test_ops_unit.py,docs/evidence/application-tests.xml,FR-OPS-005; FR-OPS-006; VF-DR-003; VF-OBS-001,Automated assertion only; requirement-level mapping is partial,2026-10-02T20:13:13.222907-05:00
APP-714,Application,qualification.test_ops_unit::test_plain_strips_everything_that_would_need_json_escaping,Pass,qualification/test_ops_unit.py,docs/evidence/application-tests.xml,FR-OPS-005; FR-OPS-006; VF-DR-003; VF-OBS-001,Automated assertion only; requirement-level mapping is partial,2026-10-02T20:13:13.222907-05:00
APP-715,Application,qualification.test_ops_unit::test_request_metrics_count_families_classes_and_latency_without_paths,Pass,qualification/test_ops_unit.py,docs/evidence/application-tests.xml,FR-OPS-005; FR-OPS-006; VF-DR-003; VF-OBS-001,Automated assertion only; requirement-level mapping is partial,2026-10-02T20:13:13.222907-05:00
APP-716,Application,qualification.test_ops_unit::test_restore_check_refuses_an_unexpected_set_name,Pass,qualification/test_ops_unit.py,docs/evidence/application-tests.xml,FR-OPS-005; FR-OPS-006; VF-DR-003; VF-OBS-001,Automated assertion only; requirement-level mapping is partial,2026-10-02T20:13:13.222907-05:00
APP-717,Application,qualification.test_ops_unit::test_scrub_removes_each_grace_secret_a_rotation_writes,Pass,qualification/test_ops_unit.py,docs/evidence/application-tests.xml,FR-OPS-005; FR-OPS-006; VF-DR-003; VF-OBS-001,Automated assertion only; requirement-level mapping is partial,2026-10-02T20:13:13.222907-05:00
APP-718,Application,qualification.test_ops_unit::test_sundays_set_is_kept_weekly_by_hard_link_and_retention_prunes_oldest,Pass,qualification/test_ops_unit.py,docs/evidence/application-tests.xml,FR-OPS-005; FR-OPS-006; VF-DR-003; VF-OBS-001,Automated assertion only; requirement-level mapping is partial,2026-10-02T20:13:13.222907-05:00
APP-719,Application,qualification.test_ops_unit::test_verification_catches_a_changed_file,Pass,qualification/test_ops_unit.py,docs/evidence/application-tests.xml,FR-OPS-005; FR-OPS-006; VF-DR-003; VF-OBS-001,Automated assertion only; requirement-level mapping is partial,2026-10-02T20:13:13.222907-05:00
APP-720,Application,qualification.test_perf_unit::test_markdown_summary_lists_every_class,Pass,qualification/test_perf_unit.py,docs/evidence/application-tests.xml,VF-PER-001,Automated assertion only; requirement-level mapping is partial,2026-10-02T20:13:13.222907-05:00
APP-721,Application,qualification.test_perf_unit::test_nearest_rank_percentiles,Pass,qualification/test_perf_unit.py,docs/evidence/application-tests.xml,VF-PER-001,Automated assertion only; requirement-level mapping is partial,2026-10-02T20:13:13.222907-05:00
APP-722,Application,qualification.test_perf_unit::test_profiles_scale_concurrency_and_bound_durations,Pass,qualification/test_perf_unit.py,docs/evidence/application-tests.xml,VF-PER-001,Automated assertion only; requirement-level mapping is partial,2026-10-02T20:13:13.222907-05:00
APP-723,Application,qualification.test_perf_unit::test_seed_is_deterministic_and_synthetic,Pass,qualification/test_perf_unit.py,docs/evidence/application-tests.xml,VF-PER-001,Automated assertion only; requirement-level mapping is partial,2026-10-02T20:13:13.222907-05:00
APP-724,Application,qualification.test_perf_unit::test_summary_counts_errors_instead_of_dropping_them,Pass,qualification/test_perf_unit.py,docs/evidence/application-tests.xml,VF-PER-001,Automated assertion only; requirement-level mapping is partial,2026-10-02T20:13:13.222907-05:00
APP-725,Application,qualification.test_perf_unit::test_verdicts_are_honest,Pass,qualification/test_perf_unit.py,docs/evidence/application-tests.xml,VF-PER-001,Automated assertion only; requirement-level mapping is partial,2026-10-02T20:13:13.222907-05:00
APP-726,Application,qualification.test_perf_unit::test_windows_group_stamped_samples_in_order,Pass,qualification/test_perf_unit.py,docs/evidence/application-tests.xml,VF-PER-001,Automated assertion only; requirement-level mapping is partial,2026-10-02T20:13:13.222907-05:00
APP-727,Application,qualification.test_perf_unit::test_workload_scales_and_validation,Pass,qualification/test_perf_unit.py,docs/evidence/application-tests.xml,VF-PER-001,Automated assertion only; requirement-level mapping is partial,2026-10-02T20:13:13.222907-05:00
APP-728,Application,qualification.test_period_governance::test_blocked_close_is_reviewable_but_cannot_lock,Pass,qualification/test_period_governance.py,docs/evidence/application-tests.xml,FR-WFL-007; FR-WFL-008,Automated assertion only; requirement-level mapping is partial,2026-10-02T20:13:13.222907-05:00
APP-729,Application,qualification.test_period_governance::test_close_creates_immutable_snapshot_and_official_results,Pass,qualification/test_period_governance.py,docs/evidence/application-tests.xml,FR-WFL-007; FR-WFL-008,Automated assertion only; requirement-level mapping is partial,2026-10-02T20:13:13.222907-05:00
APP-730,Application,qualification.test_period_governance::test_restatement_limits_correction_and_supersedes_without_overwrite,Pass,qualification/test_period_governance.py,docs/evidence/application-tests.xml,FR-WFL-007; FR-WFL-008,Automated assertion only; requirement-level mapping is partial,2026-10-02T20:13:13.222907-05:00
APP-731,Application,qualification.test_period_governance::test_restatement_rejects_source_not_in_snapshot_and_rls_hides_bindings,Pass,qualification/test_period_governance.py,docs/evidence/application-tests.xml,FR-WFL-007; FR-WFL-008,Automated assertion only; requirement-level mapping is partial,2026-10-02T20:13:13.222907-05:00
APP-732,Application,qualification.test_period_governance::test_source_change_after_preview_requires_new_preview,Pass,qualification/test_period_governance.py,docs/evidence/application-tests.xml,FR-WFL-007; FR-WFL-008,Automated assertion only; requirement-level mapping is partial,2026-10-02T20:13:13.222907-05:00
APP-733,Application,qualification.test_planning::test_actual_withheld_without_result_access,Pass,qualification/test_planning.py,docs/evidence/application-tests.xml,FR-PLN-001; FR-PLN-002; FR-PLN-003; FR-PLN-007; FR-PLN-010; FR-IND-003; FR-IND-004; FR-ANA-003,Automated assertion only; requirement-level mapping is partial,2026-10-02T20:13:13.222907-05:00
APP-734,Application,qualification.test_planning::test_approved_baseline_is_corrected_by_a_superseding_baseline,Pass,qualification/test_planning.py,docs/evidence/application-tests.xml,FR-PLN-001; FR-PLN-002; FR-PLN-003; FR-PLN-007; FR-PLN-010; FR-IND-003; FR-IND-004; FR-ANA-003,Automated assertion only; requirement-level mapping is partial,2026-10-02T20:13:13.222907-05:00
APP-735,Application,qualification.test_planning::test_blank_state_row_cannot_carry_a_value,Pass,qualification/test_planning.py,docs/evidence/application-tests.xml,FR-PLN-001; FR-PLN-002; FR-PLN-003; FR-PLN-007; FR-PLN-010; FR-IND-003; FR-IND-004; FR-ANA-003,Automated assertion only; requirement-level mapping is partial,2026-10-02T20:13:13.222907-05:00
APP-736,Application,qualification.test_planning::test_blank_target_stays_blank_and_decimals_round_trip,Pass,qualification/test_planning.py,docs/evidence/application-tests.xml,FR-PLN-001; FR-PLN-002; FR-PLN-003; FR-PLN-007; FR-PLN-010; FR-IND-003; FR-IND-004; FR-ANA-003,Automated assertion only; requirement-level mapping is partial,2026-10-02T20:13:13.222907-05:00
APP-737,Application,qualification.test_planning::test_candidate_view_degrades_without_indicator_access,Pass,qualification/test_planning.py,docs/evidence/application-tests.xml,FR-PLN-001; FR-PLN-002; FR-PLN-003; FR-PLN-007; FR-PLN-010; FR-IND-003; FR-IND-004; FR-ANA-003,Automated assertion only; requirement-level mapping is partial,2026-10-02T20:13:13.222907-05:00
APP-738,Application,qualification.test_planning::test_close_pins_governing_framework_revision,Pass,qualification/test_planning.py,docs/evidence/application-tests.xml,FR-PLN-001; FR-PLN-002; FR-PLN-003; FR-PLN-007; FR-PLN-010; FR-IND-003; FR-IND-004; FR-ANA-003,Automated assertion only; requirement-level mapping is partial,2026-10-02T20:13:13.222907-05:00
APP-739,Application,qualification.test_planning::test_exact_retry_conflicting_reuse_and_stale_revision,Pass,qualification/test_planning.py,docs/evidence/application-tests.xml,FR-PLN-001; FR-PLN-002; FR-PLN-003; FR-PLN-007; FR-PLN-010; FR-IND-003; FR-IND-004; FR-ANA-003,Automated assertion only; requirement-level mapping is partial,2026-10-02T20:13:13.222907-05:00
APP-740,Application,qualification.test_planning::test_exception_authorship_and_review_date,Pass,qualification/test_planning.py,docs/evidence/application-tests.xml,FR-PLN-001; FR-PLN-002; FR-PLN-003; FR-PLN-007; FR-PLN-010; FR-IND-003; FR-IND-004; FR-ANA-003,Automated assertion only; requirement-level mapping is partial,2026-10-02T20:13:13.222907-05:00
APP-741,Application,qualification.test_planning::test_framework_access_boundaries,Pass,qualification/test_planning.py,docs/evidence/application-tests.xml,FR-PLN-001; FR-PLN-002; FR-PLN-003; FR-PLN-007; FR-PLN-010; FR-IND-003; FR-IND-004; FR-ANA-003,Automated assertion only; requirement-level mapping is partial,2026-10-02T20:13:13.222907-05:00
APP-742,Application,qualification.test_planning::test_framework_draft_review_baseline_and_child_version,Pass,qualification/test_planning.py,docs/evidence/application-tests.xml,FR-PLN-001; FR-PLN-002; FR-PLN-003; FR-PLN-007; FR-PLN-010; FR-IND-003; FR-IND-004; FR-ANA-003,Automated assertion only; requirement-level mapping is partial,2026-10-02T20:13:13.222907-05:00
APP-743,Application,qualification.test_planning::test_hierarchy_structure_is_refused,Pass,qualification/test_planning.py,docs/evidence/application-tests.xml,FR-PLN-001; FR-PLN-002; FR-PLN-003; FR-PLN-007; FR-PLN-010; FR-IND-003; FR-IND-004; FR-ANA-003,Automated assertion only; requirement-level mapping is partial,2026-10-02T20:13:13.222907-05:00
APP-744,Application,qualification.test_planning::test_listing_is_permission_filtered[frameworks],Pass,qualification/test_planning.py,docs/evidence/application-tests.xml,FR-PLN-001; FR-PLN-002; FR-PLN-003; FR-PLN-007; FR-PLN-010; FR-IND-003; FR-IND-004; FR-ANA-003,Automated assertion only; requirement-level mapping is partial,2026-10-02T20:13:13.222907-05:00
APP-745,Application,qualification.test_planning::test_listing_is_permission_filtered[targets],Pass,qualification/test_planning.py,docs/evidence/application-tests.xml,FR-PLN-001; FR-PLN-002; FR-PLN-003; FR-PLN-007; FR-PLN-010; FR-IND-003; FR-IND-004; FR-ANA-003,Automated assertion only; requirement-level mapping is partial,2026-10-02T20:13:13.222907-05:00
APP-746,Application,qualification.test_planning::test_native_planning_registers_are_fenced_and_insert_only,Pass,qualification/test_planning.py,docs/evidence/native-application-tests.xml,FR-PLN-001; FR-PLN-002; FR-PLN-003; FR-PLN-007; FR-PLN-010; FR-IND-003; FR-IND-004; FR-ANA-003,Automated assertion on native PostgreSQL 16.13 (single node without a pooler); skipped on PGlite with a stated reason; requirement-level mapping is partial,2026-10-02T20:19:23.233124-05:00
APP-747,Application,qualification.test_planning::test_period_close_pins_targets_and_uses_official_result,Pass,qualification/test_planning.py,docs/evidence/application-tests.xml,FR-PLN-001; FR-PLN-002; FR-PLN-003; FR-PLN-007; FR-PLN-010; FR-IND-003; FR-IND-004; FR-ANA-003,Automated assertion only; requirement-level mapping is partial,2026-10-02T20:13:13.222907-05:00
APP-748,Application,qualification.test_planning::test_progress_overflow_is_a_row_reason_not_a_failed_read,Pass,qualification/test_planning.py,docs/evidence/application-tests.xml,FR-PLN-001; FR-PLN-002; FR-PLN-003; FR-PLN-007; FR-PLN-010; FR-IND-003; FR-IND-004; FR-ANA-003,Automated assertion only; requirement-level mapping is partial,2026-10-02T20:13:13.222907-05:00
APP-749,Application,qualification.test_planning::test_reviewer_who_edits_a_draft_becomes_an_author,Pass,qualification/test_planning.py,docs/evidence/application-tests.xml,FR-PLN-001; FR-PLN-002; FR-PLN-003; FR-PLN-007; FR-PLN-010; FR-IND-003; FR-IND-004; FR-ANA-003,Automated assertion only; requirement-level mapping is partial,2026-10-02T20:13:13.222907-05:00
APP-750,Application,qualification.test_planning::test_second_framework_child_is_refused_after_the_first_is_approved,Pass,qualification/test_planning.py,docs/evidence/application-tests.xml,FR-PLN-001; FR-PLN-002; FR-PLN-003; FR-PLN-007; FR-PLN-010; FR-IND-003; FR-IND-004; FR-ANA-003,Automated assertion only; requirement-level mapping is partial,2026-10-02T20:13:13.222907-05:00
APP-751,Application,qualification.test_planning::test_seeded_fixture_official_is_never_attributed,Pass,qualification/test_planning.py,docs/evidence/application-tests.xml,FR-PLN-001; FR-PLN-002; FR-PLN-003; FR-PLN-007; FR-PLN-010; FR-IND-003; FR-IND-004; FR-ANA-003,Automated assertion only; requirement-level mapping is partial,2026-10-02T20:13:13.222907-05:00
APP-752,Application,qualification.test_planning::test_shared_definition_does_not_borrow_another_programmes_official,Pass,qualification/test_planning.py,docs/evidence/application-tests.xml,FR-PLN-001; FR-PLN-002; FR-PLN-003; FR-PLN-007; FR-PLN-010; FR-IND-003; FR-IND-004; FR-ANA-003,Automated assertion only; requirement-level mapping is partial,2026-10-02T20:13:13.222907-05:00
APP-753,Application,qualification.test_planning::test_target_amended_after_close_never_changes_the_official_comparison,Pass,qualification/test_planning.py,docs/evidence/application-tests.xml,FR-PLN-001; FR-PLN-002; FR-PLN-003; FR-PLN-007; FR-PLN-010; FR-IND-003; FR-IND-004; FR-ANA-003,Automated assertion only; requirement-level mapping is partial,2026-10-02T20:13:13.222907-05:00
APP-754,Application,qualification.test_planning::test_target_rules_and_calendar,Pass,qualification/test_planning.py,docs/evidence/application-tests.xml,FR-PLN-001; FR-PLN-002; FR-PLN-003; FR-PLN-007; FR-PLN-010; FR-IND-003; FR-IND-004; FR-ANA-003,Automated assertion only; requirement-level mapping is partial,2026-10-02T20:13:13.222907-05:00
APP-755,Application,qualification.test_planning::test_targets_baselines_milestones_and_provisional_progress,Pass,qualification/test_planning.py,docs/evidence/application-tests.xml,FR-PLN-001; FR-PLN-002; FR-PLN-003; FR-PLN-007; FR-PLN-010; FR-IND-003; FR-IND-004; FR-ANA-003,Automated assertion only; requirement-level mapping is partial,2026-10-02T20:13:13.222907-05:00
APP-756,Application,qualification.test_planning::test_targets_vs_actuals_pages_by_indicator,Pass,qualification/test_planning.py,docs/evidence/application-tests.xml,FR-PLN-001; FR-PLN-002; FR-PLN-003; FR-PLN-007; FR-PLN-010; FR-IND-003; FR-IND-004; FR-ANA-003,Automated assertion only; requirement-level mapping is partial,2026-10-02T20:13:13.222907-05:00
APP-757,Application,qualification.test_planning::test_theory_of_change_relationships_and_assumptions,Pass,qualification/test_planning.py,docs/evidence/application-tests.xml,FR-PLN-001; FR-PLN-002; FR-PLN-003; FR-PLN-007; FR-PLN-010; FR-IND-003; FR-IND-004; FR-ANA-003,Automated assertion only; requirement-level mapping is partial,2026-10-02T20:13:13.222907-05:00
APP-758,Application,qualification.test_planning::test_unmeasured_output_blocks_submission_until_documented_exception,Pass,qualification/test_planning.py,docs/evidence/application-tests.xml,FR-PLN-001; FR-PLN-002; FR-PLN-003; FR-PLN-007; FR-PLN-010; FR-IND-003; FR-IND-004; FR-ANA-003,Automated assertion only; requirement-level mapping is partial,2026-10-02T20:13:13.222907-05:00
APP-759,Application,qualification.test_planning_unit::test_assumption_rules,Pass,qualification/test_planning_unit.py,docs/evidence/application-tests.xml,FR-PLN-001; FR-PLN-002; FR-PLN-003; FR-PLN-007; FR-PLN-010; FR-IND-003; FR-ANA-003,Automated assertion only; requirement-level mapping is partial,2026-10-02T20:13:13.222907-05:00
APP-760,Application,qualification.test_planning_unit::test_bands_follow_the_declared_thresholds_and_direction,Pass,qualification/test_planning_unit.py,docs/evidence/application-tests.xml,FR-PLN-001; FR-PLN-002; FR-PLN-003; FR-PLN-007; FR-PLN-010; FR-IND-003; FR-ANA-003,Automated assertion only; requirement-level mapping is partial,2026-10-02T20:13:13.222907-05:00
APP-761,Application,qualification.test_planning_unit::test_bands_never_conceal_a_separately_visible_state,Pass,qualification/test_planning_unit.py,docs/evidence/application-tests.xml,FR-PLN-001; FR-PLN-002; FR-PLN-003; FR-PLN-007; FR-PLN-010; FR-IND-003; FR-ANA-003,Automated assertion only; requirement-level mapping is partial,2026-10-02T20:13:13.222907-05:00
APP-762,Application,qualification.test_planning_unit::test_blank_target_and_blank_actual_are_never_zero,Pass,qualification/test_planning_unit.py,docs/evidence/application-tests.xml,FR-PLN-001; FR-PLN-002; FR-PLN-003; FR-PLN-007; FR-PLN-010; FR-IND-003; FR-ANA-003,Automated assertion only; requirement-level mapping is partial,2026-10-02T20:13:13.222907-05:00
APP-763,Application,qualification.test_planning_unit::test_higher_target_attainment_is_uncapped,Pass,qualification/test_planning_unit.py,docs/evidence/application-tests.xml,FR-PLN-001; FR-PLN-002; FR-PLN-003; FR-PLN-007; FR-PLN-010; FR-IND-003; FR-ANA-003,Automated assertion only; requirement-level mapping is partial,2026-10-02T20:13:13.222907-05:00
APP-764,Application,qualification.test_planning_unit::test_lower_target_reports_signed_deviation_without_inverting_success,Pass,qualification/test_planning_unit.py,docs/evidence/application-tests.xml,FR-PLN-001; FR-PLN-002; FR-PLN-003; FR-PLN-007; FR-PLN-010; FR-IND-003; FR-ANA-003,Automated assertion only; requirement-level mapping is partial,2026-10-02T20:13:13.222907-05:00
APP-765,Application,qualification.test_planning_unit::test_milestones_require_assessment_and_arithmetic_uses_stored_values,Pass,qualification/test_planning_unit.py,docs/evidence/application-tests.xml,FR-PLN-001; FR-PLN-002; FR-PLN-003; FR-PLN-007; FR-PLN-010; FR-IND-003; FR-ANA-003,Automated assertion only; requirement-level mapping is partial,2026-10-02T20:13:13.222907-05:00
APP-766,Application,qualification.test_planning_unit::test_negative_baseline_has_no_percentage_change,Pass,qualification/test_planning_unit.py,docs/evidence/application-tests.xml,FR-PLN-001; FR-PLN-002; FR-PLN-003; FR-PLN-007; FR-PLN-010; FR-IND-003; FR-ANA-003,Automated assertion only; requirement-level mapping is partial,2026-10-02T20:13:13.222907-05:00
APP-767,Application,qualification.test_planning_unit::test_overflow_empties_one_row_not_the_read,Pass,qualification/test_planning_unit.py,docs/evidence/application-tests.xml,FR-PLN-001; FR-PLN-002; FR-PLN-003; FR-PLN-007; FR-PLN-010; FR-IND-003; FR-ANA-003,Automated assertion only; requirement-level mapping is partial,2026-10-02T20:13:13.222907-05:00
APP-768,Application,qualification.test_planning_unit::test_progress_rejects_non_contract_decimals[01],Pass,qualification/test_planning_unit.py,docs/evidence/application-tests.xml,FR-PLN-001; FR-PLN-002; FR-PLN-003; FR-PLN-007; FR-PLN-010; FR-IND-003; FR-ANA-003,Automated assertion only; requirement-level mapping is partial,2026-10-02T20:13:13.222907-05:00
APP-769,Application,qualification.test_planning_unit::test_progress_rejects_non_contract_decimals[1.0000000000001],Pass,qualification/test_planning_unit.py,docs/evidence/application-tests.xml,FR-PLN-001; FR-PLN-002; FR-PLN-003; FR-PLN-007; FR-PLN-010; FR-IND-003; FR-ANA-003,Automated assertion only; requirement-level mapping is partial,2026-10-02T20:13:13.222907-05:00
APP-770,Application,qualification.test_planning_unit::test_progress_rejects_non_contract_decimals[1e3],Pass,qualification/test_planning_unit.py,docs/evidence/application-tests.xml,FR-PLN-001; FR-PLN-002; FR-PLN-003; FR-PLN-007; FR-PLN-010; FR-IND-003; FR-ANA-003,Automated assertion only; requirement-level mapping is partial,2026-10-02T20:13:13.222907-05:00
APP-771,Application,qualification.test_planning_unit::test_range_bounds_are_inclusive,Pass,qualification/test_planning_unit.py,docs/evidence/application-tests.xml,FR-PLN-001; FR-PLN-002; FR-PLN-003; FR-PLN-007; FR-PLN-010; FR-IND-003; FR-ANA-003,Automated assertion only; requirement-level mapping is partial,2026-10-02T20:13:13.222907-05:00
APP-772,Application,qualification.test_planning_unit::test_relationship_rules,Pass,qualification/test_planning_unit.py,docs/evidence/application-tests.xml,FR-PLN-001; FR-PLN-002; FR-PLN-003; FR-PLN-007; FR-PLN-010; FR-IND-003; FR-ANA-003,Automated assertion only; requirement-level mapping is partial,2026-10-02T20:13:13.222907-05:00
APP-773,Application,qualification.test_planning_unit::test_structure_rules,Pass,qualification/test_planning_unit.py,docs/evidence/application-tests.xml,FR-PLN-001; FR-PLN-002; FR-PLN-003; FR-PLN-007; FR-PLN-010; FR-IND-003; FR-ANA-003,Automated assertion only; requirement-level mapping is partial,2026-10-02T20:13:13.222907-05:00
APP-774,Application,qualification.test_planning_unit::test_target_slots,Pass,qualification/test_planning_unit.py,docs/evidence/application-tests.xml,FR-PLN-001; FR-PLN-002; FR-PLN-003; FR-PLN-007; FR-PLN-010; FR-IND-003; FR-ANA-003,Automated assertion only; requirement-level mapping is partial,2026-10-02T20:13:13.222907-05:00
APP-775,Application,qualification.test_planning_unit::test_threshold_rules,Pass,qualification/test_planning_unit.py,docs/evidence/application-tests.xml,FR-PLN-001; FR-PLN-002; FR-PLN-003; FR-PLN-007; FR-PLN-010; FR-IND-003; FR-ANA-003,Automated assertion only; requirement-level mapping is partial,2026-10-02T20:13:13.222907-05:00
APP-776,Application,qualification.test_planning_unit::test_zero_target_and_zero_baseline_are_undefined_not_divided,Pass,qualification/test_planning_unit.py,docs/evidence/application-tests.xml,FR-PLN-001; FR-PLN-002; FR-PLN-003; FR-PLN-007; FR-PLN-010; FR-IND-003; FR-ANA-003,Automated assertion only; requirement-level mapping is partial,2026-10-02T20:13:13.222907-05:00
APP-777,Application,qualification.test_pooler_unit::test_every_runtime_connection_disables_server_side_prepared_statements,Pass,qualification/test_pooler_unit.py,docs/evidence/application-tests.xml,,Automated assertion only; requirement-level mapping is partial,2026-10-02T20:13:13.222907-05:00
APP-778,Application,qualification.test_pooler_unit::test_runtime_sql_keeps_no_session_state,Pass,qualification/test_pooler_unit.py,docs/evidence/application-tests.xml,,Automated assertion only; requirement-level mapping is partial,2026-10-02T20:13:13.222907-05:00
APP-779,Application,qualification.test_privacy_requests::test_access_export_holds_only_the_subjects_data_with_a_manifest_and_is_mediated,Pass,qualification/test_privacy_requests.py,docs/evidence/application-tests.xml,FR-PRV-005; FR-PRV-007; VF-PRV-001,Automated assertion only; requirement-level mapping is partial,2026-10-02T20:13:13.222907-05:00
APP-780,Application,qualification.test_privacy_requests::test_case_approval_requires_an_independent_natural_person,Pass,qualification/test_privacy_requests.py,docs/evidence/application-tests.xml,FR-PRV-005; FR-PRV-007; VF-PRV-001,Automated assertion only; requirement-level mapping is partial,2026-10-02T20:13:13.222907-05:00
APP-781,Application,qualification.test_privacy_requests::test_case_operations_are_purpose_bound_and_never_authorised_by_a_general_grant,Pass,qualification/test_privacy_requests.py,docs/evidence/application-tests.xml,FR-PRV-005; FR-PRV-007; VF-PRV-001,Automated assertion only; requirement-level mapping is partial,2026-10-02T20:13:13.222907-05:00
APP-782,Application,qualification.test_privacy_requests::test_erasure_of_a_named_import_batch_removes_its_raw_content,Pass,qualification/test_privacy_requests.py,docs/evidence/application-tests.xml,FR-PRV-005; FR-PRV-007; VF-PRV-001,Automated assertion only; requirement-level mapping is partial,2026-10-02T20:13:13.222907-05:00
APP-783,Application,qualification.test_privacy_requests::test_erasure_reaches_every_store_keeps_audit_and_never_alters_official_numbers,Pass,qualification/test_privacy_requests.py,docs/evidence/application-tests.xml,FR-PRV-005; FR-PRV-007; VF-PRV-001,Automated assertion only; requirement-level mapping is partial,2026-10-02T20:13:13.222907-05:00
APP-784,Application,qualification.test_privacy_requests::test_erasure_reports_held_items_and_a_failed_object_store_deletion_until_retried,Pass,qualification/test_privacy_requests.py,docs/evidence/application-tests.xml,FR-PRV-005; FR-PRV-007; VF-PRV-001,Automated assertion only; requirement-level mapping is partial,2026-10-02T20:13:13.222907-05:00
APP-785,Application,qualification.test_privacy_requests::test_exact_retry_changed_payload_stale_revision_and_changed_plan,Pass,qualification/test_privacy_requests.py,docs/evidence/application-tests.xml,FR-PRV-005; FR-PRV-007; VF-PRV-001,Automated assertion only; requirement-level mapping is partial,2026-10-02T20:13:13.222907-05:00
APP-786,Application,qualification.test_privacy_requests::test_native_privacy_tables_are_fenced_for_the_application_login,Pass,qualification/test_privacy_requests.py,docs/evidence/native-application-tests.xml,FR-PRV-005; FR-PRV-007; VF-PRV-001,Automated assertion on native PostgreSQL 16.13 (single node without a pooler); skipped on PGlite with a stated reason; requirement-level mapping is partial,2026-10-02T20:19:23.233124-05:00
APP-787,Application,qualification.test_privacy_requests::test_privacy_registers_are_insert_only_for_the_application,Pass,qualification/test_privacy_requests.py,docs/evidence/application-tests.xml,FR-PRV-005; FR-PRV-007; VF-PRV-001,Automated assertion only; requirement-level mapping is partial,2026-10-02T20:13:13.222907-05:00
APP-788,Application,qualification.test_privacy_requests::test_revision_removal_is_reachable_only_through_an_approved_executing_plan,Pass,qualification/test_privacy_requests.py,docs/evidence/application-tests.xml,FR-PRV-005; FR-PRV-007; VF-PRV-001,Automated assertion only; requirement-level mapping is partial,2026-10-02T20:13:13.222907-05:00
APP-789,Application,qualification.test_publication::test_controlled_publication_is_independently_reviewed_recipient_only_and_idempotent,Pass,qualification/test_publication.py,docs/evidence/application-tests.xml,FR-RPT-003; FR-RPT-005; FR-RPT-007; FR-RPT-009; FR-RPT-010,Automated assertion only; requirement-level mapping is partial,2026-10-02T20:13:13.222907-05:00
APP-790,Application,qualification.test_publication::test_disclosure_rejects_public_expired_duplicate_and_inactive_recipients,Pass,qualification/test_publication.py,docs/evidence/application-tests.xml,FR-RPT-003; FR-RPT-005; FR-RPT-007; FR-RPT-009; FR-RPT-010,Automated assertion only; requirement-level mapping is partial,2026-10-02T20:13:13.222907-05:00
APP-791,Application,qualification.test_publication::test_download_right_expiry_recipient_state_and_withdrawal_are_enforced,Pass,qualification/test_publication.py,docs/evidence/application-tests.xml,FR-RPT-003; FR-RPT-005; FR-RPT-007; FR-RPT-009; FR-RPT-010,Automated assertion only; requirement-level mapping is partial,2026-10-02T20:13:13.222907-05:00
APP-792,Application,qualification.test_publication::test_narrative_numbers_require_exact_bindings_and_csv_is_deterministic,Pass,qualification/test_publication.py,docs/evidence/application-tests.xml,FR-RPT-003; FR-RPT-005; FR-RPT-007; FR-RPT-009; FR-RPT-010,Automated assertion only; requirement-level mapping is partial,2026-10-02T20:13:13.222907-05:00
APP-793,Application,qualification.test_recovery_contacts::test_account_revocation_invalidates_contact_and_fresh_renewal_restores_readiness,Pass,qualification/test_recovery_contacts.py,docs/evidence/application-tests.xml,FR-TEN-001,Automated assertion only; requirement-level mapping is partial,2026-10-02T20:13:13.222907-05:00
APP-794,Application,qualification.test_recovery_contacts::test_active_contact_eligibility_rechecks_identity_and_custody[email-IDENTITY_CHANGED],Pass,qualification/test_recovery_contacts.py,docs/evidence/application-tests.xml,FR-TEN-001,Automated assertion only; requirement-level mapping is partial,2026-10-02T20:13:13.222907-05:00
APP-795,Application,qualification.test_recovery_contacts::test_active_contact_eligibility_rechecks_identity_and_custody[owner-OWNER_CHANGED],Pass,qualification/test_recovery_contacts.py,docs/evidence/application-tests.xml,FR-TEN-001,Automated assertion only; requirement-level mapping is partial,2026-10-02T20:13:13.222907-05:00
APP-796,Application,qualification.test_recovery_contacts::test_approval_rechecks_every_evidence_pin[cutoff-403],Pass,qualification/test_recovery_contacts.py,docs/evidence/application-tests.xml,FR-TEN-001,Automated assertion only; requirement-level mapping is partial,2026-10-02T20:13:13.222907-05:00
APP-797,Application,qualification.test_recovery_contacts::test_approval_rechecks_every_evidence_pin[expiry-403],Pass,qualification/test_recovery_contacts.py,docs/evidence/application-tests.xml,FR-TEN-001,Automated assertion only; requirement-level mapping is partial,2026-10-02T20:13:13.222907-05:00
APP-798,Application,qualification.test_recovery_contacts::test_approval_rechecks_every_evidence_pin[identity-403],Pass,qualification/test_recovery_contacts.py,docs/evidence/application-tests.xml,FR-TEN-001,Automated assertion only; requirement-level mapping is partial,2026-10-02T20:13:13.222907-05:00
APP-799,Application,qualification.test_recovery_contacts::test_approval_rechecks_every_evidence_pin[owner-409],Pass,qualification/test_recovery_contacts.py,docs/evidence/application-tests.xml,FR-TEN-001,Automated assertion only; requirement-level mapping is partial,2026-10-02T20:13:13.222907-05:00
APP-800,Application,qualification.test_recovery_contacts::test_approval_rechecks_every_evidence_pin[tenant-409],Pass,qualification/test_recovery_contacts.py,docs/evidence/application-tests.xml,FR-TEN-001,Automated assertion only; requirement-level mapping is partial,2026-10-02T20:13:13.222907-05:00
APP-801,Application,qualification.test_recovery_contacts::test_approval_rechecks_every_evidence_pin[verification-403],Pass,qualification/test_recovery_contacts.py,docs/evidence/application-tests.xml,FR-TEN-001,Automated assertion only; requirement-level mapping is partial,2026-10-02T20:13:13.222907-05:00
APP-802,Application,qualification.test_recovery_contacts::test_changed_current_contact_invalidates_pending_replacement,Pass,qualification/test_recovery_contacts.py,docs/evidence/application-tests.xml,FR-TEN-001,Automated assertion only; requirement-level mapping is partial,2026-10-02T20:13:13.222907-05:00
APP-803,Application,qualification.test_recovery_contacts::test_expired_contact_blocks_reactivation_without_suspending_active_business,Pass,qualification/test_recovery_contacts.py,docs/evidence/application-tests.xml,FR-TEN-001,Automated assertion only; requirement-level mapping is partial,2026-10-02T20:13:13.222907-05:00
APP-804,Application,qualification.test_recovery_contacts::test_fresh_assurance_and_exact_retry,Pass,qualification/test_recovery_contacts.py,docs/evidence/application-tests.xml,FR-TEN-001,Automated assertion only; requirement-level mapping is partial,2026-10-02T20:13:13.222907-05:00
APP-805,Application,qualification.test_recovery_contacts::test_nomination_contract_and_expiry_limits[changes0-422],Pass,qualification/test_recovery_contacts.py,docs/evidence/application-tests.xml,FR-TEN-001,Automated assertion only; requirement-level mapping is partial,2026-10-02T20:13:13.222907-05:00
APP-806,Application,qualification.test_recovery_contacts::test_nomination_contract_and_expiry_limits[changes1-422],Pass,qualification/test_recovery_contacts.py,docs/evidence/application-tests.xml,FR-TEN-001,Automated assertion only; requirement-level mapping is partial,2026-10-02T20:13:13.222907-05:00
APP-807,Application,qualification.test_recovery_contacts::test_nomination_contract_and_expiry_limits[changes2-404],Pass,qualification/test_recovery_contacts.py,docs/evidence/application-tests.xml,FR-TEN-001,Automated assertion only; requirement-level mapping is partial,2026-10-02T20:13:13.222907-05:00
APP-808,Application,qualification.test_recovery_contacts::test_nomination_contract_and_expiry_limits[changes3-422],Pass,qualification/test_recovery_contacts.py,docs/evidence/application-tests.xml,FR-TEN-001,Automated assertion only; requirement-level mapping is partial,2026-10-02T20:13:13.222907-05:00
APP-809,Application,qualification.test_recovery_contacts::test_nomination_contract_and_expiry_limits[changes4-409],Pass,qualification/test_recovery_contacts.py,docs/evidence/application-tests.xml,FR-TEN-001,Automated assertion only; requirement-level mapping is partial,2026-10-02T20:13:13.222907-05:00
APP-810,Application,qualification.test_recovery_contacts::test_owner_alias_cannot_be_recovery_contact,Pass,qualification/test_recovery_contacts.py,docs/evidence/application-tests.xml,FR-TEN-001,Automated assertion only; requirement-level mapping is partial,2026-10-02T20:13:13.222907-05:00
APP-811,Application,qualification.test_recovery_contacts::test_owner_only_nomination_and_private_identity_bound_inbox,Pass,qualification/test_recovery_contacts.py,docs/evidence/application-tests.xml,FR-TEN-001,Automated assertion only; requirement-level mapping is partial,2026-10-02T20:13:13.222907-05:00
APP-812,Application,qualification.test_recovery_contacts::test_replacement_failure_restores_old_contact_and_all_evidence,Pass,qualification/test_recovery_contacts.py,docs/evidence/application-tests.xml,FR-TEN-001,Automated assertion only; requirement-level mapping is partial,2026-10-02T20:13:13.222907-05:00
APP-813,Application,qualification.test_recovery_contacts::test_replacement_preserves_old_contact_until_atomic_approval,Pass,qualification/test_recovery_contacts.py,docs/evidence/application-tests.xml,FR-TEN-001,Automated assertion only; requirement-level mapping is partial,2026-10-02T20:13:13.222907-05:00
APP-814,Application,qualification.test_recovery_contacts::test_reviewer_must_be_a_different_natural_person,Pass,qualification/test_recovery_contacts.py,docs/evidence/application-tests.xml,FR-TEN-001,Automated assertion only; requirement-level mapping is partial,2026-10-02T20:13:13.222907-05:00
APP-815,Application,qualification.test_recovery_contacts::test_revocation_blocks_activation_without_resurrecting_on_retry,Pass,qualification/test_recovery_contacts.py,docs/evidence/application-tests.xml,FR-TEN-001,Automated assertion only; requirement-level mapping is partial,2026-10-02T20:13:13.222907-05:00
APP-816,Application,qualification.test_recovery_contacts::test_revoked_operator_loses_access_to_approval_receipt,Pass,qualification/test_recovery_contacts.py,docs/evidence/application-tests.xml,FR-TEN-001,Automated assertion only; requirement-level mapping is partial,2026-10-02T20:13:13.222907-05:00
APP-817,Application,qualification.test_recovery_contacts::test_runtime_roles_cannot_read_contact_evidence_or_rewrite_audit,Pass,qualification/test_recovery_contacts.py,docs/evidence/application-tests.xml,FR-TEN-001,Automated assertion only; requirement-level mapping is partial,2026-10-02T20:13:13.222907-05:00
APP-818,Application,qualification.test_recovery_contacts::test_terminal_proposals_do_not_displace_existing_contact[cancel-author],Pass,qualification/test_recovery_contacts.py,docs/evidence/application-tests.xml,FR-TEN-001,Automated assertion only; requirement-level mapping is partial,2026-10-02T20:13:13.222907-05:00
APP-819,Application,qualification.test_recovery_contacts::test_terminal_proposals_do_not_displace_existing_contact[decline-partner],Pass,qualification/test_recovery_contacts.py,docs/evidence/application-tests.xml,FR-TEN-001,Automated assertion only; requirement-level mapping is partial,2026-10-02T20:13:13.222907-05:00
APP-820,Application,qualification.test_recovery_contacts::test_terminal_proposals_do_not_displace_existing_contact[reject-admin],Pass,qualification/test_recovery_contacts.py,docs/evidence/application-tests.xml,FR-TEN-001,Automated assertion only; requirement-level mapping is partial,2026-10-02T20:13:13.222907-05:00
APP-821,Application,qualification.test_recovery_contacts::test_verified_contact_is_required_before_activation_and_grants_no_access,Pass,qualification/test_recovery_contacts.py,docs/evidence/application-tests.xml,FR-TEN-001,Automated assertion only; requirement-level mapping is partial,2026-10-02T20:13:13.222907-05:00
APP-822,Application,qualification.test_report_charts::test_chart_model_refuses_unknown_references,Pass,qualification/test_report_charts.py,docs/evidence/application-tests.xml,FR-RPT-003; FR-RPT-005,Automated assertion only; requirement-level mapping is partial,2026-10-02T20:13:13.222907-05:00
APP-823,Application,qualification.test_report_charts::test_chart_references_are_validated_against_the_section_and_the_snapshot,Pass,qualification/test_report_charts.py,docs/evidence/application-tests.xml,FR-RPT-003; FR-RPT-005,Automated assertion only; requirement-level mapping is partial,2026-10-02T20:13:13.222907-05:00
APP-824,Application,qualification.test_report_charts::test_chart_renders_are_byte_deterministic_and_draw_only_stored_values,Pass,qualification/test_report_charts.py,docs/evidence/application-tests.xml,FR-RPT-003; FR-RPT-005,Automated assertion only; requirement-level mapping is partial,2026-10-02T20:13:13.222907-05:00
APP-825,Application,qualification.test_report_charts::test_report_with_chart_is_frozen_rendered_and_exported_from_the_snapshot,Pass,qualification/test_report_charts.py,docs/evidence/application-tests.xml,FR-RPT-003; FR-RPT-005,Automated assertion only; requirement-level mapping is partial,2026-10-02T20:13:13.222907-05:00
APP-826,Application,qualification.test_report_exports::test_a_stale_lease_holder_cannot_complete_and_one_artifact_exists,Pass,qualification/test_report_exports.py,docs/evidence/application-tests.xml,FR-RPT-003; FR-RPT-005; FR-RPT-007; FR-RPT-009; FR-RPT-010,Automated assertion only; requirement-level mapping is partial,2026-10-02T20:13:13.222907-05:00
APP-827,Application,qualification.test_report_exports::test_cancellation_before_start_is_honoured_and_nothing_is_rendered,Pass,qualification/test_report_exports.py,docs/evidence/application-tests.xml,FR-RPT-003; FR-RPT-005; FR-RPT-007; FR-RPT-009; FR-RPT-010,Automated assertion only; requirement-level mapping is partial,2026-10-02T20:13:13.222907-05:00
APP-828,Application,qualification.test_report_exports::test_export_request_is_one_queued_job_with_receipt_audit_and_exact_retry,Pass,qualification/test_report_exports.py,docs/evidence/application-tests.xml,FR-RPT-003; FR-RPT-005; FR-RPT-007; FR-RPT-009; FR-RPT-010,Automated assertion only; requirement-level mapping is partial,2026-10-02T20:13:13.222907-05:00
APP-829,Application,qualification.test_report_exports::test_export_request_needs_an_approved_package_the_capability_and_the_tenant,Pass,qualification/test_report_exports.py,docs/evidence/application-tests.xml,FR-RPT-003; FR-RPT-005; FR-RPT-007; FR-RPT-009; FR-RPT-010,Automated assertion only; requirement-level mapping is partial,2026-10-02T20:13:13.222907-05:00
APP-830,Application,qualification.test_report_exports::test_export_tables_are_tenant_fenced_and_artifacts_are_insert_only,Pass,qualification/test_report_exports.py,docs/evidence/application-tests.xml,FR-RPT-003; FR-RPT-005; FR-RPT-007; FR-RPT-009; FR-RPT-010,Automated assertion only; requirement-level mapping is partial,2026-10-02T20:13:13.222907-05:00
APP-831,Application,qualification.test_report_exports::test_native_two_workers_claiming_at_once_lease_each_export_once,Pass,qualification/test_report_exports.py,docs/evidence/native-application-tests.xml,FR-RPT-003; FR-RPT-005; FR-RPT-007; FR-RPT-009; FR-RPT-010,Automated assertion on native PostgreSQL 16.13 (single node without a pooler); skipped on PGlite with a stated reason; requirement-level mapping is partial,2026-10-02T20:19:23.233124-05:00
APP-832,Application,qualification.test_report_exports::test_pdf_refuses_glyphs_it_cannot_draw_instead_of_dropping_them,Pass,qualification/test_report_exports.py,docs/evidence/application-tests.xml,FR-RPT-003; FR-RPT-005; FR-RPT-007; FR-RPT-009; FR-RPT-010,Automated assertion only; requirement-level mapping is partial,2026-10-02T20:13:13.222907-05:00
APP-833,Application,qualification.test_report_exports::test_published_exports_reach_named_recipients_only_and_withdrawal_blocks_them,Pass,qualification/test_report_exports.py,docs/evidence/application-tests.xml,FR-RPT-003; FR-RPT-005; FR-RPT-007; FR-RPT-009; FR-RPT-010,Automated assertion only; requirement-level mapping is partial,2026-10-02T20:13:13.222907-05:00
APP-834,Application,qualification.test_report_exports::test_renderers_are_byte_deterministic_and_carry_only_displayed_values,Pass,qualification/test_report_exports.py,docs/evidence/application-tests.xml,FR-RPT-003; FR-RPT-005; FR-RPT-007; FR-RPT-009; FR-RPT-010,Automated assertion only; requirement-level mapping is partial,2026-10-02T20:13:13.222907-05:00
APP-835,Application,qualification.test_report_exports::test_transient_failures_back_off_then_fail_with_an_error_class_only,Pass,qualification/test_report_exports.py,docs/evidence/application-tests.xml,FR-RPT-003; FR-RPT-005; FR-RPT-007; FR-RPT-009; FR-RPT-010,Automated assertion only; requirement-level mapping is partial,2026-10-02T20:13:13.222907-05:00
APP-836,Application,qualification.test_report_exports::test_worker_renders_immutable_artifacts_whose_numbers_match_the_snapshot_and_html,Pass,qualification/test_report_exports.py,docs/evidence/application-tests.xml,FR-RPT-003; FR-RPT-005; FR-RPT-007; FR-RPT-009; FR-RPT-010,Automated assertion only; requirement-level mapping is partial,2026-10-02T20:13:13.222907-05:00
APP-837,Application,qualification.test_reporting::test_report_export_requires_approved_binding_and_tenant_access,Pass,qualification/test_reporting.py,docs/evidence/application-tests.xml,FR-RPT-003; FR-RPT-005; FR-RPT-007; FR-RPT-009; FR-RPT-010,Automated assertion only; requirement-level mapping is partial,2026-10-02T20:13:13.222907-05:00
APP-838,Application,qualification.test_reporting::test_report_package_approval_freezes_binding_and_exports_escaped_html,Pass,qualification/test_reporting.py,docs/evidence/application-tests.xml,FR-RPT-003; FR-RPT-005; FR-RPT-007; FR-RPT-009; FR-RPT-010,Automated assertion only; requirement-level mapping is partial,2026-10-02T20:13:13.222907-05:00
APP-839,Application,qualification.test_reporting::test_report_submit_requires_complete_snapshot_reconciled_package,Pass,qualification/test_reporting.py,docs/evidence/application-tests.xml,FR-RPT-003; FR-RPT-005; FR-RPT-007; FR-RPT-009; FR-RPT-010,Automated assertion only; requirement-level mapping is partial,2026-10-02T20:13:13.222907-05:00
APP-840,Application,qualification.test_reporting::test_report_template_requirements_and_internal_audience_are_enforced,Pass,qualification/test_reporting.py,docs/evidence/application-tests.xml,FR-RPT-003; FR-RPT-005; FR-RPT-007; FR-RPT-009; FR-RPT-010,Automated assertion only; requirement-level mapping is partial,2026-10-02T20:13:13.222907-05:00
APP-841,Application,qualification.test_retention::test_a_stale_lease_holder_neither_deletes_nor_proves,Pass,qualification/test_retention.py,docs/evidence/application-tests.xml,FR-PRV-004,Automated assertion only; requirement-level mapping is partial,2026-10-02T20:13:13.222907-05:00
APP-842,Application,qualification.test_retention::test_a_sweep_that_keeps_failing_backs_off_then_fails_with_an_error_class,Pass,qualification/test_retention.py,docs/evidence/application-tests.xml,FR-PRV-004,Automated assertion only; requirement-level mapping is partial,2026-10-02T20:13:13.222907-05:00
APP-843,Application,qualification.test_retention::test_sweep_removes_only_expired_items_and_proves_each_class,Pass,qualification/test_retention.py,docs/evidence/application-tests.xml,FR-PRV-004,Automated assertion only; requirement-level mapping is partial,2026-10-02T20:13:13.222907-05:00
APP-844,Application,qualification.test_retention::test_worker_holds_exactly_the_retention_privileges,Pass,qualification/test_retention.py,docs/evidence/application-tests.xml,FR-PRV-004,Automated assertion only; requirement-level mapping is partial,2026-10-02T20:13:13.222907-05:00
APP-845,Application,qualification.test_security_privacy::test_a_scan_cannot_flood_the_denial_table,Pass,qualification/test_security_privacy.py,docs/evidence/application-tests.xml,FR-SEC-007; FR-PRV-004; FR-PRV-005; VF-AUD-001,Automated assertion only; requirement-level mapping is partial,2026-10-02T20:13:13.222907-05:00
APP-846,Application,qualification.test_security_privacy::test_denials_are_recorded_collapsed_listed_and_exported,Pass,qualification/test_security_privacy.py,docs/evidence/application-tests.xml,FR-SEC-007; FR-PRV-004; FR-PRV-005; VF-AUD-001,Automated assertion only; requirement-level mapping is partial,2026-10-02T20:13:13.222907-05:00
APP-847,Application,qualification.test_security_privacy::test_holds_are_placed_through_the_api_block_erasure_and_release_independently,Pass,qualification/test_security_privacy.py,docs/evidence/application-tests.xml,FR-SEC-007; FR-PRV-004; FR-PRV-005; VF-AUD-001,Automated assertion only; requirement-level mapping is partial,2026-10-02T20:13:13.222907-05:00
APP-848,Application,qualification.test_security_privacy::test_native_security_privacy_tables_are_fenced_for_the_application_login,Pass,qualification/test_security_privacy.py,docs/evidence/native-application-tests.xml,FR-SEC-007; FR-PRV-004; FR-PRV-005; VF-AUD-001,Automated assertion on native PostgreSQL 16.13 (single node without a pooler); skipped on PGlite with a stated reason; requirement-level mapping is partial,2026-10-02T20:19:23.233124-05:00
APP-849,Application,qualification.test_security_privacy::test_policy_bounds_keep_the_audit_floor_and_the_fixed_actions,Pass,qualification/test_security_privacy.py,docs/evidence/application-tests.xml,FR-SEC-007; FR-PRV-004; FR-PRV-005; VF-AUD-001,Automated assertion only; requirement-level mapping is partial,2026-10-02T20:13:13.222907-05:00
APP-850,Application,qualification.test_security_privacy::test_policy_rows_roles_assurance_and_independence,Pass,qualification/test_security_privacy.py,docs/evidence/application-tests.xml,FR-SEC-007; FR-PRV-004; FR-PRV-005; VF-AUD-001,Automated assertion only; requirement-level mapping is partial,2026-10-02T20:13:13.222907-05:00
APP-851,Application,qualification.test_security_privacy::test_retention_policies_need_independent_approval_and_the_sweep_honours_them,Pass,qualification/test_security_privacy.py,docs/evidence/application-tests.xml,FR-SEC-007; FR-PRV-004; FR-PRV-005; VF-AUD-001,Automated assertion only; requirement-level mapping is partial,2026-10-02T20:13:13.222907-05:00
APP-852,Application,qualification.test_security_privacy::test_route_template_strips_identifiers,Pass,qualification/test_security_privacy.py,docs/evidence/application-tests.xml,FR-SEC-007; FR-PRV-004; FR-PRV-005; VF-AUD-001,Automated assertion only; requirement-level mapping is partial,2026-10-02T20:13:13.222907-05:00
APP-853,Application,qualification.test_security_privacy::test_the_audit_window_is_never_crossed_and_audit_events_are_never_swept,Pass,qualification/test_security_privacy.py,docs/evidence/application-tests.xml,FR-SEC-007; FR-PRV-004; FR-PRV-005; VF-AUD-001,Automated assertion only; requirement-level mapping is partial,2026-10-02T20:13:13.222907-05:00
APP-854,Application,qualification.test_status::test_a_stale_worker_turns_the_delivery_and_export_notices_on_for_everyone,Pass,qualification/test_status.py,docs/evidence/application-tests.xml,VF-AVL-002,Automated assertion only; requirement-level mapping is partial,2026-10-02T20:13:13.222907-05:00
APP-855,Application,qualification.test_status::test_members_read_notices_only_and_operators_read_the_detail,Pass,qualification/test_status.py,docs/evidence/application-tests.xml,VF-AVL-002,Automated assertion only; requirement-level mapping is partial,2026-10-02T20:13:13.222907-05:00
APP-856,Application,qualification.test_status_alerts_unit::test_a_healthy_deployment_has_no_notices,Pass,qualification/test_status_alerts_unit.py,docs/evidence/application-tests.xml,VF-AVL-002; VF-OBS-001,Automated assertion only; requirement-level mapping is partial,2026-10-02T20:13:13.222907-05:00
APP-857,Application,qualification.test_status_alerts_unit::test_an_undelivered_new_alert_is_new_again_next_check,Pass,qualification/test_status_alerts_unit.py,docs/evidence/application-tests.xml,VF-AVL-002; VF-OBS-001,Automated assertion only; requirement-level mapping is partial,2026-10-02T20:13:13.222907-05:00
APP-858,Application,qualification.test_status_alerts_unit::test_email_goes_through_the_workers_smtp_and_skips_the_loopback_capture,Pass,qualification/test_status_alerts_unit.py,docs/evidence/application-tests.xml,VF-AVL-002; VF-OBS-001,Automated assertion only; requirement-level mapping is partial,2026-10-02T20:13:13.222907-05:00
APP-859,Application,qualification.test_status_alerts_unit::test_evaluate_alerts_carry_targets,Pass,qualification/test_status_alerts_unit.py,docs/evidence/application-tests.xml,VF-AVL-002; VF-OBS-001,Automated assertion only; requirement-level mapping is partial,2026-10-02T20:13:13.222907-05:00
APP-860,Application,qualification.test_status_alerts_unit::test_every_notice_is_catalogue_text_and_ordered_by_severity,Pass,qualification/test_status_alerts_unit.py,docs/evidence/application-tests.xml,VF-AVL-002; VF-OBS-001,Automated assertion only; requirement-level mapping is partial,2026-10-02T20:13:13.222907-05:00
APP-861,Application,qualification.test_status_alerts_unit::test_notify_cli_reads_secrets_from_the_environment_only,Pass,qualification/test_status_alerts_unit.py,docs/evidence/application-tests.xml,VF-AVL-002; VF-OBS-001,Automated assertion only; requirement-level mapping is partial,2026-10-02T20:13:13.222907-05:00
APP-862,Application,qualification.test_status_alerts_unit::test_notify_delivers_once_records_state_and_retries_after_a_failed_webhook,Pass,qualification/test_status_alerts_unit.py,docs/evidence/application-tests.xml,VF-AVL-002; VF-OBS-001,Automated assertion only; requirement-level mapping is partial,2026-10-02T20:13:13.222907-05:00
APP-863,Application,qualification.test_status_alerts_unit::test_on_call_path_defaults_beside_the_ops_status_file,Pass,qualification/test_status_alerts_unit.py,docs/evidence/application-tests.xml,VF-AVL-002; VF-OBS-001,Automated assertion only; requirement-level mapping is partial,2026-10-02T20:13:13.222907-05:00
APP-864,Application,qualification.test_status_alerts_unit::test_on_call_rota_is_bounded_and_problems_are_closed_codes,Pass,qualification/test_status_alerts_unit.py,docs/evidence/application-tests.xml,VF-AVL-002; VF-OBS-001,Automated assertion only; requirement-level mapping is partial,2026-10-02T20:13:13.222907-05:00
APP-865,Application,qualification.test_status_alerts_unit::test_ops_check_delivers_transitions_with_secrets_in_the_environment_only,Pass,qualification/test_status_alerts_unit.py,docs/evidence/application-tests.xml,VF-AVL-002; VF-OBS-001,Automated assertion only; requirement-level mapping is partial,2026-10-02T20:13:13.222907-05:00
APP-866,Application,qualification.test_status_alerts_unit::test_readiness_exercise_script_covers_the_checklist,Pass,qualification/test_status_alerts_unit.py,docs/evidence/application-tests.xml,VF-AVL-002; VF-OBS-001,Automated assertion only; requirement-level mapping is partial,2026-10-02T20:13:13.222907-05:00
APP-867,Application,qualification.test_status_alerts_unit::test_server_alerts_map_to_functions_and_a_stale_check_is_ignored,Pass,qualification/test_status_alerts_unit.py,docs/evidence/application-tests.xml,VF-AVL-002; VF-OBS-001,Automated assertion only; requirement-level mapping is partial,2026-10-02T20:13:13.222907-05:00
APP-868,Application,qualification.test_status_alerts_unit::test_storage_thresholds,Pass,qualification/test_status_alerts_unit.py,docs/evidence/application-tests.xml,VF-AVL-002; VF-OBS-001,Automated assertion only; requirement-level mapping is partial,2026-10-02T20:13:13.222907-05:00
APP-869,Application,qualification.test_status_alerts_unit::test_store_space_uses_the_nearest_existing_ancestor,Pass,qualification/test_status_alerts_unit.py,docs/evidence/application-tests.xml,VF-AVL-002; VF-OBS-001,Automated assertion only; requirement-level mapping is partial,2026-10-02T20:13:13.222907-05:00
APP-870,Application,qualification.test_status_alerts_unit::test_transitions_new_then_quiet_then_reminder_then_cleared,Pass,qualification/test_status_alerts_unit.py,docs/evidence/application-tests.xml,VF-AVL-002; VF-OBS-001,Automated assertion only; requirement-level mapping is partial,2026-10-02T20:13:13.222907-05:00
APP-871,Application,qualification.test_status_alerts_unit::test_webhook_is_signed_slack_compatible_and_free_of_secrets,Pass,qualification/test_status_alerts_unit.py,docs/evidence/application-tests.xml,VF-AVL-002; VF-OBS-001,Automated assertion only; requirement-level mapping is partial,2026-10-02T20:13:13.222907-05:00
APP-872,Application,qualification.test_status_alerts_unit::test_worker_freshness_rules_by_environment,Pass,qualification/test_status_alerts_unit.py,docs/evidence/application-tests.xml,VF-AVL-002; VF-OBS-001,Automated assertion only; requirement-level mapping is partial,2026-10-02T20:13:13.222907-05:00
APP-873,Application,qualification.test_tenant_lifecycle::test_closed_profile_and_qualified_policy[changes0],Pass,qualification/test_tenant_lifecycle.py,docs/evidence/application-tests.xml,FR-TEN-001,Automated assertion only; requirement-level mapping is partial,2026-10-02T20:13:13.222907-05:00
APP-874,Application,qualification.test_tenant_lifecycle::test_closed_profile_and_qualified_policy[changes1],Pass,qualification/test_tenant_lifecycle.py,docs/evidence/application-tests.xml,FR-TEN-001,Automated assertion only; requirement-level mapping is partial,2026-10-02T20:13:13.222907-05:00
APP-875,Application,qualification.test_tenant_lifecycle::test_closed_profile_and_qualified_policy[changes2],Pass,qualification/test_tenant_lifecycle.py,docs/evidence/application-tests.xml,FR-TEN-001,Automated assertion only; requirement-level mapping is partial,2026-10-02T20:13:13.222907-05:00
APP-876,Application,qualification.test_tenant_lifecycle::test_closed_profile_and_qualified_policy[changes3],Pass,qualification/test_tenant_lifecycle.py,docs/evidence/application-tests.xml,FR-TEN-001,Automated assertion only; requirement-level mapping is partial,2026-10-02T20:13:13.222907-05:00
APP-877,Application,qualification.test_tenant_lifecycle::test_closed_profile_and_qualified_policy[changes4],Pass,qualification/test_tenant_lifecycle.py,docs/evidence/application-tests.xml,FR-TEN-001,Automated assertion only; requirement-level mapping is partial,2026-10-02T20:13:13.222907-05:00
APP-878,Application,qualification.test_tenant_lifecycle::test_operator_revocation_prevents_receipt_replay,Pass,qualification/test_tenant_lifecycle.py,docs/evidence/application-tests.xml,FR-TEN-001,Automated assertion only; requirement-level mapping is partial,2026-10-02T20:13:13.222907-05:00
APP-879,Application,qualification.test_tenant_lifecycle::test_owner_acceptance_activation_independence_and_no_implied_access,Pass,qualification/test_tenant_lifecycle.py,docs/evidence/application-tests.xml,FR-TEN-001,Automated assertion only; requirement-level mapping is partial,2026-10-02T20:13:13.222907-05:00
APP-880,Application,qualification.test_tenant_lifecycle::test_platform_record_projection_does_not_reveal_business_payloads,Pass,qualification/test_tenant_lifecycle.py,docs/evidence/application-tests.xml,FR-TEN-001,Automated assertion only; requirement-level mapping is partial,2026-10-02T20:13:13.222907-05:00
APP-881,Application,qualification.test_tenant_lifecycle::test_qualification_revision_drift_and_expired_acceptance,Pass,qualification/test_tenant_lifecycle.py,docs/evidence/application-tests.xml,FR-TEN-001,Automated assertion only; requirement-level mapping is partial,2026-10-02T20:13:13.222907-05:00
APP-882,Application,qualification.test_tenant_lifecycle::test_recent_authentication_required,Pass,qualification/test_tenant_lifecycle.py,docs/evidence/application-tests.xml,FR-TEN-001,Automated assertion only; requirement-level mapping is partial,2026-10-02T20:13:13.222907-05:00
APP-883,Application,qualification.test_tenant_lifecycle::test_request_requires_separate_operator_authority,Pass,qualification/test_tenant_lifecycle.py,docs/evidence/application-tests.xml,FR-TEN-001,Automated assertion only; requirement-level mapping is partial,2026-10-02T20:13:13.222907-05:00
APP-884,Application,qualification.test_tenant_lifecycle::test_runtime_roles_cannot_manufacture_platform_authority_or_lifecycle,Pass,qualification/test_tenant_lifecycle.py,docs/evidence/application-tests.xml,FR-TEN-001,Automated assertion only; requirement-level mapping is partial,2026-10-02T20:13:13.222907-05:00
APP-885,Application,qualification.test_tenant_lifecycle::test_suspension_holds_work_without_resurrection_or_cross_tenant_effect,Pass,qualification/test_tenant_lifecycle.py,docs/evidence/application-tests.xml,FR-TEN-001,Automated assertion only; requirement-level mapping is partial,2026-10-02T20:13:13.222907-05:00
APP-886,Application,qualification.test_tenant_lifecycle::test_suspension_reactivation_and_closing_fence,Pass,qualification/test_tenant_lifecycle.py,docs/evidence/application-tests.xml,FR-TEN-001,Automated assertion only; requirement-level mapping is partial,2026-10-02T20:13:13.222907-05:00
APP-887,Application,qualification.test_unit::test_additive_contracts,Pass,qualification/test_unit.py,docs/evidence/application-tests.xml,,Automated assertion only; requirement-level mapping is partial,2026-10-02T20:13:13.222907-05:00
APP-888,Application,qualification.test_unit::test_boolean_environment_flags_accept_spellings_and_refuse_the_rest,Pass,qualification/test_unit.py,docs/evidence/application-tests.xml,,Automated assertion only; requirement-level mapping is partial,2026-10-02T20:13:13.222907-05:00
APP-889,Application,qualification.test_unit::test_canonical_negative_zero,Pass,qualification/test_unit.py,docs/evidence/application-tests.xml,,Automated assertion only; requirement-level mapping is partial,2026-10-02T20:13:13.222907-05:00
APP-890,Application,qualification.test_unit::test_decimal_input[ 1],Pass,qualification/test_unit.py,docs/evidence/application-tests.xml,,Automated assertion only; requirement-level mapping is partial,2026-10-02T20:13:13.222907-05:00
APP-891,Application,qualification.test_unit::test_decimal_input[01],Pass,qualification/test_unit.py,docs/evidence/application-tests.xml,,Automated assertion only; requirement-level mapping is partial,2026-10-02T20:13:13.222907-05:00
APP-892,Application,qualification.test_unit::test_decimal_input[1.1234567890123],Pass,qualification/test_unit.py,docs/evidence/application-tests.xml,,Automated assertion only; requirement-level mapping is partial,2026-10-02T20:13:13.222907-05:00
APP-893,Application,qualification.test_unit::test_decimal_input[1.],Pass,qualification/test_unit.py,docs/evidence/application-tests.xml,,Automated assertion only; requirement-level mapping is partial,2026-10-02T20:13:13.222907-05:00
APP-894,Application,qualification.test_unit::test_decimal_input[1],Pass,qualification/test_unit.py,docs/evidence/application-tests.xml,,Automated assertion only; requirement-level mapping is partial,2026-10-02T20:13:13.222907-05:00
APP-895,Application,qualification.test_unit::test_decimal_input[1e2],Pass,qualification/test_unit.py,docs/evidence/application-tests.xml,,Automated assertion only; requirement-level mapping is partial,2026-10-02T20:13:13.222907-05:00
APP-896,Application,qualification.test_unit::test_decimal_input[Infinity],Pass,qualification/test_unit.py,docs/evidence/application-tests.xml,,Automated assertion only; requirement-level mapping is partial,2026-10-02T20:13:13.222907-05:00
APP-897,Application,qualification.test_unit::test_decimal_input[NaN],Pass,qualification/test_unit.py,docs/evidence/application-tests.xml,,Automated assertion only; requirement-level mapping is partial,2026-10-02T20:13:13.222907-05:00
APP-898,Application,qualification.test_unit::test_decimal_input[None],Pass,qualification/test_unit.py,docs/evidence/application-tests.xml,,Automated assertion only; requirement-level mapping is partial,2026-10-02T20:13:13.222907-05:00
APP-899,Application,qualification.test_unit::test_delivery_sealing_is_bound_to_its_intent_and_codes_are_derived,Pass,qualification/test_unit.py,docs/evidence/application-tests.xml,,Automated assertion only; requirement-level mapping is partial,2026-10-02T20:13:13.222907-05:00
APP-900,Application,qualification.test_unit::test_excludes_unapproved,Pass,qualification/test_unit.py,docs/evidence/application-tests.xml,,Automated assertion only; requirement-level mapping is partial,2026-10-02T20:13:13.222907-05:00
APP-901,Application,qualification.test_unit::test_invalid_components[-1-1],Pass,qualification/test_unit.py,docs/evidence/application-tests.xml,,Automated assertion only; requirement-level mapping is partial,2026-10-02T20:13:13.222907-05:00
APP-902,Application,qualification.test_unit::test_invalid_components[1--1],Pass,qualification/test_unit.py,docs/evidence/application-tests.xml,,Automated assertion only; requirement-level mapping is partial,2026-10-02T20:13:13.222907-05:00
APP-903,Application,qualification.test_unit::test_invalid_components[2-1],Pass,qualification/test_unit.py,docs/evidence/application-tests.xml,,Automated assertion only; requirement-level mapping is partial,2026-10-02T20:13:13.222907-05:00
APP-904,Application,qualification.test_unit::test_overflow,Pass,qualification/test_unit.py,docs/evidence/application-tests.xml,,Automated assertion only; requirement-level mapping is partial,2026-10-02T20:13:13.222907-05:00
APP-905,Application,qualification.test_unit::test_patch_requires_revision,Pass,qualification/test_unit.py,docs/evidence/application-tests.xml,,Automated assertion only; requirement-level mapping is partial,2026-10-02T20:13:13.222907-05:00
APP-906,Application,qualification.test_unit::test_pooled_percentage,Pass,qualification/test_unit.py,docs/evidence/application-tests.xml,,Automated assertion only; requirement-level mapping is partial,2026-10-02T20:13:13.222907-05:00
APP-907,Application,qualification.test_unit::test_present_requires_value,Pass,qualification/test_unit.py,docs/evidence/application-tests.xml,,Automated assertion only; requirement-level mapping is partial,2026-10-02T20:13:13.222907-05:00
APP-908,Application,qualification.test_unit::test_production_refuses_development_identity,Pass,qualification/test_unit.py,docs/evidence/application-tests.xml,,Automated assertion only; requirement-level mapping is partial,2026-10-02T20:13:13.222907-05:00
APP-909,Application,qualification.test_unit::test_production_requires_a_separate_delivery_secret,Pass,qualification/test_unit.py,docs/evidence/application-tests.xml,,Automated assertion only; requirement-level mapping is partial,2026-10-02T20:13:13.222907-05:00
APP-910,Application,qualification.test_unit::test_round_once,Pass,qualification/test_unit.py,docs/evidence/application-tests.xml,,Automated assertion only; requirement-level mapping is partial,2026-10-02T20:13:13.222907-05:00
APP-911,Application,qualification.test_unit::test_route_missing_from_contract_is_not_found,Pass,qualification/test_unit.py,docs/evidence/application-tests.xml,,Automated assertion only; requirement-level mapping is partial,2026-10-02T20:13:13.222907-05:00
APP-912,Application,qualification.test_unit::test_server_owned_fields[data0],Pass,qualification/test_unit.py,docs/evidence/application-tests.xml,,Automated assertion only; requirement-level mapping is partial,2026-10-02T20:13:13.222907-05:00
APP-913,Application,qualification.test_unit::test_server_owned_fields[data1],Pass,qualification/test_unit.py,docs/evidence/application-tests.xml,,Automated assertion only; requirement-level mapping is partial,2026-10-02T20:13:13.222907-05:00
APP-914,Application,qualification.test_unit::test_server_owned_fields[data2],Pass,qualification/test_unit.py,docs/evidence/application-tests.xml,,Automated assertion only; requirement-level mapping is partial,2026-10-02T20:13:13.222907-05:00
APP-915,Application,qualification.test_unit::test_server_owned_fields[data3],Pass,qualification/test_unit.py,docs/evidence/application-tests.xml,,Automated assertion only; requirement-level mapping is partial,2026-10-02T20:13:13.222907-05:00
APP-916,Application,qualification.test_unit::test_stock_cannot_sum,Pass,qualification/test_unit.py,docs/evidence/application-tests.xml,,Automated assertion only; requirement-level mapping is partial,2026-10-02T20:13:13.222907-05:00
APP-917,Application,qualification.test_unit::test_zero_denominator,Pass,qualification/test_unit.py,docs/evidence/application-tests.xml,,Automated assertion only; requirement-level mapping is partial,2026-10-02T20:13:13.222907-05:00
APP-918,Application,qualification.test_usable_staging::test_initial_access_v2_ceiling_covers_purpose_bound_capabilities_without_role_templates,Pass,qualification/test_usable_staging.py,docs/evidence/application-tests.xml,FR-TEN-001,Automated assertion only; requirement-level mapping is partial,2026-10-02T20:13:13.222907-05:00
APP-919,Application,qualification.test_usable_staging::test_purpose_bound_grant_needs_an_independent_second_person,Pass,qualification/test_usable_staging.py,docs/evidence/application-tests.xml,FR-TEN-001,Automated assertion only; requirement-level mapping is partial,2026-10-02T20:13:13.222907-05:00
APP-920,Application,qualification.test_usable_staging::test_purpose_grant_requests_are_bounded[changes0-403-NON_DELEGABLE_CAPABILITY],Pass,qualification/test_usable_staging.py,docs/evidence/application-tests.xml,FR-TEN-001,Automated assertion only; requirement-level mapping is partial,2026-10-02T20:13:13.222907-05:00
APP-921,Application,qualification.test_usable_staging::test_purpose_grant_requests_are_bounded[changes1-403-NON_DELEGABLE_CAPABILITY],Pass,qualification/test_usable_staging.py,docs/evidence/application-tests.xml,FR-TEN-001,Automated assertion only; requirement-level mapping is partial,2026-10-02T20:13:13.222907-05:00
APP-922,Application,qualification.test_usable_staging::test_purpose_grant_requests_are_bounded[changes2-403-PURPOSE_NOT_PERMITTED],Pass,qualification/test_usable_staging.py,docs/evidence/application-tests.xml,FR-TEN-001,Automated assertion only; requirement-level mapping is partial,2026-10-02T20:13:13.222907-05:00
APP-923,Application,qualification.test_usable_staging::test_purpose_grant_requests_are_bounded[changes3-422-GRANT_EXPIRY_BOUNDS],Pass,qualification/test_usable_staging.py,docs/evidence/application-tests.xml,FR-TEN-001,Automated assertion only; requirement-level mapping is partial,2026-10-02T20:13:13.222907-05:00
APP-924,Application,qualification.test_usable_staging::test_purpose_grants_never_exceed_the_ceiling_or_touch_the_owner,Pass,qualification/test_usable_staging.py,docs/evidence/application-tests.xml,FR-TEN-001,Automated assertion only; requirement-level mapping is partial,2026-10-02T20:13:13.222907-05:00
APP-925,Application,qualification.test_usable_staging::test_reference_commands_are_governed_tenant_administration,Pass,qualification/test_usable_staging.py,docs/evidence/application-tests.xml,FR-TEN-001,Automated assertion only; requirement-level mapping is partial,2026-10-02T20:13:13.222907-05:00
APP-926,Application,qualification.test_usable_staging::test_reference_defaults_make_a_new_tenant_ready_for_measurement,Pass,qualification/test_usable_staging.py,docs/evidence/application-tests.xml,FR-TEN-001,Automated assertion only; requirement-level mapping is partial,2026-10-02T20:13:13.222907-05:00
APP-927,Application,qualification.test_usable_staging_unit::test_account_creation_without_a_provider_is_unavailable,Pass,qualification/test_usable_staging_unit.py,docs/evidence/application-tests.xml,FR-IAM-001,Automated assertion only; requirement-level mapping is partial,2026-10-02T20:13:13.222907-05:00
APP-928,Application,qualification.test_usable_staging_unit::test_development_accounts_and_first_sign_in,Pass,qualification/test_usable_staging_unit.py,docs/evidence/application-tests.xml,FR-IAM-001,Automated assertion only; requirement-level mapping is partial,2026-10-02T20:13:13.222907-05:00
APP-929,Application,qualification.test_usable_staging_unit::test_keycloak_accounts_create_once_reissue_and_never_echo_passwords,Pass,qualification/test_usable_staging_unit.py,docs/evidence/application-tests.xml,FR-IAM-001,Automated assertion only; requirement-level mapping is partial,2026-10-02T20:13:13.222907-05:00
APP-930,Application,qualification.test_usable_staging_unit::test_keycloak_accounts_fail_closed_without_the_service_account,Pass,qualification/test_usable_staging_unit.py,docs/evidence/application-tests.xml,FR-IAM-001,Automated assertion only; requirement-level mapping is partial,2026-10-02T20:13:13.222907-05:00
APP-931,Application,qualification.test_usable_staging_unit::test_monthly_periods_follow_summer_time_and_annual_is_one_period,Pass,qualification/test_usable_staging_unit.py,docs/evidence/application-tests.xml,FR-IAM-001,Automated assertion only; requirement-level mapping is partial,2026-10-02T20:13:13.222907-05:00
APP-932,Application,qualification.test_usable_staging_unit::test_profile_is_generated_from_the_policy_and_covers_every_implemented_capability,Pass,qualification/test_usable_staging_unit.py,docs/evidence/application-tests.xml,FR-IAM-001,Automated assertion only; requirement-level mapping is partial,2026-10-02T20:13:13.222907-05:00
APP-933,Application,qualification.test_usable_staging_unit::test_provider_admin_configuration_rules,Pass,qualification/test_usable_staging_unit.py,docs/evidence/application-tests.xml,FR-IAM-001,Automated assertion only; requirement-level mapping is partial,2026-10-02T20:13:13.222907-05:00
APP-934,Application,qualification.test_usable_staging_unit::test_provisioner_client_holds_exactly_user_management,Pass,qualification/test_usable_staging_unit.py,docs/evidence/application-tests.xml,FR-IAM-001,Automated assertion only; requirement-level mapping is partial,2026-10-02T20:13:13.222907-05:00
APP-935,Application,qualification.test_usable_staging_unit::test_quarterly_periods_are_contiguous_local_midnights,Pass,qualification/test_usable_staging_unit.py,docs/evidence/application-tests.xml,FR-IAM-001,Automated assertion only; requirement-level mapping is partial,2026-10-02T20:13:13.222907-05:00
APP-936,Application,qualification.test_usable_staging_unit::test_readable_passwords_are_long_and_unambiguous,Pass,qualification/test_usable_staging_unit.py,docs/evidence/application-tests.xml,FR-IAM-001,Automated assertion only; requirement-level mapping is partial,2026-10-02T20:13:13.222907-05:00
APP-937,Application,qualification.test_usable_staging_unit::test_v1_manifests_still_validate,Pass,qualification/test_usable_staging_unit.py,docs/evidence/application-tests.xml,FR-IAM-001,Automated assertion only; requirement-level mapping is partial,2026-10-02T20:13:13.222907-05:00
APP-938,Application,qualification.test_version_unit::test_generated_contracts_carry_the_source_versions,Pass,qualification/test_version_unit.py,docs/evidence/application-tests.xml,,Automated assertion only; requirement-level mapping is partial,2026-10-02T20:13:13.222907-05:00
APP-939,Application,qualification.test_version_unit::test_migrations_are_numbered_contiguously_so_their_count_is_the_schema_version,Pass,qualification/test_version_unit.py,docs/evidence/application-tests.xml,,Automated assertion only; requirement-level mapping is partial,2026-10-02T20:13:13.222907-05:00
APP-940,Application,qualification.test_version_unit::test_runtime_code_carries_no_version_literal,Pass,qualification/test_version_unit.py,docs/evidence/application-tests.xml,,Automated assertion only; requirement-level mapping is partial,2026-10-02T20:13:13.222907-05:00
APP-941,Application,qualification.test_version_unit::test_version_source_is_complete_and_well_formed,Pass,qualification/test_version_unit.py,docs/evidence/application-tests.xml,,Automated assertion only; requirement-level mapping is partial,2026-10-02T20:13:13.222907-05:00
APP-942,Application,qualification.test_version_unit::test_web_client_package_matches_the_build,Pass,qualification/test_version_unit.py,docs/evidence/application-tests.xml,,Automated assertion only; requirement-level mapping is partial,2026-10-02T20:13:13.222907-05:00
APP-943,Application,qualification.test_work_center::test_correction_creates_personal_work_notice_and_recalculation_resolves_it,Pass,qualification/test_work_center.py,docs/evidence/application-tests.xml,FR-PLN-006; FR-PRG-001; FR-PRG-005; FR-PRG-006; FR-PRG-007; FR-IND-001; FR-IND-002; FR-IND-005; FR-IND-007; FR-IND-008; FR-IND-009; FR-IND-010; FR-IND-012; FR-CAL-011; FR-DAT-009; FR-DQ-006; FR-WFL-001; FR-WFL-002; FR-WFL-003; FR-WFL-004; FR-WFL-010,Automated assertion only; requirement-level mapping is partial,2026-10-02T20:13:13.222907-05:00
APP-944,Application,qualification.test_work_center::test_exclusion_requires_justification_and_cannot_remove_every_requirement,Pass,qualification/test_work_center.py,docs/evidence/application-tests.xml,FR-PLN-006; FR-PRG-001; FR-PRG-005; FR-PRG-006; FR-PRG-007; FR-IND-001; FR-IND-002; FR-IND-005; FR-IND-007; FR-IND-008; FR-IND-009; FR-IND-010; FR-IND-012; FR-CAL-011; FR-DAT-009; FR-DQ-006; FR-WFL-001; FR-WFL-002; FR-WFL-003; FR-WFL-004; FR-WFL-010,Automated assertion only; requirement-level mapping is partial,2026-10-02T20:13:13.222907-05:00
APP-945,Application,qualification.test_work_center::test_reviewed_exclusion_preserves_denominator_history_and_allows_close,Pass,qualification/test_work_center.py,docs/evidence/application-tests.xml,FR-PLN-006; FR-PRG-001; FR-PRG-005; FR-PRG-006; FR-PRG-007; FR-IND-001; FR-IND-002; FR-IND-005; FR-IND-007; FR-IND-008; FR-IND-009; FR-IND-010; FR-IND-012; FR-CAL-011; FR-DAT-009; FR-DQ-006; FR-WFL-001; FR-WFL-002; FR-WFL-003; FR-WFL-004; FR-WFL-010,Automated assertion only; requirement-level mapping is partial,2026-10-02T20:13:13.222907-05:00
APP-946,Application,qualification.test_worker::test_a_batch_row_whose_lease_ran_out_is_skipped_not_sent_twice,Pass,qualification/test_worker.py,docs/evidence/application-tests.xml,FR-TEN-001; FR-IAM-001; FR-WFL-006,Automated assertion only; requirement-level mapping is partial,2026-10-02T20:13:13.222907-05:00
APP-947,Application,qualification.test_worker::test_a_failing_tenant_or_template_does_not_stop_the_worker,Pass,qualification/test_worker.py,docs/evidence/application-tests.xml,FR-TEN-001; FR-IAM-001; FR-WFL-006,Automated assertion only; requirement-level mapping is partial,2026-10-02T20:13:13.222907-05:00
APP-948,Application,qualification.test_worker::test_a_held_row_is_never_sent_and_returns_to_pending_when_its_lease_ends,Pass,qualification/test_worker.py,docs/evidence/application-tests.xml,FR-TEN-001; FR-IAM-001; FR-WFL-006,Automated assertion only; requirement-level mapping is partial,2026-10-02T20:13:13.222907-05:00
APP-949,Application,qualification.test_worker::test_app_role_cannot_record_delivery_outcomes,Pass,qualification/test_worker.py,docs/evidence/application-tests.xml,FR-TEN-001; FR-IAM-001; FR-WFL-006,Automated assertion only; requirement-level mapping is partial,2026-10-02T20:13:13.222907-05:00
APP-950,Application,qualification.test_worker::test_authority_expiry_reminders_are_idempotent_per_threshold,Pass,qualification/test_worker.py,docs/evidence/application-tests.xml,FR-TEN-001; FR-IAM-001; FR-WFL-006,Automated assertion only; requirement-level mapping is partial,2026-10-02T20:13:13.222907-05:00
APP-951,Application,qualification.test_worker::test_calculation_stale_notice_is_delivered_in_app_exactly_once,Pass,qualification/test_worker.py,docs/evidence/application-tests.xml,FR-TEN-001; FR-IAM-001; FR-WFL-006,Automated assertion only; requirement-level mapping is partial,2026-10-02T20:13:13.222907-05:00
APP-952,Application,qualification.test_worker::test_challenge_contact_must_belong_to_the_same_tenant,Pass,qualification/test_worker.py,docs/evidence/application-tests.xml,FR-TEN-001; FR-IAM-001; FR-WFL-006,Automated assertion only; requirement-level mapping is partial,2026-10-02T20:13:13.222907-05:00
APP-953,Application,qualification.test_worker::test_channel_request_is_refused_for_a_closed_contact,Pass,qualification/test_worker.py,docs/evidence/application-tests.xml,FR-TEN-001; FR-IAM-001; FR-WFL-006,Automated assertion only; requirement-level mapping is partial,2026-10-02T20:13:13.222907-05:00
APP-954,Application,qualification.test_worker::test_channel_requests_are_rate_limited_and_confirm_follows_the_tenant_state,Pass,qualification/test_worker.py,docs/evidence/application-tests.xml,FR-TEN-001; FR-IAM-001; FR-WFL-006,Automated assertion only; requirement-level mapping is partial,2026-10-02T20:13:13.222907-05:00
APP-955,Application,qualification.test_worker::test_failures_back_off_with_jitter_then_become_dead,Pass,qualification/test_worker.py,docs/evidence/application-tests.xml,FR-TEN-001; FR-IAM-001; FR-WFL-006,Automated assertion only; requirement-level mapping is partial,2026-10-02T20:13:13.222907-05:00
APP-956,Application,qualification.test_worker::test_heartbeat_is_visible_to_platform_operators_only,Pass,qualification/test_worker.py,docs/evidence/application-tests.xml,FR-TEN-001; FR-IAM-001; FR-WFL-006,Automated assertion only; requirement-level mapping is partial,2026-10-02T20:13:13.222907-05:00
APP-957,Application,qualification.test_worker::test_invitation_intent_holds_no_token_or_address_and_is_sent_once,Pass,qualification/test_worker.py,docs/evidence/application-tests.xml,FR-TEN-001; FR-IAM-001; FR-WFL-006,Automated assertion only; requirement-level mapping is partial,2026-10-02T20:13:13.222907-05:00
APP-958,Application,qualification.test_worker::test_invitation_intent_needs_the_current_signing_secret,Pass,qualification/test_worker.py,docs/evidence/application-tests.xml,FR-TEN-001; FR-IAM-001; FR-WFL-006,Automated assertion only; requirement-level mapping is partial,2026-10-02T20:13:13.222907-05:00
APP-959,Application,qualification.test_worker::test_lease_takeover_refuses_the_stale_holders_completion,Pass,qualification/test_worker.py,docs/evidence/application-tests.xml,FR-TEN-001; FR-IAM-001; FR-WFL-006,Automated assertion only; requirement-level mapping is partial,2026-10-02T20:13:13.222907-05:00
APP-960,Application,qualification.test_worker::test_notice_for_an_inactive_recipient_is_superseded,Pass,qualification/test_worker.py,docs/evidence/application-tests.xml,FR-TEN-001; FR-IAM-001; FR-WFL-006,Automated assertion only; requirement-level mapping is partial,2026-10-02T20:13:13.222907-05:00
APP-961,Application,qualification.test_worker::test_permanent_smtp_rejection_is_dead_at_once_and_transient_is_retried,Pass,qualification/test_worker.py,docs/evidence/application-tests.xml,FR-TEN-001; FR-IAM-001; FR-WFL-006,Automated assertion only; requirement-level mapping is partial,2026-10-02T20:13:13.222907-05:00
APP-962,Application,qualification.test_worker::test_queued_job_cancellation_is_honoured_and_a_running_job_is_not_cancelled,Pass,qualification/test_worker.py,docs/evidence/application-tests.xml,FR-TEN-001; FR-IAM-001; FR-WFL-006,Automated assertion only; requirement-level mapping is partial,2026-10-02T20:13:13.222907-05:00
APP-963,Application,qualification.test_worker::test_recovery_channel_code_expires_and_locks_after_five_wrong_attempts,Pass,qualification/test_worker.py,docs/evidence/application-tests.xml,FR-TEN-001; FR-IAM-001; FR-WFL-006,Automated assertion only; requirement-level mapping is partial,2026-10-02T20:13:13.222907-05:00
APP-964,Application,qualification.test_worker::test_recovery_channel_verification_code_is_single_use_and_evidence_only,Pass,qualification/test_worker.py,docs/evidence/application-tests.xml,FR-TEN-001; FR-IAM-001; FR-WFL-006,Automated assertion only; requirement-level mapping is partial,2026-10-02T20:13:13.222907-05:00
APP-965,Application,qualification.test_worker::test_released_leases_on_stop_restore_the_attempt,Pass,qualification/test_worker.py,docs/evidence/application-tests.xml,FR-TEN-001; FR-IAM-001; FR-WFL-006,Automated assertion only; requirement-level mapping is partial,2026-10-02T20:13:13.222907-05:00
APP-966,Application,qualification.test_worker::test_resent_or_revoked_invitation_is_superseded_not_sent,Pass,qualification/test_worker.py,docs/evidence/application-tests.xml,FR-TEN-001; FR-IAM-001; FR-WFL-006,Automated assertion only; requirement-level mapping is partial,2026-10-02T20:13:13.222907-05:00
APP-967,Application,qualification.test_worker::test_sender_and_authentication_rejections_are_retried_recipient_rejection_is_dead[sink_options0-PENDING-SMTP_SENDER_REJECTED],Pass,qualification/test_worker.py,docs/evidence/application-tests.xml,FR-TEN-001; FR-IAM-001; FR-WFL-006,Automated assertion only; requirement-level mapping is partial,2026-10-02T20:13:13.222907-05:00
APP-968,Application,qualification.test_worker::test_sender_and_authentication_rejections_are_retried_recipient_rejection_is_dead[sink_options1-PENDING-SMTP_SENDER_REJECTED],Pass,qualification/test_worker.py,docs/evidence/application-tests.xml,FR-TEN-001; FR-IAM-001; FR-WFL-006,Automated assertion only; requirement-level mapping is partial,2026-10-02T20:13:13.222907-05:00
APP-969,Application,qualification.test_worker::test_sender_and_authentication_rejections_are_retried_recipient_rejection_is_dead[sink_options2-PENDING-SMTP_AUTHENTICATION],Pass,qualification/test_worker.py,docs/evidence/application-tests.xml,FR-TEN-001; FR-IAM-001; FR-WFL-006,Automated assertion only; requirement-level mapping is partial,2026-10-02T20:13:13.222907-05:00
APP-970,Application,qualification.test_worker::test_sender_and_authentication_rejections_are_retried_recipient_rejection_is_dead[sink_options3-DEAD-RECIPIENT_REFUSED],Pass,qualification/test_worker.py,docs/evidence/application-tests.xml,FR-TEN-001; FR-IAM-001; FR-WFL-006,Automated assertion only; requirement-level mapping is partial,2026-10-02T20:13:13.222907-05:00
APP-971,Application,qualification.test_worker::test_smtp_delivery_to_a_local_sink_and_no_external_call_inside_a_transaction,Pass,qualification/test_worker.py,docs/evidence/application-tests.xml,FR-TEN-001; FR-IAM-001; FR-WFL-006,Automated assertion only; requirement-level mapping is partial,2026-10-02T20:13:13.222907-05:00
APP-972,Application,qualification.test_worker::test_smtp_refuses_non_loopback_hosts_outside_staging,Pass,qualification/test_worker.py,docs/evidence/application-tests.xml,FR-TEN-001; FR-IAM-001; FR-WFL-006,Automated assertion only; requirement-level mapping is partial,2026-10-02T20:13:13.222907-05:00
APP-973,Application,qualification.test_worker::test_unsent_events_counts_only_open_dispatchable_intents,Pass,qualification/test_worker.py,docs/evidence/application-tests.xml,FR-TEN-001; FR-IAM-001; FR-WFL-006,Automated assertion only; requirement-level mapping is partial,2026-10-02T20:13:13.222907-05:00
APP-974,Application,qualification.test_worker::test_worker_job_and_report_privileges_after_migration_0026,Pass,qualification/test_worker.py,docs/evidence/application-tests.xml,FR-TEN-001; FR-IAM-001; FR-WFL-006,Automated assertion only; requirement-level mapping is partial,2026-10-02T20:13:13.222907-05:00
APP-975,Application,qualification.test_worker::test_worker_refuses_a_privileged_connection_when_unprivileged_is_required,Pass,qualification/test_worker.py,docs/evidence/application-tests.xml,FR-TEN-001; FR-IAM-001; FR-WFL-006,Automated assertion only; requirement-level mapping is partial,2026-10-02T20:13:13.222907-05:00
APP-976,Application,qualification.test_worker::test_worker_role_holds_no_privilege_migration_0025_revoked,Pass,qualification/test_worker.py,docs/evidence/application-tests.xml,FR-TEN-001; FR-IAM-001; FR-WFL-006,Automated assertion only; requirement-level mapping is partial,2026-10-02T20:13:13.222907-05:00
APP-977,Application,qualification.test_worker::test_worker_role_is_refused_on_revoked_tables,Pass,qualification/test_worker.py,docs/evidence/application-tests.xml,FR-TEN-001; FR-IAM-001; FR-WFL-006,Automated assertion only; requirement-level mapping is partial,2026-10-02T20:13:13.222907-05:00
APP-978,Application,qualification.test_worker::test_worker_role_reads_only_the_tenant_in_context,Pass,qualification/test_worker.py,docs/evidence/application-tests.xml,FR-TEN-001; FR-IAM-001; FR-WFL-006,Automated assertion only; requirement-level mapping is partial,2026-10-02T20:13:13.222907-05:00
APP-979,Application,qualification.test_worker::test_worker_settings_never_print_secrets_or_the_connection_string,Pass,qualification/test_worker.py,docs/evidence/application-tests.xml,FR-TEN-001; FR-IAM-001; FR-WFL-006,Automated assertion only; requirement-level mapping is partial,2026-10-02T20:13:13.222907-05:00
APP-980,Application,qualification.test_workspace_administration::test_assurance_is_claimed_by_trusted_provider_not_token_issuance,Pass,qualification/test_workspace_administration.py,docs/evidence/application-tests.xml,FR-TEN-002; FR-TEN-010; FR-IAM-003; FR-IAM-006; FR-IAM-008; FR-IAM-009; FR-IAM-010; FR-IAM-013; FR-ACC-002,Automated assertion only; requirement-level mapping is partial,2026-10-02T20:13:13.222907-05:00
APP-981,Application,qualification.test_workspace_administration::test_closed_workspace_lists[access-groups-AccessGroupList],Pass,qualification/test_workspace_administration.py,docs/evidence/application-tests.xml,FR-TEN-002; FR-TEN-010; FR-IAM-003; FR-IAM-006; FR-IAM-008; FR-IAM-009; FR-IAM-010; FR-IAM-013; FR-ACC-002,Automated assertion only; requirement-level mapping is partial,2026-10-02T20:13:13.222907-05:00
APP-982,Application,qualification.test_workspace_administration::test_closed_workspace_lists[group-change-requests-GroupChangeList],Pass,qualification/test_workspace_administration.py,docs/evidence/application-tests.xml,FR-TEN-002; FR-TEN-010; FR-IAM-003; FR-IAM-006; FR-IAM-008; FR-IAM-009; FR-IAM-010; FR-IAM-013; FR-ACC-002,Automated assertion only; requirement-level mapping is partial,2026-10-02T20:13:13.222907-05:00
APP-983,Application,qualification.test_workspace_administration::test_closed_workspace_lists[organisation-units-UnitDirectoryList],Pass,qualification/test_workspace_administration.py,docs/evidence/application-tests.xml,FR-TEN-002; FR-TEN-010; FR-IAM-003; FR-IAM-006; FR-IAM-008; FR-IAM-009; FR-IAM-010; FR-IAM-013; FR-ACC-002,Automated assertion only; requirement-level mapping is partial,2026-10-02T20:13:13.222907-05:00
APP-984,Application,qualification.test_workspace_administration::test_closed_workspace_lists[ownership-transfers-OwnershipTransferList],Pass,qualification/test_workspace_administration.py,docs/evidence/application-tests.xml,FR-TEN-002; FR-TEN-010; FR-IAM-003; FR-IAM-006; FR-IAM-008; FR-IAM-009; FR-IAM-010; FR-IAM-013; FR-ACC-002,Automated assertion only; requirement-level mapping is partial,2026-10-02T20:13:13.222907-05:00
APP-985,Application,qualification.test_workspace_administration::test_closed_workspace_lists[renewal-requests-MembershipRenewalList],Pass,qualification/test_workspace_administration.py,docs/evidence/application-tests.xml,FR-TEN-002; FR-TEN-010; FR-IAM-003; FR-IAM-006; FR-IAM-008; FR-IAM-009; FR-IAM-010; FR-IAM-013; FR-ACC-002,Automated assertion only; requirement-level mapping is partial,2026-10-02T20:13:13.222907-05:00
APP-986,Application,qualification.test_workspace_administration::test_custom_role_ceiling_system_protection_and_immutable_versions,Pass,qualification/test_workspace_administration.py,docs/evidence/application-tests.xml,FR-TEN-002; FR-TEN-010; FR-IAM-003; FR-IAM-006; FR-IAM-008; FR-IAM-009; FR-IAM-010; FR-IAM-013; FR-ACC-002,Automated assertion only; requirement-level mapping is partial,2026-10-02T20:13:13.222907-05:00
APP-987,Application,qualification.test_workspace_administration::test_custom_roles_delegate_only_implemented_capabilities,Pass,qualification/test_workspace_administration.py,docs/evidence/application-tests.xml,FR-TEN-002; FR-TEN-010; FR-IAM-003; FR-IAM-006; FR-IAM-008; FR-IAM-009; FR-IAM-010; FR-IAM-013; FR-ACC-002,Automated assertion only; requirement-level mapping is partial,2026-10-02T20:13:13.222907-05:00
APP-988,Application,qualification.test_workspace_administration::test_fifteen_minute_idle_and_csrf_revocation,Pass,qualification/test_workspace_administration.py,docs/evidence/application-tests.xml,FR-TEN-002; FR-TEN-010; FR-IAM-003; FR-IAM-006; FR-IAM-008; FR-IAM-009; FR-IAM-010; FR-IAM-013; FR-ACC-002,Automated assertion only; requirement-level mapping is partial,2026-10-02T20:13:13.222907-05:00
APP-989,Application,qualification.test_workspace_administration::test_group_review_derived_access_removal_and_role_revision_pinning,Pass,qualification/test_workspace_administration.py,docs/evidence/application-tests.xml,FR-TEN-002; FR-TEN-010; FR-IAM-003; FR-IAM-006; FR-IAM-008; FR-IAM-009; FR-IAM-010; FR-IAM-013; FR-ACC-002,Automated assertion only; requirement-level mapping is partial,2026-10-02T20:13:13.222907-05:00
APP-990,Application,qualification.test_workspace_administration::test_organisation_cycle_cross_tenant_and_root_move_projection,Pass,qualification/test_workspace_administration.py,docs/evidence/application-tests.xml,FR-TEN-002; FR-TEN-010; FR-IAM-003; FR-IAM-006; FR-IAM-008; FR-IAM-009; FR-IAM-010; FR-IAM-013; FR-ACC-002,Automated assertion only; requirement-level mapping is partial,2026-10-02T20:13:13.222907-05:00
APP-991,Application,qualification.test_workspace_administration::test_owner_transfer_requires_nominee_and_transfers_no_grants,Pass,qualification/test_workspace_administration.py,docs/evidence/application-tests.xml,FR-TEN-002; FR-TEN-010; FR-IAM-003; FR-IAM-006; FR-IAM-008; FR-IAM-009; FR-IAM-010; FR-IAM-013; FR-ACC-002,Automated assertion only; requirement-level mapping is partial,2026-10-02T20:13:13.222907-05:00
APP-992,Application,qualification.test_workspace_administration::test_pending_group_approval_rejects_changed_role_and_group,Pass,qualification/test_workspace_administration.py,docs/evidence/application-tests.xml,FR-TEN-002; FR-TEN-010; FR-IAM-003; FR-IAM-006; FR-IAM-008; FR-IAM-009; FR-IAM-010; FR-IAM-013; FR-ACC-002,Automated assertion only; requirement-level mapping is partial,2026-10-02T20:13:13.222907-05:00
APP-993,Application,qualification.test_workspace_administration::test_preferences_closed_identity_preserving_and_stale_write,Pass,qualification/test_workspace_administration.py,docs/evidence/application-tests.xml,FR-TEN-002; FR-TEN-010; FR-IAM-003; FR-IAM-006; FR-IAM-008; FR-IAM-009; FR-IAM-010; FR-IAM-013; FR-ACC-002,Automated assertion only; requirement-level mapping is partial,2026-10-02T20:13:13.222907-05:00
APP-994,Application,qualification.test_workspace_administration::test_renewal_requires_independence_and_never_restores_old_permissions,Pass,qualification/test_workspace_administration.py,docs/evidence/application-tests.xml,FR-TEN-002; FR-TEN-010; FR-IAM-003; FR-IAM-006; FR-IAM-008; FR-IAM-009; FR-IAM-010; FR-IAM-013; FR-ACC-002,Automated assertion only; requirement-level mapping is partial,2026-10-02T20:13:13.222907-05:00
APP-995,Application,qualification.test_workspace_administration::test_session_inventory_revoke_one_all_and_identity_isolation,Pass,qualification/test_workspace_administration.py,docs/evidence/application-tests.xml,FR-TEN-002; FR-TEN-010; FR-IAM-003; FR-IAM-006; FR-IAM-008; FR-IAM-009; FR-IAM-010; FR-IAM-013; FR-ACC-002,Automated assertion only; requirement-level mapping is partial,2026-10-02T20:13:13.222907-05:00
APP-996,Application,specification.reference-v1.tests.test_integration.Integration::test_IT_001,Pass,specification/reference-v1/tests/test_integration.py,docs/evidence/application-tests.xml,,Automated assertion only; requirement-level mapping is partial,2026-10-02T20:13:13.222907-05:00
APP-997,Application,specification.reference-v1.tests.test_integration.Integration::test_IT_002,Pass,specification/reference-v1/tests/test_integration.py,docs/evidence/application-tests.xml,,Automated assertion only; requirement-level mapping is partial,2026-10-02T20:13:13.222907-05:00
APP-998,Application,specification.reference-v1.tests.test_integration.Integration::test_IT_003,Pass,specification/reference-v1/tests/test_integration.py,docs/evidence/application-tests.xml,,Automated assertion only; requirement-level mapping is partial,2026-10-02T20:13:13.222907-05:00
APP-999,Application,specification.reference-v1.tests.test_integration.Integration::test_IT_004,Pass,specification/reference-v1/tests/test_integration.py,docs/evidence/application-tests.xml,,Automated assertion only; requirement-level mapping is partial,2026-10-02T20:13:13.222907-05:00
APP-1000,Application,specification.reference-v1.tests.test_integration.Integration::test_IT_005,Pass,specification/reference-v1/tests/test_integration.py,docs/evidence/application-tests.xml,,Automated assertion only; requirement-level mapping is partial,2026-10-02T20:13:13.222907-05:00
APP-1001,Application,specification.reference-v1.tests.test_integration.Integration::test_IT_006,Pass,specification/reference-v1/tests/test_integration.py,docs/evidence/application-tests.xml,,Automated assertion only; requirement-level mapping is partial,2026-10-02T20:13:13.222907-05:00
APP-1002,Application,specification.reference-v1.tests.test_integration.Integration::test_IT_007,Pass,specification/reference-v1/tests/test_integration.py,docs/evidence/application-tests.xml,,Automated assertion only; requirement-level mapping is partial,2026-10-02T20:13:13.222907-05:00
APP-1003,Application,specification.reference-v1.tests.test_integration.Integration::test_IT_008,Pass,specification/reference-v1/tests/test_integration.py,docs/evidence/application-tests.xml,,Automated assertion only; requirement-level mapping is partial,2026-10-02T20:13:13.222907-05:00
APP-1004,Application,specification.reference-v1.tests.test_integration.Integration::test_IT_009,Pass,specification/reference-v1/tests/test_integration.py,docs/evidence/application-tests.xml,,Automated assertion only; requirement-level mapping is partial,2026-10-02T20:13:13.222907-05:00
APP-1005,Application,specification.reference-v1.tests.test_integration.Integration::test_IT_010,Pass,specification/reference-v1/tests/test_integration.py,docs/evidence/application-tests.xml,,Automated assertion only; requirement-level mapping is partial,2026-10-02T20:13:13.222907-05:00
APP-1006,Application,specification.reference-v1.tests.test_integration.Integration::test_IT_011,Pass,specification/reference-v1/tests/test_integration.py,docs/evidence/application-tests.xml,,Automated assertion only; requirement-level mapping is partial,2026-10-02T20:13:13.222907-05:00
APP-1007,Application,specification.reference-v1.tests.test_integration.Integration::test_IT_012,Pass,specification/reference-v1/tests/test_integration.py,docs/evidence/application-tests.xml,,Automated assertion only; requirement-level mapping is partial,2026-10-02T20:13:13.222907-05:00
APP-1008,Application,specification.reference-v1.tests.test_integration.Integration::test_IT_013,Pass,specification/reference-v1/tests/test_integration.py,docs/evidence/application-tests.xml,,Automated assertion only; requirement-level mapping is partial,2026-10-02T20:13:13.222907-05:00
APP-1009,Application,specification.reference-v1.tests.test_integration.Integration::test_IT_014,Pass,specification/reference-v1/tests/test_integration.py,docs/evidence/application-tests.xml,,Automated assertion only; requirement-level mapping is partial,2026-10-02T20:13:13.222907-05:00
APP-1010,Application,specification.reference-v1.tests.test_integration.Integration::test_IT_015,Pass,specification/reference-v1/tests/test_integration.py,docs/evidence/application-tests.xml,,Automated assertion only; requirement-level mapping is partial,2026-10-02T20:13:13.222907-05:00
APP-1011,Application,specification.reference-v1.tests.test_integration.Integration::test_IT_016,Pass,specification/reference-v1/tests/test_integration.py,docs/evidence/application-tests.xml,,Automated assertion only; requirement-level mapping is partial,2026-10-02T20:13:13.222907-05:00
APP-1012,Application,specification.reference-v1.tests.test_integration.Integration::test_IT_017,Pass,specification/reference-v1/tests/test_integration.py,docs/evidence/application-tests.xml,,Automated assertion only; requirement-level mapping is partial,2026-10-02T20:13:13.222907-05:00
APP-1013,Application,specification.reference-v1.tests.test_smoke.Smoke::test_SM_001,Pass,specification/reference-v1/tests/test_smoke.py,docs/evidence/application-tests.xml,,Automated assertion only; requirement-level mapping is partial,2026-10-02T20:13:13.222907-05:00
APP-1014,Application,specification.reference-v1.tests.test_smoke.Smoke::test_SM_002,Pass,specification/reference-v1/tests/test_smoke.py,docs/evidence/application-tests.xml,,Automated assertion only; requirement-level mapping is partial,2026-10-02T20:13:13.222907-05:00
APP-1015,Application,specification.reference-v1.tests.test_smoke.Smoke::test_SM_003,Pass,specification/reference-v1/tests/test_smoke.py,docs/evidence/application-tests.xml,,Automated assertion only; requirement-level mapping is partial,2026-10-02T20:13:13.222907-05:00
APP-1016,Application,specification.reference-v1.tests.test_smoke.Smoke::test_SM_004,Pass,specification/reference-v1/tests/test_smoke.py,docs/evidence/application-tests.xml,,Automated assertion only; requirement-level mapping is partial,2026-10-02T20:13:13.222907-05:00
APP-1017,Application,specification.reference-v1.tests.test_smoke.Smoke::test_SM_005,Pass,specification/reference-v1/tests/test_smoke.py,docs/evidence/application-tests.xml,,Automated assertion only; requirement-level mapping is partial,2026-10-02T20:13:13.222907-05:00
APP-1018,Application,specification.reference-v1.tests.test_smoke.Smoke::test_SM_006,Pass,specification/reference-v1/tests/test_smoke.py,docs/evidence/application-tests.xml,,Automated assertion only; requirement-level mapping is partial,2026-10-02T20:13:13.222907-05:00
APP-1019,Application,specification.reference-v1.tests.test_smoke.Smoke::test_SM_007,Pass,specification/reference-v1/tests/test_smoke.py,docs/evidence/application-tests.xml,,Automated assertion only; requirement-level mapping is partial,2026-10-02T20:13:13.222907-05:00
APP-1020,Application,specification.reference-v1.tests.test_smoke.Smoke::test_SM_008,Pass,specification/reference-v1/tests/test_smoke.py,docs/evidence/application-tests.xml,,Automated assertion only; requirement-level mapping is partial,2026-10-02T20:13:13.222907-05:00
APP-1021,Application,specification.reference-v1.tests.test_smoke.Smoke::test_SM_009,Pass,specification/reference-v1/tests/test_smoke.py,docs/evidence/application-tests.xml,,Automated assertion only; requirement-level mapping is partial,2026-10-02T20:13:13.222907-05:00
APP-1022,Application,specification.reference-v1.tests.test_smoke.Smoke::test_SM_010,Pass,specification/reference-v1/tests/test_smoke.py,docs/evidence/application-tests.xml,,Automated assertion only; requirement-level mapping is partial,2026-10-02T20:13:13.222907-05:00
APP-1023,Application,specification.reference-v1.tests.test_smoke.Smoke::test_SM_011,Pass,specification/reference-v1/tests/test_smoke.py,docs/evidence/application-tests.xml,,Automated assertion only; requirement-level mapping is partial,2026-10-02T20:13:13.222907-05:00
APP-1024,Application,specification.reference-v1.tests.test_smoke.Smoke::test_SM_012,Pass,specification/reference-v1/tests/test_smoke.py,docs/evidence/application-tests.xml,,Automated assertion only; requirement-level mapping is partial,2026-10-02T20:13:13.222907-05:00
WEB-001,Browser,Development sign-in and workspace load,Pass,tools/browser,docs/evidence/browser-tests.json,,Recorded compiled-client workflow; no automatic full-case equivalence,2026-10-02
WEB-002,Browser,Create programme and read its durable revision,Pass,tools/browser,docs/evidence/browser-tests.json,,Recorded compiled-client workflow; no automatic full-case equivalence,2026-10-02
WEB-003,Browser,Capture and submit a manual observation,Pass,tools/browser,docs/evidence/browser-tests.json,,Recorded compiled-client workflow; no automatic full-case equivalence,2026-10-02
WEB-004,Browser,Author cannot approve their submitted record,Pass,tools/browser,docs/evidence/browser-tests.json,,Recorded compiled-client workflow; no automatic full-case equivalence,2026-10-02
WEB-005,Browser,Independent reviewer approves the submitted revision,Pass,tools/browser,docs/evidence/browser-tests.json,,Recorded compiled-client workflow; no automatic full-case equivalence,2026-10-02
WEB-006,Browser,Calculate a provisional pooled result,Pass,tools/browser,docs/evidence/browser-tests.json,,Recorded compiled-client workflow; no automatic full-case equivalence,2026-10-02
WEB-007,Browser,Mobile navigation and bounded page width,Pass,tools/browser,docs/evidence/browser-tests.json,,Recorded compiled-client workflow; no automatic full-case equivalence,2026-10-02
WEB-008,Browser,Logout invalidates the browser session,Pass,tools/browser,docs/evidence/browser-tests.json,,Recorded compiled-client workflow; no automatic full-case equivalence,2026-10-02
WEB-009,Browser,Administrator loads the access-management workspace,Pass,tools/browser,docs/evidence/admin-browser-tests.json,,Recorded compiled-client workflow; no automatic full-case equivalence,2026-10-02
WEB-010,Browser,Designated owner has no ordinary offboarding controls,Pass,tools/browser,docs/evidence/admin-browser-tests.json,,Recorded compiled-client workflow; no automatic full-case equivalence,2026-10-02
WEB-011,Browser,Create an immutable exact-object access scope,Pass,tools/browser,docs/evidence/admin-browser-tests.json,,Recorded compiled-client workflow; no automatic full-case equivalence,2026-10-02
WEB-012,Browser,Create a time-bounded invitation with explicit manual delivery,Pass,tools/browser,docs/evidence/admin-browser-tests.json,,Recorded compiled-client workflow; no automatic full-case equivalence,2026-10-02
WEB-013,Browser,A forwarded invitation cannot be accepted by the wrong account,Pass,tools/browser,docs/evidence/admin-browser-tests.json,,Recorded compiled-client workflow; no automatic full-case equivalence,2026-10-02
WEB-014,Browser,Intended account accepts once and receives the granted workspace,Pass,tools/browser,docs/evidence/admin-browser-tests.json,,Recorded compiled-client workflow; no automatic full-case equivalence,2026-10-02
WEB-015,Browser,Role proposal is recorded and requester self-approval is denied,Pass,tools/browser,docs/evidence/admin-browser-tests.json,,Recorded compiled-client workflow; no automatic full-case equivalence,2026-10-02
WEB-016,Browser,Independent administrator approves the precise role request,Pass,tools/browser,docs/evidence/admin-browser-tests.json,,Recorded compiled-client workflow; no automatic full-case equivalence,2026-10-02
WEB-017,Browser,Suspension blocks the member's existing browser session,Pass,tools/browser,docs/evidence/admin-browser-tests.json,,Recorded compiled-client workflow; no automatic full-case equivalence,2026-10-02
WEB-018,Browser,Reactivation requires a fresh sign-in and clears stale client state,Pass,tools/browser,docs/evidence/admin-browser-tests.json,,Recorded compiled-client workflow; no automatic full-case equivalence,2026-10-02
WEB-019,Browser,Permanent offboarding revokes access and preserves history,Pass,tools/browser,docs/evidence/admin-browser-tests.json,,Recorded compiled-client workflow; no automatic full-case equivalence,2026-10-02
WEB-020,Browser,Access-management page fits a mobile viewport without script errors,Pass,tools/browser,docs/evidence/admin-browser-tests.json,,Recorded compiled-client workflow; no automatic full-case equivalence,2026-10-02
WEB-021,Browser,Create programme with calendar and geography,Pass,tools/browser,docs/evidence/measurement-browser-tests.json,,Recorded compiled-client workflow; no automatic full-case equivalence,2026-10-02
WEB-022,Browser,Create and submit a complete indicator definition,Pass,tools/browser,docs/evidence/measurement-browser-tests.json,,Recorded compiled-client workflow; no automatic full-case equivalence,2026-10-02
WEB-023,Browser,Independent definition review renders the correct candidate,Pass,tools/browser,docs/evidence/measurement-browser-tests.json,,Recorded compiled-client workflow; no automatic full-case equivalence,2026-10-02
WEB-024,Browser,Create indicator with approved definition and independent assignments,Pass,tools/browser,docs/evidence/measurement-browser-tests.json,,Recorded compiled-client workflow; no automatic full-case equivalence,2026-10-02
WEB-025,Browser,Create explicit collection obligations and submit the plan,Pass,tools/browser,docs/evidence/measurement-browser-tests.json,,Recorded compiled-client workflow; no automatic full-case equivalence,2026-10-02
WEB-026,Browser,Plan approval freezes the reviewed obligations,Pass,tools/browser,docs/evidence/measurement-browser-tests.json,,Recorded compiled-client workflow; no automatic full-case equivalence,2026-10-02
WEB-027,Browser,Activate indicator and pass programme readiness,Pass,tools/browser,docs/evidence/measurement-browser-tests.json,,Recorded compiled-client workflow; no automatic full-case equivalence,2026-10-02
WEB-028,Browser,Capture a planned observation for the activated indicator,Pass,tools/browser,docs/evidence/measurement-browser-tests.json,,Recorded compiled-client workflow; no automatic full-case equivalence,2026-10-02
WEB-029,Browser,Assigned reviewer approves the planned observation,Pass,tools/browser,docs/evidence/measurement-browser-tests.json,,Recorded compiled-client workflow; no automatic full-case equivalence,2026-10-02
WEB-030,Browser,Calculate and inspect approved-versus-missing coverage,Pass,tools/browser,docs/evidence/measurement-browser-tests.json,,Recorded compiled-client workflow; no automatic full-case equivalence,2026-10-02
WEB-031,Browser,Submit a governed correction without replacing the approved value,Pass,tools/browser,docs/evidence/measurement-browser-tests.json,,Recorded compiled-client workflow; no automatic full-case equivalence,2026-10-02
WEB-032,Browser,Reviewer sees current and proposed records and approves the correction,Pass,tools/browser,docs/evidence/measurement-browser-tests.json,,Recorded compiled-client workflow; no automatic full-case equivalence,2026-10-02
WEB-033,Browser,Author submits an obligation exception for independent review,Pass,tools/browser,docs/evidence/measurement-browser-tests.json,,Recorded compiled-client workflow; no automatic full-case equivalence,2026-10-02
WEB-034,Browser,Independent review activates the exact eligibility exception,Pass,tools/browser,docs/evidence/measurement-browser-tests.json,,Recorded compiled-client workflow; no automatic full-case equivalence,2026-10-02
WEB-035,Browser,Personal work centre acknowledges notice and recalculates current results,Pass,tools/browser,docs/evidence/measurement-browser-tests.json,,Recorded compiled-client workflow; no automatic full-case equivalence,2026-10-02
WEB-036,Browser,Correction requests remain usable on mobile,Pass,tools/browser,docs/evidence/measurement-browser-tests.json,,Recorded compiled-client workflow; no automatic full-case equivalence,2026-10-02
WEB-037,Browser,Setup remains usable on mobile without page overflow,Pass,tools/browser,docs/evidence/measurement-browser-tests.json,,Recorded compiled-client workflow; no automatic full-case equivalence,2026-10-02
WEB-038,Browser,Build a logframe with owners and indicator placement,Pass,tools/browser,docs/evidence/planning-browser-tests.json,FR-PLN-001; FR-PLN-010; FR-IND-003; FR-ANA-003,Recorded compiled-client workflow; no automatic full-case equivalence,2026-10-02
WEB-039,Browser,Completeness flags the unmeasured impact and accepts a documented exception,Pass,tools/browser,docs/evidence/planning-browser-tests.json,FR-PLN-001; FR-PLN-010; FR-IND-003; FR-ANA-003,Recorded compiled-client workflow; no automatic full-case equivalence,2026-10-02
WEB-040,Browser,Submit the framework; a lost response retries the exact command,Pass,tools/browser,docs/evidence/planning-browser-tests.json,FR-PLN-001; FR-PLN-010; FR-IND-003; FR-ANA-003,Recorded compiled-client workflow; no automatic full-case equivalence,2026-10-02
WEB-041,Browser,Independent reviewer re-fetches the candidate and approves the baseline,Pass,tools/browser,docs/evidence/planning-browser-tests.json,FR-PLN-001; FR-PLN-010; FR-IND-003; FR-ANA-003,Recorded compiled-client workflow; no automatic full-case equivalence,2026-10-02
WEB-042,Browser,Create and approve a period target,Pass,tools/browser,docs/evidence/planning-browser-tests.json,FR-PLN-001; FR-PLN-010; FR-IND-003; FR-ANA-003,Recorded compiled-client workflow; no automatic full-case equivalence,2026-10-02
WEB-043,Browser,Targets versus actuals shows no borrowed official result,Pass,tools/browser,docs/evidence/planning-browser-tests.json,FR-PLN-001; FR-PLN-010; FR-IND-003; FR-ANA-003,Recorded compiled-client workflow; no automatic full-case equivalence,2026-10-02
WEB-044,Browser,Planning views stay within a 390 px mobile width,Pass,tools/browser,docs/evidence/planning-browser-tests.json,FR-PLN-001; FR-PLN-010; FR-IND-003; FR-ANA-003,Recorded compiled-client workflow; no automatic full-case equivalence,2026-10-02
WEB-045,Browser,Provisional 51/110 is labelled provisional before any close,Pass,tools/browser,docs/evidence/dashboard-browser-tests.json,FR-ANA-002; FR-ANA-003; FR-ANA-004,Recorded compiled-client workflow; no automatic full-case equivalence,2026-10-02
WEB-046,Browser,The trend chart has a text alternative and an equal table,Pass,tools/browser,docs/evidence/dashboard-browser-tests.json,FR-ANA-002; FR-ANA-003; FR-ANA-004,Recorded compiled-client workflow; no automatic full-case equivalence,2026-10-02
WEB-047,Browser,After the independent close the value is official from the snapshot,Pass,tools/browser,docs/evidence/dashboard-browser-tests.json,FR-ANA-002; FR-ANA-003; FR-ANA-004,Recorded compiled-client workflow; no automatic full-case equivalence,2026-10-02
WEB-048,Browser,Drill-down lists the official value's source rows with their disposition,Pass,tools/browser,docs/evidence/dashboard-browser-tests.json,FR-ANA-002; FR-ANA-003; FR-ANA-004,Recorded compiled-client workflow; no automatic full-case equivalence,2026-10-02
WEB-049,Browser,The portfolio pools the official value across programmes from stored components,Pass,tools/browser,docs/evidence/dashboard-browser-tests.json,FR-ANA-002; FR-ANA-003; FR-ANA-004,Recorded compiled-client workflow; no automatic full-case equivalence,2026-10-02
WEB-050,Browser,The seeded fixture 46.36 is never attributed to a programme,Pass,tools/browser,docs/evidence/dashboard-browser-tests.json,FR-ANA-002; FR-ANA-003; FR-ANA-004,Recorded compiled-client workflow; no automatic full-case equivalence,2026-10-02
WEB-051,Browser,Dashboards stay within a 390 px mobile width,Pass,tools/browser,docs/evidence/dashboard-browser-tests.json,FR-ANA-002; FR-ANA-003; FR-ANA-004,Recorded compiled-client workflow; no automatic full-case equivalence,2026-10-02
WEB-052,Browser,Design a form bound to an indicator with a relevance rule,Pass,tools/browser,docs/evidence/forms-browser-tests.json,FR-FRM-001; FR-FRM-002; FR-FRM-003; FR-FRM-004; FR-FRM-006,Recorded compiled-client workflow; no automatic full-case equivalence,2026-10-02
WEB-053,Browser,Send for review; the reviewer approves in the review queue and publishes,Pass,tools/browser,docs/evidence/forms-browser-tests.json,FR-FRM-001; FR-FRM-002; FR-FRM-003; FR-FRM-004; FR-FRM-006,Recorded compiled-client workflow; no automatic full-case equivalence,2026-10-02
WEB-054,Browser,"Fill in: relevance hides the count, the retry after a lost submit response is exact",Pass,tools/browser,docs/evidence/forms-browser-tests.json,FR-FRM-001; FR-FRM-002; FR-FRM-003; FR-FRM-004; FR-FRM-006,Recorded compiled-client workflow; no automatic full-case equivalence,2026-10-02
WEB-055,Browser,Forms stay within a 390 px mobile width,Pass,tools/browser,docs/evidence/forms-browser-tests.json,FR-FRM-001; FR-FRM-002; FR-FRM-003; FR-FRM-004; FR-FRM-006,Recorded compiled-client workflow; no automatic full-case equivalence,2026-10-02
WEB-056,Browser,Period governance workspace shows programme-scoped status,Pass,tools/browser,docs/evidence/reporting-browser-tests.json,FR-RPT-004; FR-OPS-005; FR-UX-001; FR-UX-002; FR-UX-003; FR-UX-004; FR-UX-005; FR-UX-009,Recorded compiled-client workflow; no automatic full-case equivalence,2026-10-02
WEB-057,Browser,Author drafts a report from a locked snapshot,Pass,tools/browser,docs/evidence/reporting-browser-tests.json,FR-RPT-004; FR-OPS-005; FR-UX-001; FR-UX-002; FR-UX-003; FR-UX-004; FR-UX-005; FR-UX-009,Recorded compiled-client workflow; no automatic full-case equivalence,2026-10-02
WEB-058,Browser,Author submits the exact package for independent review,Pass,tools/browser,docs/evidence/reporting-browser-tests.json,FR-RPT-004; FR-OPS-005; FR-UX-001; FR-UX-002; FR-UX-003; FR-UX-004; FR-UX-005; FR-UX-009,Recorded compiled-client workflow; no automatic full-case equivalence,2026-10-02
WEB-059,Browser,Independent reviewer approves the frozen package,Pass,tools/browser,docs/evidence/reporting-browser-tests.json,FR-RPT-004; FR-OPS-005; FR-UX-001; FR-UX-002; FR-UX-003; FR-UX-004; FR-UX-005; FR-UX-009,Recorded compiled-client workflow; no automatic full-case equivalence,2026-10-02
WEB-060,Browser,Approved export renders pinned context and value,Pass,tools/browser,docs/evidence/reporting-browser-tests.json,FR-RPT-004; FR-OPS-005; FR-UX-001; FR-UX-002; FR-UX-003; FR-UX-004; FR-UX-005; FR-UX-009,Recorded compiled-client workflow; no automatic full-case equivalence,2026-10-02
WEB-061,Browser,Author requests recipient-bounded disclosure review,Pass,tools/browser,docs/evidence/reporting-browser-tests.json,FR-RPT-004; FR-OPS-005; FR-UX-001; FR-UX-002; FR-UX-003; FR-UX-004; FR-UX-005; FR-UX-009,Recorded compiled-client workflow; no automatic full-case equivalence,2026-10-02
WEB-062,Browser,Independent publisher approves and freezes the disclosure,Pass,tools/browser,docs/evidence/reporting-browser-tests.json,FR-RPT-004; FR-OPS-005; FR-UX-001; FR-UX-002; FR-UX-003; FR-UX-004; FR-UX-005; FR-UX-009,Recorded compiled-client workflow; no automatic full-case equivalence,2026-10-02
WEB-063,Browser,Named recipient can view HTML and download exact CSV,Pass,tools/browser,docs/evidence/reporting-browser-tests.json,FR-RPT-004; FR-OPS-005; FR-UX-001; FR-UX-002; FR-UX-003; FR-UX-004; FR-UX-005; FR-UX-009,Recorded compiled-client workflow; no automatic full-case equivalence,2026-10-02
WEB-064,Browser,Withdrawal closes recipient access without erasing history,Pass,tools/browser,docs/evidence/reporting-browser-tests.json,FR-RPT-004; FR-OPS-005; FR-UX-001; FR-UX-002; FR-UX-003; FR-UX-004; FR-UX-005; FR-UX-009,Recorded compiled-client workflow; no automatic full-case equivalence,2026-10-02
WEB-065,Browser,Reporting workspace remains bounded on mobile,Pass,tools/browser,docs/evidence/reporting-browser-tests.json,FR-RPT-004; FR-OPS-005; FR-UX-001; FR-UX-002; FR-UX-003; FR-UX-004; FR-UX-005; FR-UX-009,Recorded compiled-client workflow; no automatic full-case equivalence,2026-10-02
WEB-066,Browser,Initialize settings after delayed permissions and create a custom role,Pass,tools/browser,docs/evidence/workspace-browser-tests.json,FR-TEN-002; FR-TEN-010; FR-IAM-003; FR-IAM-006; FR-IAM-008; FR-IAM-010; FR-IAM-013; FR-ACC-002,Recorded compiled-client workflow; no automatic full-case equivalence,2026-10-02
WEB-067,Browser,Create an organisation unit and preserve its stable code on rename,Pass,tools/browser,docs/evidence/workspace-browser-tests.json,FR-TEN-002; FR-TEN-010; FR-IAM-003; FR-IAM-006; FR-IAM-008; FR-IAM-010; FR-IAM-013; FR-ACC-002,Recorded compiled-client workflow; no automatic full-case equivalence,2026-10-02
WEB-068,Browser,Create a group and submit a complete access proposal,Pass,tools/browser,docs/evidence/workspace-browser-tests.json,FR-TEN-002; FR-TEN-010; FR-IAM-003; FR-IAM-006; FR-IAM-008; FR-IAM-010; FR-IAM-013; FR-ACC-002,Recorded compiled-client workflow; no automatic full-case equivalence,2026-10-02
WEB-069,Browser,Reject requester self-approval without applying the proposal,Pass,tools/browser,docs/evidence/workspace-browser-tests.json,FR-TEN-002; FR-TEN-010; FR-IAM-003; FR-IAM-006; FR-IAM-008; FR-IAM-010; FR-IAM-013; FR-ACC-002,Recorded compiled-client workflow; no automatic full-case equivalence,2026-10-02
WEB-070,Browser,Independent owner reviews scopes and capabilities before group approval,Pass,tools/browser,docs/evidence/workspace-browser-tests.json,FR-TEN-002; FR-TEN-010; FR-IAM-003; FR-IAM-006; FR-IAM-008; FR-IAM-010; FR-IAM-013; FR-ACC-002,Recorded compiled-client workflow; no automatic full-case equivalence,2026-10-02
WEB-071,Browser,Remove group membership through an explicit reviewed action,Pass,tools/browser,docs/evidence/workspace-browser-tests.json,FR-TEN-002; FR-TEN-010; FR-IAM-003; FR-IAM-006; FR-IAM-008; FR-IAM-010; FR-IAM-013; FR-ACC-002,Recorded compiled-client workflow; no automatic full-case equivalence,2026-10-02
WEB-072,Browser,Nominate an existing administrator and accept custody as the successor,Pass,tools/browser,docs/evidence/workspace-browser-tests.json,FR-TEN-002; FR-TEN-010; FR-IAM-003; FR-IAM-006; FR-IAM-008; FR-IAM-010; FR-IAM-013; FR-ACC-002,Recorded compiled-client workflow; no automatic full-case equivalence,2026-10-02
WEB-073,Browser,Persist personal preferences and apply reduced motion,Pass,tools/browser,docs/evidence/workspace-browser-tests.json,FR-TEN-002; FR-TEN-010; FR-IAM-003; FR-IAM-006; FR-IAM-008; FR-IAM-010; FR-IAM-013; FR-ACC-002,Recorded compiled-client workflow; no automatic full-case equivalence,2026-10-02
WEB-074,Browser,Desktop and mobile account screens remain usable,Pass,tools/browser,docs/evidence/workspace-browser-tests.json,FR-TEN-002; FR-TEN-010; FR-IAM-003; FR-IAM-006; FR-IAM-008; FR-IAM-010; FR-IAM-013; FR-ACC-002,Recorded compiled-client workflow; no automatic full-case equivalence,2026-10-02
WEB-075,Browser,Revoke all sessions and return to sign-in,Pass,tools/browser,docs/evidence/workspace-browser-tests.json,FR-TEN-002; FR-TEN-010; FR-IAM-003; FR-IAM-006; FR-IAM-008; FR-IAM-010; FR-IAM-013; FR-ACC-002,Recorded compiled-client workflow; no automatic full-case equivalence,2026-10-02
WEB-076,Browser,Operator submits a pinned tenant profile,Pass,tools/browser,docs/evidence/tenant-browser-tests.json,FR-TEN-001; FR-UX-004; VF-UX-001,Recorded compiled-client workflow; no automatic full-case equivalence,2026-10-02
WEB-077,Browser,Nominated owner accepts without receiving automatic data access,Pass,tools/browser,docs/evidence/tenant-browser-tests.json,FR-TEN-001; FR-UX-004; VF-UX-001,Recorded compiled-client workflow; no automatic full-case equivalence,2026-10-02
WEB-078,Browser,Requester cannot independently activate their own request,Pass,tools/browser,docs/evidence/tenant-browser-tests.json,FR-TEN-001; FR-UX-004; VF-UX-001,Recorded compiled-client workflow; no automatic full-case equivalence,2026-10-02
WEB-079,Browser,Independent operator activates the tenant,Pass,tools/browser,docs/evidence/tenant-browser-tests.json,FR-TEN-001; FR-UX-004; VF-UX-001,Recorded compiled-client workflow; no automatic full-case equivalence,2026-10-02
WEB-080,Browser,"Owner awaiting initial access sees what happens next, not a permission error",Pass,tools/browser,docs/evidence/tenant-browser-tests.json,FR-TEN-001; FR-UX-004; VF-UX-001,Recorded compiled-client workflow; no automatic full-case equivalence,2026-10-02
WEB-081,Browser,Operator suspends and independently reactivates without replay,Pass,tools/browser,docs/evidence/tenant-browser-tests.json,FR-TEN-001; FR-UX-004; VF-UX-001,Recorded compiled-client workflow; no automatic full-case equivalence,2026-10-02
WEB-082,Browser,Closing state preserves records and has no reactivation shortcut,Pass,tools/browser,docs/evidence/tenant-browser-tests.json,FR-TEN-001; FR-UX-004; VF-UX-001,Recorded compiled-client workflow; no automatic full-case equivalence,2026-10-02
WEB-083,Browser,Operator sees worker heartbeats; an owner does not,Pass,tools/browser,docs/evidence/tenant-browser-tests.json,FR-TEN-001; FR-UX-004; VF-UX-001,Recorded compiled-client workflow; no automatic full-case equivalence,2026-10-02
WEB-084,Browser,Every sidebar entry stays reachable on a short screen,Pass,tools/browser,docs/evidence/tenant-browser-tests.json,FR-TEN-001; FR-UX-004; VF-UX-001,Recorded compiled-client workflow; no automatic full-case equivalence,2026-10-02
WEB-085,Browser,Tenant console fits a mobile viewport,Pass,tools/browser,docs/evidence/tenant-browser-tests.json,FR-TEN-001; FR-UX-004; VF-UX-001,Recorded compiled-client workflow; no automatic full-case equivalence,2026-10-02
WEB-086,Browser,Signing out of the console starts the next person in their own workspace,Pass,tools/browser,docs/evidence/tenant-browser-tests.json,FR-TEN-001; FR-UX-004; VF-UX-001,Recorded compiled-client workflow; no automatic full-case equivalence,2026-10-02
WEB-087,Browser,Owner proposes explicit administration and selected business delegation,Pass,tools/browser,docs/evidence/bootstrap-browser-tests.json,FR-TEN-001,Recorded compiled-client workflow; no automatic full-case equivalence,2026-10-02
WEB-088,Browser,Unrelated identity cannot see the access review,Pass,tools/browser,docs/evidence/bootstrap-browser-tests.json,FR-TEN-001,Recorded compiled-client workflow; no automatic full-case equivalence,2026-10-02
WEB-089,Browser,Nominated administrator accepts without receiving tenant access,Pass,tools/browser,docs/evidence/bootstrap-browser-tests.json,FR-TEN-001,Recorded compiled-client workflow; no automatic full-case equivalence,2026-10-02
WEB-090,Browser,Independent operator reviews and provisions the exact package,Pass,tools/browser,docs/evidence/bootstrap-browser-tests.json,FR-TEN-001,Recorded compiled-client workflow; no automatic full-case equivalence,2026-10-02
WEB-091,Browser,New administrators can manage access but cannot read programmes,Pass,tools/browser,docs/evidence/bootstrap-browser-tests.json,FR-TEN-001,Recorded compiled-client workflow; no automatic full-case equivalence,2026-10-02
WEB-092,Browser,Second administrator requests business access and owner approves,Pass,tools/browser,docs/evidence/bootstrap-browser-tests.json,FR-TEN-001,Recorded compiled-client workflow; no automatic full-case equivalence,2026-10-02
WEB-093,Browser,Reviewed programme manager creates the first programme in the new tenant,Pass,tools/browser,docs/evidence/bootstrap-browser-tests.json,FR-TEN-001,Recorded compiled-client workflow; no automatic full-case equivalence,2026-10-02
WEB-094,Browser,Initial access review fits a mobile viewport,Pass,tools/browser,docs/evidence/bootstrap-browser-tests.json,FR-TEN-001,Recorded compiled-client workflow; no automatic full-case equivalence,2026-10-02
WEB-095,Browser,Tenant cannot activate without a verified recovery contact,Pass,tools/browser,docs/evidence/recovery-browser-tests.json,FR-TEN-001,Recorded compiled-client workflow; no automatic full-case equivalence,2026-10-02
WEB-096,Browser,Owner nominates a bounded recovery contact in the interface,Pass,tools/browser,docs/evidence/recovery-browser-tests.json,FR-TEN-001,Recorded compiled-client workflow; no automatic full-case equivalence,2026-10-02
WEB-097,Browser,Unrelated account cannot enumerate recovery nominations,Pass,tools/browser,docs/evidence/recovery-browser-tests.json,FR-TEN-001,Recorded compiled-client workflow; no automatic full-case equivalence,2026-10-02
WEB-098,Browser,Nominated account verifies consent without gaining access,Pass,tools/browser,docs/evidence/recovery-browser-tests.json,FR-TEN-001,Recorded compiled-client workflow; no automatic full-case equivalence,2026-10-02
WEB-099,Browser,Nominee confirms the registered email address with a single-use code,Pass,tools/browser,docs/evidence/recovery-browser-tests.json,FR-TEN-001,Recorded compiled-client workflow; no automatic full-case equivalence,2026-10-02
WEB-100,Browser,Independent operator approves and tenant readiness permits activation,Pass,tools/browser,docs/evidence/recovery-browser-tests.json,FR-TEN-001,Recorded compiled-client workflow; no automatic full-case equivalence,2026-10-02
WEB-101,Browser,Declining a replacement preserves the approved contact,Pass,tools/browser,docs/evidence/recovery-browser-tests.json,FR-TEN-001,Recorded compiled-client workflow; no automatic full-case equivalence,2026-10-02
WEB-102,Browser,Replacement activates only after fresh consent and independent approval,Pass,tools/browser,docs/evidence/recovery-browser-tests.json,FR-TEN-001,Recorded compiled-client workflow; no automatic full-case equivalence,2026-10-02
WEB-103,Browser,Contact revocation removes readiness without suspending the tenant,Pass,tools/browser,docs/evidence/recovery-browser-tests.json,FR-TEN-001,Recorded compiled-client workflow; no automatic full-case equivalence,2026-10-02
WEB-104,Browser,Recovery review and history fit a mobile viewport,Pass,tools/browser,docs/evidence/recovery-browser-tests.json,FR-TEN-001,Recorded compiled-client workflow; no automatic full-case equivalence,2026-10-02
WEB-105,Browser,Owner inspects the pinned delegated authority of both administrators,Pass,tools/browser,docs/evidence/renewal-browser-tests.json,FR-TEN-001; FR-TEN-002; FR-TEN-010; FR-IAM-003; FR-IAM-006; FR-IAM-008; FR-IAM-009; FR-IAM-010; FR-IAM-013; FR-ACC-002,Recorded compiled-client workflow; no automatic full-case equivalence,2026-10-02
WEB-106,Browser,Proposal form pins the second administrator and rejects an expiry inside the current ceiling,Pass,tools/browser,docs/evidence/renewal-browser-tests.json,FR-TEN-001; FR-TEN-002; FR-TEN-010; FR-IAM-003; FR-IAM-006; FR-IAM-008; FR-IAM-009; FR-IAM-010; FR-IAM-013; FR-ACC-002,Recorded compiled-client workflow; no automatic full-case equivalence,2026-10-02
WEB-107,Browser,Owner proposes a bounded renewal pinned to the current authority,Pass,tools/browser,docs/evidence/renewal-browser-tests.json,FR-TEN-001; FR-TEN-002; FR-TEN-010; FR-IAM-003; FR-IAM-006; FR-IAM-008; FR-IAM-009; FR-IAM-010; FR-IAM-013; FR-ACC-002,Recorded compiled-client workflow; no automatic full-case equivalence,2026-10-02
WEB-108,Browser,Unrelated account sees neither delegated authority nor the proposal,Pass,tools/browser,docs/evidence/renewal-browser-tests.json,FR-TEN-001; FR-TEN-002; FR-TEN-010; FR-IAM-003; FR-IAM-006; FR-IAM-008; FR-IAM-009; FR-IAM-010; FR-IAM-013; FR-ACC-002,Recorded compiled-client workflow; no automatic full-case equivalence,2026-10-02
WEB-109,Browser,Second administrator accepts the exact proposal without a proposal form,Pass,tools/browser,docs/evidence/renewal-browser-tests.json,FR-TEN-001; FR-TEN-002; FR-TEN-010; FR-IAM-003; FR-IAM-006; FR-IAM-008; FR-IAM-009; FR-IAM-010; FR-IAM-013; FR-ACC-002,Recorded compiled-client workflow; no automatic full-case equivalence,2026-10-02
WEB-110,Browser,Tenant owner cannot approve: the operator-only denial is enforced and explained,Pass,tools/browser,docs/evidence/renewal-browser-tests.json,FR-TEN-001; FR-TEN-002; FR-TEN-010; FR-IAM-003; FR-IAM-006; FR-IAM-008; FR-IAM-009; FR-IAM-010; FR-IAM-013; FR-ACC-002,Recorded compiled-client workflow; no automatic full-case equivalence,2026-10-02
WEB-111,Browser,Independent operator approves and every pinned ceiling extends to the renewed expiry,Pass,tools/browser,docs/evidence/renewal-browser-tests.json,FR-TEN-001; FR-TEN-002; FR-TEN-010; FR-IAM-003; FR-IAM-006; FR-IAM-008; FR-IAM-009; FR-IAM-010; FR-IAM-013; FR-ACC-002,Recorded compiled-client workflow; no automatic full-case equivalence,2026-10-02
WEB-112,Browser,Owner’s authority panel shows the renewed expiry,Pass,tools/browser,docs/evidence/renewal-browser-tests.json,FR-TEN-001; FR-TEN-002; FR-TEN-010; FR-IAM-003; FR-IAM-006; FR-IAM-008; FR-IAM-009; FR-IAM-010; FR-IAM-013; FR-ACC-002,Recorded compiled-client workflow; no automatic full-case equivalence,2026-10-02
WEB-113,Browser,A later proposal is withdrawn by the owner and kept in history,Pass,tools/browser,docs/evidence/renewal-browser-tests.json,FR-TEN-001; FR-TEN-002; FR-TEN-010; FR-IAM-003; FR-IAM-006; FR-IAM-008; FR-IAM-009; FR-IAM-010; FR-IAM-013; FR-ACC-002,Recorded compiled-client workflow; no automatic full-case equivalence,2026-10-02
WEB-114,Browser,Authority renewal review and history fit a mobile viewport,Pass,tools/browser,docs/evidence/renewal-browser-tests.json,FR-TEN-001; FR-TEN-002; FR-TEN-010; FR-IAM-003; FR-IAM-006; FR-IAM-008; FR-IAM-009; FR-IAM-010; FR-IAM-013; FR-ACC-002,Recorded compiled-client workflow; no automatic full-case equivalence,2026-10-02
WEB-115,Browser,Upload a CSV and map its value column by name,Pass,tools/browser,docs/evidence/import-browser-tests.json,FR-DAT-001; FR-DAT-002; FR-DAT-004; FR-DQ-003; FR-DQ-007,Recorded compiled-client workflow; no automatic full-case equivalence,2026-10-02
WEB-116,Browser,"Preview classifies a quarantined row, a duplicate and an anomaly warning",Pass,tools/browser,docs/evidence/import-browser-tests.json,FR-DAT-001; FR-DAT-002; FR-DAT-004; FR-DQ-003; FR-DQ-007,Recorded compiled-client workflow; no automatic full-case equivalence,2026-10-02
WEB-117,Browser,Commit waits for the warnings to be accepted; a lost response retries exactly,Pass,tools/browser,docs/evidence/import-browser-tests.json,FR-DAT-001; FR-DAT-002; FR-DAT-004; FR-DQ-003; FR-DQ-007,Recorded compiled-client workflow; no automatic full-case equivalence,2026-10-02
WEB-118,Browser,Committed rows appear in Measurement as observations pending review,Pass,tools/browser,docs/evidence/import-browser-tests.json,FR-DAT-001; FR-DAT-002; FR-DAT-004; FR-DQ-003; FR-DQ-007,Recorded compiled-client workflow; no automatic full-case equivalence,2026-10-02
WEB-119,Browser,A second actor reviews and approves an imported observation,Pass,tools/browser,docs/evidence/import-browser-tests.json,FR-DAT-001; FR-DAT-002; FR-DAT-004; FR-DQ-003; FR-DQ-007,Recorded compiled-client workflow; no automatic full-case equivalence,2026-10-02
WEB-120,Browser,Imports stay within a 390 px mobile width,Pass,tools/browser,docs/evidence/import-browser-tests.json,FR-DAT-001; FR-DAT-002; FR-DAT-004; FR-DQ-003; FR-DQ-007,Recorded compiled-client workflow; no automatic full-case equivalence,2026-10-02
WEB-121,Browser,Attach a PNG: the upload is scanned CLEAN and listed with its scan state,Pass,tools/browser,docs/evidence/evidence-browser-tests.json,FR-EVD-001; FR-SEC-005,Recorded compiled-client workflow; no automatic full-case equivalence,2026-10-02
WEB-122,Browser,Download through the UI returns the exact bytes as a sandboxed attachment,Pass,tools/browser,docs/evidence/evidence-browser-tests.json,FR-EVD-001; FR-SEC-005,Recorded compiled-client workflow; no automatic full-case equivalence,2026-10-02
WEB-123,Browser,A PDF is attached as a second evidence item and downloads with its signature,Pass,tools/browser,docs/evidence/evidence-browser-tests.json,FR-EVD-001; FR-SEC-005,Recorded compiled-client workflow; no automatic full-case equivalence,2026-10-02
WEB-124,Browser,"The EICAR test file is INFECTED, refused and never downloadable",Pass,tools/browser,docs/evidence/evidence-browser-tests.json,FR-EVD-001; FR-SEC-005,Recorded compiled-client workflow; no automatic full-case equivalence,2026-10-02
WEB-125,Browser,Another tenant's session sees nothing of this evidence,Pass,tools/browser,docs/evidence/evidence-browser-tests.json,FR-EVD-001; FR-SEC-005,Recorded compiled-client workflow; no automatic full-case equivalence,2026-10-02
WEB-126,Browser,The evidence panel stays within a 390 px mobile width,Pass,tools/browser,docs/evidence/evidence-browser-tests.json,FR-EVD-001; FR-SEC-005,Recorded compiled-client workflow; no automatic full-case equivalence,2026-10-02
WEB-127,Browser,"Request PDF, XLSX and DOCX renderings of the approved package",Pass,tools/browser,docs/evidence/export-browser-tests.json,FR-RPT-003; FR-RPT-005; FR-RPT-007; FR-RPT-009; FR-RPT-010,Recorded compiled-client workflow; no automatic full-case equivalence,2026-10-02
WEB-128,Browser,One worker iteration renders them; the panel moves to Succeeded on its own,Pass,tools/browser,docs/evidence/export-browser-tests.json,FR-RPT-003; FR-RPT-005; FR-RPT-007; FR-RPT-009; FR-RPT-010,Recorded compiled-client workflow; no automatic full-case equivalence,2026-10-02
WEB-129,Browser,Each rendering downloads through the UI with its signature and media type,Pass,tools/browser,docs/evidence/export-browser-tests.json,FR-RPT-003; FR-RPT-005; FR-RPT-007; FR-RPT-009; FR-RPT-010,Recorded compiled-client workflow; no automatic full-case equivalence,2026-10-02
WEB-130,Browser,Include the PDF in a disclosure; the named recipient downloads it,Pass,tools/browser,docs/evidence/export-browser-tests.json,FR-RPT-003; FR-RPT-005; FR-RPT-007; FR-RPT-009; FR-RPT-010,Recorded compiled-client workflow; no automatic full-case equivalence,2026-10-02
WEB-131,Browser,The exports panel stays within a 390 px mobile width,Pass,tools/browser,docs/evidence/export-browser-tests.json,FR-RPT-003; FR-RPT-005; FR-RPT-007; FR-RPT-009; FR-RPT-010,Recorded compiled-client workflow; no automatic full-case equivalence,2026-10-02
WEB-132,Browser,The operator sees the failed delivery in the Workers panel,Pass,tools/browser,docs/evidence/requeue-browser-tests.json,FR-TEN-001,Recorded compiled-client workflow; no automatic full-case equivalence,2026-10-02
WEB-133,Browser,Re-queue needs a reason; a lost response is retried with the same operation,Pass,tools/browser,docs/evidence/requeue-browser-tests.json,FR-TEN-001,Recorded compiled-client workflow; no automatic full-case equivalence,2026-10-02
WEB-134,Browser,The next worker iteration sends the re-queued delivery,Pass,tools/browser,docs/evidence/requeue-browser-tests.json,FR-TEN-001,Recorded compiled-client workflow; no automatic full-case equivalence,2026-10-02
WEB-135,Browser,Only platform operators can read or re-queue deliveries,Pass,tools/browser,docs/evidence/requeue-browser-tests.json,FR-TEN-001,Recorded compiled-client workflow; no automatic full-case equivalence,2026-10-02
WEB-136,Browser,The operator console stays within a 390 px mobile width,Pass,tools/browser,docs/evidence/requeue-browser-tests.json,FR-TEN-001,Recorded compiled-client workflow; no automatic full-case equivalence,2026-10-02
WEB-137,Browser,Scan: sign-in page,Pass,tools/browser,docs/evidence/a11y-browser-tests.json,FR-RPT-004; FR-UX-001; FR-UX-002; FR-UX-003; FR-UX-004; FR-UX-005; FR-UX-009; VF-UX-001,Automated axe-core 4.13.0 scan or scripted keyboard flow in Chromium 153; not a conformance claim,2026-10-02
WEB-138,Browser,"Scan: every author workspace area, tab and record dialog",Pass,tools/browser,docs/evidence/a11y-browser-tests.json,FR-RPT-004; FR-UX-001; FR-UX-002; FR-UX-003; FR-UX-004; FR-UX-005; FR-UX-009; VF-UX-001,Automated axe-core 4.13.0 scan or scripted keyboard flow in Chromium 153; not a conformance claim,2026-10-02
WEB-139,Browser,"Scan: review queue, people and access, workspace settings, tenant lifecycle and workers",Pass,tools/browser,docs/evidence/a11y-browser-tests.json,FR-RPT-004; FR-UX-001; FR-UX-002; FR-UX-003; FR-UX-004; FR-UX-005; FR-UX-009; VF-UX-001,Automated axe-core 4.13.0 scan or scripted keyboard flow in Chromium 153; not a conformance claim,2026-10-02
WEB-140,Browser,Keyboard only: arrow keys move between tabs and Enter selects one,Pass,tools/browser,docs/evidence/a11y-browser-tests.json,FR-RPT-004; FR-UX-001; FR-UX-002; FR-UX-003; FR-UX-004; FR-UX-005; FR-UX-009; VF-UX-001,Automated axe-core 4.13.0 scan or scripted keyboard flow in Chromium 153; not a conformance claim,2026-10-02
WEB-141,Browser,Scan: portfolio at 390 px width,Pass,tools/browser,docs/evidence/a11y-browser-tests.json,FR-RPT-004; FR-UX-001; FR-UX-002; FR-UX-003; FR-UX-004; FR-UX-005; FR-UX-009; VF-UX-001,Automated axe-core 4.13.0 scan or scripted keyboard flow in Chromium 153; not a conformance claim,2026-10-02
WEB-142,Browser,Keyboard only: author captures and submits an observation,Pass,tools/browser,docs/evidence/a11y-browser-tests.json,FR-RPT-004; FR-UX-001; FR-UX-002; FR-UX-003; FR-UX-004; FR-UX-005; FR-UX-009; VF-UX-001,Automated axe-core 4.13.0 scan or scripted keyboard flow in Chromium 153; not a conformance claim,2026-10-02
WEB-143,Browser,Keyboard only: independent reviewer approves the submitted observation,Pass,tools/browser,docs/evidence/a11y-browser-tests.json,FR-RPT-004; FR-UX-001; FR-UX-002; FR-UX-003; FR-UX-004; FR-UX-005; FR-UX-009; VF-UX-001,Automated axe-core 4.13.0 scan or scripted keyboard flow in Chromium 153; not a conformance claim,2026-10-02
WEB-144,Browser,No scanned page has an unaccepted serious or critical WCAG violation,Pass,tools/browser,docs/evidence/a11y-browser-tests.json,FR-RPT-004; FR-UX-001; FR-UX-002; FR-UX-003; FR-UX-004; FR-UX-005; FR-UX-009; VF-UX-001,Automated axe-core 4.13.0 scan or scripted keyboard flow in Chromium 153; not a conformance claim,2026-10-02
WEB-145,Browser,An operator nominates a colleague and creates their sign-in,Pass,tools/browser,docs/evidence/operators-browser-tests.json,FR-TEN-001,Recorded compiled-client workflow; no automatic full-case equivalence,2026-10-02
WEB-146,Browser,"The colleague signs in, reads the start page and accepts",Pass,tools/browser,docs/evidence/operators-browser-tests.json,FR-TEN-001,Recorded compiled-client workflow; no automatic full-case equivalence,2026-10-02
WEB-147,Browser,"Another operator renews the colleague's role, then deactivates it",Pass,tools/browser,docs/evidence/operators-browser-tests.json,FR-TEN-001,Recorded compiled-client workflow; no automatic full-case equivalence,2026-10-02
WEB-148,Browser,A workspace administrator sets up the standard reference data,Pass,tools/browser,docs/evidence/operators-browser-tests.json,FR-TEN-001,Recorded compiled-client workflow; no automatic full-case equivalence,2026-10-02
WEB-149,Browser,A member sees plain-language notices and no detail,Pass,tools/browser,docs/evidence/status-browser-tests.json,VF-AVL-002; VF-UX-001,Recorded compiled-client workflow; no automatic full-case equivalence,2026-10-02
WEB-150,Browser,A platform operator opens the detail: alert codes and who is on call,Pass,tools/browser,docs/evidence/status-browser-tests.json,VF-AVL-002; VF-UX-001,Recorded compiled-client workflow; no automatic full-case equivalence,2026-10-02
WEB-151,Browser,The Workers panel of the tenant console shows who is on call,Pass,tools/browser,docs/evidence/status-browser-tests.json,VF-AVL-002; VF-UX-001,Recorded compiled-client workflow; no automatic full-case equivalence,2026-10-02
WEB-152,Browser,A healthy check removes the banner,Pass,tools/browser,docs/evidence/status-browser-tests.json,VF-AVL-002; VF-UX-001,Recorded compiled-client workflow; no automatic full-case equivalence,2026-10-02
WEB-153,Browser,"When the status call itself fails for the database, the client says so",Pass,tools/browser,docs/evidence/status-browser-tests.json,VF-AVL-002; VF-UX-001,Recorded compiled-client workflow; no automatic full-case equivalence,2026-10-02
WEB-154,Browser,Sign-in goes through the provider with a TOTP step,Pass,tools/browser,docs/evidence/idp-browser-tests.json,FR-IAM-002; FR-IAM-003,Recorded compiled-client workflow against a live Keycloak 26.7.4; no automatic full-case equivalence,2026-09-30
WEB-155,Browser,Sign-out ends the platform and the provider session,Pass,tools/browser,docs/evidence/idp-browser-tests.json,FR-IAM-006,Recorded compiled-client workflow against a live Keycloak 26.7.4; no automatic full-case equivalence,2026-09-30
REF-RUN,Reference,143 preserved design assertions,Pass,specification/reference-v1,docs/evidence/reference-tests.json,,Design reference only; product_validated false,2026-10-03T02:07:12Z
APP-EXEC-001,Application,qualification.test_import::test_large_commit_is_queued_fenced_and_reviewed,Local Pass,qualification/test_import.py,focused PGlite 13 passed 1 skipped,FR-DAT-004,51-row commit lease takeover and independent review; native and CI pending,2026-10-03
NATIVE-EXEC-001,Native PostgreSQL,qualification.test_native_roles::test_executor_login_has_only_application_role_and_its_own_topology,Pending CI,qualification/test_native_roles.py,,TH10,Exact executor login membership and boundary; local PostgreSQL unavailable,
APP-EXEC-002,Application,qualification.test_import::test_queued_commit_fails_when_requester_loses_authority,Local Pass,qualification/test_import.py,focused PGlite 14 passed 1 skipped,FR-DAT-004,Membership disabled after queue causes AUTHORITY_CHANGED with no commit,2026-10-03
LOGFRAME-001,Local PGlite + renderer,test_hierarchy_orders_parents_first_and_preserves_sibling_order,Pass,qualification/test_logframe.py,docs/evidence/logframe-local-suite.xml,FR-PLN-001,Bounded related export evidence only; no requirement acceptance or native/browser evidence,2026-10-05
LOGFRAME-002,Local PGlite + renderer,test_invalid_structure_fails_closed[nodes0],Pass,qualification/test_logframe.py,docs/evidence/logframe-local-suite.xml,FR-PLN-001,Bounded related export evidence only; no requirement acceptance or native/browser evidence,2026-10-05
LOGFRAME-003,Local PGlite + renderer,test_invalid_structure_fails_closed[nodes1],Pass,qualification/test_logframe.py,docs/evidence/logframe-local-suite.xml,FR-PLN-001,Bounded related export evidence only; no requirement acceptance or native/browser evidence,2026-10-05
LOGFRAME-004,Local PGlite + renderer,test_invalid_structure_fails_closed[nodes2],Pass,qualification/test_logframe.py,docs/evidence/logframe-local-suite.xml,FR-PLN-001,Bounded related export evidence only; no requirement acceptance or native/browser evidence,2026-10-05
LOGFRAME-005,Local PGlite + renderer,test_empty_and_deep_frameworks,Pass,qualification/test_logframe.py,docs/evidence/logframe-local-suite.xml,FR-PLN-001,Bounded related export evidence only; no requirement acceptance or native/browser evidence,2026-10-05
LOGFRAME-006,Local PGlite + renderer,test_formula_guard[=1+1],Pass,qualification/test_logframe.py,docs/evidence/logframe-local-suite.xml,FR-PLN-001,Bounded related export evidence only; no requirement acceptance or native/browser evidence,2026-10-05
LOGFRAME-007,Local PGlite + renderer,test_formula_guard[ +SUM(A1)],Pass,qualification/test_logframe.py,docs/evidence/logframe-local-suite.xml,FR-PLN-001,Bounded related export evidence only; no requirement acceptance or native/browser evidence,2026-10-05
LOGFRAME-008,Local PGlite + renderer,test_formula_guard[\t@SUM(A1)],Pass,qualification/test_logframe.py,docs/evidence/logframe-local-suite.xml,FR-PLN-001,Bounded related export evidence only; no requirement acceptance or native/browser evidence,2026-10-05
LOGFRAME-009,Local PGlite + renderer,test_formula_guard[\n-1+1],Pass,qualification/test_logframe.py,docs/evidence/logframe-local-suite.xml,FR-PLN-001,Bounded related export evidence only; no requirement acceptance or native/browser evidence,2026-10-05
LOGFRAME-010,Local PGlite + renderer,test_formula_guard[\ufeff=1+1],Pass,qualification/test_logframe.py,docs/evidence/logframe-local-suite.xml,FR-PLN-001,Bounded related export evidence only; no requirement acceptance or native/browser evidence,2026-10-05
LOGFRAME-011,Local PGlite + renderer,test_formula_guard[\x00=1+1],Pass,qualification/test_logframe.py,docs/evidence/logframe-local-suite.xml,FR-PLN-001,Bounded related export evidence only; no requirement acceptance or native/browser evidence,2026-10-05
LOGFRAME-012,Local PGlite + renderer,test_workbook_preserves_unicode_context_and_formula_safety,Pass,qualification/test_logframe.py,docs/evidence/logframe-local-suite.xml,FR-PLN-001,Bounded related export evidence only; no requirement acceptance or native/browser evidence,2026-10-05
LOGFRAME-013,Local PGlite + renderer,test_workbook_refuses_unrepresentable_control_characters,Pass,qualification/test_logframe.py,docs/evidence/logframe-local-suite.xml,FR-PLN-001,Bounded related export evidence only; no requirement acceptance or native/browser evidence,2026-10-05
LOGFRAME-014,Local PGlite + renderer,test_deterministic_bytes_and_no_clock_metadata,Pass,qualification/test_logframe.py,docs/evidence/logframe-local-suite.xml,FR-PLN-001,Bounded related export evidence only; no requirement acceptance or native/browser evidence,2026-10-05
LOGFRAME-015,Local PGlite + renderer,test_csv_is_rectangular_and_preserves_all_sections,Pass,qualification/test_logframe.py,docs/evidence/logframe-local-suite.xml,FR-PLN-001,Bounded related export evidence only; no requirement acceptance or native/browser evidence,2026-10-05
LOGFRAME-016,Local PGlite + renderer,test_approved_export_is_pinned_audited_and_rejects_unapproved,Pass,qualification/test_logframe.py,docs/evidence/logframe-local-suite.xml,FR-PLN-001,Bounded related export evidence only; no requirement acceptance or native/browser evidence,2026-10-05
LOGFRAME-017,Local PGlite + renderer,test_export_requires_separate_authority_and_current_source_visibility,Pass,qualification/test_logframe.py,docs/evidence/logframe-local-suite.xml,FR-PLN-001,Bounded related export evidence only; no requirement acceptance or native/browser evidence,2026-10-05
AI030-001,Nonprofit AI enablement,qualification.test_ai_advisory_provider::test_request_contains_only_brief_assessment_and_fixed_instructions,Pass,qualification/test_ai_advisory_provider.py,docs/evidence/nonprofit-ai-local-suite.xml,,Synthetic local assertion; not requirement acceptance or concurrency evidence,2026-10-05
AI030-002,Nonprofit AI enablement,qualification.test_ai_advisory_provider::test_unconfigured_adapter_does_not_call_provider,Pass,qualification/test_ai_advisory_provider.py,docs/evidence/nonprofit-ai-local-suite.xml,,Synthetic local assertion; not requirement acceptance or concurrency evidence,2026-10-05
AI030-003,Nonprofit AI enablement,qualification.test_ai_advisory_provider::test_provider_failures_are_closed_and_never_retried[302],Pass,qualification/test_ai_advisory_provider.py,docs/evidence/nonprofit-ai-local-suite.xml,,Synthetic local assertion; not requirement acceptance or concurrency evidence,2026-10-05
AI030-004,Nonprofit AI enablement,qualification.test_ai_advisory_provider::test_provider_failures_are_closed_and_never_retried[401],Pass,qualification/test_ai_advisory_provider.py,docs/evidence/nonprofit-ai-local-suite.xml,,Synthetic local assertion; not requirement acceptance or concurrency evidence,2026-10-05
AI030-005,Nonprofit AI enablement,qualification.test_ai_advisory_provider::test_provider_failures_are_closed_and_never_retried[429],Pass,qualification/test_ai_advisory_provider.py,docs/evidence/nonprofit-ai-local-suite.xml,,Synthetic local assertion; not requirement acceptance or concurrency evidence,2026-10-05
AI030-006,Nonprofit AI enablement,qualification.test_ai_advisory_provider::test_provider_failures_are_closed_and_never_retried[500],Pass,qualification/test_ai_advisory_provider.py,docs/evidence/nonprofit-ai-local-suite.xml,,Synthetic local assertion; not requirement acceptance or concurrency evidence,2026-10-05
AI030-007,Nonprofit AI enablement,qualification.test_ai_advisory_provider::test_timeout_has_no_sensitive_exception_chain,Pass,qualification/test_ai_advisory_provider.py,docs/evidence/nonprofit-ai-local-suite.xml,,Synthetic local assertion; not requirement acceptance or concurrency evidence,2026-10-05
AI030-008,Nonprofit AI enablement,qualification.test_ai_advisory_provider::test_invalid_incomplete_or_sensitive_outputs_are_refused[body0],Pass,qualification/test_ai_advisory_provider.py,docs/evidence/nonprofit-ai-local-suite.xml,,Synthetic local assertion; not requirement acceptance or concurrency evidence,2026-10-05
AI030-009,Nonprofit AI enablement,qualification.test_ai_advisory_provider::test_invalid_incomplete_or_sensitive_outputs_are_refused[body1],Pass,qualification/test_ai_advisory_provider.py,docs/evidence/nonprofit-ai-local-suite.xml,,Synthetic local assertion; not requirement acceptance or concurrency evidence,2026-10-05
AI030-010,Nonprofit AI enablement,qualification.test_ai_advisory_provider::test_invalid_incomplete_or_sensitive_outputs_are_refused[body2],Pass,qualification/test_ai_advisory_provider.py,docs/evidence/nonprofit-ai-local-suite.xml,,Synthetic local assertion; not requirement acceptance or concurrency evidence,2026-10-05
AI030-011,Nonprofit AI enablement,qualification.test_ai_advisory_provider::test_invalid_incomplete_or_sensitive_outputs_are_refused[body3],Pass,qualification/test_ai_advisory_provider.py,docs/evidence/nonprofit-ai-local-suite.xml,,Synthetic local assertion; not requirement acceptance or concurrency evidence,2026-10-05
AI030-012,Nonprofit AI enablement,qualification.test_ai_advisory_provider::test_invalid_incomplete_or_sensitive_outputs_are_refused[body4],Pass,qualification/test_ai_advisory_provider.py,docs/evidence/nonprofit-ai-local-suite.xml,,Synthetic local assertion; not requirement acceptance or concurrency evidence,2026-10-05
AI030-013,Nonprofit AI enablement,qualification.test_ai_advisory_provider::test_invalid_incomplete_or_sensitive_outputs_are_refused[body5],Pass,qualification/test_ai_advisory_provider.py,docs/evidence/nonprofit-ai-local-suite.xml,,Synthetic local assertion; not requirement acceptance or concurrency evidence,2026-10-05
AI030-014,Nonprofit AI enablement,qualification.test_ai_advisory_provider::test_invalid_incomplete_or_sensitive_outputs_are_refused[body6],Pass,qualification/test_ai_advisory_provider.py,docs/evidence/nonprofit-ai-local-suite.xml,,Synthetic local assertion; not requirement acceptance or concurrency evidence,2026-10-05
AI030-015,Nonprofit AI enablement,qualification.test_ai_advisory_provider::test_non_json_provider_output_is_refused,Pass,qualification/test_ai_advisory_provider.py,docs/evidence/nonprofit-ai-local-suite.xml,,Synthetic local assertion; not requirement acceptance or concurrency evidence,2026-10-05
AI030-016,Nonprofit AI enablement,qualification.test_ai_enablement::test_claim_commits_before_provider_and_exact_replay_does_not_call_again,Pass,qualification/test_ai_enablement.py,docs/evidence/nonprofit-ai-local-suite.xml,,Synthetic local assertion; not requirement acceptance or concurrency evidence,2026-10-05
AI030-017,Nonprofit AI enablement,qualification.test_ai_enablement::test_changed_payload_or_principal_conflicts_without_provider_call,Pass,qualification/test_ai_enablement.py,docs/evidence/nonprofit-ai-local-suite.xml,,Synthetic local assertion; not requirement acceptance or concurrency evidence,2026-10-05
AI030-018,Nonprofit AI enablement,qualification.test_ai_enablement::test_failed_attempt_is_durable_and_never_regenerated,Pass,qualification/test_ai_enablement.py,docs/evidence/nonprofit-ai-local-suite.xml,,Synthetic local assertion; not requirement acceptance or concurrency evidence,2026-10-05
AI030-019,Nonprofit AI enablement,qualification.test_ai_enablement::test_budget_counts_failed_reserved_attempts_and_is_per_tenant,Pass,qualification/test_ai_enablement.py,docs/evidence/nonprofit-ai-local-suite.xml,,Synthetic local assertion; not requirement acceptance or concurrency evidence,2026-10-05
AI030-020,Nonprofit AI enablement,qualification.test_ai_enablement::test_revoked_authority_after_call_never_returns_draft_or_regenerates,Pass,qualification/test_ai_enablement.py,docs/evidence/nonprofit-ai-local-suite.xml,,Synthetic local assertion; not requirement acceptance or concurrency evidence,2026-10-05
AI030-021,Nonprofit AI enablement,qualification.test_ai_enablement::test_replay_requires_current_authority,Pass,qualification/test_ai_enablement.py,docs/evidence/nonprofit-ai-local-suite.xml,,Synthetic local assertion; not requirement acceptance or concurrency evidence,2026-10-05
AI030-022,Nonprofit AI enablement,qualification.test_ai_enablement::test_unconfigured_never_reserves_or_spends[enabled],Pass,qualification/test_ai_enablement.py,docs/evidence/nonprofit-ai-local-suite.xml,,Synthetic local assertion; not requirement acceptance or concurrency evidence,2026-10-05
AI030-023,Nonprofit AI enablement,qualification.test_ai_enablement::test_unconfigured_never_reserves_or_spends[provider],Pass,qualification/test_ai_enablement.py,docs/evidence/nonprofit-ai-local-suite.xml,,Synthetic local assertion; not requirement acceptance or concurrency evidence,2026-10-05
AI030-024,Nonprofit AI enablement,qualification.test_ai_enablement::test_unconfigured_never_reserves_or_spends[secret],Pass,qualification/test_ai_enablement.py,docs/evidence/nonprofit-ai-local-suite.xml,,Synthetic local assertion; not requirement acceptance or concurrency evidence,2026-10-05
AI030-025,Nonprofit AI enablement,qualification.test_ai_enablement::test_consent_closed_body_and_profile_are_independently_validated,Pass,qualification/test_ai_enablement.py,docs/evidence/nonprofit-ai-local-suite.xml,,Synthetic local assertion; not requirement acceptance or concurrency evidence,2026-10-05
AI030-026,Nonprofit AI enablement,qualification.test_ai_enablement::test_sealed_output_tenant_binding_rotation_and_retirement,Pass,qualification/test_ai_enablement.py,docs/evidence/nonprofit-ai-local-suite.xml,,Synthetic local assertion; not requirement acceptance or concurrency evidence,2026-10-05
AI030-027,Nonprofit AI enablement,qualification.test_ai_enablement::test_unreadable_replay_fails_closed_without_provider_call,Pass,qualification/test_ai_enablement.py,docs/evidence/nonprofit-ai-local-suite.xml,,Synthetic local assertion; not requirement acceptance or concurrency evidence,2026-10-05
AI030-028,Nonprofit AI enablement,qualification.test_ai_enablement::test_catalogue_update_preserves_exact_replay_of_original_draft,Pass,qualification/test_ai_enablement.py,docs/evidence/nonprofit-ai-local-suite.xml,,Synthetic local assertion; not requirement acceptance or concurrency evidence,2026-10-05
AI030-029,Nonprofit AI enablement,qualification.test_ai_enablement::test_client_operation_id_is_never_used_as_a_registry_selector,Pass,qualification/test_ai_enablement.py,docs/evidence/nonprofit-ai-local-suite.xml,,Synthetic local assertion; not requirement acceptance or concurrency evidence,2026-10-05
AI030-030,Nonprofit AI enablement,qualification.test_ai_enablement_catalog::test_catalog_is_versioned_editorial_and_marketplace_is_honest,Pass,qualification/test_ai_enablement_catalog.py,docs/evidence/nonprofit-ai-local-suite.xml,,Synthetic local assertion; not requirement acceptance or concurrency evidence,2026-10-05
AI030-031,Nonprofit AI enablement,qualification.test_ai_enablement_catalog::test_catalog_copies_do_not_change_assessment_or_future_catalog,Pass,qualification/test_ai_enablement_catalog.py,docs/evidence/nonprofit-ai-local-suite.xml,,Synthetic local assertion; not requirement acceptance or concurrency evidence,2026-10-05
AI030-032,Nonprofit AI enablement,qualification.test_ai_enablement_catalog::test_assessment_is_deterministic_non_mutating_and_goal_explains_ranking,Pass,qualification/test_ai_enablement_catalog.py,docs/evidence/nonprofit-ai-local-suite.xml,,Synthetic local assertion; not requirement acceptance or concurrency evidence,2026-10-05
AI030-033,Nonprofit AI enablement,qualification.test_ai_enablement_catalog::test_foundation_gaps_do_not_promise_live_deployment,Pass,qualification/test_ai_enablement_catalog.py,docs/evidence/nonprofit-ai-local-suite.xml,,Synthetic local assertion; not requirement acceptance or concurrency evidence,2026-10-05
AI030-034,Nonprofit AI enablement,qualification.test_ai_enablement_catalog::test_sensitive_data_requires_review_for_every_ai_example,Pass,qualification/test_ai_enablement_catalog.py,docs/evidence/nonprofit-ai-local-suite.xml,,Synthetic local assertion; not requirement acceptance or concurrency evidence,2026-10-05
AI030-035,Nonprofit AI enablement,qualification.test_ai_enablement_catalog::test_sector_examples_are_scoped_and_health_requires_expert[EDUCATION-learning_material],Pass,qualification/test_ai_enablement_catalog.py,docs/evidence/nonprofit-ai-local-suite.xml,,Synthetic local assertion; not requirement acceptance or concurrency evidence,2026-10-05
AI030-036,Nonprofit AI enablement,qualification.test_ai_enablement_catalog::test_sector_examples_are_scoped_and_health_requires_expert[HEALTH-health_communications],Pass,qualification/test_ai_enablement_catalog.py,docs/evidence/nonprofit-ai-local-suite.xml,,Synthetic local assertion; not requirement acceptance or concurrency evidence,2026-10-05
AI030-037,Nonprofit AI enablement,qualification.test_ai_enablement_catalog::test_sector_examples_are_scoped_and_health_requires_expert[LIVELIHOODS-livelihood_resources],Pass,qualification/test_ai_enablement_catalog.py,docs/evidence/nonprofit-ai-local-suite.xml,,Synthetic local assertion; not requirement acceptance or concurrency evidence,2026-10-05
AI030-038,Nonprofit AI enablement,qualification.test_ai_enablement_catalog::test_sector_examples_are_scoped_and_health_requires_expert[ENVIRONMENT-environment_briefs],Pass,qualification/test_ai_enablement_catalog.py,docs/evidence/nonprofit-ai-local-suite.xml,,Synthetic local assertion; not requirement acceptance or concurrency evidence,2026-10-05
AI030-039,Nonprofit AI enablement,qualification.test_ai_enablement_catalog::test_goal_is_data_not_instructions_and_no_roi_or_prices_exist,Pass,qualification/test_ai_enablement_catalog.py,docs/evidence/nonprofit-ai-local-suite.xml,,Synthetic local assertion; not requirement acceptance or concurrency evidence,2026-10-05
AI030-040,Nonprofit AI enablement,qualification.test_ai_enablement_catalog::test_invalid_profiles_are_rejected[changes0],Pass,qualification/test_ai_enablement_catalog.py,docs/evidence/nonprofit-ai-local-suite.xml,,Synthetic local assertion; not requirement acceptance or concurrency evidence,2026-10-05
AI030-041,Nonprofit AI enablement,qualification.test_ai_enablement_catalog::test_invalid_profiles_are_rejected[changes1],Pass,qualification/test_ai_enablement_catalog.py,docs/evidence/nonprofit-ai-local-suite.xml,,Synthetic local assertion; not requirement acceptance or concurrency evidence,2026-10-05
AI030-042,Nonprofit AI enablement,qualification.test_ai_enablement_catalog::test_invalid_profiles_are_rejected[changes2],Pass,qualification/test_ai_enablement_catalog.py,docs/evidence/nonprofit-ai-local-suite.xml,,Synthetic local assertion; not requirement acceptance or concurrency evidence,2026-10-05
AI030-043,Nonprofit AI enablement,qualification.test_ai_enablement_catalog::test_invalid_profiles_are_rejected[changes3],Pass,qualification/test_ai_enablement_catalog.py,docs/evidence/nonprofit-ai-local-suite.xml,,Synthetic local assertion; not requirement acceptance or concurrency evidence,2026-10-05
AI030-044,Nonprofit AI enablement,qualification.test_ai_enablement_catalog::test_invalid_profiles_are_rejected[changes4],Pass,qualification/test_ai_enablement_catalog.py,docs/evidence/nonprofit-ai-local-suite.xml,,Synthetic local assertion; not requirement acceptance or concurrency evidence,2026-10-05
AI030-045,Nonprofit AI enablement,qualification.test_ai_enablement_catalog::test_invalid_profiles_are_rejected[changes5],Pass,qualification/test_ai_enablement_catalog.py,docs/evidence/nonprofit-ai-local-suite.xml,,Synthetic local assertion; not requirement acceptance or concurrency evidence,2026-10-05
AI030-046,Nonprofit AI enablement,qualification.test_ai_enablement_catalog::test_invalid_profiles_are_rejected[changes6],Pass,qualification/test_ai_enablement_catalog.py,docs/evidence/nonprofit-ai-local-suite.xml,,Synthetic local assertion; not requirement acceptance or concurrency evidence,2026-10-05
AI030-047,Nonprofit AI enablement,qualification.test_ai_enablement_catalog::test_invalid_profiles_are_rejected[changes7],Pass,qualification/test_ai_enablement_catalog.py,docs/evidence/nonprofit-ai-local-suite.xml,,Synthetic local assertion; not requirement acceptance or concurrency evidence,2026-10-05
AI030-048,Nonprofit AI enablement,qualification.test_ai_enablement_catalog::test_invalid_profiles_are_rejected[changes8],Pass,qualification/test_ai_enablement_catalog.py,docs/evidence/nonprofit-ai-local-suite.xml,,Synthetic local assertion; not requirement acceptance or concurrency evidence,2026-10-05
AI030-049,Nonprofit AI enablement,qualification.test_ai_enablement_catalog::test_invalid_profiles_are_rejected[changes9],Pass,qualification/test_ai_enablement_catalog.py,docs/evidence/nonprofit-ai-local-suite.xml,,Synthetic local assertion; not requirement acceptance or concurrency evidence,2026-10-05
AI030-050,Nonprofit AI enablement,qualification.test_ai_enablement_catalog::test_invalid_profiles_are_rejected[changes10],Pass,qualification/test_ai_enablement_catalog.py,docs/evidence/nonprofit-ai-local-suite.xml,,Synthetic local assertion; not requirement acceptance or concurrency evidence,2026-10-05
AI030-051,Nonprofit AI enablement,qualification.test_ai_enablement_catalog::test_invalid_profiles_are_rejected[changes11],Pass,qualification/test_ai_enablement_catalog.py,docs/evidence/nonprofit-ai-local-suite.xml,,Synthetic local assertion; not requirement acceptance or concurrency evidence,2026-10-05
AI030-052,Nonprofit AI enablement,qualification.test_ai_enablement_catalog::test_invalid_profiles_are_rejected[changes12],Pass,qualification/test_ai_enablement_catalog.py,docs/evidence/nonprofit-ai-local-suite.xml,,Synthetic local assertion; not requirement acceptance or concurrency evidence,2026-10-05
AI030-053,Nonprofit AI enablement,qualification.test_ai_enablement_catalog::test_missing_profile_fields_are_rejected[None],Pass,qualification/test_ai_enablement_catalog.py,docs/evidence/nonprofit-ai-local-suite.xml,,Synthetic local assertion; not requirement acceptance or concurrency evidence,2026-10-05
AI030-054,Nonprofit AI enablement,qualification.test_ai_enablement_catalog::test_missing_profile_fields_are_rejected[source1],Pass,qualification/test_ai_enablement_catalog.py,docs/evidence/nonprofit-ai-local-suite.xml,,Synthetic local assertion; not requirement acceptance or concurrency evidence,2026-10-05
AI030-055,Nonprofit AI enablement,qualification.test_ai_enablement_catalog::test_missing_profile_fields_are_rejected[source2],Pass,qualification/test_ai_enablement_catalog.py,docs/evidence/nonprofit-ai-local-suite.xml,,Synthetic local assertion; not requirement acceptance or concurrency evidence,2026-10-05
AI030-056,Nonprofit AI enablement,qualification.test_ai_enablement_catalog::test_missing_profile_fields_are_rejected[source3],Pass,qualification/test_ai_enablement_catalog.py,docs/evidence/nonprofit-ai-local-suite.xml,,Synthetic local assertion; not requirement acceptance or concurrency evidence,2026-10-05
AI030-057,Nonprofit AI enablement,qualification.test_ai_enablement_catalog::test_profile_boundary_values[1],Pass,qualification/test_ai_enablement_catalog.py,docs/evidence/nonprofit-ai-local-suite.xml,,Synthetic local assertion; not requirement acceptance or concurrency evidence,2026-10-05
AI030-058,Nonprofit AI enablement,qualification.test_ai_enablement_catalog::test_profile_boundary_values[100000],Pass,qualification/test_ai_enablement_catalog.py,docs/evidence/nonprofit-ai-local-suite.xml,,Synthetic local assertion; not requirement acceptance or concurrency evidence,2026-10-05
AI030-059,Nonprofit AI enablement,qualification.test_ai_enablement_live::test_readiness_api_and_separate_advisory_authority,Pass,qualification/test_ai_enablement_live.py,docs/evidence/nonprofit-ai-local-suite.xml,,Synthetic local assertion; not requirement acceptance or concurrency evidence,2026-10-05
AI030-060,Nonprofit AI enablement,qualification.test_ai_enablement_live::test_durable_sealed_replay_and_daily_budget_on_real_database,Pass,qualification/test_ai_enablement_live.py,docs/evidence/nonprofit-ai-local-suite.xml,,Synthetic local assertion; not requirement acceptance or concurrency evidence,2026-10-05
AI030-061,Nonprofit AI enablement,qualification.test_toladata_reuse_scenarios::test_empty_result_and_explicit_zero_have_different_report_meaning,Pass,qualification/test_toladata_reuse_scenarios.py,docs/evidence/nonprofit-ai-local-suite.xml,,Synthetic local assertion; not requirement acceptance or concurrency evidence,2026-10-05
AI030-062,Nonprofit AI enablement,qualification.test_toladata_reuse_scenarios::test_missing_and_unapproved_results_never_inflate_period_actual,Pass,qualification/test_toladata_reuse_scenarios.py,docs/evidence/nonprofit-ai-local-suite.xml,,Synthetic local assertion; not requirement acceptance or concurrency evidence,2026-10-05
AI030-063,Nonprofit AI enablement,qualification.test_toladata_reuse_scenarios::test_period_flow_and_cumulative_position_cannot_share_a_summation_rule,Pass,qualification/test_toladata_reuse_scenarios.py,docs/evidence/nonprofit-ai-local-suite.xml,,Synthetic local assertion; not requirement acceptance or concurrency evidence,2026-10-05
AI030-064,Nonprofit AI enablement,qualification.test_toladata_reuse_scenarios::test_percentage_actual_requires_components_and_is_not_latest_or_average,Pass,qualification/test_toladata_reuse_scenarios.py,docs/evidence/nonprofit-ai-local-suite.xml,,Synthetic local assertion; not requirement acceptance or concurrency evidence,2026-10-05
AI030-065,Nonprofit AI enablement,qualification.test_toladata_reuse_scenarios::test_zero_denominator_stays_undefined_through_target_comparison,Pass,qualification/test_toladata_reuse_scenarios.py,docs/evidence/nonprofit-ai-local-suite.xml,,Synthetic local assertion; not requirement acceptance or concurrency evidence,2026-10-05
AI030-066,Nonprofit AI enablement,qualification.test_toladata_reuse_scenarios::test_zero_target_and_missing_target_are_distinct_from_zero_actual,Pass,qualification/test_toladata_reuse_scenarios.py,docs/evidence/nonprofit-ai-local-suite.xml,,Synthetic local assertion; not requirement acceptance or concurrency evidence,2026-10-05
AI030-067,Nonprofit AI enablement,qualification.test_toladata_reuse_scenarios::test_attainment_uses_raw_decimal_and_is_not_capped_at_one_hundred,Pass,qualification/test_toladata_reuse_scenarios.py,docs/evidence/nonprofit-ai-local-suite.xml,,Synthetic local assertion; not requirement acceptance or concurrency evidence,2026-10-05
AI030-068,Nonprofit AI enablement,qualification.test_toladata_reuse_scenarios::test_cumulative_latest_uses_equivalent_instants_and_rejects_conflicts,Pass,qualification/test_toladata_reuse_scenarios.py,docs/evidence/nonprofit-ai-local-suite.xml,,Synthetic local assertion; not requirement acceptance or concurrency evidence,2026-10-05
AI030-069,Nonprofit AI enablement,qualification.test_toladata_reuse_scenarios::test_multiselect_disaggregations_are_not_a_second_total,Pass,qualification/test_toladata_reuse_scenarios.py,docs/evidence/nonprofit-ai-local-suite.xml,,Synthetic local assertion; not requirement acceptance or concurrency evidence,2026-10-05
AI030-070,Nonprofit AI enablement,qualification.test_toladata_reuse_scenarios::test_monthly_leap_day_and_year_rollover_have_exclusive_contiguous_ends,Pass,qualification/test_toladata_reuse_scenarios.py,docs/evidence/nonprofit-ai-local-suite.xml,,Synthetic local assertion; not requirement acceptance or concurrency evidence,2026-10-05
AI030-071,Nonprofit AI enablement,qualification.test_toladata_reuse_scenarios::test_quarterly_and_annual_boundaries_use_reporting_zone_not_utc_midnight,Pass,qualification/test_toladata_reuse_scenarios.py,docs/evidence/nonprofit-ai-local-suite.xml,,Synthetic local assertion; not requirement acceptance or concurrency evidence,2026-10-05
AI030-072,Nonprofit AI enablement,qualification.test_toladata_reuse_scenarios::test_monthly_dst_boundary_preserves_local_midnight_and_contiguity,Pass,qualification/test_toladata_reuse_scenarios.py,docs/evidence/nonprofit-ai-local-suite.xml,,Synthetic local assertion; not requirement acceptance or concurrency evidence,2026-10-05
AI030-ADOPT-001,AI adoption product,qualification.test_ai_adoption_plans::test_closed_draft_refuses_unknown_ids_duplicate_actions_and_unbounded_notes[<lambda>0],Pass,qualification/test_ai_adoption_plans.py,docs/evidence/nonprofit-ai-adoption-local-suite.xml,,Synthetic local assertion; not requirement acceptance or concurrency evidence,2026-10-05
AI030-ADOPT-002,AI adoption product,qualification.test_ai_adoption_plans::test_closed_draft_refuses_unknown_ids_duplicate_actions_and_unbounded_notes[<lambda>1],Pass,qualification/test_ai_adoption_plans.py,docs/evidence/nonprofit-ai-adoption-local-suite.xml,,Synthetic local assertion; not requirement acceptance or concurrency evidence,2026-10-05
AI030-ADOPT-003,AI adoption product,qualification.test_ai_adoption_plans::test_closed_draft_refuses_unknown_ids_duplicate_actions_and_unbounded_notes[<lambda>2],Pass,qualification/test_ai_adoption_plans.py,docs/evidence/nonprofit-ai-adoption-local-suite.xml,,Synthetic local assertion; not requirement acceptance or concurrency evidence,2026-10-05
AI030-ADOPT-004,AI adoption product,qualification.test_ai_adoption_plans::test_closed_draft_refuses_unknown_ids_duplicate_actions_and_unbounded_notes[<lambda>3],Pass,qualification/test_ai_adoption_plans.py,docs/evidence/nonprofit-ai-adoption-local-suite.xml,,Synthetic local assertion; not requirement acceptance or concurrency evidence,2026-10-05
AI030-ADOPT-005,AI adoption product,qualification.test_ai_adoption_plans::test_closed_draft_refuses_unknown_ids_duplicate_actions_and_unbounded_notes[<lambda>4],Pass,qualification/test_ai_adoption_plans.py,docs/evidence/nonprofit-ai-adoption-local-suite.xml,,Synthetic local assertion; not requirement acceptance or concurrency evidence,2026-10-05
AI030-ADOPT-006,AI adoption product,qualification.test_ai_adoption_plans::test_closed_draft_refuses_unknown_ids_duplicate_actions_and_unbounded_notes[<lambda>5],Pass,qualification/test_ai_adoption_plans.py,docs/evidence/nonprofit-ai-adoption-local-suite.xml,,Synthetic local assertion; not requirement acceptance or concurrency evidence,2026-10-05
AI030-ADOPT-007,AI adoption product,qualification.test_ai_adoption_plans::test_closed_draft_refuses_unknown_ids_duplicate_actions_and_unbounded_notes[<lambda>6],Pass,qualification/test_ai_adoption_plans.py,docs/evidence/nonprofit-ai-adoption-local-suite.xml,,Synthetic local assertion; not requirement acceptance or concurrency evidence,2026-10-05
AI030-ADOPT-008,AI adoption product,qualification.test_ai_adoption_plans::test_closed_draft_refuses_unknown_ids_duplicate_actions_and_unbounded_notes[<lambda>7],Pass,qualification/test_ai_adoption_plans.py,docs/evidence/nonprofit-ai-adoption-local-suite.xml,,Synthetic local assertion; not requirement acceptance or concurrency evidence,2026-10-05
AI030-ADOPT-009,AI adoption product,qualification.test_ai_adoption_plans::test_closed_draft_refuses_unknown_ids_duplicate_actions_and_unbounded_notes[<lambda>8],Pass,qualification/test_ai_adoption_plans.py,docs/evidence/nonprofit-ai-adoption-local-suite.xml,,Synthetic local assertion; not requirement acceptance or concurrency evidence,2026-10-05
AI030-ADOPT-010,AI adoption product,qualification.test_ai_adoption_plans::test_closed_draft_refuses_unknown_ids_duplicate_actions_and_unbounded_notes[<lambda>9],Pass,qualification/test_ai_adoption_plans.py,docs/evidence/nonprofit-ai-adoption-local-suite.xml,,Synthetic local assertion; not requirement acceptance or concurrency evidence,2026-10-05
AI030-ADOPT-011,AI adoption product,qualification.test_ai_adoption_plans::test_closed_draft_refuses_unknown_ids_duplicate_actions_and_unbounded_notes[<lambda>10],Pass,qualification/test_ai_adoption_plans.py,docs/evidence/nonprofit-ai-adoption-local-suite.xml,,Synthetic local assertion; not requirement acceptance or concurrency evidence,2026-10-05
AI030-ADOPT-012,AI adoption product,qualification.test_ai_adoption_plans::test_closed_draft_refuses_unknown_ids_duplicate_actions_and_unbounded_notes[<lambda>11],Pass,qualification/test_ai_adoption_plans.py,docs/evidence/nonprofit-ai-adoption-local-suite.xml,,Synthetic local assertion; not requirement acceptance or concurrency evidence,2026-10-05
AI030-ADOPT-013,AI adoption product,qualification.test_ai_adoption_plans::test_closed_draft_refuses_unknown_ids_duplicate_actions_and_unbounded_notes[<lambda>12],Pass,qualification/test_ai_adoption_plans.py,docs/evidence/nonprofit-ai-adoption-local-suite.xml,,Synthetic local assertion; not requirement acceptance or concurrency evidence,2026-10-05
AI030-ADOPT-014,AI adoption product,qualification.test_ai_adoption_plans::test_closed_draft_refuses_unknown_ids_duplicate_actions_and_unbounded_notes[<lambda>13],Pass,qualification/test_ai_adoption_plans.py,docs/evidence/nonprofit-ai-adoption-local-suite.xml,,Synthetic local assertion; not requirement acceptance or concurrency evidence,2026-10-05
AI030-ADOPT-015,AI adoption product,qualification.test_ai_adoption_plans::test_closed_draft_refuses_unknown_ids_duplicate_actions_and_unbounded_notes[<lambda>14],Pass,qualification/test_ai_adoption_plans.py,docs/evidence/nonprofit-ai-adoption-local-suite.xml,,Synthetic local assertion; not requirement acceptance or concurrency evidence,2026-10-05
AI030-ADOPT-016,AI adoption product,qualification.test_ai_adoption_plans::test_closed_draft_refuses_unknown_ids_duplicate_actions_and_unbounded_notes[<lambda>15],Pass,qualification/test_ai_adoption_plans.py,docs/evidence/nonprofit-ai-adoption-local-suite.xml,,Synthetic local assertion; not requirement acceptance or concurrency evidence,2026-10-05
AI030-ADOPT-017,AI adoption product,qualification.test_ai_adoption_plans::test_valid_early_draft_allows_an_empty_shortlist_without_certifying_completion,Pass,qualification/test_ai_adoption_plans.py,docs/evidence/nonprofit-ai-adoption-local-suite.xml,,Synthetic local assertion; not requirement acceptance or concurrency evidence,2026-10-05
AI030-ADOPT-018,AI adoption product,qualification.test_ai_adoption_plans::test_exact_replay_retains_server_versions_and_writes_once_after_catalogue_update,Pass,qualification/test_ai_adoption_plans.py,docs/evidence/nonprofit-ai-adoption-local-suite.xml,,Synthetic local assertion; not requirement acceptance or concurrency evidence,2026-10-05
AI030-ADOPT-019,AI adoption product,qualification.test_ai_adoption_plans::test_changed_payload_conflicts_without_an_extra_revision,Pass,qualification/test_ai_adoption_plans.py,docs/evidence/nonprofit-ai-adoption-local-suite.xml,,Synthetic local assertion; not requirement acceptance or concurrency evidence,2026-10-05
AI030-ADOPT-020,AI adoption product,qualification.test_ai_adoption_plans::test_stale_update_refused_old_revision_retained_and_exact_update_replays,Pass,qualification/test_ai_adoption_plans.py,docs/evidence/nonprofit-ai-adoption-local-suite.xml,,Synthetic local assertion; not requirement acceptance or concurrency evidence,2026-10-05
AI030-ADOPT-021,AI adoption product,qualification.test_ai_adoption_plans::test_receipt_never_bypasses_current_authority[allow_read],Pass,qualification/test_ai_adoption_plans.py,docs/evidence/nonprofit-ai-adoption-local-suite.xml,,Synthetic local assertion; not requirement acceptance or concurrency evidence,2026-10-05
AI030-ADOPT-022,AI adoption product,qualification.test_ai_adoption_plans::test_receipt_never_bypasses_current_authority[allow_write],Pass,qualification/test_ai_adoption_plans.py,docs/evidence/nonprofit-ai-adoption-local-suite.xml,,Synthetic local assertion; not requirement acceptance or concurrency evidence,2026-10-05
AI030-ADOPT-023,AI adoption product,qualification.test_ai_adoption_plans::test_expired_receipt_is_not_a_new_save,Pass,qualification/test_ai_adoption_plans.py,docs/evidence/nonprofit-ai-adoption-local-suite.xml,,Synthetic local assertion; not requirement acceptance or concurrency evidence,2026-10-05
AI030-ADOPT-024,AI adoption product,qualification.test_ai_adoption_plans::test_tenant_selector_and_wrong_kind_are_hidden,Pass,qualification/test_ai_adoption_plans.py,docs/evidence/nonprofit-ai-adoption-local-suite.xml,,Synthetic local assertion; not requirement acceptance or concurrency evidence,2026-10-05
AI030-ADOPT-025,AI adoption product,qualification.test_ai_adoption_plans::test_receipts_are_scoped_to_current_principal,Pass,qualification/test_ai_adoption_plans.py,docs/evidence/nonprofit-ai-adoption-local-suite.xml,,Synthetic local assertion; not requirement acceptance or concurrency evidence,2026-10-05
AI030-ADOPT-026,AI adoption product,qualification.test_ai_adoption_plans::test_list_page_bound_is_enforced_before_database_access[0],Pass,qualification/test_ai_adoption_plans.py,docs/evidence/nonprofit-ai-adoption-local-suite.xml,,Synthetic local assertion; not requirement acceptance or concurrency evidence,2026-10-05
AI030-ADOPT-027,AI adoption product,qualification.test_ai_adoption_plans::test_list_page_bound_is_enforced_before_database_access[101],Pass,qualification/test_ai_adoption_plans.py,docs/evidence/nonprofit-ai-adoption-local-suite.xml,,Synthetic local assertion; not requirement acceptance or concurrency evidence,2026-10-05
AI030-ADOPT-028,AI adoption product,qualification.test_ai_adoption_plans::test_list_page_bound_is_enforced_before_database_access[True],Pass,qualification/test_ai_adoption_plans.py,docs/evidence/nonprofit-ai-adoption-local-suite.xml,,Synthetic local assertion; not requirement acceptance or concurrency evidence,2026-10-05
AI030-ADOPT-029,AI adoption product,qualification.test_ai_adoption_plans::test_list_page_bound_is_enforced_before_database_access[10],Pass,qualification/test_ai_adoption_plans.py,docs/evidence/nonprofit-ai-adoption-local-suite.xml,,Synthetic local assertion; not requirement acceptance or concurrency evidence,2026-10-05
AI030-ADOPT-030,AI adoption product,qualification.test_ai_adoption_plans_live::test_durable_adoption_plan_save_replay_revision_and_atomic_audit,Pass,qualification/test_ai_adoption_plans_live.py,docs/evidence/nonprofit-ai-adoption-local-suite.xml,,Synthetic local assertion; not requirement acceptance or concurrency evidence,2026-10-05
AI030-ADOPT-031,AI adoption product,qualification.test_ai_adoption_plans_live::test_adoption_plan_readonly_tenant_revoked_wrong_kind_and_closed_data,Pass,qualification/test_ai_adoption_plans_live.py,docs/evidence/nonprofit-ai-adoption-local-suite.xml,,Synthetic local assertion; not requirement acceptance or concurrency evidence,2026-10-05
AI030-ADOPT-032,AI adoption product,qualification.test_ai_adoption_plans_live::test_adoption_list_pagination_and_cursor_tenant_principal_binding,Pass,qualification/test_ai_adoption_plans_live.py,docs/evidence/nonprofit-ai-adoption-local-suite.xml,,Synthetic local assertion; not requirement acceptance or concurrency evidence,2026-10-05
AI030-ADOPT-033,AI adoption product,qualification.test_ai_adoption_plans_live::test_scoped_adoption_reads_filter_list_and_cursors_follow_current_visibility,Pass,qualification/test_ai_adoption_plans_live.py,docs/evidence/nonprofit-ai-adoption-local-suite.xml,,Synthetic local assertion; not requirement acceptance or concurrency evidence,2026-10-05
AI030-ADOPT-034,AI adoption product,qualification.test_ai_adoption_plans_live::test_adoption_exact_replay_requires_current_management_authority,Pass,qualification/test_ai_adoption_plans_live.py,docs/evidence/nonprofit-ai-adoption-local-suite.xml,,Synthetic local assertion; not requirement acceptance or concurrency evidence,2026-10-05
AI030-ADOPT-035,AI adoption product,qualification.test_ai_learning_content::test_practical_lessons_cover_every_saved_learning_step,Pass,qualification/test_ai_learning_content.py,docs/evidence/nonprofit-ai-adoption-local-suite.xml,,Synthetic local assertion; not requirement acceptance or concurrency evidence,2026-10-05
AI030-ADOPT-036,AI adoption product,qualification.test_ai_learning_content::test_a_clients_lesson_edits_do_not_change_future_catalogues,Pass,qualification/test_ai_learning_content.py,docs/evidence/nonprofit-ai-adoption-local-suite.xml,,Synthetic local assertion; not requirement acceptance or concurrency evidence,2026-10-05
AI030-ADOPT-037,AI adoption product,qualification.test_ai_solutions_catalog::test_catalogue_is_versioned_dated_and_transparent_about_editorial_fit,Pass,qualification/test_ai_solutions_catalog.py,docs/evidence/nonprofit-ai-adoption-local-suite.xml,,Synthetic local assertion; not requirement acceptance or concurrency evidence,2026-10-05
AI030-ADOPT-038,AI adoption product,qualification.test_ai_solutions_catalog::test_published_solutions_use_existing_ai_examples_and_closed_known_ids,Pass,qualification/test_ai_solutions_catalog.py,docs/evidence/nonprofit-ai-adoption-local-suite.xml,,Synthetic local assertion; not requirement acceptance or concurrency evidence,2026-10-05
AI030-ADOPT-039,AI adoption product,qualification.test_ai_solutions_catalog::test_every_solution_has_official_evidence_and_data_questions[chatgpt_business],Pass,qualification/test_ai_solutions_catalog.py,docs/evidence/nonprofit-ai-adoption-local-suite.xml,,Synthetic local assertion; not requirement acceptance or concurrency evidence,2026-10-05
AI030-ADOPT-040,AI adoption product,qualification.test_ai_solutions_catalog::test_every_solution_has_official_evidence_and_data_questions[claude_team],Pass,qualification/test_ai_solutions_catalog.py,docs/evidence/nonprofit-ai-adoption-local-suite.xml,,Synthetic local assertion; not requirement acceptance or concurrency evidence,2026-10-05
AI030-ADOPT-041,AI adoption product,qualification.test_ai_solutions_catalog::test_every_solution_has_official_evidence_and_data_questions[microsoft_365_copilot],Pass,qualification/test_ai_solutions_catalog.py,docs/evidence/nonprofit-ai-adoption-local-suite.xml,,Synthetic local assertion; not requirement acceptance or concurrency evidence,2026-10-05
AI030-ADOPT-042,AI adoption product,qualification.test_ai_solutions_catalog::test_every_solution_has_official_evidence_and_data_questions[google_workspace_gemini],Pass,qualification/test_ai_solutions_catalog.py,docs/evidence/nonprofit-ai-adoption-local-suite.xml,,Synthetic local assertion; not requirement acceptance or concurrency evidence,2026-10-05
AI030-ADOPT-043,AI adoption product,qualification.test_ai_solutions_catalog::test_every_solution_has_official_evidence_and_data_questions[notebooklm],Pass,qualification/test_ai_solutions_catalog.py,docs/evidence/nonprofit-ai-adoption-local-suite.xml,,Synthetic local assertion; not requirement acceptance or concurrency evidence,2026-10-05
AI030-ADOPT-044,AI adoption product,qualification.test_ai_solutions_catalog::test_every_solution_has_official_evidence_and_data_questions[deepl],Pass,qualification/test_ai_solutions_catalog.py,docs/evidence/nonprofit-ai-adoption-local-suite.xml,,Synthetic local assertion; not requirement acceptance or concurrency evidence,2026-10-05
AI030-ADOPT-045,AI adoption product,qualification.test_ai_solutions_catalog::test_every_solution_has_official_evidence_and_data_questions[canva_magic_studio],Pass,qualification/test_ai_solutions_catalog.py,docs/evidence/nonprofit-ai-adoption-local-suite.xml,,Synthetic local assertion; not requirement acceptance or concurrency evidence,2026-10-05
AI030-ADOPT-046,AI adoption product,qualification.test_ai_solutions_catalog::test_every_solution_has_official_evidence_and_data_questions[microsoft_foundry],Pass,qualification/test_ai_solutions_catalog.py,docs/evidence/nonprofit-ai-adoption-local-suite.xml,,Synthetic local assertion; not requirement acceptance or concurrency evidence,2026-10-05
AI030-ADOPT-047,AI adoption product,qualification.test_ai_solutions_catalog::test_edition_and_api_differences_are_not_presented_as_free_entitlements,Pass,qualification/test_ai_solutions_catalog.py,docs/evidence/nonprofit-ai-adoption-local-suite.xml,,Synthetic local assertion; not requirement acceptance or concurrency evidence,2026-10-05
AI030-ADOPT-048,AI adoption product,qualification.test_ai_solutions_catalog::test_reading_or_editing_a_catalogue_copy_cannot_change_future_snapshots,Pass,qualification/test_ai_solutions_catalog.py,docs/evidence/nonprofit-ai-adoption-local-suite.xml,,Synthetic local assertion; not requirement acceptance or concurrency evidence,2026-10-05
AI030-ADOPT-049,AI adoption product,qualification.test_ai_solutions_catalog::test_comparison_prompts_require_evidence_cost_and_review_without_a_vendor_score,Pass,qualification/test_ai_solutions_catalog.py,docs/evidence/nonprofit-ai-adoption-local-suite.xml,,Synthetic local assertion; not requirement acceptance or concurrency evidence,2026-10-05
AI030-ADOPT-050,AI adoption product,qualification.test_ai_solutions_catalog::test_shortlists_keep_user_order_and_return_an_independent_copy,Pass,qualification/test_ai_solutions_catalog.py,docs/evidence/nonprofit-ai-adoption-local-suite.xml,,Synthetic local assertion; not requirement acceptance or concurrency evidence,2026-10-05
AI030-ADOPT-051,AI adoption product,qualification.test_ai_solutions_catalog::test_shortlists_reject_ambiguous_unbounded_or_unknown_input[None],Pass,qualification/test_ai_solutions_catalog.py,docs/evidence/nonprofit-ai-adoption-local-suite.xml,,Synthetic local assertion; not requirement acceptance or concurrency evidence,2026-10-05
AI030-ADOPT-052,AI adoption product,qualification.test_ai_solutions_catalog::test_shortlists_reject_ambiguous_unbounded_or_unknown_input[deepl],Pass,qualification/test_ai_solutions_catalog.py,docs/evidence/nonprofit-ai-adoption-local-suite.xml,,Synthetic local assertion; not requirement acceptance or concurrency evidence,2026-10-05
AI030-ADOPT-053,AI adoption product,qualification.test_ai_solutions_catalog::test_shortlists_reject_ambiguous_unbounded_or_unknown_input[value2],Pass,qualification/test_ai_solutions_catalog.py,docs/evidence/nonprofit-ai-adoption-local-suite.xml,,Synthetic local assertion; not requirement acceptance or concurrency evidence,2026-10-05
AI030-ADOPT-054,AI adoption product,qualification.test_ai_solutions_catalog::test_shortlists_reject_ambiguous_unbounded_or_unknown_input[value3],Pass,qualification/test_ai_solutions_catalog.py,docs/evidence/nonprofit-ai-adoption-local-suite.xml,,Synthetic local assertion; not requirement acceptance or concurrency evidence,2026-10-05
AI030-ADOPT-055,AI adoption product,qualification.test_ai_solutions_catalog::test_shortlists_reject_ambiguous_unbounded_or_unknown_input[value4],Pass,qualification/test_ai_solutions_catalog.py,docs/evidence/nonprofit-ai-adoption-local-suite.xml,,Synthetic local assertion; not requirement acceptance or concurrency evidence,2026-10-05
AI030-ADOPT-056,AI adoption product,qualification.test_ai_solutions_catalog::test_shortlists_reject_ambiguous_unbounded_or_unknown_input[value5],Pass,qualification/test_ai_solutions_catalog.py,docs/evidence/nonprofit-ai-adoption-local-suite.xml,,Synthetic local assertion; not requirement acceptance or concurrency evidence,2026-10-05
AI030-ADOPT-057,AI adoption product,qualification.test_ai_solutions_catalog::test_shortlists_reject_ambiguous_unbounded_or_unknown_input[value6],Pass,qualification/test_ai_solutions_catalog.py,docs/evidence/nonprofit-ai-adoption-local-suite.xml,,Synthetic local assertion; not requirement acceptance or concurrency evidence,2026-10-05
AI030-ADOPT-058,AI adoption product,qualification.test_ai_solutions_catalog::test_shortlists_reject_ambiguous_unbounded_or_unknown_input[value7],Pass,qualification/test_ai_solutions_catalog.py,docs/evidence/nonprofit-ai-adoption-local-suite.xml,,Synthetic local assertion; not requirement acceptance or concurrency evidence,2026-10-05
AI030-ADOPT-059,AI adoption product,qualification.test_ai_solutions_catalog::test_shortlists_reject_ambiguous_unbounded_or_unknown_input[value8],Pass,qualification/test_ai_solutions_catalog.py,docs/evidence/nonprofit-ai-adoption-local-suite.xml,,Synthetic local assertion; not requirement acceptance or concurrency evidence,2026-10-05
AI030-ADOPT-060,AI adoption product,qualification.test_ai_solutions_catalog::test_shortlists_reject_ambiguous_unbounded_or_unknown_input[value9],Pass,qualification/test_ai_solutions_catalog.py,docs/evidence/nonprofit-ai-adoption-local-suite.xml,,Synthetic local assertion; not requirement acceptance or concurrency evidence,2026-10-05
AI030-ADOPT-061,AI adoption product,qualification.test_ai_solutions_catalog::test_shortlists_reject_ambiguous_unbounded_or_unknown_input[value10],Pass,qualification/test_ai_solutions_catalog.py,docs/evidence/nonprofit-ai-adoption-local-suite.xml,,Synthetic local assertion; not requirement acceptance or concurrency evidence,2026-10-05
AI030-ADOPT-062,AI adoption product,qualification.test_ai_solutions_catalog::test_shortlists_reject_ambiguous_unbounded_or_unknown_input[value11],Pass,qualification/test_ai_solutions_catalog.py,docs/evidence/nonprofit-ai-adoption-local-suite.xml,,Synthetic local assertion; not requirement acceptance or concurrency evidence,2026-10-05
AI030-ADOPT-063,AI adoption product,qualification.test_ai_solutions_catalog::test_shortlists_reject_ambiguous_unbounded_or_unknown_input[value12],Pass,qualification/test_ai_solutions_catalog.py,docs/evidence/nonprofit-ai-adoption-local-suite.xml,,Synthetic local assertion; not requirement acceptance or concurrency evidence,2026-10-05
AI030-ADOPT-064,AI adoption product,qualification.test_ai_solutions_catalog::test_shortlists_reject_ambiguous_unbounded_or_unknown_input[value13],Pass,qualification/test_ai_solutions_catalog.py,docs/evidence/nonprofit-ai-adoption-local-suite.xml,,Synthetic local assertion; not requirement acceptance or concurrency evidence,2026-10-05
AI030-ADOPT-065,AI adoption product,qualification.test_ai_solutions_catalog::test_shortlists_reject_ambiguous_unbounded_or_unknown_input[value14],Pass,qualification/test_ai_solutions_catalog.py,docs/evidence/nonprofit-ai-adoption-local-suite.xml,,Synthetic local assertion; not requirement acceptance or concurrency evidence,2026-10-05
AI030-BROWSER-001,AI adoption browser,Open the working tool directory with published sources and honest transaction limits,Pass,tools/browser/ai-enablement-check.mjs,docs/evidence/ai-enablement-browser-tests.json,,Chrome/macOS synthetic end-to-end; automated WCAG subset only; not hosted qualification,2026-10-05
AI030-BROWSER-002,AI adoption browser,Assess readiness without a model call and clear stale results when the brief changes,Pass,tools/browser/ai-enablement-check.mjs,docs/evidence/ai-enablement-browser-tests.json,,Chrome/macOS synthetic end-to-end; automated WCAG subset only; not hosted qualification,2026-10-05
AI030-BROWSER-003,AI adoption browser,"Search and filter published tools, and cap a side-by-side comparison at four",Pass,tools/browser/ai-enablement-check.mjs,docs/evidence/ai-enablement-browser-tests.json,,Chrome/macOS synthetic end-to-end; automated WCAG subset only; not hosted qualification,2026-10-05
AI030-BROWSER-004,AI adoption browser,"Use a practical lesson, self-check, procurement draft and pilot tracker",Pass,tools/browser/ai-enablement-check.mjs,docs/evidence/ai-enablement-browser-tests.json,,Chrome/macOS synthetic end-to-end; automated WCAG subset only; not hosted qualification,2026-10-05
AI030-BROWSER-005,AI adoption browser,A lost save response retries the same operation and keeps newer edits unsaved,Pass,tools/browser/ai-enablement-check.mjs,docs/evidence/ai-enablement-browser-tests.json,,Chrome/macOS synthetic end-to-end; automated WCAG subset only; not hosted qualification,2026-10-05
AI030-BROWSER-006,AI adoption browser,"Reopening a saved plan restores shortlist, readiness, learning, procurement and pilot progress",Pass,tools/browser/ai-enablement-check.mjs,docs/evidence/ai-enablement-browser-tests.json,,Chrome/macOS synthetic end-to-end; automated WCAG subset only; not hosted qualification,2026-10-05
AI030-BROWSER-007,AI adoption browser,A stale shared-plan save preserves local edits and leaves the current server revision intact,Pass,tools/browser/ai-enablement-check.mjs,docs/evidence/ai-enablement-browser-tests.json,,Chrome/macOS synthetic end-to-end; automated WCAG subset only; not hosted qualification,2026-10-05
AI030-BROWSER-008,AI adoption browser,"Disabled advisory sends no requests, and the product fits desktop and 390 px mobile views",Pass,tools/browser/ai-enablement-check.mjs,docs/evidence/ai-enablement-browser-tests.json,,Chrome/macOS synthetic end-to-end; automated WCAG subset only; not hosted qualification,2026-10-05
AI030-BROWSER-009,AI adoption browser,New product sections and discard confirmation have no serious or critical automated WCAG findings,Pass,tools/browser/ai-enablement-check.mjs,docs/evidence/ai-enablement-browser-tests.json,,Chrome/macOS synthetic end-to-end; automated WCAG subset only; not hosted qualification,2026-10-05
AI030-BROWSER-010,AI adoption browser,An existing read-only actor can browse tools but cannot save plans or record completion,Pass,tools/browser/ai-enablement-check.mjs,docs/evidence/ai-enablement-browser-tests.json,,Chrome/macOS synthetic end-to-end; automated WCAG subset only; not hosted qualification,2026-10-05
AI032-NATIVE-001,Focused actual native PostgreSQL,qualification.test_access_upgrade::test_owner_second_admin_operator_review_adds_only_new_authority_and_keeps_expiry,Pass,qualification/test_access_upgrade.py,docs/evidence/sprint-0.32-focused-native-tests.xml,,Actual runtime-login subset; overlaps full native suite; no specified-case/requirement acceptance,2026-10-05T09:12:48Z
AI032-NATIVE-002,Focused actual native PostgreSQL,qualification.test_access_upgrade::test_private_global_inbox_makes_named_second_review_reachable_and_hides_others,Pass,qualification/test_access_upgrade.py,docs/evidence/sprint-0.32-focused-native-tests.xml,,Actual runtime-login subset; overlaps full native suite; no specified-case/requirement acceptance,2026-10-05T09:12:48Z
AI032-NATIVE-003,Focused actual native PostgreSQL,qualification.test_access_upgrade::test_a_historical_second_nomination_stops_exposing_rows_after_membership_ends,Pass,qualification/test_access_upgrade.py,docs/evidence/sprint-0.32-focused-native-tests.xml,,Actual runtime-login subset; overlaps full native suite; no specified-case/requirement acceptance,2026-10-05T09:12:48Z
AI032-NATIVE-004,Focused actual native PostgreSQL,qualification.test_access_upgrade::test_managed_role_omissions_and_revoked_access_before_proposal_are_preserved,Pass,qualification/test_access_upgrade.py,docs/evidence/sprint-0.32-focused-native-tests.xml,,Actual runtime-login subset; overlaps full native suite; no specified-case/requirement acceptance,2026-10-05T09:12:48Z
AI032-NATIVE-005,Focused actual native PostgreSQL,qualification.test_access_upgrade::test_explicit_synthetic_pre_ai_profile_fixture_receives_new_ai_access_after_three_party_review,Pass,qualification/test_access_upgrade.py,docs/evidence/sprint-0.32-focused-native-tests.xml,,Actual runtime-login subset; overlaps full native suite; no specified-case/requirement acceptance,2026-10-05T09:12:48Z
AI032-NATIVE-006,Focused actual native PostgreSQL,qualification.test_access_upgrade::test_registered_profile_is_exact_and_platform_role_cannot_write_registry,Pass,qualification/test_access_upgrade.py,docs/evidence/sprint-0.32-focused-native-tests.xml,,Actual runtime-login subset; overlaps full native suite; no specified-case/requirement acceptance,2026-10-05T09:12:48Z
AI032-NATIVE-007,Focused actual native PostgreSQL,qualification.test_access_upgrade::test_custom_role_name_collision_is_reported_without_rewriting_custom_access,Pass,qualification/test_access_upgrade.py,docs/evidence/sprint-0.32-focused-native-tests.xml,,Actual runtime-login subset; overlaps full native suite; no specified-case/requirement acceptance,2026-10-05T09:12:48Z
AI032-NATIVE-008,Focused actual native PostgreSQL,qualification.test_access_upgrade::test_direct_platform_cannot_reset_baseline_to_a_registered_but_narrower_profile[role_bundle-False],Pass,qualification/test_access_upgrade.py,docs/evidence/sprint-0.32-focused-native-tests.xml,,Actual runtime-login subset; overlaps full native suite; no specified-case/requirement acceptance,2026-10-05T09:12:48Z
AI032-NATIVE-009,Focused actual native PostgreSQL,qualification.test_access_upgrade::test_direct_platform_cannot_reset_baseline_to_a_registered_but_narrower_profile[role_bundle-True],Pass,qualification/test_access_upgrade.py,docs/evidence/sprint-0.32-focused-native-tests.xml,,Actual runtime-login subset; overlaps full native suite; no specified-case/requirement acceptance,2026-10-05T09:12:48Z
AI032-NATIVE-010,Focused actual native PostgreSQL,qualification.test_access_upgrade::test_direct_platform_cannot_reset_baseline_to_a_registered_but_narrower_profile[purpose_bound-False],Pass,qualification/test_access_upgrade.py,docs/evidence/sprint-0.32-focused-native-tests.xml,,Actual runtime-login subset; overlaps full native suite; no specified-case/requirement acceptance,2026-10-05T09:12:48Z
AI032-NATIVE-011,Focused actual native PostgreSQL,qualification.test_access_upgrade::test_direct_platform_cannot_reset_baseline_to_a_registered_but_narrower_profile[purpose_bound-True],Pass,qualification/test_access_upgrade.py,docs/evidence/sprint-0.32-focused-native-tests.xml,,Actual runtime-login subset; overlaps full native suite; no specified-case/requirement acceptance,2026-10-05T09:12:48Z
AI032-NATIVE-012,Focused actual native PostgreSQL,qualification.test_access_upgrade::test_direct_platform_proposal_cannot_apply_a_forged_unregistered_target[False],Pass,qualification/test_access_upgrade.py,docs/evidence/sprint-0.32-focused-native-tests.xml,,Actual runtime-login subset; overlaps full native suite; no specified-case/requirement acceptance,2026-10-05T09:12:48Z
AI032-NATIVE-013,Focused actual native PostgreSQL,qualification.test_access_upgrade::test_direct_platform_proposal_cannot_apply_a_forged_unregistered_target[True],Pass,qualification/test_access_upgrade.py,docs/evidence/sprint-0.32-focused-native-tests.xml,,Actual runtime-login subset; overlaps full native suite; no specified-case/requirement acceptance,2026-10-05T09:12:48Z
AI032-NATIVE-014,Focused actual native PostgreSQL,qualification.test_access_upgrade::test_closed_dtos_duplicate_json_and_server_owned_fields_fail_closed[top],Pass,qualification/test_access_upgrade.py,docs/evidence/sprint-0.32-focused-native-tests.xml,,Actual runtime-login subset; overlaps full native suite; no specified-case/requirement acceptance,2026-10-05T09:12:48Z
AI032-NATIVE-015,Focused actual native PostgreSQL,qualification.test_access_upgrade::test_closed_dtos_duplicate_json_and_server_owned_fields_fail_closed[nested],Pass,qualification/test_access_upgrade.py,docs/evidence/sprint-0.32-focused-native-tests.xml,,Actual runtime-login subset; overlaps full native suite; no specified-case/requirement acceptance,2026-10-05T09:12:48Z
AI032-NATIVE-016,Focused actual native PostgreSQL,qualification.test_access_upgrade::test_closed_dtos_duplicate_json_and_server_owned_fields_fail_closed[duplicate],Pass,qualification/test_access_upgrade.py,docs/evidence/sprint-0.32-focused-native-tests.xml,,Actual runtime-login subset; overlaps full native suite; no specified-case/requirement acceptance,2026-10-05T09:12:48Z
AI032-NATIVE-017,Focused actual native PostgreSQL,qualification.test_access_upgrade::test_exact_retry_reuse_stale_and_current_authority_are_checked_before_receipts,Pass,qualification/test_access_upgrade.py,docs/evidence/sprint-0.32-focused-native-tests.xml,,Actual runtime-login subset; overlaps full native suite; no specified-case/requirement acceptance,2026-10-05T09:12:48Z
AI032-NATIVE-018,Focused actual native PostgreSQL,qualification.test_access_upgrade::test_operator_aliases_of_either_administrator_cannot_approve,Pass,qualification/test_access_upgrade.py,docs/evidence/sprint-0.32-focused-native-tests.xml,,Actual runtime-login subset; overlaps full native suite; no specified-case/requirement acceptance,2026-10-05T09:12:48Z
AI032-NATIVE-019,Focused actual native PostgreSQL,qualification.test_access_upgrade::test_any_pinned_authority_change_invalidates_second_consent_and_approval[ceiling],Pass,qualification/test_access_upgrade.py,docs/evidence/sprint-0.32-focused-native-tests.xml,,Actual runtime-login subset; overlaps full native suite; no specified-case/requirement acceptance,2026-10-05T09:12:48Z
AI032-NATIVE-020,Focused actual native PostgreSQL,qualification.test_access_upgrade::test_any_pinned_authority_change_invalidates_second_consent_and_approval[grant],Pass,qualification/test_access_upgrade.py,docs/evidence/sprint-0.32-focused-native-tests.xml,,Actual runtime-login subset; overlaps full native suite; no specified-case/requirement acceptance,2026-10-05T09:12:48Z
AI032-NATIVE-021,Focused actual native PostgreSQL,qualification.test_access_upgrade::test_any_pinned_authority_change_invalidates_second_consent_and_approval[membership],Pass,qualification/test_access_upgrade.py,docs/evidence/sprint-0.32-focused-native-tests.xml,,Actual runtime-login subset; overlaps full native suite; no specified-case/requirement acceptance,2026-10-05T09:12:48Z
AI032-NATIVE-022,Focused actual native PostgreSQL,qualification.test_access_upgrade::test_any_pinned_authority_change_invalidates_second_consent_and_approval[role],Pass,qualification/test_access_upgrade.py,docs/evidence/sprint-0.32-focused-native-tests.xml,,Actual runtime-login subset; overlaps full native suite; no specified-case/requirement acceptance,2026-10-05T09:12:48Z
AI032-NATIVE-023,Focused actual native PostgreSQL,qualification.test_access_upgrade::test_removed_old_ceiling_and_revoked_grant_are_never_restored,Pass,qualification/test_access_upgrade.py,docs/evidence/sprint-0.32-focused-native-tests.xml,,Actual runtime-login subset; overlaps full native suite; no specified-case/requirement acceptance,2026-10-05T09:12:48Z
AI032-NATIVE-024,Focused actual native PostgreSQL,qualification.test_access_upgrade::test_mutual_renewal_upgrade_exclusion_and_expired_request_can_be_closed,Pass,qualification/test_access_upgrade.py,docs/evidence/sprint-0.32-focused-native-tests.xml,,Actual runtime-login subset; overlaps full native suite; no specified-case/requirement acceptance,2026-10-05T09:12:48Z
AI032-NATIVE-025,Focused actual native PostgreSQL,qualification.test_access_upgrade::test_runtime_roles_cannot_bypass_reviewed_ceiling_applicator[impact_app-SELECT * FROM impact.tenant_access_upgrade],Pass,qualification/test_access_upgrade.py,docs/evidence/sprint-0.32-focused-native-tests.xml,,Actual runtime-login subset; overlaps full native suite; no specified-case/requirement acceptance,2026-10-05T09:12:48Z
AI032-NATIVE-026,Focused actual native PostgreSQL,qualification.test_access_upgrade::test_runtime_roles_cannot_bypass_reviewed_ceiling_applicator[impact_identity-SELECT * FROM impact.tenant_access_upgrade],Pass,qualification/test_access_upgrade.py,docs/evidence/sprint-0.32-focused-native-tests.xml,,Actual runtime-login subset; overlaps full native suite; no specified-case/requirement acceptance,2026-10-05T09:12:48Z
AI032-NATIVE-027,Focused actual native PostgreSQL,qualification.test_access_upgrade::test_runtime_roles_cannot_bypass_reviewed_ceiling_applicator[impact_worker-SELECT * FROM impact.tenant_access_upgrade],Pass,qualification/test_access_upgrade.py,docs/evidence/sprint-0.32-focused-native-tests.xml,,Actual runtime-login subset; overlaps full native suite; no specified-case/requirement acceptance,2026-10-05T09:12:48Z
AI032-NATIVE-028,Focused actual native PostgreSQL,"qualification.test_access_upgrade::test_runtime_roles_cannot_bypass_reviewed_ceiling_applicator[impact_app-SELECT impact.apply_access_upgrade(NULL,NULL,NULL,NULL)]",Pass,qualification/test_access_upgrade.py,docs/evidence/sprint-0.32-focused-native-tests.xml,,Actual runtime-login subset; overlaps full native suite; no specified-case/requirement acceptance,2026-10-05T09:12:48Z
AI032-NATIVE-029,Focused actual native PostgreSQL,"qualification.test_access_upgrade::test_runtime_roles_cannot_bypass_reviewed_ceiling_applicator[impact_identity-SELECT * FROM impact.access_upgrade_refs(NULL,NULL)]",Pass,qualification/test_access_upgrade.py,docs/evidence/sprint-0.32-focused-native-tests.xml,,Actual runtime-login subset; overlaps full native suite; no specified-case/requirement acceptance,2026-10-05T09:12:48Z
AI032-NATIVE-030,Focused actual native PostgreSQL,qualification.test_access_upgrade::test_runtime_roles_cannot_bypass_reviewed_ceiling_applicator[impact_platform-INSERT INTO impact.grant_authority DEFAULT VALUES],Pass,qualification/test_access_upgrade.py,docs/evidence/sprint-0.32-focused-native-tests.xml,,Actual runtime-login subset; overlaps full native suite; no specified-case/requirement acceptance,2026-10-05T09:12:48Z
AI032-NATIVE-031,Focused actual native PostgreSQL,qualification.test_access_upgrade::test_runtime_roles_cannot_bypass_reviewed_ceiling_applicator[impact_platform-UPDATE impact.grant_authority SET expires_at=now()],Pass,qualification/test_access_upgrade.py,docs/evidence/sprint-0.32-focused-native-tests.xml,,Actual runtime-login subset; overlaps full native suite; no specified-case/requirement acceptance,2026-10-05T09:12:48Z
AI032-NATIVE-032,Focused actual native PostgreSQL,qualification.test_access_upgrade::test_runtime_roles_cannot_bypass_reviewed_ceiling_applicator[impact_platform-INSERT INTO impact.tenant_access_upgrade_applied DEFAULT VALUES],Pass,qualification/test_access_upgrade.py,docs/evidence/sprint-0.32-focused-native-tests.xml,,Actual runtime-login subset; overlaps full native suite; no specified-case/requirement acceptance,2026-10-05T09:12:48Z
AI032-NATIVE-033,Focused actual native PostgreSQL,qualification.test_access_upgrade::test_runtime_roles_cannot_bypass_reviewed_ceiling_applicator[impact_platform-DELETE FROM impact.tenant_access_upgrade],Pass,qualification/test_access_upgrade.py,docs/evidence/sprint-0.32-focused-native-tests.xml,,Actual runtime-login subset; overlaps full native suite; no specified-case/requirement acceptance,2026-10-05T09:12:48Z
AI032-NATIVE-034,Focused actual native PostgreSQL,qualification.test_access_upgrade::test_forced_tenant_fence_hides_other_tenants_and_applied_record_is_immutable,Pass,qualification/test_access_upgrade.py,docs/evidence/sprint-0.32-focused-native-tests.xml,,Actual runtime-login subset; overlaps full native suite; no specified-case/requirement acceptance,2026-10-05T09:12:48Z
AI032-NATIVE-035,Focused actual native PostgreSQL,qualification.test_access_upgrade::test_failure_after_ceiling_insert_rolls_back_everything_then_exact_retry_commits_once,Pass,qualification/test_access_upgrade.py,docs/evidence/sprint-0.32-focused-native-tests.xml,,Actual runtime-login subset; overlaps full native suite; no specified-case/requirement acceptance,2026-10-05T09:12:48Z
AI032-NATIVE-036,Focused actual native PostgreSQL,qualification.test_access_upgrade::test_signed_cursors_bind_identity_route_tenant_visibility_and_expiry,Pass,qualification/test_access_upgrade.py,docs/evidence/sprint-0.32-focused-native-tests.xml,,Actual runtime-login subset; overlaps full native suite; no specified-case/requirement acceptance,2026-10-05T09:12:48Z
AI032-NATIVE-037,Focused actual native PostgreSQL,qualification.test_access_upgrade::test_native_registry_and_review_tables_remain_outside_app_identity_worker_logins,Pass,qualification/test_access_upgrade.py,docs/evidence/sprint-0.32-focused-native-tests.xml,,Actual runtime-login subset; overlaps full native suite; no specified-case/requirement acceptance,2026-10-05T09:12:48Z
AI032-NATIVE-038,Focused actual native PostgreSQL,qualification.test_access_upgrade_unit::test_closed_request_accepts_only_profile_and_current_authority_selectors,Pass,qualification/test_access_upgrade_unit.py,docs/evidence/sprint-0.32-focused-native-tests.xml,,Actual runtime-login subset; overlaps full native suite; no specified-case/requirement acceptance,2026-10-05T09:12:48Z
AI032-NATIVE-039,Focused actual native PostgreSQL,qualification.test_access_upgrade_unit::test_server_owned_authority_and_waivers_are_rejected[False-capabilities-value0],Pass,qualification/test_access_upgrade_unit.py,docs/evidence/sprint-0.32-focused-native-tests.xml,,Actual runtime-login subset; overlaps full native suite; no specified-case/requirement acceptance,2026-10-05T09:12:48Z
AI032-NATIVE-040,Focused actual native PostgreSQL,qualification.test_access_upgrade_unit::test_server_owned_authority_and_waivers_are_rejected[False-approved_by-80d5745f-0522-4d24-b145-95d574f95589],Pass,qualification/test_access_upgrade_unit.py,docs/evidence/sprint-0.32-focused-native-tests.xml,,Actual runtime-login subset; overlaps full native suite; no specified-case/requirement acceptance,2026-10-05T09:12:48Z
AI032-NATIVE-041,Focused actual native PostgreSQL,qualification.test_access_upgrade_unit::test_server_owned_authority_and_waivers_are_rejected[False-owner_auth_time-2026-10-05T08:00:00Z],Pass,qualification/test_access_upgrade_unit.py,docs/evidence/sprint-0.32-focused-native-tests.xml,,Actual runtime-login subset; overlaps full native suite; no specified-case/requirement acceptance,2026-10-05T09:12:48Z
AI032-NATIVE-042,Focused actual native PostgreSQL,qualification.test_access_upgrade_unit::test_server_owned_authority_and_waivers_are_rejected[False-force-True],Pass,qualification/test_access_upgrade_unit.py,docs/evidence/sprint-0.32-focused-native-tests.xml,,Actual runtime-login subset; overlaps full native suite; no specified-case/requirement acceptance,2026-10-05T09:12:48Z
AI032-NATIVE-043,Focused actual native PostgreSQL,qualification.test_access_upgrade_unit::test_server_owned_authority_and_waivers_are_rejected[True-capabilities-value0],Pass,qualification/test_access_upgrade_unit.py,docs/evidence/sprint-0.32-focused-native-tests.xml,,Actual runtime-login subset; overlaps full native suite; no specified-case/requirement acceptance,2026-10-05T09:12:48Z
AI032-NATIVE-044,Focused actual native PostgreSQL,qualification.test_access_upgrade_unit::test_server_owned_authority_and_waivers_are_rejected[True-approved_by-80d5745f-0522-4d24-b145-95d574f95589],Pass,qualification/test_access_upgrade_unit.py,docs/evidence/sprint-0.32-focused-native-tests.xml,,Actual runtime-login subset; overlaps full native suite; no specified-case/requirement acceptance,2026-10-05T09:12:48Z
AI032-NATIVE-045,Focused actual native PostgreSQL,qualification.test_access_upgrade_unit::test_server_owned_authority_and_waivers_are_rejected[True-owner_auth_time-2026-10-05T08:00:00Z],Pass,qualification/test_access_upgrade_unit.py,docs/evidence/sprint-0.32-focused-native-tests.xml,,Actual runtime-login subset; overlaps full native suite; no specified-case/requirement acceptance,2026-10-05T09:12:48Z
AI032-NATIVE-046,Focused actual native PostgreSQL,qualification.test_access_upgrade_unit::test_server_owned_authority_and_waivers_are_rejected[True-force-True],Pass,qualification/test_access_upgrade_unit.py,docs/evidence/sprint-0.32-focused-native-tests.xml,,Actual runtime-login subset; overlaps full native suite; no specified-case/requirement acceptance,2026-10-05T09:12:48Z
AI032-NATIVE-047,Focused actual native PostgreSQL,qualification.test_access_upgrade_unit::test_invalid_selectors_and_blank_reason_fail_closed[change0],Pass,qualification/test_access_upgrade_unit.py,docs/evidence/sprint-0.32-focused-native-tests.xml,,Actual runtime-login subset; overlaps full native suite; no specified-case/requirement acceptance,2026-10-05T09:12:48Z
AI032-NATIVE-048,Focused actual native PostgreSQL,qualification.test_access_upgrade_unit::test_invalid_selectors_and_blank_reason_fail_closed[change1],Pass,qualification/test_access_upgrade_unit.py,docs/evidence/sprint-0.32-focused-native-tests.xml,,Actual runtime-login subset; overlaps full native suite; no specified-case/requirement acceptance,2026-10-05T09:12:48Z
AI032-NATIVE-049,Focused actual native PostgreSQL,qualification.test_access_upgrade_unit::test_invalid_selectors_and_blank_reason_fail_closed[change2],Pass,qualification/test_access_upgrade_unit.py,docs/evidence/sprint-0.32-focused-native-tests.xml,,Actual runtime-login subset; overlaps full native suite; no specified-case/requirement acceptance,2026-10-05T09:12:48Z
AI032-NATIVE-050,Focused actual native PostgreSQL,qualification.test_access_upgrade_unit::test_invalid_selectors_and_blank_reason_fail_closed[change3],Pass,qualification/test_access_upgrade_unit.py,docs/evidence/sprint-0.32-focused-native-tests.xml,,Actual runtime-login subset; overlaps full native suite; no specified-case/requirement acceptance,2026-10-05T09:12:48Z
AI032-NATIVE-051,Focused actual native PostgreSQL,qualification.test_access_upgrade_unit::test_profile_delta_uses_historical_reviewed_manifest_not_current_ceilings,Pass,qualification/test_access_upgrade_unit.py,docs/evidence/sprint-0.32-focused-native-tests.xml,,Actual runtime-login subset; overlaps full native suite; no specified-case/requirement acceptance,2026-10-05T09:12:48Z
AI032-NATIVE-052,Focused actual native PostgreSQL,qualification.test_access_upgrade_unit::test_widening_does_not_silently_remove_previously_reviewed_bundles[remove_capability],Pass,qualification/test_access_upgrade_unit.py,docs/evidence/sprint-0.32-focused-native-tests.xml,,Actual runtime-login subset; overlaps full native suite; no specified-case/requirement acceptance,2026-10-05T09:12:48Z
AI032-NATIVE-053,Focused actual native PostgreSQL,qualification.test_access_upgrade_unit::test_widening_does_not_silently_remove_previously_reviewed_bundles[remove_role],Pass,qualification/test_access_upgrade_unit.py,docs/evidence/sprint-0.32-focused-native-tests.xml,,Actual runtime-login subset; overlaps full native suite; no specified-case/requirement acceptance,2026-10-05T09:12:48Z
AI032-NATIVE-054,Focused actual native PostgreSQL,qualification.test_access_upgrade_unit::test_widening_does_not_silently_remove_previously_reviewed_bundles[move_admin_capability],Pass,qualification/test_access_upgrade_unit.py,docs/evidence/sprint-0.32-focused-native-tests.xml,,Actual runtime-login subset; overlaps full native suite; no specified-case/requirement acceptance,2026-10-05T09:12:48Z
AI032-NATIVE-055,Focused actual native PostgreSQL,qualification.test_access_upgrade_unit::test_purpose_bound_capability_cannot_be_moved_into_an_ordinary_role,Pass,qualification/test_access_upgrade_unit.py,docs/evidence/sprint-0.32-focused-native-tests.xml,,Actual runtime-login subset; overlaps full native suite; no specified-case/requirement acceptance,2026-10-05T09:12:48Z
AI032-NATIVE-056,Focused actual native PostgreSQL,qualification.test_access_upgrade_unit::test_target_manifest_remains_closed_and_contains_no_fabricated_authority,Pass,qualification/test_access_upgrade_unit.py,docs/evidence/sprint-0.32-focused-native-tests.xml,,Actual runtime-login subset; overlaps full native suite; no specified-case/requirement acceptance,2026-10-05T09:12:48Z
AI032-NATIVE-057,Focused actual native PostgreSQL,qualification.test_access_upgrade_unit::test_additive_migration_registers_the_exact_current_generated_profile,Pass,qualification/test_access_upgrade_unit.py,docs/evidence/sprint-0.32-focused-native-tests.xml,,Actual runtime-login subset; overlaps full native suite; no specified-case/requirement acceptance,2026-10-05T09:12:48Z
AI032-NATIVE-058,Focused actual native PostgreSQL,qualification.test_authority_renewal::test_reviewed_renewal_extends_every_pinned_ceiling_and_keeps_readiness,Pass,qualification/test_authority_renewal.py,docs/evidence/sprint-0.32-focused-native-tests.xml,,Actual runtime-login subset; overlaps full native suite; no specified-case/requirement acceptance,2026-10-05T09:12:48Z
AI032-NATIVE-059,Focused actual native PostgreSQL,qualification.test_authority_renewal::test_request_is_owner_only_reads_are_owner_or_operator_and_fields_are_closed,Pass,qualification/test_authority_renewal.py,docs/evidence/sprint-0.32-focused-native-tests.xml,,Actual runtime-login subset; overlaps full native suite; no specified-case/requirement acceptance,2026-10-05T09:12:48Z
AI032-NATIVE-060,Focused actual native PostgreSQL,qualification.test_authority_renewal::test_second_administrator_must_hold_authority_and_be_a_distinct_person,Pass,qualification/test_authority_renewal.py,docs/evidence/sprint-0.32-focused-native-tests.xml,,Actual runtime-login subset; overlaps full native suite; no specified-case/requirement acceptance,2026-10-05T09:12:48Z
AI032-NATIVE-061,Focused actual native PostgreSQL,qualification.test_authority_renewal::test_expiry_must_exceed_current_ceiling_within_ninety_days[2026-11-03T09:12:13.527808+00:00],Pass,qualification/test_authority_renewal.py,docs/evidence/sprint-0.32-focused-native-tests.xml,,Actual runtime-login subset; overlaps full native suite; no specified-case/requirement acceptance,2026-10-05T09:12:48Z
AI032-NATIVE-062,Focused actual native PostgreSQL,qualification.test_authority_renewal::test_expiry_must_exceed_current_ceiling_within_ninety_days[2026-11-04T09:12:13.527810+00:00],Pass,qualification/test_authority_renewal.py,docs/evidence/sprint-0.32-focused-native-tests.xml,,Actual runtime-login subset; overlaps full native suite; no specified-case/requirement acceptance,2026-10-05T09:12:48Z
AI032-NATIVE-063,Focused actual native PostgreSQL,qualification.test_authority_renewal::test_expiry_must_exceed_current_ceiling_within_ninety_days[2026-10-04T09:12:13.527811+00:00],Pass,qualification/test_authority_renewal.py,docs/evidence/sprint-0.32-focused-native-tests.xml,,Actual runtime-login subset; overlaps full native suite; no specified-case/requirement acceptance,2026-10-05T09:12:48Z
AI032-NATIVE-064,Focused actual native PostgreSQL,qualification.test_authority_renewal::test_expiry_must_exceed_current_ceiling_within_ninety_days[2027-01-13T09:12:13.527812+00:00],Pass,qualification/test_authority_renewal.py,docs/evidence/sprint-0.32-focused-native-tests.xml,,Actual runtime-login subset; overlaps full native suite; no specified-case/requirement acceptance,2026-10-05T09:12:48Z
AI032-NATIVE-065,Focused actual native PostgreSQL,qualification.test_authority_renewal::test_expiry_must_exceed_current_ceiling_within_ninety_days[not-a-date],Pass,qualification/test_authority_renewal.py,docs/evidence/sprint-0.32-focused-native-tests.xml,,Actual runtime-login subset; overlaps full native suite; no specified-case/requirement acceptance,2026-10-05T09:12:48Z
AI032-NATIVE-066,Focused actual native PostgreSQL,qualification.test_authority_renewal::test_expiry_must_exceed_current_ceiling_within_ninety_days[2026-12-31T00:00:00],Pass,qualification/test_authority_renewal.py,docs/evidence/sprint-0.32-focused-native-tests.xml,,Actual runtime-login subset; overlaps full native suite; no specified-case/requirement acceptance,2026-10-05T09:12:48Z
AI032-NATIVE-067,Focused actual native PostgreSQL,qualification.test_authority_renewal::test_removed_ceilings_invalidate_the_proposal_and_are_never_resurrected,Pass,qualification/test_authority_renewal.py,docs/evidence/sprint-0.32-focused-native-tests.xml,,Actual runtime-login subset; overlaps full native suite; no specified-case/requirement acceptance,2026-10-05T09:12:48Z
AI032-NATIVE-068,Focused actual native PostgreSQL,qualification.test_authority_renewal::test_approval_rechecks_pinned_context_and_consent[tenant-409-RENEWAL_CONTEXT_CHANGED],Pass,qualification/test_authority_renewal.py,docs/evidence/sprint-0.32-focused-native-tests.xml,,Actual runtime-login subset; overlaps full native suite; no specified-case/requirement acceptance,2026-10-05T09:12:48Z
AI032-NATIVE-069,Focused actual native PostgreSQL,qualification.test_authority_renewal::test_approval_rechecks_pinned_context_and_consent[owner-409-RENEWAL_CONTEXT_CHANGED],Pass,qualification/test_authority_renewal.py,docs/evidence/sprint-0.32-focused-native-tests.xml,,Actual runtime-login subset; overlaps full native suite; no specified-case/requirement acceptance,2026-10-05T09:12:48Z
AI032-NATIVE-070,Focused actual native PostgreSQL,qualification.test_authority_renewal::test_approval_rechecks_pinned_context_and_consent[expired-403-RENEWAL_EXPIRED],Pass,qualification/test_authority_renewal.py,docs/evidence/sprint-0.32-focused-native-tests.xml,,Actual runtime-login subset; overlaps full native suite; no specified-case/requirement acceptance,2026-10-05T09:12:48Z
AI032-NATIVE-071,Focused actual native PostgreSQL,qualification.test_authority_renewal::test_approval_rechecks_pinned_context_and_consent[hash-409-AUTHORITY_CHANGED],Pass,qualification/test_authority_renewal.py,docs/evidence/sprint-0.32-focused-native-tests.xml,,Actual runtime-login subset; overlaps full native suite; no specified-case/requirement acceptance,2026-10-05T09:12:48Z
AI032-NATIVE-072,Focused actual native PostgreSQL,qualification.test_authority_renewal::test_approval_rechecks_pinned_context_and_consent[qualification-403-TENANT_NOT_READY],Pass,qualification/test_authority_renewal.py,docs/evidence/sprint-0.32-focused-native-tests.xml,,Actual runtime-login subset; overlaps full native suite; no specified-case/requirement acceptance,2026-10-05T09:12:48Z
AI032-NATIVE-073,Focused actual native PostgreSQL,qualification.test_authority_renewal::test_approval_rechecks_pinned_context_and_consent[owner_cutoff-403-REAUTHENTICATION_REQUIRED],Pass,qualification/test_authority_renewal.py,docs/evidence/sprint-0.32-focused-native-tests.xml,,Actual runtime-login subset; overlaps full native suite; no specified-case/requirement acceptance,2026-10-05T09:12:48Z
AI032-NATIVE-074,Focused actual native PostgreSQL,qualification.test_authority_renewal::test_approval_rechecks_pinned_context_and_consent[second_cutoff-403-REAUTHENTICATION_REQUIRED],Pass,qualification/test_authority_renewal.py,docs/evidence/sprint-0.32-focused-native-tests.xml,,Actual runtime-login subset; overlaps full native suite; no specified-case/requirement acceptance,2026-10-05T09:12:48Z
AI032-NATIVE-075,Focused actual native PostgreSQL,qualification.test_authority_renewal::test_operator_independence_and_operator_only_review,Pass,qualification/test_authority_renewal.py,docs/evidence/sprint-0.32-focused-native-tests.xml,,Actual runtime-login subset; overlaps full native suite; no specified-case/requirement acceptance,2026-10-05T09:12:48Z
AI032-NATIVE-076,Focused actual native PostgreSQL,qualification.test_authority_renewal::test_exact_retry_operation_reuse_and_fresh_assurance,Pass,qualification/test_authority_renewal.py,docs/evidence/sprint-0.32-focused-native-tests.xml,,Actual runtime-login subset; overlaps full native suite; no specified-case/requirement acceptance,2026-10-05T09:12:48Z
AI032-NATIVE-077,Focused actual native PostgreSQL,qualification.test_authority_renewal::test_one_live_renewal_per_tenant_until_withdrawn_or_rejected,Pass,qualification/test_authority_renewal.py,docs/evidence/sprint-0.32-focused-native-tests.xml,,Actual runtime-login subset; overlaps full native suite; no specified-case/requirement acceptance,2026-10-05T09:12:48Z
AI032-NATIVE-078,Focused actual native PostgreSQL,qualification.test_authority_renewal::test_suspension_and_missing_recovery_contact_block_renewal,Pass,qualification/test_authority_renewal.py,docs/evidence/sprint-0.32-focused-native-tests.xml,,Actual runtime-login subset; overlaps full native suite; no specified-case/requirement acceptance,2026-10-05T09:12:48Z
AI032-NATIVE-079,Focused actual native PostgreSQL,qualification.test_authority_renewal::test_owner_who_authenticated_after_suspension_may_withdraw_a_pending_renewal,Pass,qualification/test_authority_renewal.py,docs/evidence/sprint-0.32-focused-native-tests.xml,,Actual runtime-login subset; overlaps full native suite; no specified-case/requirement acceptance,2026-10-05T09:12:48Z
AI032-NATIVE-080,Focused actual native PostgreSQL,qualification.test_authority_renewal::test_unready_tenant_is_not_renewable_until_recovery_evidence_is_restored,Pass,qualification/test_authority_renewal.py,docs/evidence/sprint-0.32-focused-native-tests.xml,,Actual runtime-login subset; overlaps full native suite; no specified-case/requirement acceptance,2026-10-05T09:12:48Z
AI032-NATIVE-081,Focused actual native PostgreSQL,qualification.test_authority_renewal::test_grant_revoked_through_administration_after_proposal_invalidates_it,Pass,qualification/test_authority_renewal.py,docs/evidence/sprint-0.32-focused-native-tests.xml,,Actual runtime-login subset; overlaps full native suite; no specified-case/requirement acceptance,2026-10-05T09:12:48Z
AI032-NATIVE-082,Focused actual native PostgreSQL,qualification.test_authority_renewal::test_expired_pending_proposal_is_closed_before_a_fresh_one[cancel-author],Pass,qualification/test_authority_renewal.py,docs/evidence/sprint-0.32-focused-native-tests.xml,,Actual runtime-login subset; overlaps full native suite; no specified-case/requirement acceptance,2026-10-05T09:12:48Z
AI032-NATIVE-083,Focused actual native PostgreSQL,qualification.test_authority_renewal::test_expired_pending_proposal_is_closed_before_a_fresh_one[reject-admin],Pass,qualification/test_authority_renewal.py,docs/evidence/sprint-0.32-focused-native-tests.xml,,Actual runtime-login subset; overlaps full native suite; no specified-case/requirement acceptance,2026-10-05T09:12:48Z
AI032-NATIVE-084,Focused actual native PostgreSQL,qualification.test_authority_renewal::test_private_inbox_and_cross_tenant_isolation,Pass,qualification/test_authority_renewal.py,docs/evidence/sprint-0.32-focused-native-tests.xml,,Actual runtime-login subset; overlaps full native suite; no specified-case/requirement acceptance,2026-10-05T09:12:48Z
AI032-NATIVE-085,Focused actual native PostgreSQL,qualification.test_authority_renewal::test_runtime_roles_cannot_read_renewals_or_extend_authority,Pass,qualification/test_authority_renewal.py,docs/evidence/sprint-0.32-focused-native-tests.xml,,Actual runtime-login subset; overlaps full native suite; no specified-case/requirement acceptance,2026-10-05T09:12:48Z
AI032-NATIVE-086,Focused actual native PostgreSQL,qualification.test_authority_renewal::test_failure_after_extension_rolls_back_everything_and_exact_retry_succeeds,Pass,qualification/test_authority_renewal.py,docs/evidence/sprint-0.32-focused-native-tests.xml,,Actual runtime-login subset; overlaps full native suite; no specified-case/requirement acceptance,2026-10-05T09:12:48Z
AI032-NATIVE-087,Focused actual native PostgreSQL,qualification.test_ai_content_archives::test_new_revision_captures_exact_server_guidance_and_learning_with_no_private_plan_inputs,Pass,qualification/test_ai_content_archives.py,docs/evidence/sprint-0.32-focused-native-tests.xml,,Actual runtime-login subset; overlaps full native suite; no specified-case/requirement acceptance,2026-10-05T09:12:48Z
AI032-NATIVE-088,Focused actual native PostgreSQL,qualification.test_ai_content_archives::test_current_guide_change_creates_a_distinct_archive_without_rewriting_saved_wording,Pass,qualification/test_ai_content_archives.py,docs/evidence/sprint-0.32-focused-native-tests.xml,,Actual runtime-login subset; overlaps full native suite; no specified-case/requirement acceptance,2026-10-05T09:12:48Z
AI032-NATIVE-089,Focused actual native PostgreSQL,qualification.test_ai_content_archives::test_exact_receipt_retry_precedes_any_new_archive_generation,Pass,qualification/test_ai_content_archives.py,docs/evidence/sprint-0.32-focused-native-tests.xml,,Actual runtime-login subset; overlaps full native suite; no specified-case/requirement acceptance,2026-10-05T09:12:48Z
AI032-NATIVE-090,Focused actual native PostgreSQL,qualification.test_ai_content_archives::test_identical_server_content_is_deduplicated_only_inside_the_same_tenant,Pass,qualification/test_ai_content_archives.py,docs/evidence/sprint-0.32-focused-native-tests.xml,,Actual runtime-login subset; overlaps full native suite; no specified-case/requirement acceptance,2026-10-05T09:12:48Z
AI032-NATIVE-091,Focused actual native PostgreSQL,qualification.test_ai_content_archives::test_pre_upgrade_revision_without_binding_is_explicitly_unavailable_and_never_backfilled,Pass,qualification/test_ai_content_archives.py,docs/evidence/sprint-0.32-focused-native-tests.xml,,Actual runtime-login subset; overlaps full native suite; no specified-case/requirement acceptance,2026-10-05T09:12:48Z
AI032-NATIVE-092,Focused actual native PostgreSQL,qualification.test_ai_content_archives::test_legacy_omitted_practice_with_unknown_old_edition_preserves_source_without_false_archive,Pass,qualification/test_ai_content_archives.py,docs/evidence/sprint-0.32-focused-native-tests.xml,,Actual runtime-login subset; overlaps full native suite; no specified-case/requirement acceptance,2026-10-05T09:12:48Z
AI032-NATIVE-093,Focused actual native PostgreSQL,qualification.test_ai_content_archives::test_legacy_omission_reuses_only_a_real_matching_archived_practice_edition,Pass,qualification/test_ai_content_archives.py,docs/evidence/sprint-0.32-focused-native-tests.xml,,Actual runtime-login subset; overlaps full native suite; no specified-case/requirement acceptance,2026-10-05T09:12:48Z
AI032-NATIVE-094,Focused actual native PostgreSQL,qualification.test_ai_content_archives::test_guidance_read_requires_current_read_scope_and_the_revision_belongs_to_that_plan,Pass,qualification/test_ai_content_archives.py,docs/evidence/sprint-0.32-focused-native-tests.xml,,Actual runtime-login subset; overlaps full native suite; no specified-case/requirement acceptance,2026-10-05T09:12:48Z
AI032-NATIVE-095,Focused actual native PostgreSQL,qualification.test_ai_content_archives::test_read_only_can_inspect_guidance_but_revocation_hides_saved_words,Pass,qualification/test_ai_content_archives.py,docs/evidence/sprint-0.32-focused-native-tests.xml,,Actual runtime-login subset; overlaps full native suite; no specified-case/requirement acceptance,2026-10-05T09:12:48Z
AI032-NATIVE-096,Focused actual native PostgreSQL,qualification.test_ai_content_archives::test_corrupt_or_unknown_archive_fails_closed_without_reconstructing_current_content[hash],Pass,qualification/test_ai_content_archives.py,docs/evidence/sprint-0.32-focused-native-tests.xml,,Actual runtime-login subset; overlaps full native suite; no specified-case/requirement acceptance,2026-10-05T09:12:48Z
AI032-NATIVE-097,Focused actual native PostgreSQL,qualification.test_ai_content_archives::test_corrupt_or_unknown_archive_fails_closed_without_reconstructing_current_content[payload],Pass,qualification/test_ai_content_archives.py,docs/evidence/sprint-0.32-focused-native-tests.xml,,Actual runtime-login subset; overlaps full native suite; no specified-case/requirement acceptance,2026-10-05T09:12:48Z
AI032-NATIVE-098,Focused actual native PostgreSQL,qualification.test_ai_content_archives::test_corrupt_or_unknown_archive_fails_closed_without_reconstructing_current_content[schema],Pass,qualification/test_ai_content_archives.py,docs/evidence/sprint-0.32-focused-native-tests.xml,,Actual runtime-login subset; overlaps full native suite; no specified-case/requirement acceptance,2026-10-05T09:12:48Z
AI032-NATIVE-099,Focused actual native PostgreSQL,qualification.test_ai_content_archives::test_archive_capture_failure_rolls_back_the_whole_new_revision,Pass,qualification/test_ai_content_archives.py,docs/evidence/sprint-0.32-focused-native-tests.xml,,Actual runtime-login subset; overlaps full native suite; no specified-case/requirement acceptance,2026-10-05T09:12:48Z
AI032-NATIVE-100,Focused actual native PostgreSQL,qualification.test_ai_content_archives::test_changed_wording_under_an_existing_edition_is_refused_atomically[catalog],Pass,qualification/test_ai_content_archives.py,docs/evidence/sprint-0.32-focused-native-tests.xml,,Actual runtime-login subset; overlaps full native suite; no specified-case/requirement acceptance,2026-10-05T09:12:48Z
AI032-NATIVE-101,Focused actual native PostgreSQL,qualification.test_ai_content_archives::test_changed_wording_under_an_existing_edition_is_refused_atomically[solutions],Pass,qualification/test_ai_content_archives.py,docs/evidence/sprint-0.32-focused-native-tests.xml,,Actual runtime-login subset; overlaps full native suite; no specified-case/requirement acceptance,2026-10-05T09:12:48Z
AI032-NATIVE-102,Focused actual native PostgreSQL,qualification.test_ai_content_archives::test_changed_wording_under_an_existing_edition_is_refused_atomically[practice],Pass,qualification/test_ai_content_archives.py,docs/evidence/sprint-0.32-focused-native-tests.xml,,Actual runtime-login subset; overlaps full native suite; no specified-case/requirement acceptance,2026-10-05T09:12:48Z
AI032-NATIVE-103,Focused actual native PostgreSQL,qualification.test_ai_content_archives::test_revision_history_bounds_fail_before_database_read[0],Pass,qualification/test_ai_content_archives.py,docs/evidence/sprint-0.32-focused-native-tests.xml,,Actual runtime-login subset; overlaps full native suite; no specified-case/requirement acceptance,2026-10-05T09:12:48Z
AI032-NATIVE-104,Focused actual native PostgreSQL,qualification.test_ai_content_archives::test_revision_history_bounds_fail_before_database_read[101],Pass,qualification/test_ai_content_archives.py,docs/evidence/sprint-0.32-focused-native-tests.xml,,Actual runtime-login subset; overlaps full native suite; no specified-case/requirement acceptance,2026-10-05T09:12:48Z
AI032-NATIVE-105,Focused actual native PostgreSQL,qualification.test_ai_content_archives::test_revision_history_bounds_fail_before_database_read[True],Pass,qualification/test_ai_content_archives.py,docs/evidence/sprint-0.32-focused-native-tests.xml,,Actual runtime-login subset; overlaps full native suite; no specified-case/requirement acceptance,2026-10-05T09:12:48Z
AI032-NATIVE-106,Focused actual native PostgreSQL,qualification.test_ai_content_archives::test_revision_history_bounds_fail_before_database_read[10],Pass,qualification/test_ai_content_archives.py,docs/evidence/sprint-0.32-focused-native-tests.xml,,Actual runtime-login subset; overlaps full native suite; no specified-case/requirement acceptance,2026-10-05T09:12:48Z
AI032-NATIVE-107,Focused actual native PostgreSQL,qualification.test_ai_content_archives_live::test_new_archive_is_exact_versioned_closed_and_contains_learning_without_private_plan_text,Pass,qualification/test_ai_content_archives_live.py,docs/evidence/sprint-0.32-focused-native-tests.xml,,Actual runtime-login subset; overlaps full native suite; no specified-case/requirement acceptance,2026-10-05T09:12:48Z
AI032-NATIVE-108,Focused actual native PostgreSQL,qualification.test_ai_content_archives_live::test_save_retry_and_update_bind_exact_revisions_with_atomic_audit_outbox_receipts,Pass,qualification/test_ai_content_archives_live.py,docs/evidence/sprint-0.32-focused-native-tests.xml,,Actual runtime-login subset; overlaps full native suite; no specified-case/requirement acceptance,2026-10-05T09:12:48Z
AI032-NATIVE-109,Focused actual native PostgreSQL,qualification.test_ai_content_archives_live::test_real_prior_words_remain_immutable_when_current_content_changes_in_a_new_save,Pass,qualification/test_ai_content_archives_live.py,docs/evidence/sprint-0.32-focused-native-tests.xml,,Actual runtime-login subset; overlaps full native suite; no specified-case/requirement acceptance,2026-10-05T09:12:48Z
AI032-NATIVE-110,Focused actual native PostgreSQL,qualification.test_ai_content_archives_live::test_changed_words_without_a_new_edition_are_refused_with_atomic_rollback,Pass,qualification/test_ai_content_archives_live.py,docs/evidence/sprint-0.32-focused-native-tests.xml,,Actual runtime-login subset; overlaps full native suite; no specified-case/requirement acceptance,2026-10-05T09:12:48Z
AI032-NATIVE-111,Focused actual native PostgreSQL,qualification.test_ai_content_archives_live::test_applied_migration_ledger_is_recorded_as_actual_database_evidence,Pass,qualification/test_ai_content_archives_live.py,docs/evidence/sprint-0.32-focused-native-tests.xml,,Actual runtime-login subset; overlaps full native suite; no specified-case/requirement acceptance,2026-10-05T09:12:48Z
AI032-NATIVE-112,Focused actual native PostgreSQL,qualification.test_ai_content_archives_live::test_history_lists_actual_available_revisions_in_order_with_plan_principal_bound_cursors,Pass,qualification/test_ai_content_archives_live.py,docs/evidence/sprint-0.32-focused-native-tests.xml,,Actual runtime-login subset; overlaps full native suite; no specified-case/requirement acceptance,2026-10-05T09:12:48Z
AI032-NATIVE-113,Focused actual native PostgreSQL,qualification.test_ai_content_archives_live::test_current_authority_hides_guidance_and_history_from_unauthorized_callers[guidance-other_tenant],Pass,qualification/test_ai_content_archives_live.py,docs/evidence/sprint-0.32-focused-native-tests.xml,,Actual runtime-login subset; overlaps full native suite; no specified-case/requirement acceptance,2026-10-05T09:12:48Z
AI032-NATIVE-114,Focused actual native PostgreSQL,qualification.test_ai_content_archives_live::test_current_authority_hides_guidance_and_history_from_unauthorized_callers[guidance-revoked],Pass,qualification/test_ai_content_archives_live.py,docs/evidence/sprint-0.32-focused-native-tests.xml,,Actual runtime-login subset; overlaps full native suite; no specified-case/requirement acceptance,2026-10-05T09:12:48Z
AI032-NATIVE-115,Focused actual native PostgreSQL,qualification.test_ai_content_archives_live::test_current_authority_hides_guidance_and_history_from_unauthorized_callers[guidance-partner],Pass,qualification/test_ai_content_archives_live.py,docs/evidence/sprint-0.32-focused-native-tests.xml,,Actual runtime-login subset; overlaps full native suite; no specified-case/requirement acceptance,2026-10-05T09:12:48Z
AI032-NATIVE-116,Focused actual native PostgreSQL,qualification.test_ai_content_archives_live::test_current_authority_hides_guidance_and_history_from_unauthorized_callers[guidance-None],Pass,qualification/test_ai_content_archives_live.py,docs/evidence/sprint-0.32-focused-native-tests.xml,,Actual runtime-login subset; overlaps full native suite; no specified-case/requirement acceptance,2026-10-05T09:12:48Z
AI032-NATIVE-117,Focused actual native PostgreSQL,qualification.test_ai_content_archives_live::test_current_authority_hides_guidance_and_history_from_unauthorized_callers[history-other_tenant],Pass,qualification/test_ai_content_archives_live.py,docs/evidence/sprint-0.32-focused-native-tests.xml,,Actual runtime-login subset; overlaps full native suite; no specified-case/requirement acceptance,2026-10-05T09:12:48Z
AI032-NATIVE-118,Focused actual native PostgreSQL,qualification.test_ai_content_archives_live::test_current_authority_hides_guidance_and_history_from_unauthorized_callers[history-revoked],Pass,qualification/test_ai_content_archives_live.py,docs/evidence/sprint-0.32-focused-native-tests.xml,,Actual runtime-login subset; overlaps full native suite; no specified-case/requirement acceptance,2026-10-05T09:12:48Z
AI032-NATIVE-119,Focused actual native PostgreSQL,qualification.test_ai_content_archives_live::test_current_authority_hides_guidance_and_history_from_unauthorized_callers[history-partner],Pass,qualification/test_ai_content_archives_live.py,docs/evidence/sprint-0.32-focused-native-tests.xml,,Actual runtime-login subset; overlaps full native suite; no specified-case/requirement acceptance,2026-10-05T09:12:48Z
AI032-NATIVE-120,Focused actual native PostgreSQL,qualification.test_ai_content_archives_live::test_current_authority_hides_guidance_and_history_from_unauthorized_callers[history-None],Pass,qualification/test_ai_content_archives_live.py,docs/evidence/sprint-0.32-focused-native-tests.xml,,Actual runtime-login subset; overlaps full native suite; no specified-case/requirement acceptance,2026-10-05T09:12:48Z
AI032-NATIVE-121,Focused actual native PostgreSQL,qualification.test_ai_content_archives_live::test_read_only_can_read_both_routes_but_revocation_is_rechecked_and_history_does_not_export,Pass,qualification/test_ai_content_archives_live.py,docs/evidence/sprint-0.32-focused-native-tests.xml,,Actual runtime-login subset; overlaps full native suite; no specified-case/requirement acceptance,2026-10-05T09:12:48Z
AI032-NATIVE-122,Focused actual native PostgreSQL,qualification.test_ai_content_archives_live::test_current_object_scope_fences_guidance_and_history_even_for_a_valid_tenant_reader,Pass,qualification/test_ai_content_archives_live.py,docs/evidence/sprint-0.32-focused-native-tests.xml,,Actual runtime-login subset; overlaps full native suite; no specified-case/requirement acceptance,2026-10-05T09:12:48Z
AI032-NATIVE-123,Focused actual native PostgreSQL,qualification.test_ai_content_archives_live::test_unrelated_revision_wrong_kind_and_missing_revision_are_the_same_opaque_refusal,Pass,qualification/test_ai_content_archives_live.py,docs/evidence/sprint-0.32-focused-native-tests.xml,,Actual runtime-login subset; overlaps full native suite; no specified-case/requirement acceptance,2026-10-05T09:12:48Z
AI032-NATIVE-124,Focused actual native PostgreSQL,qualification.test_ai_content_archives_live::test_pre_archive_revision_is_unavailable_without_inventing_wording_or_backfilling,Pass,qualification/test_ai_content_archives_live.py,docs/evidence/sprint-0.32-focused-native-tests.xml,,Actual runtime-login subset; overlaps full native suite; no specified-case/requirement acceptance,2026-10-05T09:12:48Z
AI032-NATIVE-125,Focused actual native PostgreSQL,qualification.test_ai_content_archives_live::test_legacy_omission_keeps_unavailable_practice_edition_and_new_archive_is_explicitly_partial,Pass,qualification/test_ai_content_archives_live.py,docs/evidence/sprint-0.32-focused-native-tests.xml,,Actual runtime-login subset; overlaps full native suite; no specified-case/requirement acceptance,2026-10-05T09:12:48Z
AI032-NATIVE-126,Focused actual native PostgreSQL,qualification.test_ai_content_archives_live::test_failure_after_archive_and_binding_rolls_back_head_revision_events_and_receipt[False],Pass,qualification/test_ai_content_archives_live.py,docs/evidence/sprint-0.32-focused-native-tests.xml,,Actual runtime-login subset; overlaps full native suite; no specified-case/requirement acceptance,2026-10-05T09:12:48Z
AI032-NATIVE-127,Focused actual native PostgreSQL,qualification.test_ai_content_archives_live::test_failure_after_archive_and_binding_rolls_back_head_revision_events_and_receipt[True],Pass,qualification/test_ai_content_archives_live.py,docs/evidence/sprint-0.32-focused-native-tests.xml,,Actual runtime-login subset; overlaps full native suite; no specified-case/requirement acceptance,2026-10-05T09:12:48Z
AI032-NATIVE-128,Focused actual native PostgreSQL,qualification.test_ai_content_archives_live::test_history_query_bound_refuses_without_new_domain_work[0],Pass,qualification/test_ai_content_archives_live.py,docs/evidence/sprint-0.32-focused-native-tests.xml,,Actual runtime-login subset; overlaps full native suite; no specified-case/requirement acceptance,2026-10-05T09:12:48Z
AI032-NATIVE-129,Focused actual native PostgreSQL,qualification.test_ai_content_archives_live::test_history_query_bound_refuses_without_new_domain_work[101],Pass,qualification/test_ai_content_archives_live.py,docs/evidence/sprint-0.32-focused-native-tests.xml,,Actual runtime-login subset; overlaps full native suite; no specified-case/requirement acceptance,2026-10-05T09:12:48Z
AI032-NATIVE-130,Focused actual native PostgreSQL,qualification.test_ai_content_archives_live::test_history_query_bound_refuses_without_new_domain_work[invalid],Pass,qualification/test_ai_content_archives_live.py,docs/evidence/sprint-0.32-focused-native-tests.xml,,Actual runtime-login subset; overlaps full native suite; no specified-case/requirement acceptance,2026-10-05T09:12:48Z
AI032-NATIVE-131,Focused actual native PostgreSQL,qualification.test_ai_content_archives_live::test_archive_sql_guards_are_insert_only_and_tenant_foreign_keys_are_enforced,Pass,qualification/test_ai_content_archives_live.py,docs/evidence/sprint-0.32-focused-native-tests.xml,,Actual runtime-login subset; overlaps full native suite; no specified-case/requirement acceptance,2026-10-05T09:12:48Z
AI032-NATIVE-132,Focused actual native PostgreSQL,qualification.test_ai_content_archives_live::test_native_archive_fences_and_role_grants_do_not_broaden_private_plan_access,Pass,qualification/test_ai_content_archives_live.py,docs/evidence/sprint-0.32-focused-native-tests.xml,,Actual runtime-login subset; overlaps full native suite; no specified-case/requirement acceptance,2026-10-05T09:12:48Z
AI032-NATIVE-133,Focused actual native PostgreSQL,qualification.test_ai_content_archives_live::test_native_competing_exact_saves_create_one_revision_binding_and_receipt,Pass,qualification/test_ai_content_archives_live.py,docs/evidence/sprint-0.32-focused-native-tests.xml,,Actual runtime-login subset; overlaps full native suite; no specified-case/requirement acceptance,2026-10-05T09:12:48Z
AI032-NATIVE-134,Focused actual native PostgreSQL,qualification.test_ai_adoption_plans_live::test_durable_adoption_plan_save_replay_revision_and_atomic_audit,Pass,qualification/test_ai_adoption_plans_live.py,docs/evidence/sprint-0.32-focused-native-tests.xml,,Actual runtime-login subset; overlaps full native suite; no specified-case/requirement acceptance,2026-10-05T09:12:48Z
AI032-NATIVE-135,Focused actual native PostgreSQL,qualification.test_ai_adoption_plans_live::test_adoption_plan_readonly_tenant_revoked_wrong_kind_and_closed_data,Pass,qualification/test_ai_adoption_plans_live.py,docs/evidence/sprint-0.32-focused-native-tests.xml,,Actual runtime-login subset; overlaps full native suite; no specified-case/requirement acceptance,2026-10-05T09:12:48Z
AI032-NATIVE-136,Focused actual native PostgreSQL,qualification.test_ai_adoption_plans_live::test_adoption_list_pagination_and_cursor_tenant_principal_binding,Pass,qualification/test_ai_adoption_plans_live.py,docs/evidence/sprint-0.32-focused-native-tests.xml,,Actual runtime-login subset; overlaps full native suite; no specified-case/requirement acceptance,2026-10-05T09:12:48Z
AI032-NATIVE-137,Focused actual native PostgreSQL,qualification.test_ai_adoption_plans_live::test_scoped_adoption_reads_filter_list_and_cursors_follow_current_visibility,Pass,qualification/test_ai_adoption_plans_live.py,docs/evidence/sprint-0.32-focused-native-tests.xml,,Actual runtime-login subset; overlaps full native suite; no specified-case/requirement acceptance,2026-10-05T09:12:48Z
AI032-NATIVE-138,Focused actual native PostgreSQL,qualification.test_ai_adoption_plans_live::test_adoption_exact_replay_requires_current_management_authority,Pass,qualification/test_ai_adoption_plans_live.py,docs/evidence/sprint-0.32-focused-native-tests.xml,,Actual runtime-login subset; overlaps full native suite; no specified-case/requirement acceptance,2026-10-05T09:12:48Z
AI032-NATIVE-139,Focused actual native PostgreSQL,qualification.test_ai_adoption_plans_live::test_native_adoption_revisions_are_fenced_immutable_and_hidden_from_platform,Pass,qualification/test_ai_adoption_plans_live.py,docs/evidence/sprint-0.32-focused-native-tests.xml,,Actual runtime-login subset; overlaps full native suite; no specified-case/requirement acceptance,2026-10-05T09:12:48Z
AI032-NATIVE-140,Focused actual native PostgreSQL,qualification.test_ai_planning_live::test_cost_api_preserves_unknown_exit_cost_even_with_zero_quantity_and_does_not_pick_a_winner,Pass,qualification/test_ai_planning_live.py,docs/evidence/sprint-0.32-focused-native-tests.xml,,Actual runtime-login subset; overlaps full native suite; no specified-case/requirement acceptance,2026-10-05T09:12:48Z
AI032-NATIVE-141,Focused actual native PostgreSQL,qualification.test_ai_planning_live::test_cost_api_uses_exact_decimal_products_and_preserves_equal_total_ties,Pass,qualification/test_ai_planning_live.py,docs/evidence/sprint-0.32-focused-native-tests.xml,,Actual runtime-login subset; overlaps full native suite; no specified-case/requirement acceptance,2026-10-05T09:12:48Z
AI032-NATIVE-142,Focused actual native PostgreSQL,qualification.test_ai_planning_live::test_pilot_api_retains_source_counts_and_marks_comparability_without_official_outcomes[normalized-review-time],Pass,qualification/test_ai_planning_live.py,docs/evidence/sprint-0.32-focused-native-tests.xml,,Actual runtime-login subset; overlaps full native suite; no specified-case/requirement acceptance,2026-10-05T09:12:48Z
AI032-NATIVE-143,Focused actual native PostgreSQL,qualification.test_ai_planning_live::test_pilot_api_retains_source_counts_and_marks_comparability_without_official_outcomes[zero-baseline],Pass,qualification/test_ai_planning_live.py,docs/evidence/sprint-0.32-focused-native-tests.xml,,Actual runtime-login subset; overlaps full native suite; no specified-case/requirement acceptance,2026-10-05T09:12:48Z
AI032-NATIVE-144,Focused actual native PostgreSQL,qualification.test_ai_planning_live::test_pilot_api_retains_source_counts_and_marks_comparability_without_official_outcomes[incomparable],Pass,qualification/test_ai_planning_live.py,docs/evidence/sprint-0.32-focused-native-tests.xml,,Actual runtime-login subset; overlaps full native suite; no specified-case/requirement acceptance,2026-10-05T09:12:48Z
AI032-NATIVE-145,Focused actual native PostgreSQL,qualification.test_ai_planning_live::test_pilot_api_retains_source_counts_and_marks_comparability_without_official_outcomes[review-effort-worsens-time],Pass,qualification/test_ai_planning_live.py,docs/evidence/sprint-0.32-focused-native-tests.xml,,Actual runtime-login subset; overlaps full native suite; no specified-case/requirement acceptance,2026-10-05T09:12:48Z
AI032-NATIVE-146,Focused actual native PostgreSQL,qualification.test_ai_planning_live::test_task_templates_api_returns_four_versioned_manual_exercises_without_execution_or_approval,Pass,qualification/test_ai_planning_live.py,docs/evidence/sprint-0.32-focused-native-tests.xml,,Actual runtime-login subset; overlaps full native suite; no specified-case/requirement acceptance,2026-10-05T09:12:48Z
AI032-NATIVE-147,Focused actual native PostgreSQL,qualification.test_ai_planning_live::test_planning_routes_deny_tenant_selector_revoked_missing_identity_and_missing_capability[other-tenant-cost-comparison],Pass,qualification/test_ai_planning_live.py,docs/evidence/sprint-0.32-focused-native-tests.xml,,Actual runtime-login subset; overlaps full native suite; no specified-case/requirement acceptance,2026-10-05T09:12:48Z
AI032-NATIVE-148,Focused actual native PostgreSQL,qualification.test_ai_planning_live::test_planning_routes_deny_tenant_selector_revoked_missing_identity_and_missing_capability[other-tenant-pilot-evaluation],Pass,qualification/test_ai_planning_live.py,docs/evidence/sprint-0.32-focused-native-tests.xml,,Actual runtime-login subset; overlaps full native suite; no specified-case/requirement acceptance,2026-10-05T09:12:48Z
AI032-NATIVE-149,Focused actual native PostgreSQL,qualification.test_ai_planning_live::test_planning_routes_deny_tenant_selector_revoked_missing_identity_and_missing_capability[other-tenant-task-templates],Pass,qualification/test_ai_planning_live.py,docs/evidence/sprint-0.32-focused-native-tests.xml,,Actual runtime-login subset; overlaps full native suite; no specified-case/requirement acceptance,2026-10-05T09:12:48Z
AI032-NATIVE-150,Focused actual native PostgreSQL,qualification.test_ai_planning_live::test_planning_routes_deny_tenant_selector_revoked_missing_identity_and_missing_capability[revoked-member-cost-comparison],Pass,qualification/test_ai_planning_live.py,docs/evidence/sprint-0.32-focused-native-tests.xml,,Actual runtime-login subset; overlaps full native suite; no specified-case/requirement acceptance,2026-10-05T09:12:48Z
AI032-NATIVE-151,Focused actual native PostgreSQL,qualification.test_ai_planning_live::test_planning_routes_deny_tenant_selector_revoked_missing_identity_and_missing_capability[revoked-member-pilot-evaluation],Pass,qualification/test_ai_planning_live.py,docs/evidence/sprint-0.32-focused-native-tests.xml,,Actual runtime-login subset; overlaps full native suite; no specified-case/requirement acceptance,2026-10-05T09:12:48Z
AI032-NATIVE-152,Focused actual native PostgreSQL,qualification.test_ai_planning_live::test_planning_routes_deny_tenant_selector_revoked_missing_identity_and_missing_capability[revoked-member-task-templates],Pass,qualification/test_ai_planning_live.py,docs/evidence/sprint-0.32-focused-native-tests.xml,,Actual runtime-login subset; overlaps full native suite; no specified-case/requirement acceptance,2026-10-05T09:12:48Z
AI032-NATIVE-153,Focused actual native PostgreSQL,qualification.test_ai_planning_live::test_planning_routes_deny_tenant_selector_revoked_missing_identity_and_missing_capability[unsigned-cost-comparison],Pass,qualification/test_ai_planning_live.py,docs/evidence/sprint-0.32-focused-native-tests.xml,,Actual runtime-login subset; overlaps full native suite; no specified-case/requirement acceptance,2026-10-05T09:12:48Z
AI032-NATIVE-154,Focused actual native PostgreSQL,qualification.test_ai_planning_live::test_planning_routes_deny_tenant_selector_revoked_missing_identity_and_missing_capability[unsigned-pilot-evaluation],Pass,qualification/test_ai_planning_live.py,docs/evidence/sprint-0.32-focused-native-tests.xml,,Actual runtime-login subset; overlaps full native suite; no specified-case/requirement acceptance,2026-10-05T09:12:48Z
AI032-NATIVE-155,Focused actual native PostgreSQL,qualification.test_ai_planning_live::test_planning_routes_deny_tenant_selector_revoked_missing_identity_and_missing_capability[unsigned-task-templates],Pass,qualification/test_ai_planning_live.py,docs/evidence/sprint-0.32-focused-native-tests.xml,,Actual runtime-login subset; overlaps full native suite; no specified-case/requirement acceptance,2026-10-05T09:12:48Z
AI032-NATIVE-156,Focused actual native PostgreSQL,qualification.test_ai_planning_live::test_planning_routes_deny_tenant_selector_revoked_missing_identity_and_missing_capability[no-read-capability-cost-comparison],Pass,qualification/test_ai_planning_live.py,docs/evidence/sprint-0.32-focused-native-tests.xml,,Actual runtime-login subset; overlaps full native suite; no specified-case/requirement acceptance,2026-10-05T09:12:48Z
AI032-NATIVE-157,Focused actual native PostgreSQL,qualification.test_ai_planning_live::test_planning_routes_deny_tenant_selector_revoked_missing_identity_and_missing_capability[no-read-capability-pilot-evaluation],Pass,qualification/test_ai_planning_live.py,docs/evidence/sprint-0.32-focused-native-tests.xml,,Actual runtime-login subset; overlaps full native suite; no specified-case/requirement acceptance,2026-10-05T09:12:48Z
AI032-NATIVE-158,Focused actual native PostgreSQL,qualification.test_ai_planning_live::test_planning_routes_deny_tenant_selector_revoked_missing_identity_and_missing_capability[no-read-capability-task-templates],Pass,qualification/test_ai_planning_live.py,docs/evidence/sprint-0.32-focused-native-tests.xml,,Actual runtime-login subset; overlaps full native suite; no specified-case/requirement acceptance,2026-10-05T09:12:48Z
AI032-NATIVE-159,Focused actual native PostgreSQL,qualification.test_ai_planning_live::test_planning_tools_recheck_current_read_authority_for_every_request[cost-comparison],Pass,qualification/test_ai_planning_live.py,docs/evidence/sprint-0.32-focused-native-tests.xml,,Actual runtime-login subset; overlaps full native suite; no specified-case/requirement acceptance,2026-10-05T09:12:48Z
AI032-NATIVE-160,Focused actual native PostgreSQL,qualification.test_ai_planning_live::test_planning_tools_recheck_current_read_authority_for_every_request[pilot-evaluation],Pass,qualification/test_ai_planning_live.py,docs/evidence/sprint-0.32-focused-native-tests.xml,,Actual runtime-login subset; overlaps full native suite; no specified-case/requirement acceptance,2026-10-05T09:12:48Z
AI032-NATIVE-161,Focused actual native PostgreSQL,qualification.test_ai_planning_live::test_planning_tools_recheck_current_read_authority_for_every_request[task-templates],Pass,qualification/test_ai_planning_live.py,docs/evidence/sprint-0.32-focused-native-tests.xml,,Actual runtime-login subset; overlaps full native suite; no specified-case/requirement acceptance,2026-10-05T09:12:48Z
AI032-NATIVE-162,Focused actual native PostgreSQL,qualification.test_ai_planning_live::test_read_only_actor_can_compute_and_practise_but_cannot_save_or_update_inputs,Pass,qualification/test_ai_planning_live.py,docs/evidence/sprint-0.32-focused-native-tests.xml,,Actual runtime-login subset; overlaps full native suite; no specified-case/requirement acceptance,2026-10-05T09:12:48Z
AI032-NATIVE-163,Focused actual native PostgreSQL,qualification.test_ai_planning_live::test_closed_api_inputs_reject_forged_decisions_types_and_unsupported_fields_without_work[cost-unknown-root],Pass,qualification/test_ai_planning_live.py,docs/evidence/sprint-0.32-focused-native-tests.xml,,Actual runtime-login subset; overlaps full native suite; no specified-case/requirement acceptance,2026-10-05T09:12:48Z
AI032-NATIVE-164,Focused actual native PostgreSQL,qualification.test_ai_planning_live::test_closed_api_inputs_reject_forged_decisions_types_and_unsupported_fields_without_work[unlike-offer-currency],Pass,qualification/test_ai_planning_live.py,docs/evidence/sprint-0.32-focused-native-tests.xml,,Actual runtime-login subset; overlaps full native suite; no specified-case/requirement acceptance,2026-10-05T09:12:48Z
AI032-NATIVE-165,Focused actual native PostgreSQL,qualification.test_ai_planning_live::test_closed_api_inputs_reject_forged_decisions_types_and_unsupported_fields_without_work[float-money],Pass,qualification/test_ai_planning_live.py,docs/evidence/sprint-0.32-focused-native-tests.xml,,Actual runtime-login subset; overlaps full native suite; no specified-case/requirement acceptance,2026-10-05T09:12:48Z
AI032-NATIVE-166,Focused actual native PostgreSQL,qualification.test_ai_planning_live::test_closed_api_inputs_reject_forged_decisions_types_and_unsupported_fields_without_work[bool-months],Pass,qualification/test_ai_planning_live.py,docs/evidence/sprint-0.32-focused-native-tests.xml,,Actual runtime-login subset; overlaps full native suite; no specified-case/requirement acceptance,2026-10-05T09:12:48Z
AI032-NATIVE-167,Focused actual native PostgreSQL,qualification.test_ai_planning_live::test_closed_api_inputs_reject_forged_decisions_types_and_unsupported_fields_without_work[exponent-money],Pass,qualification/test_ai_planning_live.py,docs/evidence/sprint-0.32-focused-native-tests.xml,,Actual runtime-login subset; overlaps full native suite; no specified-case/requirement acceptance,2026-10-05T09:12:48Z
AI032-NATIVE-168,Focused actual native PostgreSQL,qualification.test_ai_planning_live::test_closed_api_inputs_reject_forged_decisions_types_and_unsupported_fields_without_work[empty-offer-name],Pass,qualification/test_ai_planning_live.py,docs/evidence/sprint-0.32-focused-native-tests.xml,,Actual runtime-login subset; overlaps full native suite; no specified-case/requirement acceptance,2026-10-05T09:12:48Z
AI032-NATIVE-169,Focused actual native PostgreSQL,qualification.test_ai_planning_live::test_closed_api_inputs_reject_forged_decisions_types_and_unsupported_fields_without_work[pilot-result-forgery],Pass,qualification/test_ai_planning_live.py,docs/evidence/sprint-0.32-focused-native-tests.xml,,Actual runtime-login subset; overlaps full native suite; no specified-case/requirement acceptance,2026-10-05T09:12:48Z
AI032-NATIVE-170,Focused actual native PostgreSQL,qualification.test_ai_planning_live::test_closed_api_inputs_reject_forged_decisions_types_and_unsupported_fields_without_work[sample-unknown-key],Pass,qualification/test_ai_planning_live.py,docs/evidence/sprint-0.32-focused-native-tests.xml,,Actual runtime-login subset; overlaps full native suite; no specified-case/requirement acceptance,2026-10-05T09:12:48Z
AI032-NATIVE-171,Focused actual native PostgreSQL,qualification.test_ai_planning_live::test_closed_api_inputs_reject_forged_decisions_types_and_unsupported_fields_without_work[bool-sample-size],Pass,qualification/test_ai_planning_live.py,docs/evidence/sprint-0.32-focused-native-tests.xml,,Actual runtime-login subset; overlaps full native suite; no specified-case/requirement acceptance,2026-10-05T09:12:48Z
AI032-NATIVE-172,Focused actual native PostgreSQL,qualification.test_ai_planning_live::test_closed_api_inputs_reject_forged_decisions_types_and_unsupported_fields_without_work[negative-numeric-time],Pass,qualification/test_ai_planning_live.py,docs/evidence/sprint-0.32-focused-native-tests.xml,,Actual runtime-login subset; overlaps full native suite; no specified-case/requirement acceptance,2026-10-05T09:12:48Z
AI032-NATIVE-173,Focused actual native PostgreSQL,qualification.test_ai_planning_live::test_closed_api_inputs_reject_forged_decisions_types_and_unsupported_fields_without_work[string-comparability],Pass,qualification/test_ai_planning_live.py,docs/evidence/sprint-0.32-focused-native-tests.xml,,Actual runtime-login subset; overlaps full native suite; no specified-case/requirement acceptance,2026-10-05T09:12:48Z
AI032-NATIVE-174,Focused actual native PostgreSQL,qualification.test_ai_planning_live::test_closed_api_inputs_reject_forged_decisions_types_and_unsupported_fields_without_work[empty-task-label],Pass,qualification/test_ai_planning_live.py,docs/evidence/sprint-0.32-focused-native-tests.xml,,Actual runtime-login subset; overlaps full native suite; no specified-case/requirement acceptance,2026-10-05T09:12:48Z
AI032-NATIVE-175,Focused actual native PostgreSQL,qualification.test_ai_planning_live::test_duplicate_json_keys_are_refused_before_planning_or_persistence[duplicate-currency],Pass,qualification/test_ai_planning_live.py,docs/evidence/sprint-0.32-focused-native-tests.xml,,Actual runtime-login subset; overlaps full native suite; no specified-case/requirement acceptance,2026-10-05T09:12:48Z
AI032-NATIVE-176,Focused actual native PostgreSQL,qualification.test_ai_planning_live::test_duplicate_json_keys_are_refused_before_planning_or_persistence[duplicate-nested-amount],Pass,qualification/test_ai_planning_live.py,docs/evidence/sprint-0.32-focused-native-tests.xml,,Actual runtime-login subset; overlaps full native suite; no specified-case/requirement acceptance,2026-10-05T09:12:48Z
AI032-NATIVE-177,Focused actual native PostgreSQL,qualification.test_ai_planning_live::test_duplicate_json_keys_are_refused_before_planning_or_persistence[duplicate-nested-review],Pass,qualification/test_ai_planning_live.py,docs/evidence/sprint-0.32-focused-native-tests.xml,,Actual runtime-login subset; overlaps full native suite; no specified-case/requirement acceptance,2026-10-05T09:12:48Z
AI032-NATIVE-178,Focused actual native PostgreSQL,qualification.test_ai_planning_live::test_authorized_planning_never_inspects_or_calls_an_enabled_provider,Pass,qualification/test_ai_planning_live.py,docs/evidence/sprint-0.32-focused-native-tests.xml,,Actual runtime-login subset; overlaps full native suite; no specified-case/requirement acceptance,2026-10-05T09:12:48Z
AI032-NATIVE-179,Focused actual native PostgreSQL,qualification.test_ai_planning_live::test_planning_snapshot_save_reload_exact_retry_changed_input_and_stale_edit_are_atomic,Pass,qualification/test_ai_planning_live.py,docs/evidence/sprint-0.32-focused-native-tests.xml,,Actual runtime-login subset; overlaps full native suite; no specified-case/requirement acceptance,2026-10-05T09:12:48Z
AI032-NATIVE-180,Focused actual native PostgreSQL,qualification.test_ai_planning_live::test_invalid_saved_planning_inputs_leave_no_head_revision_audit_outbox_or_receipt[planning-version-forgery],Pass,qualification/test_ai_planning_live.py,docs/evidence/sprint-0.32-focused-native-tests.xml,,Actual runtime-login subset; overlaps full native suite; no specified-case/requirement acceptance,2026-10-05T09:12:48Z
AI032-NATIVE-181,Focused actual native PostgreSQL,qualification.test_ai_planning_live::test_invalid_saved_planning_inputs_leave_no_head_revision_audit_outbox_or_receipt[line-decision-forgery],Pass,qualification/test_ai_planning_live.py,docs/evidence/sprint-0.32-focused-native-tests.xml,,Actual runtime-login subset; overlaps full native suite; no specified-case/requirement acceptance,2026-10-05T09:12:48Z
AI032-NATIVE-182,Focused actual native PostgreSQL,qualification.test_ai_planning_live::test_invalid_saved_planning_inputs_leave_no_head_revision_audit_outbox_or_receipt[sample-result-forgery],Pass,qualification/test_ai_planning_live.py,docs/evidence/sprint-0.32-focused-native-tests.xml,,Actual runtime-login subset; overlaps full native suite; no specified-case/requirement acceptance,2026-10-05T09:12:48Z
AI032-NATIVE-183,Focused actual native PostgreSQL,qualification.test_ai_planning_live::test_invalid_saved_planning_inputs_leave_no_head_revision_audit_outbox_or_receipt[task-approver-forgery],Pass,qualification/test_ai_planning_live.py,docs/evidence/sprint-0.32-focused-native-tests.xml,,Actual runtime-login subset; overlaps full native suite; no specified-case/requirement acceptance,2026-10-05T09:12:48Z
AI032-NATIVE-184,Focused actual native PostgreSQL,qualification.test_ai_planning_live::test_invalid_saved_planning_inputs_leave_no_head_revision_audit_outbox_or_receipt[unknown-practice-id],Pass,qualification/test_ai_planning_live.py,docs/evidence/sprint-0.32-focused-native-tests.xml,,Actual runtime-login subset; overlaps full native suite; no specified-case/requirement acceptance,2026-10-05T09:12:48Z
AI032-NATIVE-185,Focused actual native PostgreSQL,qualification.test_ai_planning_live::test_invalid_saved_planning_inputs_leave_no_head_revision_audit_outbox_or_receipt[another-template-check],Pass,qualification/test_ai_planning_live.py,docs/evidence/sprint-0.32-focused-native-tests.xml,,Actual runtime-login subset; overlaps full native suite; no specified-case/requirement acceptance,2026-10-05T09:12:48Z
AI032-NATIVE-186,Focused actual native PostgreSQL,qualification.test_ai_planning_live::test_duplicate_nested_json_key_in_a_saved_planning_input_is_not_silently_overwritten,Pass,qualification/test_ai_planning_live.py,docs/evidence/sprint-0.32-focused-native-tests.xml,,Actual runtime-login subset; overlaps full native suite; no specified-case/requirement acceptance,2026-10-05T09:12:48Z
AI032-NATIVE-187,Focused actual native PostgreSQL,qualification.test_ai_planning_live::test_original_six_field_plan_stays_readable_without_backfilled_planning_input,Pass,qualification/test_ai_planning_live.py,docs/evidence/sprint-0.32-focused-native-tests.xml,,Actual runtime-login subset; overlaps full native suite; no specified-case/requirement acceptance,2026-10-05T09:12:48Z
AI032-NATIVE-188,Focused actual native PostgreSQL,qualification.test_ai_planning_live::test_older_six_field_update_preserves_planning_and_explicit_nulls_clear_only_the_new_revision,Pass,qualification/test_ai_planning_live.py,docs/evidence/sprint-0.32-focused-native-tests.xml,,Actual runtime-login subset; overlaps full native suite; no specified-case/requirement acceptance,2026-10-05T09:12:48Z
AI032-NATIVE-189,Focused actual native PostgreSQL,qualification.test_version_unit::test_version_source_is_complete_and_well_formed,Pass,qualification/test_version_unit.py,docs/evidence/sprint-0.32-focused-native-tests.xml,,Actual runtime-login subset; overlaps full native suite; no specified-case/requirement acceptance,2026-10-05T09:12:48Z
AI032-NATIVE-190,Focused actual native PostgreSQL,qualification.test_version_unit::test_migrations_are_numbered_contiguously_so_their_count_is_the_schema_version,Pass,qualification/test_version_unit.py,docs/evidence/sprint-0.32-focused-native-tests.xml,,Actual runtime-login subset; overlaps full native suite; no specified-case/requirement acceptance,2026-10-05T09:12:48Z
AI032-NATIVE-191,Focused actual native PostgreSQL,qualification.test_version_unit::test_web_client_package_matches_the_build,Pass,qualification/test_version_unit.py,docs/evidence/sprint-0.32-focused-native-tests.xml,,Actual runtime-login subset; overlaps full native suite; no specified-case/requirement acceptance,2026-10-05T09:12:48Z
AI032-NATIVE-192,Focused actual native PostgreSQL,qualification.test_version_unit::test_generated_contracts_carry_the_source_versions,Pass,qualification/test_version_unit.py,docs/evidence/sprint-0.32-focused-native-tests.xml,,Actual runtime-login subset; overlaps full native suite; no specified-case/requirement acceptance,2026-10-05T09:12:48Z
AI032-NATIVE-193,Focused actual native PostgreSQL,qualification.test_version_unit::test_runtime_code_carries_no_version_literal,Pass,qualification/test_version_unit.py,docs/evidence/sprint-0.32-focused-native-tests.xml,,Actual runtime-login subset; overlaps full native suite; no specified-case/requirement acceptance,2026-10-05T09:12:48Z
AI032-OPS-001,Synthetic operations portability,qualification.test_ops_unit::test_backup_set_holds_databases_roles_objects_and_a_verified_manifest,Pass,qualification/test_ops_unit.py,docs/evidence/sprint-0.32-ops-unit.xml,,Synthetic stub clients and temporary sets; actual database restore remains separate,2026-10-05
AI032-OPS-002,Synthetic operations portability,qualification.test_ops_unit::test_a_second_set_the_same_day_replaces_the_first_only_when_complete,Pass,qualification/test_ops_unit.py,docs/evidence/sprint-0.32-ops-unit.xml,,Synthetic stub clients and temporary sets; actual database restore remains separate,2026-10-05
AI032-OPS-003,Synthetic operations portability,qualification.test_ops_unit::test_disk_guard_refuses_and_reports_without_touching_the_sets,Pass,qualification/test_ops_unit.py,docs/evidence/sprint-0.32-ops-unit.xml,,Synthetic stub clients and temporary sets; actual database restore remains separate,2026-10-05
AI032-OPS-004,Synthetic operations portability,qualification.test_ops_unit::test_sundays_set_is_kept_weekly_by_hard_link_and_retention_prunes_oldest,Pass,qualification/test_ops_unit.py,docs/evidence/sprint-0.32-ops-unit.xml,,Synthetic stub clients and temporary sets; actual database restore remains separate,2026-10-05
AI032-OPS-005,Synthetic operations portability,qualification.test_ops_unit::test_verification_catches_a_changed_file,Pass,qualification/test_ops_unit.py,docs/evidence/sprint-0.32-ops-unit.xml,,Synthetic stub clients and temporary sets; actual database restore remains separate,2026-10-05
AI032-OPS-006,Synthetic operations portability,qualification.test_ops_unit::test_plain_strips_everything_that_would_need_json_escaping,Pass,qualification/test_ops_unit.py,docs/evidence/sprint-0.32-ops-unit.xml,,Synthetic stub clients and temporary sets; actual database restore remains separate,2026-10-05
AI032-OPS-007,Synthetic operations portability,qualification.test_ops_unit::test_backup_schedule_preserves_next_utc_hour_without_gnu_date[0-21-75600],Pass,qualification/test_ops_unit.py,docs/evidence/sprint-0.32-ops-unit.xml,,Synthetic stub clients and temporary sets; actual database restore remains separate,2026-10-05
AI032-OPS-008,Synthetic operations portability,qualification.test_ops_unit::test_backup_schedule_preserves_next_utc_hour_without_gnu_date[75600-21-86400],Pass,qualification/test_ops_unit.py,docs/evidence/sprint-0.32-ops-unit.xml,,Synthetic stub clients and temporary sets; actual database restore remains separate,2026-10-05
AI032-OPS-009,Synthetic operations portability,qualification.test_ops_unit::test_backup_schedule_preserves_next_utc_hour_without_gnu_date[82800-21-79200],Pass,qualification/test_ops_unit.py,docs/evidence/sprint-0.32-ops-unit.xml,,Synthetic stub clients and temporary sets; actual database restore remains separate,2026-10-05
AI032-OPS-010,Synthetic operations portability,qualification.test_ops_unit::test_backup_schedule_preserves_next_utc_hour_without_gnu_date[86399-0-1],Pass,qualification/test_ops_unit.py,docs/evidence/sprint-0.32-ops-unit.xml,,Synthetic stub clients and temporary sets; actual database restore remains separate,2026-10-05
AI032-OPS-011,Synthetic operations portability,qualification.test_ops_unit::test_backup_schedule_preserves_next_utc_hour_without_gnu_date[28740-08-60],Pass,qualification/test_ops_unit.py,docs/evidence/sprint-0.32-ops-unit.xml,,Synthetic stub clients and temporary sets; actual database restore remains separate,2026-10-05
AI032-OPS-012,Synthetic operations portability,qualification.test_ops_unit::test_backup_schedule_preserves_next_utc_hour_without_gnu_date[0-00-86400],Pass,qualification/test_ops_unit.py,docs/evidence/sprint-0.32-ops-unit.xml,,Synthetic stub clients and temporary sets; actual database restore remains separate,2026-10-05
AI032-OPS-013,Synthetic operations portability,qualification.test_ops_unit::test_backup_schedule_refuses_an_invalid_hour[-1],Pass,qualification/test_ops_unit.py,docs/evidence/sprint-0.32-ops-unit.xml,,Synthetic stub clients and temporary sets; actual database restore remains separate,2026-10-05
AI032-OPS-014,Synthetic operations portability,qualification.test_ops_unit::test_backup_schedule_refuses_an_invalid_hour[24],Pass,qualification/test_ops_unit.py,docs/evidence/sprint-0.32-ops-unit.xml,,Synthetic stub clients and temporary sets; actual database restore remains separate,2026-10-05
AI032-OPS-015,Synthetic operations portability,qualification.test_ops_unit::test_backup_schedule_refuses_an_invalid_hour[99],Pass,qualification/test_ops_unit.py,docs/evidence/sprint-0.32-ops-unit.xml,,Synthetic stub clients and temporary sets; actual database restore remains separate,2026-10-05
AI032-OPS-016,Synthetic operations portability,qualification.test_ops_unit::test_backup_schedule_refuses_an_invalid_hour[abc],Pass,qualification/test_ops_unit.py,docs/evidence/sprint-0.32-ops-unit.xml,,Synthetic stub clients and temporary sets; actual database restore remains separate,2026-10-05
AI032-OPS-017,Synthetic operations portability,qualification.test_ops_unit::test_backup_set_listing_excludes_partial_files_and_symlinks,Pass,qualification/test_ops_unit.py,docs/evidence/sprint-0.32-ops-unit.xml,,Synthetic stub clients and temporary sets; actual database restore remains separate,2026-10-05
AI032-OPS-018,Synthetic operations portability,qualification.test_ops_unit::test_backup_preserves_gnu_byte_accounting,Pass,qualification/test_ops_unit.py,docs/evidence/sprint-0.32-ops-unit.xml,,Synthetic stub clients and temporary sets; actual database restore remains separate,2026-10-05
AI032-OPS-019,Synthetic operations portability,qualification.test_ops_unit::test_backup_bsd_byte_fallback_handles_space_and_zero_length_files,Pass,qualification/test_ops_unit.py,docs/evidence/sprint-0.32-ops-unit.xml,,Synthetic stub clients and temporary sets; actual database restore remains separate,2026-10-05
AI032-OPS-020,Synthetic operations portability,qualification.test_ops_unit::test_backup_metadata_failure_keeps_the_previous_complete_set[stat() { return 1; };-STEP_FAILED_manifest],Pass,qualification/test_ops_unit.py,docs/evidence/sprint-0.32-ops-unit.xml,,Synthetic stub clients and temporary sets; actual database restore remains separate,2026-10-05
AI032-OPS-021,Synthetic operations portability,qualification.test_ops_unit::test_backup_metadata_failure_keeps_the_previous_complete_set[set_bytes() { return 1; };-STEP_FAILED_set_size],Pass,qualification/test_ops_unit.py,docs/evidence/sprint-0.32-ops-unit.xml,,Synthetic stub clients and temporary sets; actual database restore remains separate,2026-10-05
AI032-OPS-022,Synthetic operations portability,qualification.test_ops_unit::test_drill_restores_the_newest_set_and_skips_the_bootstrap_superuser,Pass,qualification/test_ops_unit.py,docs/evidence/sprint-0.32-ops-unit.xml,,Synthetic stub clients and temporary sets; actual database restore remains separate,2026-10-05
AI032-OPS-023,Synthetic operations portability,qualification.test_ops_unit::test_drill_restore_reports_a_damaged_set_or_a_failed_restore,Pass,qualification/test_ops_unit.py,docs/evidence/sprint-0.32-ops-unit.xml,,Synthetic stub clients and temporary sets; actual database restore remains separate,2026-10-05
AI032-OPS-024,Synthetic operations portability,qualification.test_ops_unit::test_drill_restore_handles_a_root_containing_spaces_and_quotes,Pass,qualification/test_ops_unit.py,docs/evidence/sprint-0.32-ops-unit.xml,,Synthetic stub clients and temporary sets; actual database restore remains separate,2026-10-05
AI032-OPS-025,Synthetic operations portability,qualification.test_ops_unit::test_drill_restore_rejects_nonexact_selectors_without_reading_manifests[daily/20261004/../../outside],Pass,qualification/test_ops_unit.py,docs/evidence/sprint-0.32-ops-unit.xml,,Synthetic stub clients and temporary sets; actual database restore remains separate,2026-10-05
AI032-OPS-026,Synthetic operations portability,qualification.test_ops_unit::test_drill_restore_rejects_nonexact_selectors_without_reading_manifests[daily/20261004-extra],Pass,qualification/test_ops_unit.py,docs/evidence/sprint-0.32-ops-unit.xml,,Synthetic stub clients and temporary sets; actual database restore remains separate,2026-10-05
AI032-OPS-027,Synthetic operations portability,qualification.test_ops_unit::test_drill_restore_rejects_nonexact_selectors_without_reading_manifests[daily/202610],Pass,qualification/test_ops_unit.py,docs/evidence/sprint-0.32-ops-unit.xml,,Synthetic stub clients and temporary sets; actual database restore remains separate,2026-10-05
AI032-OPS-028,Synthetic operations portability,qualification.test_ops_unit::test_drill_restore_ignores_or_refuses_a_symlinked_set,Pass,qualification/test_ops_unit.py,docs/evidence/sprint-0.32-ops-unit.xml,,Synthetic stub clients and temporary sets; actual database restore remains separate,2026-10-05
AI032-OPS-029,Synthetic operations portability,qualification.test_ops_unit::test_object_digests_match_names_and_blob_rows_find_their_objects,Pass,qualification/test_ops_unit.py,docs/evidence/sprint-0.32-ops-unit.xml,,Synthetic stub clients and temporary sets; actual database restore remains separate,2026-10-05
AI032-OPS-030,Synthetic operations portability,qualification.test_ops_unit::test_restore_check_refuses_an_unexpected_set_name,Pass,qualification/test_ops_unit.py,docs/evidence/sprint-0.32-ops-unit.xml,,Synthetic stub clients and temporary sets; actual database restore remains separate,2026-10-05
AI032-OPS-031,Synthetic operations portability,qualification.test_ops_unit::test_a_healthy_server_has_no_alerts,Pass,qualification/test_ops_unit.py,docs/evidence/sprint-0.32-ops-unit.xml,,Synthetic stub clients and temporary sets; actual database restore remains separate,2026-10-05
AI032-OPS-032,Synthetic operations portability,qualification.test_ops_unit::test_each_problem_raises_its_alert[<lambda>-expected0],Pass,qualification/test_ops_unit.py,docs/evidence/sprint-0.32-ops-unit.xml,,Synthetic stub clients and temporary sets; actual database restore remains separate,2026-10-05
AI032-OPS-033,Synthetic operations portability,qualification.test_ops_unit::test_each_problem_raises_its_alert[<lambda>-expected1],Pass,qualification/test_ops_unit.py,docs/evidence/sprint-0.32-ops-unit.xml,,Synthetic stub clients and temporary sets; actual database restore remains separate,2026-10-05
AI032-OPS-034,Synthetic operations portability,qualification.test_ops_unit::test_each_problem_raises_its_alert[<lambda>-expected2],Pass,qualification/test_ops_unit.py,docs/evidence/sprint-0.32-ops-unit.xml,,Synthetic stub clients and temporary sets; actual database restore remains separate,2026-10-05
AI032-OPS-035,Synthetic operations portability,qualification.test_ops_unit::test_each_problem_raises_its_alert[<lambda>-expected3],Pass,qualification/test_ops_unit.py,docs/evidence/sprint-0.32-ops-unit.xml,,Synthetic stub clients and temporary sets; actual database restore remains separate,2026-10-05
AI032-OPS-036,Synthetic operations portability,qualification.test_ops_unit::test_each_problem_raises_its_alert[<lambda>-expected4],Pass,qualification/test_ops_unit.py,docs/evidence/sprint-0.32-ops-unit.xml,,Synthetic stub clients and temporary sets; actual database restore remains separate,2026-10-05
AI032-OPS-037,Synthetic operations portability,qualification.test_ops_unit::test_each_problem_raises_its_alert[<lambda>-expected5],Pass,qualification/test_ops_unit.py,docs/evidence/sprint-0.32-ops-unit.xml,,Synthetic stub clients and temporary sets; actual database restore remains separate,2026-10-05
AI032-OPS-038,Synthetic operations portability,qualification.test_ops_unit::test_each_problem_raises_its_alert[<lambda>-expected6],Pass,qualification/test_ops_unit.py,docs/evidence/sprint-0.32-ops-unit.xml,,Synthetic stub clients and temporary sets; actual database restore remains separate,2026-10-05
AI032-OPS-039,Synthetic operations portability,qualification.test_ops_unit::test_each_problem_raises_its_alert[<lambda>-expected7],Pass,qualification/test_ops_unit.py,docs/evidence/sprint-0.32-ops-unit.xml,,Synthetic stub clients and temporary sets; actual database restore remains separate,2026-10-05
AI032-OPS-040,Synthetic operations portability,qualification.test_ops_unit::test_each_problem_raises_its_alert[<lambda>-expected8],Pass,qualification/test_ops_unit.py,docs/evidence/sprint-0.32-ops-unit.xml,,Synthetic stub clients and temporary sets; actual database restore remains separate,2026-10-05
AI032-OPS-041,Synthetic operations portability,qualification.test_ops_unit::test_each_problem_raises_its_alert[<lambda>-expected9],Pass,qualification/test_ops_unit.py,docs/evidence/sprint-0.32-ops-unit.xml,,Synthetic stub clients and temporary sets; actual database restore remains separate,2026-10-05
AI032-OPS-042,Synthetic operations portability,qualification.test_ops_unit::test_each_problem_raises_its_alert[<lambda>-expected10],Pass,qualification/test_ops_unit.py,docs/evidence/sprint-0.32-ops-unit.xml,,Synthetic stub clients and temporary sets; actual database restore remains separate,2026-10-05
AI032-OPS-043,Synthetic operations portability,qualification.test_ops_unit::test_each_problem_raises_its_alert[<lambda>-expected11],Pass,qualification/test_ops_unit.py,docs/evidence/sprint-0.32-ops-unit.xml,,Synthetic stub clients and temporary sets; actual database restore remains separate,2026-10-05
AI032-OPS-044,Synthetic operations portability,qualification.test_ops_unit::test_each_problem_raises_its_alert[<lambda>-expected12],Pass,qualification/test_ops_unit.py,docs/evidence/sprint-0.32-ops-unit.xml,,Synthetic stub clients and temporary sets; actual database restore remains separate,2026-10-05
AI032-OPS-045,Synthetic operations portability,qualification.test_ops_unit::test_each_problem_raises_its_alert[<lambda>-expected13],Pass,qualification/test_ops_unit.py,docs/evidence/sprint-0.32-ops-unit.xml,,Synthetic stub clients and temporary sets; actual database restore remains separate,2026-10-05
AI032-OPS-046,Synthetic operations portability,qualification.test_ops_unit::test_each_problem_raises_its_alert[<lambda>-expected14],Pass,qualification/test_ops_unit.py,docs/evidence/sprint-0.32-ops-unit.xml,,Synthetic stub clients and temporary sets; actual database restore remains separate,2026-10-05
AI032-OPS-047,Synthetic operations portability,qualification.test_ops_unit::test_each_problem_raises_its_alert[<lambda>-expected15],Pass,qualification/test_ops_unit.py,docs/evidence/sprint-0.32-ops-unit.xml,,Synthetic stub clients and temporary sets; actual database restore remains separate,2026-10-05
AI032-OPS-048,Synthetic operations portability,qualification.test_ops_unit::test_disk_severity_and_unreadable_inputs,Pass,qualification/test_ops_unit.py,docs/evidence/sprint-0.32-ops-unit.xml,,Synthetic stub clients and temporary sets; actual database restore remains separate,2026-10-05
AI032-OPS-049,Synthetic operations portability,qualification.test_ops_unit::test_evaluate_writes_the_ops_file_and_merges_into_the_status_files,Pass,qualification/test_ops_unit.py,docs/evidence/sprint-0.32-ops-unit.xml,,Synthetic stub clients and temporary sets; actual database restore remains separate,2026-10-05
AI032-OPS-050,Synthetic operations portability,qualification.test_ops_unit::test_drill_record_measures_duration_and_backup_age,Pass,qualification/test_ops_unit.py,docs/evidence/sprint-0.32-ops-unit.xml,,Synthetic stub clients and temporary sets; actual database restore remains separate,2026-10-05
AI032-OPS-051,Synthetic operations portability,qualification.test_ops_unit::test_host_units_run_the_check_every_five_minutes_and_the_drill_weekly,Pass,qualification/test_ops_unit.py,docs/evidence/sprint-0.32-ops-unit.xml,,Synthetic stub clients and temporary sets; actual database restore remains separate,2026-10-05
AI032-OPS-052,Synthetic operations portability,qualification.test_ops_unit::test_box_and_user_listing_are_plain_text,Pass,qualification/test_ops_unit.py,docs/evidence/sprint-0.32-ops-unit.xml,,Synthetic stub clients and temporary sets; actual database restore remains separate,2026-10-05
AI032-OPS-053,Synthetic operations portability,qualification.test_ops_unit::test_keycloak_listing_reports_status_without_credentials,Pass,qualification/test_ops_unit.py,docs/evidence/sprint-0.32-ops-unit.xml,,Synthetic stub clients and temporary sets; actual database restore remains separate,2026-10-05
AI032-OPS-054,Synthetic operations portability,qualification.test_ops_unit::test_owner_scripts_refuse_pipes_and_bad_arguments,Pass,qualification/test_ops_unit.py,docs/evidence/sprint-0.32-ops-unit.xml,,Synthetic stub clients and temporary sets; actual database restore remains separate,2026-10-05
AI032-OPS-055,Synthetic operations portability,qualification.test_ops_unit::test_every_service_rotates_its_logs_and_the_drill_is_isolated,Pass,qualification/test_ops_unit.py,docs/evidence/sprint-0.32-ops-unit.xml,,Synthetic stub clients and temporary sets; actual database restore remains separate,2026-10-05
AI032-OPS-056,Synthetic operations portability,qualification.test_ops_unit::test_new_scripts_are_executable_and_strict,Pass,qualification/test_ops_unit.py,docs/evidence/sprint-0.32-ops-unit.xml,,Synthetic stub clients and temporary sets; actual database restore remains separate,2026-10-05
AI032-OPS-057,Synthetic operations portability,qualification.test_ops_unit::test_request_metrics_count_families_classes_and_latency_without_paths,Pass,qualification/test_ops_unit.py,docs/evidence/sprint-0.32-ops-unit.xml,,Synthetic stub clients and temporary sets; actual database restore remains separate,2026-10-05
AI032-OPS-058,Synthetic operations portability,qualification.test_ops_unit::test_operations_file_and_storage_are_optional,Pass,qualification/test_ops_unit.py,docs/evidence/sprint-0.32-ops-unit.xml,,Synthetic stub clients and temporary sets; actual database restore remains separate,2026-10-05
AI032-OPS-059,Synthetic operations portability,qualification.test_ops_unit::test_ops_status_file_must_be_absolute,Pass,qualification/test_ops_unit.py,docs/evidence/sprint-0.32-ops-unit.xml,,Synthetic stub clients and temporary sets; actual database restore remains separate,2026-10-05
AI032-OPS-060,Synthetic operations portability,qualification.test_ops_unit::test_backup_age_helpers_handle_naive_and_missing_times,Pass,qualification/test_ops_unit.py,docs/evidence/sprint-0.32-ops-unit.xml,,Synthetic stub clients and temporary sets; actual database restore remains separate,2026-10-05
AI032-OPS-061,Synthetic operations portability,qualification.test_ops_unit::test_scrub_removes_each_grace_secret_a_rotation_writes,Pass,qualification/test_ops_unit.py,docs/evidence/sprint-0.32-ops-unit.xml,,Synthetic stub clients and temporary sets; actual database restore remains separate,2026-10-05
AI032-ENV-001,Host process-environment qualification,qualification.test_process_environment_unit::test_darwin_parser_retains_whitespace_values_and_ignores_argument_lookalikes,Pass,qualification/test_process_environment_unit.py,docs/evidence/sprint-0.32-process-environment-unit.xml,,Kernel buffer/parser and actual synthetic child; process values never logged,2026-10-05
AI032-ENV-002,Host process-environment qualification,qualification.test_process_environment_unit::test_empty_environment_is_not_replaced_by_the_runner_environment,Pass,qualification/test_process_environment_unit.py,docs/evidence/sprint-0.32-process-environment-unit.xml,,Kernel buffer/parser and actual synthetic child; process values never logged,2026-10-05
AI032-ENV-003,Host process-environment qualification,qualification.test_process_environment_unit::test_malformed_kernel_buffers_are_refused[],Pass,qualification/test_process_environment_unit.py,docs/evidence/sprint-0.32-process-environment-unit.xml,,Kernel buffer/parser and actual synthetic child; process values never logged,2026-10-05
AI032-ENV-004,Host process-environment qualification,qualification.test_process_environment_unit::test_malformed_kernel_buffers_are_refused[bad],Pass,qualification/test_process_environment_unit.py,docs/evidence/sprint-0.32-process-environment-unit.xml,,Kernel buffer/parser and actual synthetic child; process values never logged,2026-10-05
AI032-ENV-005,Host process-environment qualification,qualification.test_process_environment_unit::test_malformed_kernel_buffers_are_refused[\xff\xff\xff\xff\xff\xff\xff\xff],Pass,qualification/test_process_environment_unit.py,docs/evidence/sprint-0.32-process-environment-unit.xml,,Kernel buffer/parser and actual synthetic child; process values never logged,2026-10-05
AI032-ENV-006,Host process-environment qualification,qualification.test_process_environment_unit::test_malformed_kernel_buffers_are_refused[\x01\x00\x00\x00/synthetic/python\x00\x00\x00python\x00missing-equals\x00\x00],Pass,qualification/test_process_environment_unit.py,docs/evidence/sprint-0.32-process-environment-unit.xml,,Kernel buffer/parser and actual synthetic child; process values never logged,2026-10-05
AI032-ENV-007,Host process-environment qualification,qualification.test_process_environment_unit::test_malformed_kernel_buffers_are_refused[\x01\x00\x00\x00/synthetic/python\x00\x00\x00python\x00=bad\x00\x00],Pass,qualification/test_process_environment_unit.py,docs/evidence/sprint-0.32-process-environment-unit.xml,,Kernel buffer/parser and actual synthetic child; process values never logged,2026-10-05
AI032-ENV-008,Host process-environment qualification,qualification.test_process_environment_unit::test_process_identifier_is_closed[0],Pass,qualification/test_process_environment_unit.py,docs/evidence/sprint-0.32-process-environment-unit.xml,,Kernel buffer/parser and actual synthetic child; process values never logged,2026-10-05
AI032-ENV-009,Host process-environment qualification,qualification.test_process_environment_unit::test_process_identifier_is_closed[-1],Pass,qualification/test_process_environment_unit.py,docs/evidence/sprint-0.32-process-environment-unit.xml,,Kernel buffer/parser and actual synthetic child; process values never logged,2026-10-05
AI032-ENV-010,Host process-environment qualification,qualification.test_process_environment_unit::test_process_identifier_is_closed[1],Pass,qualification/test_process_environment_unit.py,docs/evidence/sprint-0.32-process-environment-unit.xml,,Kernel buffer/parser and actual synthetic child; process values never logged,2026-10-05
AI032-ENV-011,Host process-environment qualification,qualification.test_process_environment_unit::test_process_identifier_is_closed[True],Pass,qualification/test_process_environment_unit.py,docs/evidence/sprint-0.32-process-environment-unit.xml,,Kernel buffer/parser and actual synthetic child; process values never logged,2026-10-05
AI032-ENV-012,Host process-environment qualification,qualification.test_process_environment_unit::test_actual_synthetic_child_environment_is_read_from_the_kernel,Pass,qualification/test_process_environment_unit.py,docs/evidence/sprint-0.32-process-environment-unit.xml,,Kernel buffer/parser and actual synthetic child; process values never logged,2026-10-05
AI032-BROWSER-001,Integrated local Chrome Tola + AI,Owner sees the real proposed AI capability delta; no authority applies on inspection,Pass,tools/browser/tola-ai-sprint-check.mjs,docs/evidence/sprint-0.32-browser-tests.json,,Real UI and actual local backend; synthetic setup; no hosted/manual accessibility/UAT acceptance,2026-10-05T09:19:21.935Z
AI032-BROWSER-002,Integrated local Chrome Tola + AI,A lost real proposal response retries its exact operation and creates one request,Pass,tools/browser/tola-ai-sprint-check.mjs,docs/evidence/sprint-0.32-browser-tests.json,,"Actual POST committed; browser response deliberately dropped, then actual exact receipt retry; synthetic setup; no hosted/manual accessibility/UAT acceptance",2026-10-05T09:19:21.935Z
AI032-BROWSER-003,Integrated local Chrome Tola + AI,Named second administrator accepts the proposal without applying capabilities,Pass,tools/browser/tola-ai-sprint-check.mjs,docs/evidence/sprint-0.32-browser-tests.json,,Real UI and actual local backend; synthetic setup; no hosted/manual accessibility/UAT acceptance,2026-10-05T09:19:21.935Z
AI032-BROWSER-004,Integrated local Chrome Tola + AI,Switching approval and rejection clears the reason and keeps the exact proposal explicit,Pass,tools/browser/tola-ai-sprint-check.mjs,docs/evidence/sprint-0.32-browser-tests.json,,Real UI and actual local backend; synthetic setup; no hosted/manual accessibility/UAT acceptance,2026-10-05T09:19:21.935Z
AI032-BROWSER-005,Integrated local Chrome Tola + AI,Independent operator approval applies only the reviewed capabilities and keeps expiry,Pass,tools/browser/tola-ai-sprint-check.mjs,docs/evidence/sprint-0.32-browser-tests.json,,Real UI and actual local backend; synthetic setup; no hosted/manual accessibility/UAT acceptance,2026-10-05T09:19:21.935Z
AI032-BROWSER-006,Integrated local Chrome Tola + AI,Applied extension is unavailable for repeat proposal and an unrelated person sees no review,Pass,tools/browser/tola-ai-sprint-check.mjs,docs/evidence/sprint-0.32-browser-tests.json,,Real UI and actual local backend; synthetic setup; no hosted/manual accessibility/UAT acceptance,2026-10-05T09:19:21.935Z
AI032-BROWSER-007,Integrated local Chrome Tola + AI,Saving through the real workspace captures complete guidance for two immutable revisions,Pass,tools/browser/tola-ai-sprint-check.mjs,docs/evidence/sprint-0.32-browser-tests.json,,Real UI and actual local backend; synthetic setup; no hosted/manual accessibility/UAT acceptance,2026-10-05T09:19:21.935Z
AI032-BROWSER-008,Integrated local Chrome Tola + AI,Real archived revision switching leaves unsaved draft and learning progress untouched,Pass,tools/browser/tola-ai-sprint-check.mjs,docs/evidence/sprint-0.32-browser-tests.json,,Real UI and actual local backend; synthetic setup; no hosted/manual accessibility/UAT acceptance,2026-10-05T09:19:21.935Z
AI032-BROWSER-009,Integrated local Chrome Tola + AI,A failed archive read retries against the real backend without changing the draft,Pass,tools/browser/tola-ai-sprint-check.mjs,docs/evidence/sprint-0.32-browser-tests.json,,Browser read failure deliberately injected; recovery fetch returns actual archived guidance; synthetic setup; no hosted/manual accessibility/UAT acceptance,2026-10-05T09:19:21.935Z
AI032-BROWSER-010,Integrated local Chrome Tola + AI,A real read-only person reads complete history without save controls or writes,Pass,tools/browser/tola-ai-sprint-check.mjs,docs/evidence/sprint-0.32-browser-tests.json,,Real UI and actual local backend; synthetic setup; no hosted/manual accessibility/UAT acceptance,2026-10-05T09:19:21.935Z
AI032-BROWSER-011,Integrated local Chrome Tola + AI,Actual legacy revision reports unavailable guidance instead of reconstructing current wording,Pass,tools/browser/tola-ai-sprint-check.mjs,docs/evidence/sprint-0.32-browser-tests.json,,Real UI and actual local backend; synthetic setup; no hosted/manual accessibility/UAT acceptance,2026-10-05T09:19:21.935Z
AI032-BROWSER-012,Integrated local Chrome Tola + AI,Actual partial archive marks missing practice and preserves the original saved worksheet,Pass,tools/browser/tola-ai-sprint-check.mjs,docs/evidence/sprint-0.32-browser-tests.json,,Real UI and actual local backend; synthetic setup; no hosted/manual accessibility/UAT acceptance,2026-10-05T09:19:21.935Z
AI032-BROWSER-013,Integrated local Chrome Tola + AI,Archive and access qualification makes no external or provider requests and has no uncaught errors,Pass,tools/browser/tola-ai-sprint-check.mjs,docs/evidence/sprint-0.32-browser-tests.json,,Real UI and actual local backend; synthetic setup; no hosted/manual accessibility/UAT acceptance,2026-10-05T09:19:21.935Z
