Requirement,BRD parent,Title,Priority,Baseline release,Status,Current assessment,Behavior retained,Recovery retained,Acceptance retained,Implementation and test sources,Evidence interpretation
FR-TEN-001,BR-TEN-001,Tenant lifecycle,P0,R1,PARTIAL,"v0.10–0.13 implement operator-requested profiles, owner acceptance, independent activation, readiness/impact checks, access fencing and durable work holds. Initial access now requires an owner proposal, separate administrator acceptance and independent operator approval of fixed capability/expiry ceilings; business grants still require separate review. Recovery-contact nomination, registered-account/MFA verification, independent approval, replacement/renewal, revocation and current eligibility now gate activation/reactivation. v0.13 adds reviewed renewal/extension of unexpired delegated authority: the owner pins the exact current ceilings, grants and administrative assignments of both administrators, the second administrator accepts, an independent operator approves within 7 days and within 90 days of expiry, and a database-owned applicator re-dates only the pinned rows. Limits: expired authority is not renewable, tenants without exactly one second administrator are unsupported, and renewal requires current readiness including recovery-contact evidence. Partial: external channel verification/invitations, unavailable-owner recovery, support/exit access, workers, credential rechecks and archival/deletion remain open; native concurrency evidence is limited to the renewal-approval-versus-grant-revocation race in qualification/test_native_concurrency.py (v0.14). v0.16 (qualification/test_worker.py, test_native_worker.py) adds a worker that honours the suspension hold on queued deliveries: a row carrying held_at (what quiesce_tenant sets on suspension; the test sets it directly on an Active tenant) is never sent, a held row whose lease ends returns to PENDING and stays held, and nothing is re-queued on reactivation (no automatic replay, as the validation text requires; no operator re-queue exists); the worker lists Provisioning, Active and Suspended tenants and runs its reminder and cancellation scans for Active tenants only; queued jobs whose cancellation was requested become Cancelled and a started job is recorded NOT_CANCELLED_STARTED, exercised only with test-inserted jobs because no job class is executed; a recovery contact's nominee can confirm the registered email address with a single-use code (15 minutes, 5 attempts, 3 requests per hour), recorded as evidence only — it changes neither readiness nor what a contact may do. Quality 2026-10 (qualification/test_delivery_requeue.py) adds an operator-only, fresh-assurance, reasoned re-queue of a DEAD delivery and release of a held one for an Active tenant, each a separate recorded platform decision (platform_event and receipt), refused while the tenant is Suspended; nothing is replayed automatically. v0.26a (usable staging; qualification/test_usable_staging.py, test_operator_onboarding.py, tools/browser/operators-check.mjs) removes the hosted-onboarding blockers without relaxing independence: governed reference-data commands and a one-click standard set (calendar with periods in the tenant's zone, single-stage independent review template, report template, geography), the generated initial-access-v2 profile whose ceiling also covers the purpose-bound capabilities, and a second platform operator onboarded from the UI (nomination by an operator, acceptance with fresh MFA by a different natural person through a definer, test_a_new_operator_counts_at_activation_only_as_a_different_person). Status unchanged: the validation text (reactivation rechecks of expired grants and source credentials; closure through the exit workflow without skipping holds) is not exercised. Still open: source-credential rechecks on reactivation, a real import and report schedule for the acceptance scenario, support and exit access, closure, and the external email provider. Build 0.27.0 adds renewal before expiry and deactivation of a platform operator by a different active operator (another natural person; the last active operator is never deactivated), recorded in the insert-only register platform_operator_change (qualification/test_operator_lifecycle.py, PR #72), and email claims rate-limited per window without spending attempts with a qualified STARTTLS/AUTH path (qualification/test_email_readiness.py, PR #69). Local review build 0.32 adds owner-proposed, named-second-consented, independent-operator-reviewed capability extension to an immutable registered monotonic profile. Current authority pins, revoked capabilities, role omissions and expiries remain preserved; nothing applies automatically. Focused actual native checks and real browser decisions are recorded, without hosted or owner acceptance.","An operator creates a requested tenant with an owner invitation and selected policy profile. Activation checks verified owner, recovery contact, region, retention and identity settings. Suspension previews scheduled writes, then pauses them while preserving policy permitted support and exit access.",Reactivation rechecks expired grants and source credentials; it does not replay queued writes automatically. Closure follows the exit workflow and cannot skip holds.,"Suspend tenant A with a running import and a report schedule; accepted rows remain recorded, future writes stop at the cancellation boundary and tenant B continues normally.",apps/api/impact_api/reference_data.py; apps/api/impact_api/operators.py; qualification/test_usable_staging.py; qualification/test_operator_onboarding.py; tools/browser/operators-check.mjs; docs/RELEASE-0.26a.md; apps/api/impact_api/tenant_lifecycle.py; qualification/test_tenant_lifecycle.py; tools/browser/tenant-check.mjs; docs/RELEASE-0.10.md; apps/api/impact_api/access_bootstrap.py; qualification/test_access_bootstrap.py; tools/browser/bootstrap-check.mjs; docs/RELEASE-0.11.md; apps/api/impact_api/recovery_contacts.py; qualification/test_recovery_contacts.py; tools/browser/recovery-check.mjs; docs/RELEASE-0.12.md; apps/api/impact_api/authority_renewal.py; qualification/test_authority_renewal.py; tools/browser/renewal-check.mjs; docs/RELEASE-0.13.md; qualification/test_native_concurrency.py; apps/api/impact_api/worker.py; qualification/test_worker.py; qualification/test_native_worker.py; docs/RELEASE-0.16.md; apps/api/impact_api/delivery_operations.py; qualification/test_delivery_requeue.py; docs/QUALITY-2026-10.md; tools/browser/requeue-check.mjs; docs/evidence/requeue-browser-tests.json; docs/QA-BROWSER-2026-10.md; qualification/test_operator_lifecycle.py; infrastructure/migrations/0029_operator_lifecycle.sql; docs/RELEASE-0.27-operators.md; qualification/test_email_readiness.py; docs/RELEASE-0.27-email.md; apps/api/impact_api/access_upgrade.py; apps/web/src/AccessUpgrade.tsx; infrastructure/migrations/0036_reviewed_ceiling_widening.sql; qualification/test_access_upgrade.py; docs/evidence/sprint-0.32-focused-native-qualification.json; docs/evidence/sprint-0.32-browser-tests.json; docs/RELEASE-0.32-tola-ai-sprint.md,Partial supporting evidence only; full acceptance pending
FR-TEN-002,BR-TEN-002,Organisation structures,P0,R1,PARTIAL,"v0.9 adds versioned custom roles, independently reviewed flat group access, immediate organisation moves with cycle checks, renewal without old-access resurrection, nominated custody transfer, self-service session revocation/preferences and configured ACR enforcement. v0.13 adds reviewed renewal/extension of unexpired delegated authority (owner proposal pinning the exact current ceilings, second-administrator acceptance, independent operator approval, database-owned re-dating of only the pinned rows); expired authority is not renewable and single-administrator tenants are unsupported. Further onboarding acceptance, provider MFA/recovery qualification, action-bound step-up, future-effective organisation impact and full access certification remain open.","An organisation administrator creates a unit with a stable code and optional parent. Moving a unit or project produces a preview of reporting membership, explicit grants and future obligations. Confirming applies the effective dated change and records the old parent.",Reject self parenting and descendant cycles. Existing grants change only through an explicit reviewed access change; historical reports retain their original organisational context.,Move project P from office East to West on 1 July; June retains East and the preview identifies every access grant that would change.,apps/api/impact_api/workspace_administration.py; apps/api/impact_api/account.py; qualification/test_workspace_administration.py; tools/browser/workspace-check.mjs; docs/RELEASE-0.9.md; apps/api/impact_api/authority_renewal.py; qualification/test_authority_renewal.py; tools/browser/renewal-check.mjs; docs/RELEASE-0.13.md,Partial supporting evidence only; full acceptance pending
FR-TEN-003,BR-TEN-003,Multiple memberships,P0,R1,PARTIAL,"Provisioned-identity invitations, membership changes, independent role approval, suspension and revocation are implemented. Federation assurance, recovery, all identity providers and full departure inventory are not qualified.",The tenant selector lists active memberships and their display identities. Opening a second tenant leaves existing tabs bound to their original tenant. Each command carries the originating tenant context and is rejected if the selected resource belongs elsewhere.,Clear tenant scoped recent items and unsent AI context when switching the same tab. Browser back navigation reauthorises the historic page rather than restoring protected cached content.,Hold reviewer rights in A and collector rights in B; approve from an A tab and verify the B tab cannot reuse that permission or source reference.,apps/api/impact_api/administration.py; qualification/test_administration.py; docs/RELEASE-0.2.md,Partial supporting evidence only; full acceptance pending
FR-TEN-004,BR-TEN-004,Configuration and terminology,P1,R1,PENDING,No complete implementation and acceptance evidence mapped. Retain the original acceptance criteria; this requirement remains open.,"A configuration editor proposes labels, code lists, reporting calendar, time zone or unit changes and chooses an effective date. Preview lists dependent schedules and drafts. Approved versions apply prospectively; historical objects retain the version they used.",Display label edits do not change stable codes. A fiscal boundary change requires a new calendar and explicit future obligation regeneration; overlapping official periods are rejected.,Rename an output label and change the next fiscal year start; prior snapshot labels and period membership remain reconstructable.,,Partial supporting evidence only; full acceptance pending
FR-TEN-005,BR-TEN-005,Custom fields and templates,P1,R1,PENDING,No complete implementation and acceptance evidence mapped. Retain the original acceptance criteria; this requirement remains open.,"An administrator selects field type, stable code, permitted object types, required condition, validation and classification. Preview shows form, import, search and report availability. Publishing creates a field definition version; templates reference that version.",A type change with existing values requires an explicit migration mapping or a new field. Retiring removes new entry but preserves historical values and restricted visibility.,Create a restricted decimal field required only for active grants; an authorised import succeeds and an external viewer sees neither value nor search facet.,,Partial supporting evidence only; full acceptance pending
FR-TEN-006,BR-TEN-006,Partner and consortium boundaries,P0,R1,PENDING,No complete implementation and acceptance evidence mapped. Retain the original acceptance criteria; this requirement remains open.,"The programme manager creates a partner agreement naming projects, shared artifacts, allowed actions, purpose, dates and owner. A cross tenant exchange creates an explicit destination copy with source version and agreement reference. Each transfer is recorded in the sharing register.","An agreement grants no tenant membership by itself. Expiry stops new transfer, revokes live access and starts the agreed retained copy restriction or deletion process; external completion is tracked separately.",Share one approved indicator definition with partners X and Y; each sees its own submissions and neither receives the other's completion statistics unless explicitly disclosed.,,Partial supporting evidence only; full acceptance pending
FR-TEN-007,BR-TEN-007,Policy inheritance and exceptions,P0,R1,PENDING,No complete implementation and acceptance evidence mapped. Retain the original acceptance criteria; this requirement remains open.,"A policy editor shows effective tenant and project rules with the source of each restriction. Tightening is applied after impact confirmation. A permitted relaxation opens an exception request specifying scope, reason, compensating control, independent approver and expiry.","Unknown policy or expired exception denies sensitive work. An exception cannot permit cross tenant access, self approval or unsupported arithmetic. Expiry restores the stricter rule and rechecks dependent jobs.",Attempt to enable public raw participant exports under a tenant prohibition; the platform rejects it even if a project administrator owns the dataset.,,Partial supporting evidence only; full acceptance pending
FR-TEN-008,BR-TEN-008,Configuration promotion,P1,R2,PENDING,No complete implementation and acceptance evidence mapped. Retain the original acceptance criteria; this requirement remains open.,"An administrator copies configuration and synthetic fixtures into an isolated test workspace. Promotion compares versions, dependencies and validation results; an eligible reviewer approves the complete package. Production application records the exact promoted versions and affected future objects.",Never copy production credentials or personal records by default. Rollback restores compatible configuration references only; it cannot erase writes made under an intervening version without an explicit migration.,"Promote a new collection rule, then roll it back; sample records never appear in production and accepted production submissions keep their original rule references.",,Partial supporting evidence only; full acceptance pending
FR-TEN-009,BR-TEN-009,Branding and external identity,P1,R2,PENDING,No complete implementation and acceptance evidence mapped. Retain the original acceptance criteria; this requirement remains open.,"The branding editor previews approved logos, accessible colours, tenant name and report styles. An external domain remains pending until verified control and an active renewal or revocation owner are recorded. Publishing the theme changes presentation only.","Uploaded assets pass file safety checks. Branding cannot hide mandatory caveats, approval status or the actual organisation; expired domain verification disables the domain without opening a fallback tenant.",Apply a low contrast colour palette; publication blocks the failing theme while the prior accessible theme continues to serve reports.,,Partial supporting evidence only; full acceptance pending
FR-TEN-010,BR-TEN-010,Ownership continuity,P0,R1,PARTIAL,"v0.9 adds versioned custom roles, independently reviewed flat group access, immediate organisation moves with cycle checks, renewal without old-access resurrection, nominated custody transfer, self-service session revocation/preferences and configured ACR enforcement. v0.13 adds reviewed renewal/extension of unexpired delegated authority (owner proposal pinning the exact current ceilings, second-administrator acceptance, independent operator approval, database-owned re-dating of only the pinned rows); expired authority is not renewable and single-administrator tenants are unsupported. Further onboarding acceptance, provider MFA/recovery qualification, action-bound step-up, future-effective organisation impact and full access certification remain open.","The current owner nominates an active eligible successor, who verifies identity and accepts custody after step up. The system previews commercial and administrative responsibilities and records both actors. Recovery of an unavailable last owner follows a verified case with distinct approval.",Do not remove or suspend the final eligible owner through ordinary member administration without a successor or approved closure path. Transfer does not automatically grant participant identity access.,"Attempt to revoke the sole owner, then complete a two actor transfer; the first action fails and the second preserves a complete custody history.",apps/api/impact_api/workspace_administration.py; apps/api/impact_api/account.py; qualification/test_workspace_administration.py; tools/browser/workspace-check.mjs; docs/RELEASE-0.9.md; apps/api/impact_api/authority_renewal.py; qualification/test_authority_renewal.py; tools/browser/renewal-check.mjs; docs/RELEASE-0.13.md,Partial supporting evidence only; full acceptance pending
FR-IAM-001,BR-IAM-001,Invitations and onboarding,P0,R1,PARTIAL,"Provisioned-identity invitations, membership changes, independent role approval, suspension and revocation are implemented: the inviter chooses tenant, role template, scopes, expiry and the intended verified identity; acceptance requires the nominated verified identity, a valid token and current inviter authority and creates one membership; resend invalidates the earlier link (qualification/test_administration.py). v0.16 adds email delivery of the invitation through the worker (apps/api/impact_api/delivery.py, worker.py; qualification/test_worker.py): creating or resending an invitation records one delivery intent in the same transaction holding no token and no clear address (the address is sealed, the link is re-derived from tenant, invitation and generation when sent); the worker sends the link only while that generation is current, so a resent, revoked, expired or closed invitation's earlier intent becomes SUPERSEDED and is never sent; each intent carries its own delivery state (SENT, retried with backoff, DEAD with an error class such as RECIPIENT_REFUSED or SMTP_PERMANENT_REJECTION), and sending the email creates no membership — acceptance is unchanged. Evidence is on a local SMTP sink and the synthetic sink only. Not covered: bulk invitation outcomes separating created, duplicate, invalid and delivery-failed rows (no bulk invitation exists), the seven-day default expiry as a qualified default, a live email provider with bounces, SPF/DKIM and sending limits, and federation assurance and recovery. v0.26a adds provider accounts created through the control plane (an operator, or a tenant owner for an invited address only): the identity-provider account with verified e-mail and the required actions UPDATE_PASSWORD and CONFIGURE_TOTP, registered as an identity without authority, a one-time password returned once and never stored (qualification/test_operator_onboarding.py, test_usable_staging_unit.py, test_live_idp.py::test_operator_onboarding_through_the_provider_account_operations); the validation text above is still not exercised.","The inviter selects tenant, role template, explicit scopes, expiry and intended verified identity. The preview shows effective capabilities before sending. Acceptance requires control of the nominated identity, token validity and current inviter authority; it creates one membership.","Invites expire in seven days by default. Resend invalidates the old token. Bulk outcomes separate created, duplicate, invalid and delivery failed; receiving email alone does not prove membership activation.",Forward an invitation to a different signed in account and replay a consumed token; both fail without revealing protected tenant content.,apps/api/impact_api/provider_accounts.py; apps/api/impact_api/provider_admin.py; qualification/test_operator_onboarding.py; qualification/test_usable_staging_unit.py; apps/api/impact_api/administration.py; qualification/test_administration.py; docs/RELEASE-0.2.md; apps/api/impact_api/delivery.py; apps/api/impact_api/worker.py; qualification/test_worker.py; docs/RELEASE-0.16.md,Partial supporting evidence only; full acceptance pending
FR-IAM-002,BR-IAM-002,Enterprise federation,P0,R1,PARTIAL,"Provisioned-identity invitations, membership changes, independent role approval, suspension and revocation are implemented. v0.15 qualifies the login binding against a live provider (Keycloak 26.7.4, development mode, in-memory database, qualification/test_live_idp.py: 16 cases on PGlite and 16 on native PostgreSQL 16.13 login roles, 29 September 2026): sign-in binds the provider issuer and stable subject to the fixture identity (the fixture's auth_identity rows are re-pointed to the realm issuer by subject); tokens of another issuer (a second realm of the same provider with the same client and an author user), a tampered signature, a key outside the provider JWKS, an expired token, an ID token presented as a bearer credential (typ check) and provider role claims are refused or confer nothing; a disabled provider account cannot sign in; missing assurance fails safely (a password-only session is refused every fresh-assurance operation). Not covered: an administrator-facing provider configuration, tenant binding and designated-account test mode, certificate or key expiry display and overlapping rotation, provider interruption, emergency local recovery, SAML or any provider other than one Keycloak realm, and a managed or customer-provided provider.","An identity administrator configures provider metadata, tenant binding and subject mapping, then tests with designated accounts before enforcing federation. The product shows certificate expiry and supports a tested overlapping rotation. Login binds issuer and stable subject to the intended tenant membership.","A matching email alone never joins different federation identities. Invalid assertion, wrong audience or missing assurance fails safely. Emergency local recovery remains separately enrolled, restricted and audited.","Enforce federation, expire the old certificate and interrupt the provider; ordinary local passwords cannot become an unreviewed bypass.",apps/api/impact_api/administration.py; qualification/test_administration.py; docs/RELEASE-0.2.md; apps/api/impact_api/auth.py; scripts/idp.py; tools/idp/qualification-realm.json; qualification/test_live_idp.py; docs/evidence/idp-tests.xml; docs/evidence/idp-native-tests.xml; docs/evidence/idp-qualification.json; docs/RELEASE-0.15.md,Partial supporting evidence only; full acceptance pending
FR-IAM-003,BR-IAM-003,Multifactor and passkeys,P0,R1,PARTIAL,"v0.9 adds versioned custom roles, independently reviewed flat group access, immediate organisation moves with cycle checks, renewal without old-access resurrection, nominated custody transfer, self-service session revocation/preferences and configured ACR enforcement. v0.13 adds reviewed renewal/extension of unexpired delegated authority (owner proposal pinning the exact current ceilings, second-administrator acceptance, independent operator approval, database-owned re-dating of only the pinned rows); expired authority is not renewable and single-administrator tenants are unsupported. v0.15 exercises step-up against a live provider: the qualification realm's browser flow is level 1 password and level 2 TOTP with an ACR map, the platform requests urn:impact:acr:mfa with max_age=0, a session at the password level reads normally but is refused every tenant and account fresh-assurance operation, a user without a second factor is sent to TOTP enrolment before any code is issued, and after TOTP a fresh-assurance operation succeeds until 300 s after the provider's own auth_time (FRESH_AUTHENTICATION_REQUIRED at 301 s, emulated by moving the recorded auth_time back) in qualification/test_live_idp.py and the idp-browser check. Not covered: completion of enrolment, passkeys, a challenge bound to the intended action (step-up is per session, not per pending action), blocking removal of the last qualifying factor, SMS exclusion, authenticator synchronisation disclosure and provider-side recovery.",Members enrol a passkey or approved additional factor after verifying the existing identity. Privileged role activation and sensitive actions check enrolled assurance. A step up challenge is bound to the user and intended action and expires after the proposed five minute freshness window.,Removing the last qualifying factor from a privileged account is blocked unless verified recovery replaces it. SMS alone cannot satisfy privileged MFA. Device synchronisation behaviour must be disclosed by the chosen authenticator implementation.,"Attempt public publication after session login but before step up, then complete a valid challenge; only the reviewed pending action becomes eligible.",apps/api/impact_api/workspace_administration.py; apps/api/impact_api/account.py; qualification/test_workspace_administration.py; tools/browser/workspace-check.mjs; docs/RELEASE-0.9.md; apps/api/impact_api/authority_renewal.py; qualification/test_authority_renewal.py; tools/browser/renewal-check.mjs; docs/RELEASE-0.13.md; apps/api/impact_api/auth.py; scripts/idp.py; tools/idp/qualification-realm.json; qualification/test_live_idp.py; docs/evidence/idp-tests.xml; docs/evidence/idp-native-tests.xml; docs/evidence/idp-qualification.json; docs/RELEASE-0.15.md; tools/browser/idp-check.mjs; docs/evidence/idp-browser-tests.json,Partial supporting evidence only; full acceptance pending
FR-IAM-004,BR-IAM-004,Local account security,P0,R1,PENDING,No complete implementation and acceptance evidence mapped. Retain the original acceptance criteria; this requirement remains open.,"Local account setup displays the effective password policy, permits paste and password managers and checks known compromised values. Reset returns a neutral acknowledgement and a short lived single use recovery link. Successful reset revokes prior recovery tokens and sessions according to policy.",Proposed reset expiry is 30 minutes. Never reveal whether a supplied address is registered. Apply bounded retry and abuse controls without exposing password text to telemetry or normal administrators.,Submit the same reset token twice and inspect logs after a failed password attempt; the replay fails and neither password nor token is recoverable from diagnostics.,,Partial supporting evidence only; full acceptance pending
FR-IAM-005,BR-IAM-005,Provisioning and deprovisioning,P1,R2,PENDING,No complete implementation and acceptance evidence mapped. Retain the original acceptance criteria; this requirement remains open.,"A directory connection declares authoritative attributes and groups. Provisioning creates a pending or active membership only within its configured scope. Deactivation removes derived access, revokes sessions and opens ownership reassignment tasks. Reconciliation shows directory and platform differences.",Directory controlled attributes cannot be manually overridden except through a recorded bounded exception. A manual grant can add only separately authorised scope and is removed if policy forbids local supplements.,"Deactivate a directory user while they own a job; within the BRD revocation bound, further access fails and the job is cancelled or explicitly reassigned.",,Partial supporting evidence only; full acceptance pending
FR-IAM-006,BR-IAM-006,Session control,P0,R1,PARTIAL,"v0.9 adds versioned custom roles, independently reviewed flat group access, immediate organisation moves with cycle checks, renewal without old-access resurrection, nominated custody transfer, self-service session revocation/preferences and configured ACR enforcement. v0.13 adds reviewed renewal/extension of unexpired delegated authority (owner proposal pinning the exact current ceilings, second-administrator acceptance, independent operator approval, database-owned re-dating of only the pinned rows); expired authority is not renewable and single-administrator tenants are unsupported. v0.15 adds live-provider logout (qualification/test_live_idp.py, qualification/test_backchannel_logout.py, idp-browser check): POST /auth/logout revokes the server session at once (the old cookie then gets 401) and returns the provider end-session URL with a sealed id_token_hint, after which the provider session is gone (prompt=none returns login_required); a logout after idle or absolute timeout still clears the cookie; a verified back-channel logout token revokes exactly the platform sessions of that provider session and a replayed token is refused. Server authority is therefore invalidated independently of what the browser still shows. Not covered: clearing in-memory client state and cached navigation, browser back and a queued export from a revoked session (no export job exists), shared-device mode, the idle warning that preserves drafts, and bearer access tokens, which remain valid until exp (120 s in the realm) after a provider logout.","Members see session device label, approximate activity, creation and last use without unnecessary location detail. Revoke one or all sessions after verification. Idle and absolute expiry follow FD04; a warning preserves permitted drafts before reauthentication.",Logout clears sensitive in memory state and protected cached navigation. Shared device mode disables persistent unrestricted sessions. Revocation invalidates server authority even if a browser retains a stale screen image.,"Open two sessions, revoke one, then use browser back and a queued export from that session; neither returns protected data.",apps/api/impact_api/workspace_administration.py; apps/api/impact_api/account.py; qualification/test_workspace_administration.py; tools/browser/workspace-check.mjs; docs/RELEASE-0.9.md; apps/api/impact_api/authority_renewal.py; qualification/test_authority_renewal.py; tools/browser/renewal-check.mjs; docs/RELEASE-0.13.md; apps/api/impact_api/auth.py; scripts/idp.py; tools/idp/qualification-realm.json; qualification/test_live_idp.py; docs/evidence/idp-tests.xml; docs/evidence/idp-native-tests.xml; docs/evidence/idp-qualification.json; docs/RELEASE-0.15.md; qualification/test_backchannel_logout.py; tools/browser/idp-check.mjs; docs/evidence/idp-browser-tests.json,Partial supporting evidence only; full acceptance pending
FR-IAM-007,BR-IAM-007,Recovery and identity changes,P0,R1,PENDING,"PENDING. Related v0.16 evidence, recorded so that it is not mistaken for coverage: the nominee of a recovery contact can confirm the registered email address with a single-use eight-digit code (channel-request/channel-confirm; 15-minute expiry, 5 attempts, at most 3 requests per contact per hour; the code is derived, never stored, and only its keyed hash is kept; qualification/test_worker.py). That verifies a channel for contact evidence only; it is not an identity change, a lost-factor recovery or a support path, and no test exercises the validation text (no support reset refusal, no restricted recovery case, no withheld privileges pending verification). Retain the original acceptance criteria; this requirement remains open.","Identity changes require recent step up and verification of the new channel. Notify both permitted old and new contacts without disclosing secrets. Lost factor recovery verifies enrolled recovery evidence, consumes one recovery code and triggers a security notice.",A support agent cannot reset identity based only on a conversation or knowledge questions. Disputed changes enter a restricted recovery case; existing broad privileges are not restored until verification completes.,Use a stolen ordinary session to replace the recovery email; the change is blocked until stronger verification succeeds.,,Partial supporting evidence only; full acceptance pending
FR-IAM-008,BR-IAM-008,Membership status and expiry,P0,R1,PARTIAL,"v0.9 adds versioned custom roles, independently reviewed flat group access, immediate organisation moves with cycle checks, renewal without old-access resurrection, nominated custody transfer, self-service session revocation/preferences and configured ACR enforcement. v0.13 adds reviewed renewal/extension of unexpired delegated authority (owner proposal pinning the exact current ceilings, second-administrator acceptance, independent operator approval, database-owned re-dating of only the pinned rows); expired authority is not renewable and single-administrator tenants are unsupported. Further onboarding acceptance, provider MFA/recovery qualification, action-bound step-up, future-effective organisation impact and full access certification remain open.","Memberships expose active, suspended, expired and revoked states independently in each tenant. A scheduled expiry uses an absolute instant; the member and owner see upcoming expiry. Suspension immediately starts online revocation and identifies pending work without changing historical attribution.","Reactivation requires current grant review and new expiry where relevant. It cannot revive a revoked link, old service secret or independently expired delegation. Membership expiry is not account deletion.",Expire a reviewer in tenant A while retaining tenant B membership; A approvals fail and B authorised work continues.,apps/api/impact_api/workspace_administration.py; apps/api/impact_api/account.py; qualification/test_workspace_administration.py; tools/browser/workspace-check.mjs; docs/RELEASE-0.9.md; apps/api/impact_api/authority_renewal.py; qualification/test_authority_renewal.py; tools/browser/renewal-check.mjs; docs/RELEASE-0.13.md,Partial supporting evidence only; full acceptance pending
FR-IAM-009,BR-IAM-009,Delegated user administration,P0,R1,PARTIAL,"Provisioned-identity invitations, membership changes, independent role approval, suspension and revocation are implemented. v0.13 adds reviewed renewal/extension of unexpired delegated authority within the existing ceilings: owner proposal, second-administrator consent and independent operator approval, with no capability widening and no resurrection of revoked grants. v0.15 (#19) narrows what is delegable to capabilities of the 138 implemented operations (84 capabilities): a custom role naming a design-only capability is refused with CAPABILITY_NOT_DELEGABLE at create and at revise even when the creator holds a delegation ceiling for it (test_workspace_administration.py::test_custom_roles_delegate_only_implemented_capabilities), and the orphan create_organisation_units policy row is gone. Custom roles created before v0.15 are not re-checked. Federation assurance, recovery, all identity providers, renewal of expired authority, administrator replacement and full departure inventory are not qualified. Local review build 0.32 adds reviewed capability widening from the last applied registered profile. Only newly introduced deltas enter current managed roles and ceilings; removed capabilities, retired roles and expiry dates are not restored. Current scoped authority precedes receipt replay. Full identity lifecycle and the original acceptance criteria remain open.",A delegated administrator can invite or modify members only within their delegation envelope. Grant preview computes the effective capability difference and flags sensitive expansion for independent approval. Approval rechecks the issuer's current delegation authority.,"An administrator cannot delegate a right they merely possess if it is not delegable. Self elevation, granting a role through a new group and scope expansion through an import use identical checks.",A project administrator creates a group and attempts to add tenant administration through it; the indirect escalation fails.,apps/api/impact_api/administration.py; qualification/test_administration.py; docs/RELEASE-0.2.md; apps/api/impact_api/authority_renewal.py; qualification/test_authority_renewal.py; tools/browser/renewal-check.mjs; docs/RELEASE-0.13.md; apps/api/impact_api/contracts.py; apps/api/impact_api/workspace_administration.py; qualification/test_workspace_administration.py; docs/RELEASE-0.15.md; apps/api/impact_api/access_upgrade.py; qualification/test_access_upgrade.py; qualification/test_access_upgrade_unit.py; infrastructure/migrations/0036_reviewed_ceiling_widening.sql; docs/evidence/sprint-0.32-focused-native-tests.xml; docs/RELEASE-0.32-tola-ai-sprint.md,Partial supporting evidence only; full acceptance pending
FR-IAM-010,BR-IAM-010,Group management,P1,R1,PARTIAL,"v0.9 adds versioned custom roles, independently reviewed flat group access, immediate organisation moves with cycle checks, renewal without old-access resurrection, nominated custody transfer, self-service session revocation/preferences and configured ACR enforcement. v0.13 adds reviewed renewal/extension of unexpired delegated authority (owner proposal pinning the exact current ceilings, second-administrator acceptance, independent operator approval, database-owned re-dating of only the pinned rows); expired authority is not renewable and single-administrator tenants are unsupported. Further onboarding acceptance, provider MFA/recovery qualification, action-bound step-up, future-effective organisation impact and full access certification remain open.","Group editors maintain members and scoped grants with effective dates and ownership. Effective permission inspection expands all valid grant paths. R1 uses flat groups; R2 may enable nested groups only after cycle detection, visible ancestry and identical revocation behaviour are qualified.",Removing membership invalidates each derived permission. Group deletion retires future grants but retains audit history. Explicit restrictive policies still override group permissions.,"Remove an analyst from a reporting group; existing report links, AI citations and scheduled exports are denied within the defined bound.",apps/api/impact_api/workspace_administration.py; apps/api/impact_api/account.py; qualification/test_workspace_administration.py; tools/browser/workspace-check.mjs; docs/RELEASE-0.9.md; apps/api/impact_api/authority_renewal.py; qualification/test_authority_renewal.py; tools/browser/renewal-check.mjs; docs/RELEASE-0.13.md,Partial supporting evidence only; full acceptance pending
FR-IAM-011,BR-IAM-011,Access certification,P1,R2,PENDING,No complete implementation and acceptance evidence mapped. Retain the original acceptance criteria; this requirement remains open.,"An owner starts an access review for selected scopes and a snapshot date. Reviewers see subject, source of grant, sensitive capabilities, expiry, owner and last relevant activity. Each grant is retained, narrowed or revoked with reason; unreviewed grants remain flagged overdue.","Review access reveals entitlement metadata only, not protected record content. Execution rechecks the current grant revision so a stale review cannot revoke an unrelated replacement grant.",Review a service identity whose owner has left; assign a new owner or revoke it and retain the review decision and execution receipt.,,Partial supporting evidence only; full acceptance pending
FR-IAM-012,BR-IAM-012,Service identities,P0,R1,PENDING,No complete implementation and acceptance evidence mapped. Retain the original acceptance criteria; this requirement remains open.,"A service owner creates a machine identity with purpose, allowed resources, operations and expiry. A secret is shown once at issue and later only as a safe reference. Rotation permits a bounded overlap, after which the previous credential is revoked.",No ordinary login or human approval using a service identity. Owner departure flags the credential for reassignment or suspension. Credentials cannot broaden the scope of the owning integration.,Rotate during a retried connector run; one intended row effect is recorded and the expired secret fails on its next request.,,Partial supporting evidence only; full acceptance pending
FR-IAM-013,BR-IAM-013,User profile and preferences,P1,R1,PARTIAL,"v0.9 adds versioned custom roles, independently reviewed flat group access, immediate organisation moves with cycle checks, renewal without old-access resurrection, nominated custody transfer, self-service session revocation/preferences and configured ACR enforcement. v0.13 adds reviewed renewal/extension of unexpired delegated authority (owner proposal pinning the exact current ceilings, second-administrator acceptance, independent operator approval, database-owned re-dating of only the pinned rows); expired authority is not renewable and single-administrator tenants are unsupported. Further onboarding acceptance, provider MFA/recovery qualification, action-bound step-up, future-effective organisation impact and full access certification remain open.","The profile screen permits display name, interface language, reporting preferences, time zone and accessibility choices. Directory controlled fields are read only with a source label. A change previews date and number display without changing stored values.",Immutable identity and audit attribution never depend on display name. Preferences cannot suppress mandatory security notices or override an organisation reporting calendar.,Change the display name and zone after an approval; the approval still resolves to the same actor and original absolute timestamp.,apps/api/impact_api/workspace_administration.py; apps/api/impact_api/account.py; qualification/test_workspace_administration.py; tools/browser/workspace-check.mjs; docs/RELEASE-0.9.md; apps/api/impact_api/authority_renewal.py; qualification/test_authority_renewal.py; tools/browser/renewal-check.mjs; docs/RELEASE-0.13.md,Partial supporting evidence only; full acceptance pending
FR-IAM-014,BR-IAM-014,Departure and work reassignment,P0,R1,PARTIAL,"Provisioned-identity invitations, membership changes, independent role approval, suspension and revocation are implemented. Federation assurance, recovery, all identity providers and full departure inventory are not qualified.","The offboarding wizard first revokes access, then lists owned sources, schedules, drafts, credentials and approval tasks for an authorised successor. Each item is reassigned, cancelled or held with an owner; export and delivery jobs reauthorise before any sensitive action.",Reassignment is not impersonation and never transfers the departed person's approval decision. Work cannot continue under an orphaned human session. Content visibility follows the successor's explicit grants.,Remove a report schedule owner with an export in progress; the system preserves receipts but prevents unapproved delivery and records the successor decision.,apps/api/impact_api/administration.py; qualification/test_administration.py; docs/RELEASE-0.2.md,Partial supporting evidence only; full acceptance pending
FR-ACC-001,BR-ACC-001,Deny by default,P0,R1,PARTIAL,"Implemented routes enforce explicit grants, tenant fences, natural-person independence, revisions and retry receipts. Native concurrency evidence is limited to the raced approvals, operation replays, close reviews and renewal-versus-revocation cases of qualification/test_native_concurrency.py (v0.14); every future module, audit tamper evidence and production assurance remain open.","The authorisation layer evaluates every resource and related reference before reading or writing. A client supplied tenant or object ID is a selector, never proof of access. Batch requests check each item and expose only permitted item outcomes.",For protected unknown IDs use RESOURCE_UNAVAILABLE without record names or counts. Failure to resolve policy denies the action rather than using a cached broad role.,Replace a participant ID with one from another tenant in a valid form submission; reject the reference and record no cross tenant relationship.,apps/api/impact_api/store.py; apps/api/impact_api/auth.py; qualification/test_live_application.py,Partial supporting evidence only; full acceptance pending
FR-ACC-002,BR-ACC-002,Fine grained scope,P0,R1,PARTIAL,"v0.9 adds versioned custom roles, independently reviewed flat group access, immediate organisation moves with cycle checks, renewal without old-access resurrection, nominated custody transfer, self-service session revocation/preferences and configured ACR enforcement. v0.13 adds reviewed renewal/extension of unexpired delegated authority (owner proposal pinning the exact current ceilings, second-administrator acceptance, independent operator approval, database-owned re-dating of only the pinned rows); expired authority is not renewable and single-administrator tenants are unsupported. Further onboarding acceptance, provider MFA/recovery qualification, action-bound step-up, future-effective organisation impact and full access certification remain open.","A grant editor selects action, project or partner scope, record condition and permitted field categories separately. Record reads apply row and field policy before filters, sorting, aggregation or export. Writing a hidden field is denied even when the row is editable.","A field omitted because of access is not interpreted as a request to clear it. Sensitive view, download, approval and publication are independent from ordinary read.",Grant a reviewer access to one candidate and necessary evidence; attempts to edit the source or export the registry fail.,apps/api/impact_api/workspace_administration.py; apps/api/impact_api/account.py; qualification/test_workspace_administration.py; tools/browser/workspace-check.mjs; docs/RELEASE-0.9.md; apps/api/impact_api/authority_renewal.py; qualification/test_authority_renewal.py; tools/browser/renewal-check.mjs; docs/RELEASE-0.13.md,Partial supporting evidence only; full acceptance pending
FR-ACC-003,BR-ACC-003,Effective permissions,P0,R1,PARTIAL,"Provisioned-identity invitations, membership changes, independent role approval, suspension and revocation are implemented. Federation assurance, recovery, all identity providers and full departure inventory are not qualified.","Effective access inspection shows each permitted grant path, restrictions and missing assurance for a selected action. A normal user sees only explanations about their own permitted context; an authorised administrator may simulate subjects within their administration scope.",Do not expose names of hidden projects or sensitive field values while explaining denial. Explicit restriction wins across conflicting roles.,Give a person both analyst and partner templates; a restriction on another partner's rows remains effective and the explanation identifies the scope rule safely.,apps/api/impact_api/administration.py; qualification/test_administration.py; docs/RELEASE-0.2.md,Partial supporting evidence only; full acceptance pending
FR-ACC-004,BR-ACC-004,Separation of duties,P0,R1,PARTIAL,"Implemented routes enforce explicit grants, tenant fences, natural-person independence, revisions and retry receipts. Native concurrency evidence is limited to the raced approvals, operation replays, close reviews and renewal-versus-revocation cases of qualification/test_native_concurrency.py (v0.14); every future module, audit tamper evidence and production assurance remain open.","Before accepting approval, calculate the candidate's author set, verified identity aliases, delegated authorisation and current reviewer assignment. Reject overlap between reviewer and material authors. Emergency exceptions require a separately approved policy and cannot silently count self approval as independent.","A role switch, group change, delegated task or service identity does not create independence. Editing the candidate returns it to draft and invalidates old candidate decisions.",The author becomes a reviewer through a second group and attempts approval; the system still requires a different eligible person.,apps/api/impact_api/store.py; apps/api/impact_api/auth.py; qualification/test_live_application.py,Partial supporting evidence only; full acceptance pending
FR-ACC-005,BR-ACC-005,Permission safe derivation,P0,R1,PARTIAL,"Implemented routes enforce explicit grants, tenant fences, natural-person independence, revisions and retry receipts. Native concurrency evidence is limited to the raced approvals, operation replays, close reviews and renewal-versus-revocation cases of qualification/test_native_concurrency.py (v0.14); every future module, audit tamper evidence and production assurance remain open.","Private derivatives record source restriction dependencies. Reading a dashboard, search result, saved analysis or AI answer rechecks those dependencies. An approved public aggregate uses a separate disclosure artifact with fixed approved content and no private drill down.",Combining one public and one restricted source does not make the result public. Copying content creates a new governed object and preserves restrictions until disclosure review.,Copy a restricted dashboard to a partner workspace; its restricted metric remains unavailable until a valid substitute or disclosure is approved.,apps/api/impact_api/store.py; apps/api/impact_api/auth.py; qualification/test_live_application.py,Partial supporting evidence only; full acceptance pending
FR-ACC-006,BR-ACC-006,External access lifecycle,P0,R1,PARTIAL,"Provisioned-identity invitations, membership changes, independent role approval, suspension and revocation are implemented. Federation assurance, recovery, all identity providers and full departure inventory are not qualified.","A share action requires artifact version, audience, permitted actions, owner, reason and expiry. Preview uses the intended recipient's effective view. Authenticated external access is the default; public links are limited to approved public artifacts.",Link possession does not authorise sensitive data. Changing classification revokes or revalidates existing disclosures. Expired links show unavailable without an artifact preview.,Issue a seven day report link and revoke it after one day; old URLs and generated download references cease serving the artifact.,apps/api/impact_api/administration.py; qualification/test_administration.py; docs/RELEASE-0.2.md,Partial supporting evidence only; full acceptance pending
FR-ACC-007,BR-ACC-007,Export and bulk access,P0,R1,PENDING,No complete implementation and acceptance evidence mapped. Retain the original acceptance criteria; this requirement remains open.,"Export preview lists selected fields, filters, classification, row estimate and intended format. Authorisation is checked when requested, when execution starts, when sensitive output is generated and when the result is downloaded. The receipt identifies the export owner and expiry.",Generated download access is authenticated or otherwise bound to a current approved disclosure. A link cannot outlive the policy grant by relying on an old signature alone.,"Generate an export, revoke its requester before download and attempt retrieval from the original URL; no bytes are served after the revocation bound.",,Partial supporting evidence only; full acceptance pending
FR-ACC-008,BR-ACC-008,Privileged support access,P0,R1,PENDING,"PENDING. Not touched by v0.16 although the delivery plan listed it for that increment: no support case, elevation grant, support session or tenant-ended access exists. The v0.16 worker runs on its own login and writes reminder notices as a per-tenant SERVICE principal without identity, membership or grant; that is not support access. Retain the original acceptance criteria; this requirement remains open.","Support access begins with a case tied to tenant consent policy, requested objects, purpose and duration. The operator uses their real identity and an active elevation grant; every sensitive read and mutation is attributable. The tenant may end access immediately.",No hidden impersonation or universal support account. Excluded operations remain blocked. Download rights and participant identity access require explicit additional scope.,Approve a support session for one failed import and attempt owner transfer; the diagnostic read succeeds and transfer is denied.,,Partial supporting evidence only; full acceptance pending
FR-ACC-009,BR-ACC-009,Privacy preserving aggregates,P0,R1,PENDING,No complete implementation and acceptance evidence mapped. Retain the original acceptance criteria; this requirement remains open.,"The disclosure reviewer selects minimum cell threshold, complementary suppression and allowed fixed slices. Preview tests totals, cross tables and filter combinations for reconstruction. Public APIs and downloads return the same suppressed representation without hidden raw values.","Default threshold five is a minimum rule, not a guarantee. If complementary suppression or differencing cannot be bounded, withhold the affected slice or expose only a reviewed fixed artifact.",Publish groups of two and eight with a total of ten; do not expose the eight and ten combination if it reveals the suppressed two.,,Partial supporting evidence only; full acceptance pending
FR-ACC-010,BR-ACC-010,Partner limited collaboration,P0,R1,PENDING,No complete implementation and acceptance evidence mapped. Retain the original acceptance criteria; this requirement remains open.,"Partner assignment binds a partner organisation to specified obligations and shared artifacts. All lists, comments, mentions, lookup suggestions, task counts and previews apply that scope. Funder access uses separately approved result views.",A partner's author identity does not grant access to another partner's contributor record. Shared summary status may be disclosed only through an approved definition.,"Search another partner's participant name and request its guessed report URL; neither leaks existence, snippet or count.",,Partial supporting evidence only; full acceptance pending
FR-ACC-011,BR-ACC-011,Access changes and existing artifacts,P0,R1,PARTIAL,"Implemented routes enforce explicit grants, tenant fences, natural-person independence, revisions and retry receipts. Native concurrency evidence is limited to the raced approvals, operation replays, close reviews and renewal-versus-revocation cases of qualification/test_native_concurrency.py (v0.14); every future module, audit tamper evidence and production assurance remain open.","A grant change creates a revocation event covering active sessions, cached reads, queued jobs, generated artifacts and AI dependencies. New sensitive actions evaluate current policy immediately; online presentation converges within the 60 second bound.","Previously downloaded copies are reported as external disclosures, not remotely erased. Restriction of a source can withhold a prior conversation segment or artifact under platform control.",Remove source access after an AI answer was saved; reopening the conversation does not reveal the revoked source text through its summary.,apps/api/impact_api/store.py; apps/api/impact_api/auth.py; qualification/test_live_application.py,Partial supporting evidence only; full acceptance pending
FR-ACC-012,BR-ACC-012,Administrative review and simulation,P1,R2,PARTIAL,"Provisioned-identity invitations, membership changes, independent role approval, suspension and revocation are implemented. Federation assurance, recovery, all identity providers and full departure inventory are not qualified.","An administrator drafts an access change and chooses representative subjects. The preview calculates gained and lost capabilities, affected restricted classes, links and schedules. Sensitive expansion requires a second eligible reviewer and a current policy comparison at execution.",Simulation is read only. It cannot reveal data beyond the administrator's review scope; use counts or redacted scope labels only when permitted.,"Expand a group to a new programme, inspect the candidate access difference and then change the group's membership; execution requires a fresh preview.",apps/api/impact_api/administration.py; qualification/test_administration.py; docs/RELEASE-0.2.md,Partial supporting evidence only; full acceptance pending
FR-PLN-001,BR-PLN-001,Results hierarchy,P0,R1,PARTIAL,"v0.18 implements typed framework nodes (IMPACT, OUTCOME, OUTPUT, ACTIVITY) with stable node identities, title, description, owner and indicator placement in one governed framework per programme, edited in a table with a hierarchy tree (apps/web/src/Planning.tsx). Validation exercised by executed tests (qualification/test_planning.py::test_hierarchy_structure_is_refused, test_unmeasured_output_blocks_submission_until_documented_exception, test_planning_unit.py::test_structure_rules): containment cycles, including a node containing itself, orphaned parent references and deletion of a node that places indicators in the approved baseline (NODE_REFERENCED) are rejected on every save, as are level inversions and indicators placed twice or from another programme; renaming an output in a draft keeps its node identity and indicator placement (test_framework_draft_review_baseline_and_child_version). Not covered: a relationship (graph) view editing the same identities, relationship links and numeric aggregation links as distinct objects (theory-of-change relationships are accepted only empty and assumption or input nodes are refused), activity-to-output links beyond containment, and the graph half of the acceptance scenario.","The planner creates typed framework nodes in a table or relationship view. Both views edit the same stable node identities and version. Required node title, description, owner and intended result level are validated before review; activities may link to output nodes.","Reject cycles in containment, orphaned parent references and deletion of a referenced approved node. Relationship links and numeric aggregation links are distinct objects.",Rename one output in the table and verify the graph and indicator bindings update within the same draft without creating a duplicate node.,apps/api/impact_api/planning.py; apps/api/impact_api/planning_contracts.py; qualification/test_planning.py; qualification/test_planning_unit.py; apps/web/src/Planning.tsx; tools/browser/planning-check.mjs; docs/evidence/native-application-tests.xml; docs/evidence/planning-browser-tests.json; docs/evidence/application-tests.xml; docs/RELEASE-0.18.md; apps/api/impact_api/logframe.py; qualification/test_logframe.py; docs/RELEASE-0.29-logframe-reuse.md,Partial supporting evidence only; full acceptance pending; Proposed local v0.29 approved structure export adds bounded related evidence; no status promotion or acceptance; native/browser/hosted CI pending.
FR-PLN-002,BR-PLN-002,Theory of change relationships,P1,R2,PARTIAL,"Build 0.27.0 (v0.27 planning slice, PR #70): a framework revision carries typed, directed relationships between two of its own nodes (CONTRIBUTES_TO, DEPENDS_ON) with a required rationale, evidence strength, the assumptions they rest on and optional external context; every save refuses a duplicate identity or link, a self-link, an endpoint outside the framework, a contribution from a higher to a lower level and a causal cycle within one level, while alternative pathways are allowed; relationships are reviewed and frozen with the revision in framework_baseline and never create a numeric sum (two outcomes contributing to one impact leave the parent uncalculated). Executed: qualification/test_planning.py::test_theory_of_change_relationships_and_assumptions, qualification/test_planning_unit.py::test_relationship_rules. Open: cross-programme links and a separately shared summary endpoint, a graph editor, the design's ASSUMES type.","The theory of change editor adds directed contribution links with rationale, assumptions, evidence strength and optional external context. Cross programme links require permission to both endpoints or a separately shared summary endpoint.","Alternative causal pathways are allowed; a containment cycle is not. Adding a theory relationship never creates a numeric sum, deduplication rule or causal proof.",Link two outcomes to one impact and inspect the parent result; it remains uncalculated until an explicit approved numeric rule exists.,apps/api/impact_api/planning.py; apps/api/impact_api/planning_contracts.py; apps/web/src/Planning.tsx; infrastructure/migrations/0031_theory_of_change.sql; qualification/test_planning.py; qualification/test_planning_unit.py; docs/RELEASE-0.27-planning.md; docs/RELEASE-0.27.md,Partial supporting evidence only; full acceptance pending
FR-PLN-003,BR-PLN-003,Framework baselines,P0,R1,PARTIAL,"v0.18 submits a framework with its completeness report, shows the reviewer the candidate with that report and, for a child draft, the superseded revision and a comparison (nodes added, removed, changed); approval by an independent natural person freezes a baseline version in the insert-only framework_baseline register, and a later change is a child draft with an effective date that supersedes exactly one approved revision (test_framework_draft_review_baseline_and_child_version, test_second_framework_child_is_refused_after_the_first_is_approved, test_native_planning_registers_are_fenced_and_insert_only). Validation exercised: a period close pins the governing framework revision (the latest baseline effective before the period ends) into the snapshot, and a later approved revision does not re-place the locked period (test_close_pins_governing_framework_revision); the first baseline keeps its approved wording after a July revision. Not covered: the review listing impacted targets, activities, templates and obligations; regeneration of an earlier report against its original hierarchy and language (reports do not bind a framework); deletion of an obsolete draft (no delete operation exists).","Submit a framework candidate with its completeness report and change comparison. Review shows impacted indicators, targets, activities, templates and obligations. Approval freezes a baseline version; subsequent changes start a child draft with effective date.",A previously approved reporting snapshot references its original baseline. Deleting an obsolete draft does not delete approved history or source citations.,Revise an outcome in July and regenerate the March report; March retains its approved hierarchy and language.,apps/api/impact_api/planning.py; apps/api/impact_api/planning_contracts.py; qualification/test_planning.py; qualification/test_planning_unit.py; apps/api/impact_api/period_governance.py; docs/evidence/native-application-tests.xml; docs/evidence/application-tests.xml; docs/RELEASE-0.18.md,Partial supporting evidence only; full acceptance pending
FR-PLN-004,BR-PLN-004,Reusable libraries,P1,R1,PENDING,No complete implementation and acceptance evidence mapped. Retain the original acceptance criteria; this requirement remains open.,"A library curator publishes a version with applicability, owner, review date and permitted override fields. Instantiation selects a pinned copy or a managed update relationship. Update notices show semantic differences and affected local changes before adoption.",Even managed instances do not update approved definitions automatically. A project may reject an update with a recorded reason; library retirement prevents new use without invalidating old reports.,Update a template denominator and confirm two consuming projects remain on their existing versions until each adopts a reviewed revision.,,Partial supporting evidence only; full acceptance pending
FR-PLN-005,BR-PLN-005,Standard mappings,P1,R2,PENDING,No complete implementation and acceptance evidence mapped. Retain the original acceptance criteria; this requirement remains open.,"A mapping editor links local nodes or indicators to a versioned external standard using a relation type such as related to, contributes to or equivalent by reviewed definition. It records rationale and reviewer.","Many to many mappings organise reporting only. They do not imply mathematical equivalence, unit conversion or additive attribution. An unavailable standard version remains a historical reference.",Map one local measure to two SDG entries and verify the organisational unique result is still counted once.,,Partial supporting evidence only; full acceptance pending
FR-PLN-006,BR-PLN-006,Measurement plan,P0,R1,PARTIAL,"Manual FLOW measures, independently approved definitions/plans, reviewed obligation exceptions, eligible assignments, reference selection and programme readiness are implemented. Historical expected, required and excepted counts are preserved. Rich planning, reference administration, automated schedules and the other measurement profiles remain open.","The measurement plan matrix requires source mode, method, collection owner, reviewer, calendar, coverage and evidence rule for each active indicator. Activation runs completeness checks and creates assigned remediation items for gaps.",Collector and reviewer must be eligible and independent where required. A missing source binding cannot be replaced by a default zero series.,Attempt activation with an unassigned reviewer and missing denominator method; show both exact fields and prevent Ready to Active until resolved.,apps/api/impact_api/measurement.py; qualification/test_work_center.py; docs/RELEASE-0.7.md,Partial supporting evidence only; full acceptance pending
FR-PLN-007,BR-PLN-007,Assumptions and context,P1,R1,PARTIAL,"Build 0.27.0 (PR #70): assumption, risk and context records linked to framework nodes with expected condition, evidence, owner, review date and status; who assessed the status and when are server-stamped on change and kept otherwise; an INVALID assumption raises an exceptable completeness warning on each conditioned node, blocking submission until a reviewed exception, while the approved baseline keeps its earlier assessment and recorded actuals are unchanged; after approval the targets-versus-actuals rows of affected indicators carry assumption_flags. Executed: qualification/test_planning.py::test_theory_of_change_relationships_and_assumptions, qualification/test_planning_unit.py::test_assumption_rules. Open: review task generation, a per-assumption history read and status-change notices.","Managers create assumptions and context records linked to nodes, with expected condition, evidence, owner, review date and status. Marking an assumption invalid generates a review task and highlights affected planning views.","An assumption status changes interpretation, not recorded actuals. Changes to a past assumption retain the previous assessment and effective date.",Invalidate a funding assumption after a baseline was approved; the linked outcome is flagged and historical results remain unchanged.,apps/api/impact_api/planning.py; apps/web/src/Planning.tsx; infrastructure/migrations/0031_theory_of_change.sql; qualification/test_planning.py; qualification/test_planning_unit.py; docs/RELEASE-0.27-planning.md,Partial supporting evidence only; full acceptance pending
FR-PLN-008,BR-PLN-008,Planning scenarios,P2,R3,PENDING,No complete implementation and acceptance evidence mapped. Retain the original acceptance criteria; this requirement remains open.,"A scenario starts from a pinned programme baseline and records altered targets, budgets, timing and assumptions. Comparison shows differences and calculated projections separately from approved actuals. Adoption creates ordinary amendment proposals for each governed object.","No direct promote operation can bypass target, budget or framework approval. Abandoned scenarios remain labelled and are excluded from official portfolio views.",Compare two funding scenarios and adopt one; the original targets remain official until all required amendment decisions complete.,,Partial supporting evidence only; full acceptance pending
FR-PLN-009,BR-PLN-009,Document assisted setup,P1,R1,PENDING,No complete implementation and acceptance evidence mapped. Retain the original acceptance criteria; this requirement remains open.,"Setup offers manual, library and document assisted paths into the same draft entities. Extraction presents source location, proposed field, ambiguity and inference label. The user accepts or edits selected values and sees unresolved fields before submission.","Missing dates, populations or commitments stay missing. AI inferred relationships are not source facts; material additions require normal review. No source text can execute a product command.",Process a proposal containing two different end dates; setup shows both references and cannot activate until the owner resolves the conflict.,,Partial supporting evidence only; full acceptance pending
FR-PLN-010,BR-PLN-010,Framework completeness review,P0,R1,PARTIAL,"v0.18 implements a completeness view listing orphan nodes, unmeasured impact/outcome/output nodes, missing owners and incomplete nodes, and programme indicators not placed on any node, each with severity, rule, object and assigned resolver. Validation and acceptance exercised (test_unmeasured_output_blocks_submission_until_documented_exception, test_exception_authorship_and_review_date): structural invalidity is refused on save and can never be excepted, an exception that matches no current warning becomes an error, submission of a framework with an unmeasured output stays blocked (FRAMEWORK_INCOMPLETE) with an assigned resolver until a documented exception with a reason and a review date not in the past is recorded, the server stamps who recorded it, and the accepted exceptions remain visible in the approved baseline revision; the independent approver of that revision is recorded in the register. Not covered: invalid sources, unreviewed assumptions and conflicting reporting obligations (no such checks), unsupported official arithmetic as a completeness rule, and acceptance by a separately named authority per exception (the approver of the revision is the authority; no per-exception acceptance record exists).","The completeness view checks orphan nodes, unmeasured outcomes, missing owners, invalid sources, unreviewed assumptions and conflicting reporting obligations. Each issue has severity, object, rule and assigned resolver. Eligible exceptions require reason and review date.",Structural invalidity and unsupported official arithmetic cannot be excepted. A warning can be accepted only by the named authority and remains visible in baseline evidence.,Submit a framework with an unmeasured output; approval either includes a permitted documented exception or remains blocked with an assigned action.,apps/api/impact_api/planning.py; apps/api/impact_api/planning_contracts.py; qualification/test_planning.py; qualification/test_planning_unit.py; tools/browser/planning-check.mjs; docs/evidence/planning-browser-tests.json; docs/evidence/application-tests.xml; docs/RELEASE-0.18.md,Partial supporting evidence only; full acceptance pending
FR-PRG-001,BR-PRG-001,Programme and project registry,P0,R1,PARTIAL,"Manual FLOW measures, independently approved definitions/plans, reviewed obligation exceptions, eligible assignments, reference selection and programme readiness are implemented. Historical expected, required and excepted counts are preserved. Rich planning, reference administration, automated schedules and the other measurement profiles remain open.","Programme creation validates a tenant unique code, title, dates, owner, geography and reporting calendar. Users add portfolio memberships with effective dates. Registry filters apply access before counts and allow archive or reopen only through lifecycle actions.",A project may appear in several views without duplicating its underlying identity. Archived projects remain searchable to authorised auditors but cannot receive ordinary new submissions.,Create project P in two thematic portfolios and confirm the organisation registry contains one project identity and two memberships.,apps/api/impact_api/measurement.py; qualification/test_work_center.py; docs/RELEASE-0.7.md,Partial supporting evidence only; full acceptance pending
FR-PRG-002,BR-PRG-002,Activities and milestones,P1,R1,PENDING,No complete implementation and acceptance evidence mapped. Retain the original acceptance criteria; this requirement remains open.,"Managers define activities with assignee, start, due date, predecessor links, milestone evidence and framework reference. Completion requires the declared deliverable evidence or an authorised exception; blocked and cancelled are explicit states.",Reject dependency cycles and due dates before start. A predecessor delay flags downstream risk but never automatically changes official outcome actuals or approved programme dates.,"Delay activity A, which precedes B; B shows dependency risk, its approved due date is retained and no indicator achievement is invented.",,Partial supporting evidence only; full acceptance pending
FR-PRG-003,BR-PRG-003,Workplans and calendars,P1,R1,PENDING,No complete implementation and acceptance evidence mapped. Retain the original acceptance criteria; this requirement remains open.,The calendar renders programme and reporting tasks in the viewer's zone with the governing deadline zone available. Recurrence creates stable obligation instances using the working calendar. Reschedule preview lists future tasks and affected recipients.,Locked period deadlines remain immutable history. Daylight saving changes resolve to one declared instant; duplicate task creation is prevented by obligation identity.,"Move programme end by one month and confirm only eligible future tasks shift, while a locked quarterly deadline stays unchanged.",,Partial supporting evidence only; full acceptance pending
FR-PRG-004,BR-PRG-004,Risks issues and dependencies,P1,R1,PENDING,No complete implementation and acceptance evidence mapped. Retain the original acceptance criteria; this requirement remains open.,"A risk record captures category, likelihood, impact, score rule, owner, mitigation and review date. An issue records an observed problem and evidence. Automated detections enter suggested state until a manager validates them.","Risk score is calculated from an explicit configured matrix, not AI certainty. Closing needs resolution evidence and does not remove earlier escalation events.",Create a high impact issue past its due date; escalation identifies the responsible manager and linked obligations without exposing restricted evidence in email.,,Partial supporting evidence only; full acceptance pending
FR-PRG-005,BR-PRG-005,Geography and sites,P1,R1,PARTIAL,"Manual FLOW measures, independently approved definitions/plans, reviewed obligation exceptions, eligible assignments, reference selection and programme readiness are implemented. Historical expected, required and excepted counts are preserved. Rich planning, reference administration, automated schedules and the other measurement profiles remain open.",A geography editor imports or selects a versioned hierarchy and optional permitted coordinates. Project and observation bindings record boundary version and effective date. Maps use the disclosure level allowed for the viewer.,Changing boundaries never rewrites old observation codes. Exact coordinates require separate permission; generalisation uses a documented mapping rather than arbitrary jitter presented as an exact location.,Split a district into two new districts and reproduce a report on the old boundary while future data uses the new codes.,apps/api/impact_api/measurement.py; qualification/test_work_center.py; docs/RELEASE-0.7.md,Partial supporting evidence only; full acceptance pending
FR-PRG-006,BR-PRG-006,Partner responsibilities,P0,R1,PARTIAL,"Manual FLOW measures, independently approved definitions/plans, reviewed obligation exceptions, eligible assignments, reference selection and programme readiness are implemented. Historical expected, required and excepted counts are preserved. Rich planning, reference administration, automated schedules and the other measurement profiles remain open.","A manager assigns a partner to collection, activity or reporting responsibility with dates, acceptance and explicit scope. The partner accepts or requests correction. Transfer preview lists open tasks, historic submissions and new access needs.",New responsibility does not confer access to unrelated historical participant records. Existing approved submissions remain attributed to the original contributor.,Transfer next quarter's reporting from X to Y; X's approved quarter stays intact and Y sees only the assignments and evidence needed for future work.,apps/api/impact_api/measurement.py; qualification/test_work_center.py; docs/RELEASE-0.7.md,Partial supporting evidence only; full acceptance pending
FR-PRG-007,BR-PRG-007,Programme change control,P1,R1,PARTIAL,"Manual FLOW measures, independently approved definitions/plans, reviewed obligation exceptions, eligible assignments, reference selection and programme readiness are implemented. Historical expected, required and excepted counts are preserved. Rich planning, reference administration, automated schedules and the other measurement profiles remain open.","A programme amendment contains proposed changes, reason, effective date and impact on targets, activities, budgets and obligations. Reviewers approve an exact amendment package; application creates the corresponding new object versions and receipts.","If any required child change fails validation, the amendment remains unapplied or explicitly partially applied only under a declared approved mode. No hidden mixture of old and new commitments.",Shorten a programme while future obligations exist; approval requires resolving or explicitly retaining every affected obligation.,apps/api/impact_api/measurement.py; qualification/test_work_center.py; docs/RELEASE-0.7.md,Partial supporting evidence only; full acceptance pending
FR-PRG-008,BR-PRG-008,Closure and archival,P0,R1,PENDING,No complete implementation and acceptance evidence mapped. Retain the original acceptance criteria; this requirement remains open.,"The close wizard lists incomplete submissions, unresolved quality issues, open approvals, deliverables and retention duties. Mandatory blockers require resolution; eligible exceptions are attached to the closure decision. Archival stops ordinary edits and schedules.",Corrections after closure require approved reopen or a governed amendment with scope. Reopening the programme does not automatically reopen locked reporting periods.,Archive a project with one permitted warning and verify its approved export still works while new ordinary data entry is denied.,,Partial supporting evidence only; full acceptance pending
FR-PRG-009,BR-PRG-009,Cross project dependencies,P1,R2,PENDING,No complete implementation and acceptance evidence mapped. Retain the original acceptance criteria; this requirement remains open.,A manager links an authorised prerequisite across projects with a shared status contract. Receiving users see either the full permitted dependency or a disclosed status summary with owner contact and freshness.,"Do not expose restricted titles, budgets or task comments through the dependency label. A broken grant changes the link to unavailable rather than copying the hidden source.",A partner sees prerequisite delayed and due date but cannot drill into the originating project's confidential grant agreement.,,Partial supporting evidence only; full acceptance pending
FR-PRG-010,BR-PRG-010,Bulk administration,P1,R2,PENDING,No complete implementation and acceptance evidence mapped. Retain the original acceptance criteria; this requirement remains open.,"Bulk administration accepts a selected object set and one operation such as owner reassignment or template instantiation. Preview validates every object's current revision and scope, showing valid, skipped and blocked candidates. Execution returns an item manifest.",No mass approval through this tool. Retrying a completed item with the same operation identity has no new effect; changed candidates need refreshed review.,"Reassign ten projects with two outside scope and one stale revision; seven commit, three report safe reasons and retry does not duplicate template instances.",,Partial supporting evidence only; full acceptance pending
FR-IND-001,BR-IND-001,Complete indicator definition,P0,R1,PARTIAL,"Manual FLOW measures, independently approved definitions/plans, reviewed obligation exceptions, eligible assignments, reference selection and programme readiness are implemented. Historical expected, required and excepted counts are preserved. Rich planning, reference administration, automated schedules and the other measurement profiles remain open.","The indicator designer requires code, name, type, unit, population, inclusion and exclusion rules, method, source mode, time semantic, frequency, owner and limitations. Conditional panels collect numerator, denominator, multiplier, direction and aggregation rule. Review displays a complete measurement contract.",A label alone is never an approved definition. Missing conditional fields block submission; undefined populations or units cannot be supplied by an undocumented default.,Define a percentage with a numerator but no eligible denominator; validation links directly to the missing meaning and approval remains unavailable.,apps/api/impact_api/measurement.py; qualification/test_work_center.py; docs/RELEASE-0.7.md,Partial supporting evidence only; full acceptance pending
FR-IND-002,BR-IND-002,Supported measurement types,P0,R1,PARTIAL,"Manual FLOW measures, independently approved definitions/plans, reviewed obligation exceptions, eligible assignments, reference selection and programme readiness are implemented. Historical expected, required and excepted counts are preserved. Rich planning, reference administration, automated schedules and the other measurement profiles remain open.",Selecting a measurement type constrains allowed inputs and operators. Counts accept integral eligible quantities; percentages use compatible quantities and a multiplier of 100; rates declare their multiplier; ordinal labels retain ordered codes. Imported composite scores in R1 require external method metadata.,A bounded percentage rejects values outside zero to 100 unless the approved measure explicitly permits a different interpretation. Native weighted composition is R2; ordinal labels cannot be summed.,Enter an ordinal code into an additive aggregate and confirm incompatibility; import a reviewed external score and retain its stated calculation source.,apps/api/impact_api/measurement.py; qualification/test_work_center.py; docs/RELEASE-0.7.md,Partial supporting evidence only; full acceptance pending
FR-IND-003,BR-IND-003,Baselines and targets,P0,R1,PARTIAL,"v0.18 implements targets and baselines per indicator instance and programme period with target kind (VALUE, RANGE, MILESTONE), value and explicit value state, direction (higher, lower, within range, milestone), basis (original, baseline, revised) and the pinned approved definition revision (its unit); revised targets and baseline corrections supersede the approved revision with a reason, and targets versus actuals shows the selected target's basis and binding version. Validation and acceptance exercised (test_planning_unit.py::test_higher_target_attainment_is_uncapped, test_lower_target_reports_signed_deviation_without_inverting_success, test_zero_target_and_zero_baseline_are_undefined_not_divided; test_planning.py::test_targets_baselines_milestones_and_provisional_progress): actual 120 against a higher target of 100 is 120.00 percent attainment, uncapped; a lower target of 10 with actual 8 is ACHIEVED with deviation -2; a zero target gives Undefined attainment (ZERO_TARGET) rather than a division, and milestones need an assessment. Not covered: a reviewed difference logic for zero targets, status thresholds, disaggregated and cumulative targets, measurement dates other than a programme period, and restated comparisons after close (FR-IND-004). Build 0.27.0 (PR #70): reviewed status thresholds (ATTAINMENT_PERCENT or DEVIATION) pinned with the target give on-track, at-risk and off-track bands from stored decimals, never concealing a missing, undefined or stale state (qualification/test_planning_unit.py::test_threshold_rules, ::test_bands_follow_the_declared_thresholds_and_direction, ::test_bands_never_conceal_a_separately_visible_state).","Targets and baselines identify measurement date or period, target kind, value, unit, direction and version. The user chooses higher, lower, within range or milestone interpretation. Progress uses the declared formula and displays original or revised target selection.",Do not cap overachievement. Undefined target ratios show undefined; a zero target uses milestone or reviewed difference logic rather than dividing by zero.,With an actual of 120 and higher target 100 display 120 percent attainment; with lower target 10 and actual 8 show achieved and the defined deviation.,apps/api/impact_api/planning.py; apps/api/impact_api/planning_contracts.py; qualification/test_planning.py; qualification/test_planning_unit.py; apps/web/src/Planning.tsx; tools/browser/planning-check.mjs; docs/evidence/planning-browser-tests.json; docs/evidence/application-tests.xml; docs/RELEASE-0.18.md; docs/RELEASE-0.27-planning.md,Partial supporting evidence only; full acceptance pending
FR-IND-004,BR-IND-004,Target amendments,P0,R1,PARTIAL,"Build 0.27.0 (PR #70): a REVISED target that supersedes the approved target of a locked or restatement-open period is reviewed independently and recorded as the next target_binding version; it applies prospectively only: the snapshot's target_versions are untouched, the official comparison stays against the target pinned at close and the amendment is shown beside it (amended_target, amended_progress, amended_after_close); the review candidate compares original, currently effective and proposed values. Executed: qualification/test_planning.py::test_target_amended_after_close_never_changes_the_official_comparison (60 to 45 after lock; the original comparison stays against 60). Open: effective date and affected periods on an amendment, an explicit restatement-request object, baseline and milestone amendments after lock, the dashboard marker.","Target amendment creates a proposed version with reason, effective date and affected periods. The review compares original, currently effective and proposed values. Approval retains all earlier versions and identifies any explicit restatement request.",A new target never retrospectively changes a frozen report. A target effective after a locked quarter applies only prospectively unless a separately approved restatement chooses another comparison.,Change a quarter target from 1000 to 800 after lock; the original report remains against 1000 and a restated comparison is distinctly labelled.,apps/api/impact_api/planning.py; apps/web/src/Planning.tsx; qualification/test_planning.py; docs/RELEASE-0.27-planning.md,Partial supporting evidence only; full acceptance pending
FR-IND-005,BR-IND-005,Reporting periods,P0,R1,PARTIAL,"Manual FLOW measures, independently approved definitions/plans, reviewed obligation exceptions, eligible assignments, reference selection and programme readiness are implemented. Historical expected, required and excepted counts are preserved. Rich planning, reference administration, automated schedules and the other measurement profiles remain open.","The calendar assigns observations using the chosen event date and reporting zone, with inclusive start and exclusive end. Receipt time determines timeliness, not period membership, unless the measurement contract explicitly uses receipt time.",Overlapping analytical windows may reuse observations but cannot be summed as disjoint official periods. Late entry is flagged and locked periods route to restatement review.,"An event exactly at midnight on the new quarter boundary belongs only to the new quarter, even when uploaded two days later.",apps/api/impact_api/measurement.py; qualification/test_work_center.py; docs/RELEASE-0.7.md,Partial supporting evidence only; full acceptance pending
FR-IND-006,BR-IND-006,Disaggregation dimensions,P0,R1,PARTIAL,"v0.19 lets an indicator definition pin a versioned disaggregation scheme (up to five dimensions with code, label, version, multiselect and exhaustive flags and declared category codes; UNSPECIFIED reserved) and observations carry codes checked against it at draft, submission, amendment and calculation; results carry per-category values computed from source rows. Validation and acceptance exercised (test_calculation_methods.py::test_multiselect_categories_are_nonadditive_and_unique_total_stays_one, test_observation_codes_must_match_the_pinned_scheme, test_category_correction_through_change_request; corpus FT-IND-006-multiselect): one contribution with two selected categories counts in both, the total stays one and the categories are labelled NONADDITIVE. Not covered: applicability rules, explicit missing/unknown/declined codes beyond what a scheme declares, reviewed crosswalks for a changed scheme (FR-CAL-007), unique-participant totals (no participants exist), and dimension version validation (free text).","Dimension setup defines codes, labels, applicability, exclusivity and exhaustiveness. Missing, unknown and declined are explicit codes where appropriate. The submission stores dimension version and codes; a changed category scheme uses a reviewed crosswalk.","Multiselect categories can count an entity several times across categories, so category sum is labelled nonadditive. Do not force overlapping categories to reconcile to unique reach.",One participant selects two service types; both categories count the event as defined and the unique participant total remains one.,apps/api/impact_api/domain.py; apps/api/impact_api/calculation_contracts.py; apps/api/impact_api/service.py; qualification/test_calculation_methods.py; qualification/test_golden.py; qualification/golden/calculation-corpus-v1.json; docs/evidence/golden-reconciliation.json; docs/evidence/application-tests.xml; docs/evidence/native-application-tests.xml; docs/RELEASE-0.19.md,Partial supporting evidence only; full acceptance pending
FR-IND-007,BR-IND-007,Missing and exceptional values,P0,R1,PARTIAL,"Manual FLOW measures, independently approved definitions/plans, reviewed obligation exceptions, eligible assignments, reference selection and programme readiness are implemented. Historical expected, required and excepted counts are preserved. Rich planning, reference administration, automated schedules and the other measurement profiles remain open.","Entry and import expose value state separately from numeric value, workflow status and disclosure status. Views use the matrix in section 4.2. Users must choose a reason for not collected or not applicable; eligibility rules govern denominator removal.","A blank cell does not become zero. Suppression removes numeric payload from the disclosed result, while pending approval stays excluded from official totals.","Export zero, missing, not applicable, invalid and pending rows; each has a distinct machine code and matching human label.",apps/api/impact_api/measurement.py; qualification/test_work_center.py; docs/RELEASE-0.7.md,Partial supporting evidence only; full acceptance pending
FR-IND-008,BR-IND-008,Definition versioning,P0,R1,PARTIAL,"Manual FLOW measures, independently approved definitions/plans, reviewed obligation exceptions, eligible assignments, reference selection and programme readiness are implemented. Historical expected, required and excepted counts are preserved. Rich planning, reference administration, automated schedules and the other measurement profiles remain open.","A material definition edit creates a child version and a comparison report identifying unit, population, source, method, dimensions and aggregation changes. The reviewer marks comparability as compatible, transformed by approved rule or broken.",No continuous trend line or portfolio pool across broken versions without explicit qualified treatment. Cosmetic label corrections may retain semantic identity but remain audited.,Change households to people; the application blocks a combined total until a justified conversion or separate series is selected.,apps/api/impact_api/measurement.py; qualification/test_work_center.py; docs/RELEASE-0.7.md,Partial supporting evidence only; full acceptance pending
FR-IND-009,BR-IND-009,Indicator library reuse,P1,R1,PARTIAL,"Manual FLOW measures, independently approved definitions/plans, reviewed obligation exceptions, eligible assignments, reference selection and programme readiness are implemented. Historical expected, required and excepted counts are preserved. Rich planning, reference administration, automated schedules and the other measurement profiles remain open.","Instantiating a library indicator pins the parent definition version and records local applicability, collection roles and permitted overrides. Adoption of a new library version previews comparability and reporting impact for each instance.",Local changes to locked semantic fields create a distinct reviewed definition rather than pretending to retain exact standard equivalence.,"Two projects pin version 1; only one adopts version 2 with a changed denominator, and the portfolio flags the mixed comparison.",apps/api/impact_api/measurement.py; qualification/test_work_center.py; docs/RELEASE-0.7.md,Partial supporting evidence only; full acceptance pending
FR-IND-010,BR-IND-010,Manual and calculated results,P0,R1,PARTIAL,"Manual FLOW measures, independently approved definitions/plans, reviewed obligation exceptions, eligible assignments, reference selection and programme readiness are implemented. Historical expected, required and excepted counts are preserved. Rich planning, reference administration, automated schedules and the other measurement profiles remain open.","Actual mode is entered, imported, calculated or aggregated. Changing mode requires a new approved measurement version or amendment. A manual override records computed value, proposed replacement, period, reason and independent approval; views show both with the official selection.",Import and API clients cannot overwrite a calculated result field. Removing an override restores the approved calculation through another attributable decision.,Computed value 94 is overridden to 90 after review; the report records the override and explanation while retaining the calculation of 94.,apps/api/impact_api/measurement.py; qualification/test_work_center.py; docs/RELEASE-0.7.md,Partial supporting evidence only; full acceptance pending
FR-IND-011,BR-IND-011,Evidence requirements,P0,R1,PENDING,No complete implementation and acceptance evidence mapped. Retain the original acceptance criteria; this requirement remains open.,"An evidence rule specifies permitted types, minimum count, source qualification and verification needed for approval. Submission checks attachment receipt and scan state; approval checks provenance and current availability. External evidence has last checked status and version reference.","A dead URL or quarantined file does not satisfy a mandatory rule. Only a policy permitted evidence exception may proceed, with independent decision and visible caveat.",Submit achievement with one required survey file still quarantined; source receipt succeeds but approval stays blocked until the evidence is safe and verified.,,Partial supporting evidence only; full acceptance pending
FR-IND-012,BR-IND-012,Responsibility and collection schedule,P0,R1,PARTIAL,"Manual FLOW measures, independently approved definitions/plans, reviewed obligation exceptions, eligible assignments, reference selection and programme readiness are implemented. Historical expected, required and excepted counts are preserved. Rich planning, reference administration, automated schedules and the other measurement profiles remain open.","An indicator schedule instantiates obligations for the active date range and assigns a collector, independent reviewer, due time and escalation owner. Assignment change previews open work and future obligations separately.",Departure creates reassignment work; it never silently sends tasks to a revoked account or marks obligations complete. Historic owners remain attributed.,Suspend the collector one day before due; the manager sees an unassigned obligation and can appoint an eligible replacement.,apps/api/impact_api/measurement.py; qualification/test_work_center.py; docs/RELEASE-0.7.md,Partial supporting evidence only; full acceptance pending
FR-IND-013,BR-IND-013,Status and thresholds,P1,R1,PENDING,No complete implementation and acceptance evidence mapped. Retain the original acceptance criteria; this requirement remains open.,"Status rules declare direction, thresholds, tolerance, target reference and minimum freshness and coverage. Evaluate data adequacy first; stale or partial state remains visible even when a numeric threshold is achieved. Qualitative status requires a recorded reviewer assessment.","Do not colour missing results green. Boundary equality follows the published rule, and an unauthorised viewer receives only permitted status context.","A lower-is-better measure at 8 against target 10 is achieved, but a missed refresh also displays stale and cannot trigger an unqualified success alert.",,Partial supporting evidence only; full acceptance pending
FR-IND-014,BR-IND-014,Retirement and replacement,P0,R1,PENDING,No complete implementation and acceptance evidence mapped. Retain the original acceptance criteria; this requirement remains open.,"Retirement proposes an effective date, replacement and continuity statement. Preview identifies future obligations, calculations, dashboard bindings and report templates. Approval stops new obligations after the date while preserving historical result lookup.",A used definition cannot be hard deleted through retirement. Dependent future formulas must be migrated or explicitly left unavailable with an accountable remediation item.,"Retire an indicator feeding a portfolio total; next period calculation blocks until its replacement rule is reviewed, while last year's report remains intact.",,Partial supporting evidence only; full acceptance pending
FR-IND-015,BR-IND-015,Reference sheets and dictionary export,P1,R1,PENDING,No complete implementation and acceptance evidence mapped. Retain the original acceptance criteria; this requirement remains open.,"Reference sheet export selects indicator versions and produces human readable definitions plus a machine readable dictionary. Include units, eligibility, dimensions, time semantic, formula, source, roles, missingness rules and version references.",Restricted definitions or source names are redacted according to export scope and marked withheld. Display rounding must not replace calculation precision metadata.,"An evaluator receives a ratio sheet and can identify numerator population, denominator, multiplier and period without consulting the application's private settings.",,Partial supporting evidence only; full acceptance pending
FR-CAL-001,BR-CAL-001,Deterministic calculation,P0,R1,PARTIAL,"Decimal calculation with a bounded method catalogue (v0.19): SUM and POOLED_RATIO for FLOW, COUNT for EVENT, LAST_VALID for STOCK and CUMULATIVE (latest approved position; a tie with different values and a cumulative decline give UNDEFINED), labelled unweighted MEAN, MEDIAN, MIN and MAX; methods bound to measurement types and time semantics and refused at definition submission otherwise; 100-digit arithmetic, stored value half-up at 12 places and display derived from the stored value; absent value states never zero; revision-bound lineage, coverage and stale flags as before. Exercised by the golden corpus through reference, domain and live API (CAL01 51/110 = 46.36, CAL02 labelled 30, CAL05 end 20 not 45, CAL06 zero denominator UNDEFINED, CAL07 60.00 coverage, CAL09 1.005 to 1.01, CAL20 boundary) and test_calculation_methods.py. Not covered: cumulative increments (no verified baseline), maximum stock age, hierarchy, overlap, unit conversion, weighting and production workload qualification.","A calculation run selects approved rule and source versions, creates an input manifest and evaluates the deterministic dependency graph. The result stores value state, precision, filters, coverage and execution identity. Explanations resolve each contributing result to its original source.",An AI message cannot supply the authoritative value. A failed run leaves the prior result labelled stale and exposes failure rather than overwriting it with zero.,Recompute a frozen ratio from exported inputs and the recorded formula; the raw decimal and displayed rounded output match exactly.,apps/api/impact_api/domain.py; apps/api/impact_api/calculation_contracts.py; apps/api/impact_api/service.py; qualification/test_calculation_methods.py; qualification/test_golden.py; qualification/golden/calculation-corpus-v1.json; docs/evidence/golden-reconciliation.json; docs/evidence/application-tests.xml; docs/evidence/native-application-tests.xml; docs/RELEASE-0.19.md,Partial supporting evidence only; full acceptance pending
FR-CAL-002,BR-CAL-002,Type and unit compatibility,P0,R1,PARTIAL,"Decimal SUM and pooled ratios, revision-bound lineage, explicit contributor coverage and stale-result flags are implemented. Hierarchy, stock, overlap, weighting, dimensions and production workload qualification are not implemented.","Before execution, type checking compares measurement types, units, populations, period semantics, definitions and dimensions. A conversion references an approved version, direction and precision. Preview shows original and converted inputs.",A numerical unit conversion cannot convert households into people without an approved population method and adequate source information. Similar labels never establish compatibility.,Combine 1 hectare and 1 acre using an approved conversion; reject a people plus household total where no justified conversion exists.,apps/api/impact_api/domain.py; apps/api/impact_api/service.py; qualification/test_measurement.py,Partial supporting evidence only; full acceptance pending
FR-CAL-003,BR-CAL-003,Ratios rates and percentages,P0,R1,PARTIAL,"Decimal calculation with a bounded method catalogue (v0.19): SUM and POOLED_RATIO for FLOW, COUNT for EVENT, LAST_VALID for STOCK and CUMULATIVE (latest approved position; a tie with different values and a cumulative decline give UNDEFINED), labelled unweighted MEAN, MEDIAN, MIN and MAX; methods bound to measurement types and time semantics and refused at definition submission otherwise; 100-digit arithmetic, stored value half-up at 12 places and display derived from the stored value; absent value states never zero; revision-bound lineage, coverage and stale flags as before. Exercised by the golden corpus through reference, domain and live API (CAL01 51/110 = 46.36, CAL02 labelled 30, CAL05 end 20 not 45, CAL06 zero denominator UNDEFINED, CAL07 60.00 coverage, CAL09 1.005 to 1.01, CAL20 boundary) and test_calculation_methods.py. Not covered: cumulative increments (no verified baseline), maximum stock age, hierarchy, overlap, unit conversion, weighting and production workload qualification.","Ratio rules retain eligible numerator and denominator quantities, apply the multiplier after pooling and disclose the weighting basis. Component records lacking the necessary quantities cannot contribute to a pooled ratio as if their percentages were sufficient.",Zero pooled denominator gives UNDEFINED. An explicitly requested unweighted mean is a different labelled statistic and is not substituted for a pooled percentage.,"Pool 50 of 100 and 1 of 10: produce 51 of 110 and display 46.36 percent under two decimal rounding, never 30 percent.",apps/api/impact_api/domain.py; apps/api/impact_api/calculation_contracts.py; apps/api/impact_api/service.py; qualification/test_calculation_methods.py; qualification/test_golden.py; qualification/golden/calculation-corpus-v1.json; docs/evidence/golden-reconciliation.json; docs/evidence/application-tests.xml; docs/evidence/native-application-tests.xml; docs/RELEASE-0.19.md,Partial supporting evidence only; full acceptance pending
FR-CAL-004,BR-CAL-004,Population overlap,P0,R1,PENDING,No complete implementation and acceptance evidence mapped. Retain the original acceptance criteria; this requirement remains open.,"Unique reach declares entity type, population, time window and approved identity matching scope. Compute a union over permitted stable pseudonyms and record matched overlap. Aggregate-only inputs produce gross reach with overlap unknown unless a valid external deduplication method exists.",No cross project or tenant matching merely because names are similar. Fuzzy candidate resolution requires reviewed evidence and permission before changing unique counts.,Two approved sets of 100 with 20 shared authorised identities produce 180; the same aggregate-only inputs produce gross 200 with unknown overlap.,,Partial supporting evidence only; full acceptance pending
FR-CAL-005,BR-CAL-005,Time aggregation semantics,P0,R1,PARTIAL,"Decimal calculation with a bounded method catalogue (v0.19): SUM and POOLED_RATIO for FLOW, COUNT for EVENT, LAST_VALID for STOCK and CUMULATIVE (latest approved position; a tie with different values and a cumulative decline give UNDEFINED), labelled unweighted MEAN, MEDIAN, MIN and MAX; methods bound to measurement types and time semantics and refused at definition submission otherwise; 100-digit arithmetic, stored value half-up at 12 places and display derived from the stored value; absent value states never zero; revision-bound lineage, coverage and stale flags as before. Exercised by the golden corpus through reference, domain and live API (CAL01 51/110 = 46.36, CAL02 labelled 30, CAL05 end 20 not 45, CAL06 zero denominator UNDEFINED, CAL07 60.00 coverage, CAL09 1.005 to 1.01, CAL20 boundary) and test_calculation_methods.py. Not covered: cumulative increments (no verified baseline), maximum stock age, hierarchy, overlap, unit conversion, weighting and production workload qualification.","Time semantic selects flow sum, latest eligible stock, event count or approved cumulative difference. For snapshots, specify maximum permissible age and tie resolution. Cumulative declines require a correction or reset event with defined treatment.",Never sum monthly cumulative totals by default. A missing starting cumulative value prevents an exact period increment unless the approved method supplies a justified baseline.,"For 10, 15 and 20 cumulative positions report end value 20; increments are 10, 5 and 5 only when a zero starting baseline is established.",apps/api/impact_api/domain.py; apps/api/impact_api/calculation_contracts.py; apps/api/impact_api/service.py; qualification/test_calculation_methods.py; qualification/test_golden.py; qualification/golden/calculation-corpus-v1.json; docs/evidence/golden-reconciliation.json; docs/evidence/application-tests.xml; docs/evidence/native-application-tests.xml; docs/RELEASE-0.19.md,Partial supporting evidence only; full acceptance pending
FR-CAL-006,BR-CAL-006,Hierarchical aggregation,P0,R1,PENDING,No complete implementation and acceptance evidence mapped. Retain the original acceptance criteria; this requirement remains open.,"Every aggregation edge identifies contribution, combination rule and attribution scope. Validation detects cycles and repeated source identities along multiple paths. Parent evaluation deduplicates eligible contributions where the contract defines a unique union, or blocks ambiguous additive duplication.",A repeated path cannot be resolved by silently halving a value. Weighted allocations require explicit weights and reconciliation. At least ten reporting levels are qualified.,A source contributes 7 through two intermediate totals; a unique parent includes 7 once and a newly added reverse edge is rejected as cyclic.,,Partial supporting evidence only; full acceptance pending
FR-CAL-007,BR-CAL-007,Dimension alignment,P0,R1,PENDING,No complete implementation and acceptance evidence mapped. Retain the original acceptance criteria; this requirement remains open.,"A category crosswalk records source and target versions, mapping type and information loss. Exact mapping, many to one pooling and approved proportional allocation are distinct. Preview reports unmapped and suppressed contributions.",Do not split a broad age band into narrower exact bands without underlying ages or a declared estimation method. Unknown does not silently map to another category.,Attempt to convert ages 0 to 17 into 0 to 14 from one aggregate; exact transformation is blocked and the unresolved coverage remains visible.,,Partial supporting evidence only; full acceptance pending
FR-CAL-008,BR-CAL-008,Missingness and coverage,P0,R1,PARTIAL,"Decimal calculation with a bounded method catalogue (v0.19): SUM and POOLED_RATIO for FLOW, COUNT for EVENT, LAST_VALID for STOCK and CUMULATIVE (latest approved position; a tie with different values and a cumulative decline give UNDEFINED), labelled unweighted MEAN, MEDIAN, MIN and MAX; methods bound to measurement types and time semantics and refused at definition submission otherwise; 100-digit arithmetic, stored value half-up at 12 places and display derived from the stored value; absent value states never zero; revision-bound lineage, coverage and stale flags as before. Exercised by the golden corpus through reference, domain and live API (CAL01 51/110 = 46.36, CAL02 labelled 30, CAL05 end 20 not 45, CAL06 zero denominator UNDEFINED, CAL07 60.00 coverage, CAL09 1.005 to 1.01, CAL20 boundary) and test_calculation_methods.py. Not covered: cumulative increments (no verified baseline), maximum stock age, hierarchy, overlap, unit conversion, weighting and production workload qualification. Build 0.27.0 (PR #68): coverage from the obligation snapshot counts planned imported values as APPROVED coverage (qualification/test_import.py::test_planned_import_units_close_the_period).","The obligation snapshot determines the expected contributor set for the period. Results count received, valid and approved contributors separately. Official sums use approved eligible values and attach partial status when mandatory contributors are absent.",A partner retired today remains expected in a prior period where its obligation was active. Not applicable removes an obligation only through approved eligibility evidence.,"Five expected partners, three approved, one pending and one missing yield 60 percent approval coverage and distinct pending and missing counts.",apps/api/impact_api/domain.py; apps/api/impact_api/calculation_contracts.py; apps/api/impact_api/service.py; qualification/test_calculation_methods.py; qualification/test_golden.py; qualification/golden/calculation-corpus-v1.json; docs/evidence/golden-reconciliation.json; docs/evidence/application-tests.xml; docs/evidence/native-application-tests.xml; docs/RELEASE-0.19.md; qualification/test_import.py; docs/RELEASE-0.27-imports.md,Partial supporting evidence only; full acceptance pending
FR-CAL-009,BR-CAL-009,Precision and rounding,P0,R1,PARTIAL,"Decimal calculation with a bounded method catalogue (v0.19): SUM and POOLED_RATIO for FLOW, COUNT for EVENT, LAST_VALID for STOCK and CUMULATIVE (latest approved position; a tie with different values and a cumulative decline give UNDEFINED), labelled unweighted MEAN, MEDIAN, MIN and MAX; methods bound to measurement types and time semantics and refused at definition submission otherwise; 100-digit arithmetic, stored value half-up at 12 places and display derived from the stored value; absent value states never zero; revision-bound lineage, coverage and stale flags as before. Exercised by the golden corpus through reference, domain and live API (CAL01 51/110 = 46.36, CAL02 labelled 30, CAL05 end 20 not 45, CAL06 zero denominator UNDEFINED, CAL07 60.00 coverage, CAL09 1.005 to 1.01, CAL20 boundary) and test_calculation_methods.py. Not covered: cumulative increments (no verified baseline), maximum stock age, hierarchy, overlap, unit conversion, weighting and production workload qualification.","Rules declare input scale, calculation precision, rounding mode and display decimals. Intermediate arithmetic retains sufficient precision for the qualified maximum workload. Round only at the specified output boundary; export contains a raw decimal string and display metadata where applicable.","Do not use display rounded values as new source inputs. Large identifiers are never converted to numbers, and counts beyond qualified numeric range produce an explicit limit error.",Sum three values 0.335 before rounding to two decimals: 1.005 becomes 1.01 with half up; document why rounded components would sum differently.,apps/api/impact_api/domain.py; apps/api/impact_api/calculation_contracts.py; apps/api/impact_api/service.py; qualification/test_calculation_methods.py; qualification/test_golden.py; qualification/golden/calculation-corpus-v1.json; docs/evidence/golden-reconciliation.json; docs/evidence/application-tests.xml; docs/evidence/native-application-tests.xml; docs/RELEASE-0.19.md,Partial supporting evidence only; full acceptance pending
FR-CAL-010,BR-CAL-010,Zero denominators and invalid inputs,P0,R1,PARTIAL,"Decimal calculation with a bounded method catalogue (v0.19): SUM and POOLED_RATIO for FLOW, COUNT for EVENT, LAST_VALID for STOCK and CUMULATIVE (latest approved position; a tie with different values and a cumulative decline give UNDEFINED), labelled unweighted MEAN, MEDIAN, MIN and MAX; methods bound to measurement types and time semantics and refused at definition submission otherwise; 100-digit arithmetic, stored value half-up at 12 places and display derived from the stored value; absent value states never zero; revision-bound lineage, coverage and stale flags as before. Exercised by the golden corpus through reference, domain and live API (CAL01 51/110 = 46.36, CAL02 labelled 30, CAL05 end 20 not 45, CAL06 zero denominator UNDEFINED, CAL07 60.00 coverage, CAL09 1.005 to 1.01, CAL20 boundary) and test_calculation_methods.py. Not covered: cumulative increments (no verified baseline), maximum stock age, hierarchy, overlap, unit conversion, weighting and production workload qualification.","Validation rejects nonfinite inputs, impossible dates and incompatible sign conventions before calculation. A ratio with zero denominator returns UNDEFINED and a reason. Negative adjustments require an approved adjustment measure or correction contract.","An eligible count cannot become negative merely because a spreadsheet contains a refund-like value. Percentages outside bounds require explicit valid semantics, not automatic clipping.","Submit negative two participants and divide 5 by 0; the first is invalid and the second undefined, with neither displayed as a successful zero.",apps/api/impact_api/domain.py; apps/api/impact_api/calculation_contracts.py; apps/api/impact_api/service.py; qualification/test_calculation_methods.py; qualification/test_golden.py; qualification/golden/calculation-corpus-v1.json; docs/evidence/golden-reconciliation.json; docs/evidence/application-tests.xml; docs/evidence/native-application-tests.xml; docs/RELEASE-0.19.md,Partial supporting evidence only; full acceptance pending
FR-CAL-011,BR-CAL-011,Corrections and recalculation,P0,R1,PARTIAL,"Single-stage independent review and governed source/plan/assignment amendments are implemented. Affected provisional result revisions receive durable invalidations and personal recalculation work; current approved inputs produce a replacement revision while old lineage remains immutable. Cross-period aggregates, dashboards, reports, distributed artifacts, bulk amendments, configurable multistage policies and escalation remain open.","An approved source correction identifies downstream definitions, result periods, dashboards and unpublished reports. Recalculation creates new result versions and updates live bindings after completion. Published snapshots remain bound to their original manifest.",A failed downstream run exposes stale status and does not partially present a mixed official snapshot. Restatement is a separate approved operation; retry preserves one intended new result per input version.,Correct one imported numerator and verify current ratio updates while the published quarterly PDF remains the original version until restated.,apps/api/impact_api/work.py; qualification/test_work_center.py; docs/RELEASE-0.7.md,Partial supporting evidence only; full acceptance pending
FR-CAL-012,BR-CAL-012,Formula authoring and validation,P0,R1,PENDING,No complete implementation and acceptance evidence mapped. Retain the original acceptance criteria; this requirement remains open.,"Formula authoring uses typed references and a bounded function catalogue: arithmetic, approved filters, count, sum, min, max, ratio and eligible distinct count in R1. Preview validates permissions, dependency cycles, units and sample outputs before review.","No arbitrary scripts, network access, filesystem references or dynamically broadened queries. Division and missingness follow the calculation contract; unsupported functions fail at validation.","Enter a formula referencing an inaccessible field, a circular indicator and an external URL call; each is rejected before activation.",,Partial supporting evidence only; full acceptance pending
FR-CAL-013,BR-CAL-013,Weighted and composite indicators,P1,R2,PENDING,No complete implementation and acceptance evidence mapped. Retain the original acceptance criteria; this requirement remains open.,"Composite setup specifies components, normalisation, weight scale, missing component policy and interpretation. Preview shows contribution of each component and sensitivity to proposed weights. Approval pins the complete configuration and source versions.",Weights sum to one for a normalised weighted mean. Missing required components block or return an explicitly incomplete score; renormalisation is permitted only when the approved rule declares it.,Scores 60 and 80 with weights 0.4 and 0.6 produce 72; changing weights creates a new version and leaves the old score reproducible.,,Partial supporting evidence only; full acceptance pending
FR-CAL-014,BR-CAL-014,Cross portfolio attribution,P0,R1,PENDING,PENDING. Related build 0.27.0 evidence: the portfolio read counts each indicator instance once per programme and never pools across definition revisions (qualification/test_dashboards.py::test_portfolio_pools_official_values_per_definition_version_from_stored_components); no portfolio membership relation or organisation-wide deduplication exists. Retain the original acceptance criteria; this requirement remains open.,Portfolio membership is a view relation. Organisation-wide counting uses the unique underlying project or result identity. An allocation view applies separately approved attribution shares with a declared basis and remainder policy.,Funding share does not imply causal impact ownership. Shares that exceed the source total are rejected unless the view is explicitly nonadditive and labelled.,"Project P belongs to health and education portfolios; each may show P, while the organisation unique project count stays one.",,Partial supporting evidence only; full acceptance pending
FR-CAL-015,BR-CAL-015,Reconciliation and explainability,P0,R1,PARTIAL,"Decimal SUM and pooled ratios, revision-bound lineage, explicit contributor coverage and stale-result flags are implemented. Hierarchy, stock, overlap, weighting, dimensions and production workload qualification are not implemented.","The explanation view shows rule version, source set, included and excluded counts, adjustments, coverage and approval. Comparing runs classifies differences into source, rule, period, target, permission or disclosure changes.",A viewer cannot use reconciliation to inspect restricted excluded records; show permitted aggregates or withheld references. Numerical differences must reconcile to stated causes before report approval.,"Change one source value and one filter, compare runs and identify the separate effect of each rather than reporting one unexplained total difference.",apps/api/impact_api/domain.py; apps/api/impact_api/service.py; qualification/test_measurement.py,Partial supporting evidence only; full acceptance pending
FR-CAL-016,BR-CAL-016,Statistical interpretation,P1,R2,PENDING,No complete implementation and acceptance evidence mapped. Retain the original acceptance criteria; this requirement remains open.,"A statistical output selects method, sample basis, weights, uncertainty and eligible observations. The result package contains calculation metadata and limitations. Pooling requires sufficient compatible raw values or valid sufficient statistics for the chosen method.","A mean of medians is labelled as that statistic, never a pooled median. Sample estimates are not population counts without a reviewed expansion method.","Groups with raw values 1, 2, 100 and 3, 4 combine to median 3; subgroup medians alone cannot reproduce that claim reliably.",,Partial supporting evidence only; full acceptance pending
FR-FRM-001,BR-FRM-001,Form builder,P0,R1,PARTIAL,"v0.20 adds a form builder whose fields live inside the governed Form revision: stable field_id and code, position, type (TEXT, DECIMAL, INTEGER, BOOLEAN, SINGLE_CHOICE), label, help, required, numeric bounds, text length, choices, and an optional indicator binding with value role or a disaggregation dimension; submitting for review locks the exact revision and starts the independent approval, and publication is a separate fresh-assurance action into the insert-only form_publication register. Validation text exercised (test_forms.py::test_form_definition_validation, test_exhaustive_dimension_field_must_be_answered_with_the_value, test_numerator_and_denominator_answers_pool_into_a_percentage, test_form_review_requires_independence_and_publish_requires_approval; forms-browser design step): unsupported combinations (choices on a non-choice field, bounds on a text field, inverted bounds, duplicate codes, a binding on a text field or to a non-manual or foreign indicator, a ratio without both components, an undeclared or multiselect dimension, an optional or differently relevant exhaustive-dimension field) are rejected before publishing. Not covered: groups and repeat groups (100 repeat entries, two nesting levels), field classification, preview in desktop and mobile modes, calculated fields, photos and the 200-question load qualification (the contract caps 200 fields; no test at that size); FT-FRM-001 (household members, photo, calculated age) is not executable.","The builder assigns stable field IDs and selects type, label, help, classification and validation. Groups and repeat groups have explicit child schemas. Preview supports desktop and mobile and displays the effective form version. Submitting for review locks the schema and starts the approval workflow.",Qualify 200 questions and 100 repeat entries; the declared limit applies to repeat instances per submission and nesting is limited to two levels in R1. Unsupported combinations are rejected before publishing.,"Build a household form with three members, an optional photo and a calculated age; all child responses retain their parent and stable field codes.",apps/api/impact_api/forms.py; apps/api/impact_api/forms_contracts.py; apps/web/src/Forms.tsx; infrastructure/migrations/0021_web_forms.sql; qualification/test_forms.py; tools/browser/forms-check.mjs; docs/evidence/forms-browser-tests.json; docs/evidence/application-tests.xml; docs/evidence/native-application-tests.xml; docs/RELEASE-0.20.md,Partial supporting evidence only; full acceptance pending
FR-FRM-002,BR-FRM-002,Conditional logic and validation,P0,R1,PARTIAL,"v0.20 implements one bounded relevance rule per field (relevant_when: an earlier yes/no or choice field equals a declared code), typed by reference to an earlier field and a declared code so that cycles and forward or undeclared references are refused (FORM_RELEVANCE_INVALID); the server evaluates the same versioned rules in field order and the web client uses the same rule to show or hide a question. Validation text exercised (test_forms.py::test_submission_refuses_incomplete_and_hidden_answers, test_draft_answers_are_validated_against_the_version, test_form_definition_validation, test_blank_answers_keep_explicit_value_states; forms-browser fill-in step): a tampered payload carrying an answer to a hidden field is refused (ANSWER_NOT_RELEVANT), a relevant required answer cannot be omitted, a hidden bound field becomes NOT_APPLICABLE. Not covered: a bounded expression catalogue beyond equality, required rules separate from relevance, the visible confirmation and declared policy for clearing newly irrelevant values (the client hides them and the server refuses them), explicitly retained hidden values, and references to inaccessible fields (fields have no classification).",Relevance and required rules use typed field references and a bounded expression catalogue. Changing an upstream answer recalculates downstream state in dependency order. Default behaviour clears newly irrelevant values after a visible confirmation; explicitly retained hidden values are excluded from calculations unless the approved schema says otherwise.,Server checks the same versioned rules. Reject cycles and references to inaccessible fields. A client cannot submit a hidden required answer to bypass relevance policy.,Change pregnancy relevance from yes to no; dependent fields clear under the declared policy and a tampered payload containing disallowed answers is rejected.,apps/api/impact_api/forms.py; apps/api/impact_api/forms_contracts.py; apps/web/src/Forms.tsx; infrastructure/migrations/0021_web_forms.sql; qualification/test_forms.py; tools/browser/forms-check.mjs; docs/evidence/forms-browser-tests.json; docs/evidence/application-tests.xml; docs/evidence/native-application-tests.xml; docs/RELEASE-0.20.md,Partial supporting evidence only; full acceptance pending
FR-FRM-003,BR-FRM-003,Form lifecycle and compatibility,P0,R1,PARTIAL,"v0.20 moves a form through draft, independent review and publication (no isolated test stage); each publication appends a version to the insert-only form_publication register pinning the approved revision, and a submission retains the exact published form revision it was captured on (form_version required at creation and immutable). Validation and acceptance exercised (test_forms.py::test_superseded_version_quarantines_rather_than_inventing_answers, test_form_version_review_publication_and_submission_to_calculation, test_submission_draft_requires_a_form_version, test_native_form_publication_register_is_fenced_and_insert_only): after a new version with a new mandatory question is published, a response captured on the earlier version is preserved unchanged and quarantined (FORM_VERSION_SUPERSEDED) with no observations rather than completed or mapped. Not covered: compatibility declarations and acceptance cutoffs (only LOCK_PUBLISHED, so every older version is quarantined), reviewed mapping of quarantined responses, translation versions, revocation of an unsafe form, isolated test, and the offline-package scenario of FT-FRM-003 (no offline collection exists).","A form moves through draft, isolated test, independent review and publication. A new published version declares compatibility with earlier versions and an acceptance cutoff. Submissions retain the exact form and translation version used at capture.",Additive optional changes may accept older versions; changed mandatory or semantic rules quarantine older submissions for reviewed mapping. Revoked unsafe forms are rejected as live collection instruments.,Publish a new mandatory question while an older package is offline; reconnect preserves the original submission and quarantines it rather than inventing the answer.,apps/api/impact_api/forms.py; apps/api/impact_api/forms_contracts.py; apps/web/src/Forms.tsx; infrastructure/migrations/0021_web_forms.sql; qualification/test_forms.py; tools/browser/forms-check.mjs; docs/evidence/forms-browser-tests.json; docs/evidence/application-tests.xml; docs/evidence/native-application-tests.xml; docs/RELEASE-0.20.md,Partial supporting evidence only; full acceptance pending
FR-FRM-004,BR-FRM-004,Multilingual instruments,P1,R1,PARTIAL,"Build 0.27.0 (v0.27 forms slice, PR #73): a form version declares its default language and language versions with labels keyed by the stable field and choice codes; unknown codes are refused and completeness is checked at review, approval and publication, with a completeness read listing the gaps per language before review; a submission records the presented language and answers keep the stable codes, so the same choice in English and Hindi maps to one response code; the fill-in dialog switches language with the form's own text as the explicit fallback. Executed: qualification/test_forms_rounds.py::test_language_versions_are_reviewed_published_and_collected_under_one_stable_code, ::test_an_incomplete_or_invalid_translation_cannot_be_reviewed_or_published, tools/browser/forms-check.mjs (Hindi version). Open: separate approval per language version, machine-proposed translations, consent-text blocking.",Each field and choice has a stable code and language specific labels. The translator sees missing and machine proposed translations. Review approves a language version separately; a released form records its approved language set.,Fallback text is explicit and cannot silently change choice codes. Critical consent text requires approved translation in the selected collection language; otherwise collection in that language is blocked.,Submit the same choice in English and Hindi; both map to one stable response code and retain the language presented to the respondent.,apps/api/impact_api/forms.py; apps/api/impact_api/forms_contracts.py; apps/web/src/Forms.tsx; infrastructure/migrations/0032_forms_languages_rounds.sql; qualification/test_forms_rounds.py; tools/browser/forms-check.mjs; docs/evidence/forms-browser-tests.json; docs/RELEASE-0.27-forms.md,Partial supporting evidence only; full acceptance pending
FR-FRM-005,BR-FRM-005,Collection rounds and assignments,P0,R1,PARTIAL,"Build 0.27.0 (PR #73): a collection round pins a published form version, a period, a due date and the expected units; one stable assignment per round and unit is held by an eligible member, reassigned only through assignment.reassign with the previous holder and reason in its revision history, and completed by its holder's submission, after which no second completed visit can be produced (the old holder of a reassigned task cannot respond); round coverage counts expected, assigned, received, missing and unassigned units with a fixed denominator (zero expected is NOT_APPLICABLE). Executed: qualification/test_forms_rounds.py::test_rounds_assignments_my_work_and_coverage. Open: sampling frames, visits, sample replacement with reason, a screen for rounds and assignments.","A supervisor defines a round, eligible frame, form version, dates and expected assignments. Task creation produces one stable assignment per sampled unit and visit. Reassignment changes assignee with history; sample replacement records original and substitute with reason.",No automatic expansion from assigned sample to full registry. Replacement does not erase nonresponse or increase the intended denominator silently.,Reassign a household visit from collector A to B; the old assignment cannot produce an extra eligible completed visit after B submits.,apps/api/impact_api/forms.py; apps/api/impact_api/work.py; infrastructure/migrations/0032_forms_languages_rounds.sql; qualification/test_forms_rounds.py; docs/RELEASE-0.27-forms.md,Partial supporting evidence only; full acceptance pending
FR-FRM-006,BR-FRM-006,Save resume and correction,P0,R1,PARTIAL,"v0.20 saves server drafts of a response and resumes them with the same submission identity and pinned form version; submit validates the response against that version and returns a receipt, turning each bound indicator into a FORM-namespace observation submitted into the existing independent review in the same transaction. Validation text exercised (forms-browser fill-in step: the submit response is dropped and the retry with the same operation identifier resolves to the original receipt and one submission; test_forms.py::test_form_and_submission_access_boundaries for stale revisions and server-owned fields, test_response_drafters_are_authors_of_its_observations, test_bound_form_submit_requires_observation_submit). Not covered: local (browser) drafts and the indication of where a draft was saved beyond the server confirmation, the unsaved-changes warning, confirmation of intended finality as a separate step, a confirmation-pending state distinct from a retry, and returned work starting a linked correction revision (the FORM namespace is reserved and no submission correction exists). Build 0.27.0 (PR #73): returned work is corrected as a new revision of the submission and of each returned observation under the same identity and source key, submitted into a new independent review with the corrector as an author (qualification/test_forms_rounds.py::test_returned_work_is_corrected_as_a_new_revision_under_the_same_review).","The collector may save a local or server draft and sees which occurred. Resume restores the same submission identity and form version. Submit runs validation, confirms intended finality and returns a receipt; returned work starts a linked correction revision.","Repeated taps reuse operation identity. Closing a browser with unsaved changes warns; a server timeout enters confirmation pending, not a new submission.","Interrupt during final submit, reopen and retry; the receipt resolves to one submission and the local draft remains until server acceptance is confirmed.",apps/api/impact_api/forms.py; apps/api/impact_api/forms_contracts.py; apps/web/src/Forms.tsx; infrastructure/migrations/0021_web_forms.sql; qualification/test_forms.py; tools/browser/forms-check.mjs; docs/evidence/forms-browser-tests.json; docs/evidence/application-tests.xml; docs/evidence/native-application-tests.xml; docs/RELEASE-0.20.md; qualification/test_forms_rounds.py; docs/RELEASE-0.27-forms.md,Partial supporting evidence only; full acceptance pending
FR-FRM-007,BR-FRM-007,Media and location evidence,P1,R1,PENDING,No complete implementation and acceptance evidence mapped. Retain the original acceptance criteria; this requirement remains open.,"Media capture displays necessity, consent and size limits before recording. Each attachment has upload progress, safety state and evidence requirement. Optional GPS refusal records unavailable or declined; mandatory justified GPS follows an explicit exception path.",Strip prohibited embedded metadata before approved disclosure while retaining permitted source provenance. Scanning incomplete or unsafe files prevents evidence completeness and approval.,Upload a photo with embedded coordinates while location disclosure is prohibited; the external artifact contains no recoverable coordinate metadata.,,Partial supporting evidence only; full acceptance pending
FR-FRM-008,BR-FRM-008,Respondent and public forms,P1,R2,PENDING,No complete implementation and acceptance evidence mapped. Retain the original acceptance criteria; this requirement remains open.,"Self completion uses a public form or a scoped single response token with notice, expiry and permitted resume behaviour. The form exposes no participant directory. Default token permits one final submission and optional authenticated or token bound draft resume until expiry.",Apply accessible abuse controls and rate limits. Receipt confirms successful submission without returning other respondents' details. Token replay cannot create duplicate results.,Submit once with a token and request a different response ID; replay is idempotent or unavailable and the other response is never shown.,,Partial supporting evidence only; full acceptance pending
FR-FRM-009,BR-FRM-009,Longitudinal and repeat visits,P1,R2,PENDING,No complete implementation and acceptance evidence mapped. Retain the original acceptance criteria; this requirement remains open.,"Repeat visit templates declare entity scope, visit type, baseline reference, expected interval and observation window. Each visit is a separate event. Permitted prior responses may be shown with their date and source, never copied as current answers by default.","Outside-window visits require a reason and an analysis eligibility decision. Missing follow up, withdrawal and death remain distinct from zero outcomes.",Record a baseline and two follow ups for one person; the analysis selects the designated window without counting all three as different participants.,,Partial supporting evidence only; full acceptance pending
FR-FRM-010,BR-FRM-010,Instrument testing and reuse,P1,R1,PENDING,No complete implementation and acceptance evidence mapped. Retain the original acceptance criteria; this requirement remains open.,"Form testing uses synthetic submissions, branch coverage, boundary answers, translations and device previews. Results identify unvisited logic branches and validation failures. Copying a question library pins the selected version and allows permitted local adaptation.",No test submission may enter official datasets or trigger real respondent messages. Publish requires passing mandatory path checks and independent instrument review.,"Exercise two skip branches and one repeat boundary, publish the form and verify all synthetic responses remain outside production counts.",,Partial supporting evidence only; full acceptance pending
FR-OFF-001,BR-OFF-001,Offline task packages,P0,R1,PENDING,No complete implementation and acceptance evidence mapped. Retain the original acceptance criteria; this requirement remains open.,"An authenticated collector selects assigned work to package. Preview lists form versions, minimal reference fields, media size and expiry. The download binds actor, tenant, device workspace and policy version; successful local preparation is confirmed before field departure.",No full project registry download by default. Package renewal needs online policy verification. Expired assignments are excluded even if still visible in an old task list.,Download three assigned households and go offline; the collector can complete those forms but cannot browse a fourth unassigned household.,,Partial supporting evidence only; full acceptance pending
FR-OFF-002,BR-OFF-002,Durable local capture,P0,R1,PENDING,No complete implementation and acceptance evidence mapped. Retain the original acceptance criteria; this requirement remains open.,"Every local save returns a device receipt and safe status. The client persists drafts, stable IDs and attachment references within the qualified device profile. Restart recovery lists recovered work and any incomplete local writes; storage warnings appear before capture becomes unsafe.","A local acknowledgement is not server durability. If secure durable storage cannot be qualified on a client, disable sensitive offline collection and show the supported alternative.","Restart during an attachment save and confirm the saved answers survive, the incomplete file is flagged and no false server received status appears.",,Partial supporting evidence only; full acceptance pending
FR-OFF-003,BR-OFF-003,Idempotent synchronisation,P0,R1,PENDING,No complete implementation and acceptance evidence mapped. Retain the original acceptance criteria; this requirement remains open.,"Sync uploads the submission identity, base revision, form version, grant context and media manifest. The server responds per item with accepted, duplicate, conflict, quarantined or rejected. Media chunks resume independently; final completeness waits for required files and checks.",Retain local receipt until server reconciliation completes. Repeat identical submissions resolve to the same server object even after ordinary interactive operation receipts expire.,Interrupt the same batch five times; each intended submission has one identity and missing media remains visibly incomplete.,,Partial supporting evidence only; full acceptance pending
FR-OFF-004,BR-OFF-004,Conflict handling,P0,R1,PENDING,No complete implementation and acceptance evidence mapped. Retain the original acceptance criteria; this requirement remains open.,"On concurrent edits, the server preserves both candidate revisions and identifies the common base. An authorised resolver compares permitted fields, chooses values or creates a merged revision, supplies reason and resubmits through validation and approval.","No automatic last device wins. Identity duplicates, reassigned tasks and obsolete forms use specific conflict categories; existing approved data is not overwritten.",Two devices alter the same visit and one uses an obsolete form; both candidates remain visible to the resolver with their distinct versions.,,Partial supporting evidence only; full acceptance pending
FR-OFF-005,BR-OFF-005,Device protection and expiry,P0,R1,PENDING,No complete implementation and acceptance evidence mapped. Retain the original acceptance criteria; this requirement remains open.,"Offline unlock requires the qualified local authentication policy. Expiry prevents further protected viewing or capture under that grant; reconnect applies current revocation before accepting new work. Package removal and remote wipe requests report requested, confirmed or unknown outcomes.",Client clock rollback must not extend the verified authority window. Expired or revoked uploads enter restricted quarantine only under an approved recovery policy; they never become approved data automatically.,"Revoke a disconnected collector, advance beyond the grant expiry and reconnect; viewing is blocked locally and uploads are rejected or explicitly quarantined.",,Partial supporting evidence only; full acceptance pending
FR-OFF-006,BR-OFF-006,Shared device operation,P0,R1,PENDING,No complete implementation and acceptance evidence mapped. Retain the original acceptance criteria; this requirement remains open.,Each person uses a distinct protected local workspace. Switching accounts closes the previous workspace and displays its unsynchronised count without exposing content. Handover requires both eligible actors online or a separately qualified secure supervisor procedure.,Never transfer author identity to the next collector. Logout may lock pending work for later recovery; deleting it requires an explicit loss warning and permitted confirmation.,Collector B signs in after A leaves two unsynced forms; B sees neither answers nor participant names and A's authorship remains unchanged.,,Partial supporting evidence only; full acceptance pending
FR-OFF-007,BR-OFF-007,Sync and quality supervisor view,P1,R1,PENDING,No complete implementation and acceptance evidence mapped. Retain the original acceptance criteria; this requirement remains open.,"The supervisor view shows last contact, last reported pending count, package version, expiry, known failures and unresolved conflicts. Each value is timestamped. Supervisors can request follow up or reassignment without claiming knowledge of unseen offline activity.",A disconnected device has unknown current progress. It is not recorded as zero completed or guaranteed wiped. Counts and locations remain within supervisor scope.,"Disconnect a device after it reported two pending forms; the view says two at last contact and unknown current state, not a live count.",,Partial supporting evidence only; full acceptance pending
FR-OFF-008,BR-OFF-008,Constrained connectivity,P0,R1,PENDING,No complete implementation and acceptance evidence mapped. Retain the original acceptance criteria; this requirement remains open.,"Before field departure, clients download approved languages, reference lists and form logic. Manual sync and text first upload are supported; media transfer may be deferred if policy permits. Large downloads require size disclosure and user control.",Do not auto-download large media on constrained connections. Form logic that requires a live external lookup is labelled online only and cannot masquerade as offline capable.,Complete a form under 1 Mbps and intermittent loss; answers persist and permitted delayed media upload does not create a false complete submission.,,Partial supporting evidence only; full acceptance pending
FR-DAT-001,BR-DAT-001,File ingestion,P0,R1,PARTIAL,"v0.21 ingests a bounded tabular file carried in the import batch (CSV text or the first worksheet of an XLSX read with the standard library; at most 192 KiB of content, 500 rows and 500 observations): every cell is read as text, so leading zeros (00123), a 20-digit identifier and a quoted comma are kept exactly and shown raw beside their interpretation; dates are never guessed (03/04/2026 without a declared pattern is EVENT_AT_INVALID, read exactly with DD/MM/YYYY); a formula in a mapped column is quarantined; an unreadable archive or an XML DOCTYPE is refused before parsing (qualification/test_import.py::test_csv_import_preview_commit_review_and_receipts, test_quarantine_duplicates_and_atomic_mode, test_dimension_column_and_xlsx_source). Not covered: encoding, delimiter, sheet and header-row choice, locale-aware numbers, a formula mode other than reject, upload sessions and worker execution for larger files.","The import wizard chooses file, sheet, encoding, delimiter, header row, locale, date pattern and source key. It previews raw and interpreted values side by side before applying conversions. Identifiers default to text; formulas are imported as permitted values or rejected by declared mode.",Ambiguous dates require an explicit pattern. Mixed types produce row errors; leading zeros and long IDs are preserved. File safety checks precede parsing.,"Import 00123, a 20 digit ID, 03/04/2026 and a quoted comma; show each exact interpretation before commit.",apps/api/impact_api/imports.py; apps/api/impact_api/import_contracts.py; infrastructure/migrations/0022_import_quality.sql; qualification/test_import.py; apps/web/src/Imports.tsx; docs/RELEASE-0.21.md; tools/browser/import-check.mjs; docs/evidence/import-browser-tests.json,Partial supporting evidence only; full acceptance pending
FR-DAT-002,BR-DAT-002,Mapping and preview,P0,R1,PARTIAL,"v0.21 maps source columns by header name to active manual indicator instances with role (VALUE, NUMERATOR, DENOMINATOR), stated unit, bounds, dimension columns and declared missing-value tokens, and previews every row before anything is written; a renamed or missing mapped column refuses the whole batch (MAPPING_COLUMN_MISSING) rather than shifting values, unit and role mismatches are refused, dropped columns are listed and an edit discards the staged preview (test_import.py::test_ratio_components_dimensions_and_mapping_refusals, test_csv_import_preview_commit_review_and_receipts, test_quarantine_duplicates_and_atomic_mode). Not covered: versioned, independently reviewed mapping objects (the mapping lives in the batch), transformations and AI-suggested mappings.","A mapping version binds source field identity to destination field, type, unit and transformation. Preview shows unmatched required fields, dropped columns, conversion errors and sample outcomes. AI suggestions remain unchecked proposals until individually accepted or edited.",A renamed or type changed source column requires reviewed remapping; positional column order alone is never stable identity. Preview expires when source or mapping changes.,Reorder columns and rename one numeric field; the system preserves known bindings and pauses the unknown mapping instead of shifting values.,apps/api/impact_api/imports.py; apps/api/impact_api/import_contracts.py; infrastructure/migrations/0022_import_quality.sql; qualification/test_import.py; apps/web/src/Imports.tsx; docs/RELEASE-0.21.md; tools/browser/import-check.mjs; docs/evidence/import-browser-tests.json,Partial supporting evidence only; full acceptance pending
FR-DAT-003,BR-DAT-003,Import mode and identity,P0,R1,PENDING,No complete implementation and acceptance evidence mapped. Retain the original acceptance criteria; this requirement remains open.,"The user selects append, keyed update or controlled replacement and identifies the source namespace and stable key. Preview computes inserts, revisions, unchanged duplicates and removals. Commit records original and resulting revision references for every effect.",Append without reliable keys warns that deduplication cannot establish entity uniqueness. Replacement needs explicit scope and deletion impact approval; absence from a partial file never implies deletion.,"Load a keyed file twice, then revise one row; the second run has no new achievement and the third creates one correction revision.",,Partial supporting evidence only; full acceptance pending
FR-DAT-004,BR-DAT-004,Validation and quarantine,P0,R1,PARTIAL,"v0.21 classifies every staged row ACCEPTED, QUARANTINED with reason codes or DUPLICATE with reconciled counts; an atomic batch commits nothing when any row is not accepted, a partial batch commits exactly its accepted rows, and commit recomputes the staged outcome under the tenant lock and refuses a stale or mismatched preview hash; accepted rows become IMPORT-namespace observations submitted into the existing independent review in the same transaction (test_import.py::test_quarantine_duplicates_and_atomic_mode, test_commit_refuses_a_stale_preview, test_access_tenancy_independence_and_reserved_namespace). Not covered: the accepted-update versus unchanged-duplicate distinction, rejected versus quarantined outcomes, keyed update and controlled replacement (FR-DAT-003), and retrying corrected rows as a linked batch. Build 0.27.0 (PR #68): imported values carry the plannable source key <unit>/<indicator>/<period>, so an approved plan names them in advance and planned imports close the period while unplanned ones still block it until a reviewed amendment names their key (qualification/test_import.py::test_planned_import_units_close_the_period, ::test_unplanned_import_units_still_block_close).","Validation classifies every input row as accepted insert, accepted update, unchanged duplicate, rejected, quarantined or unprocessed. Atomic mode commits no rows if any blocking row fails; partial mode commits eligible items and returns the exact manifest.",Mode is selected before execution. Rejected rows carry safe field errors; raw input remains unchanged. Cancelled jobs identify committed rows and never claim full rollback.,"Load 100 rows with 90 valid, five duplicates and five invalid in partial mode; reconcile all 100 outcomes and retry only the corrected five.",apps/api/impact_api/imports.py; apps/api/impact_api/import_contracts.py; infrastructure/migrations/0022_import_quality.sql; qualification/test_import.py; apps/api/impact_api/application_executor.py; docs/RELEASE-0.28-import-executor.md; apps/web/src/Imports.tsx; docs/RELEASE-0.21.md; tools/browser/import-check.mjs; docs/evidence/import-browser-tests.json; docs/RELEASE-0.27-imports.md,Partial supporting evidence only; full acceptance pending
FR-DAT-005,BR-DAT-005,Immutable raw source,P0,R1,PENDING,No complete implementation and acceptance evidence mapped. Retain the original acceptance criteria; this requirement remains open.,"Receipt records the source file integrity reference, receipt time, source owner and import settings. Raw values are retained under the chosen policy separately from derived values. Lineage resolves a result to source file, sheet or payload and row key.",Raw storage is not an exemption from privacy deletion or retention. Restricted previews inherit source classification and access; original files are not broadly downloadable.,Correct an interpreted date and trace the result back to the unchanged raw text and the mapping version that produced each interpretation.,,Partial supporting evidence only; full acceptance pending
FR-DAT-006,BR-DAT-006,Governed transformations,P1,R1,PENDING,No complete implementation and acceptance evidence mapped. Retain the original acceptance criteria; this requirement remains open.,"Transformation authoring supports bounded recode, derive, filter, join and reshape operations with typed schemas. Preview reports input and output counts, unmatched keys, duplicates and join cardinality. Publishing pins rule and source versions.","R1 joins require declared one to one, one to many or many to one intent; many to many needs explicit reviewed justification. No unrestricted code execution through expressions.","Join one participant to three visits; preview shows three output rows and distinct participant count one, preventing accidental unique reach inflation.",,Partial supporting evidence only; full acceptance pending
FR-DAT-007,BR-DAT-007,Schema drift,P0,R1,PENDING,No complete implementation and acceptance evidence mapped. Retain the original acceptance criteria; this requirement remains open.,"Recurring loads compare the incoming schema with the approved source contract. Added optional fields may be ignored with notice; missing required, renamed, type changed or unit changed fields pause affected processing for review.",Do not treat incompatible text as zero or silently infer a new date locale. Unaffected validated data may proceed only when partial mode was approved.,Change a numerator column from decimal to free text; dependent result freshness becomes failed or stale until a reviewed mapping resolves it.,,Partial supporting evidence only; full acceptance pending
FR-DAT-008,BR-DAT-008,Data catalogue and lineage,P1,R1,PARTIAL,"Decimal SUM and pooled ratios, revision-bound lineage, explicit contributor coverage and stale-result flags are implemented. Hierarchy, stock, overlap, weighting, dimensions and production workload qualification are not implemented.","Catalogue results contain permitted name, owner, purpose, schema, coverage, classification, quality and freshness. Lineage traversal follows authorised source, transformation, result and report dependencies. A user can inspect impact before correction or retirement.",Do not reveal hidden source names or counts through lineage edges. A permitted derivative may show a withheld source reference under its disclosure contract.,Select a stale dataset and identify affected authorised reports without exposing a restricted programme that also consumes the source.,apps/api/impact_api/domain.py; apps/api/impact_api/service.py; qualification/test_measurement.py,Partial supporting evidence only; full acceptance pending
FR-DAT-009,BR-DAT-009,Data editing and amendments,P0,R1,PARTIAL,"Single-stage independent review and governed source/plan/assignment amendments are implemented. Affected provisional result revisions receive durable invalidations and personal recalculation work; current approved inputs produce a replacement revision while old lineage remains immutable. Cross-period aggregates, dashboards, reports, distributed artifacts, bulk amendments, configurable multistage policies and escalation remain open.","An amendment captures object revision, proposed values, reason and scope. Approved source changes retain earlier values where lawful and create a new revision requiring the relevant review. Bulk correction uses itemised preview and outcome receipts.",A user cannot edit calculated actuals through dataset correction. Deletion or minimisation policy may retain only a permitted change marker instead of sensitive before and after values.,"Correct an approved unit from kilograms to tonnes and verify impacted indicators are recalculated under reviewed semantics, with old reports frozen.",apps/api/impact_api/work.py; qualification/test_work_center.py; docs/RELEASE-0.7.md,Partial supporting evidence only; full acceptance pending
FR-DAT-010,BR-DAT-010,Refresh scheduling and freshness,P1,R1,PENDING,No complete implementation and acceptance evidence mapped. Retain the original acceptance criteria; this requirement remains open.,"Each source records cadence, zone, next run, last received, last validated and last approved data times. Schedule changes preview affected runs. Dashboards display the relevant freshness stage rather than equating a successful fetch with usable data.",Missed or failed refresh does not clear the last known result. It labels it stale and links to the authorised failure owner. Overlapping scheduled runs follow one declared checkpoint sequence.,Fetch succeeds but validation fails; source health distinguishes the two and dependent dashboards do not show a fresh approved result.,,Partial supporting evidence only; full acceptance pending
FR-DAT-011,BR-DAT-011,Data exports and portability,P0,R1,PENDING,No complete implementation and acceptance evidence mapped. Retain the original acceptance criteria; this requirement remains open.,"Export selects authorised rows and fields, format and semantic metadata. Include stable IDs, type dictionary, code lists, units, time zone, source versions and value states. Large exports follow job and revocation controls.",Neutralise spreadsheet formula-like text without silently changing its represented meaning; document the safe export encoding. No hidden unselected columns or private raw values in metadata.,Export text beginning with an equals sign and a leading-zero ID; opening the file does not execute a formula and the ID remains text.,,Partial supporting evidence only; full acceptance pending
FR-DAT-012,BR-DAT-012,Data retention and dependency review,P0,R1,PENDING,No complete implementation and acceptance evidence mapped. Retain the original acceptance criteria; this requirement remains open.,"Dataset archival or deletion starts with dependency and retention review. The preview separates live inputs, retained snapshots, indexes, AI references and external disclosures. Execution produces an itemised restriction or deletion manifest with holds and retryable failures.","Do not leave readable orphan artifacts. A lawful retained snapshot is explicitly restricted and labelled, while historical publication may be withdrawn if its continued exposure is no longer permitted.","Delete an eligible source and verify search, AI and generated private exports cannot recover it; held evidence appears only in the authorised hold inventory.",,Partial supporting evidence only; full acceptance pending
FR-DQ-001,BR-DQ-001,Quality rule catalogue,P0,R1,PENDING,No complete implementation and acceptance evidence mapped. Retain the original acceptance criteria; this requirement remains open.,"The quality editor selects rule type, target fields, scope, severity, owner and effective version. Supported checks cover requiredness, uniqueness, range, references, dates, cross field logic and control totals. Preview reports failures against a permitted sample before activation.",Rule updates apply prospectively unless a reviewed revalidation job is requested. A rule cannot read a field outside its authorised processing scope.,Activate a visit date after birth date check and inspect the failing record's exact rule version and safe field message.,,Partial supporting evidence only; full acceptance pending
FR-DQ-002,BR-DQ-002,Blocking and warning behaviour,P0,R1,PENDING,No complete implementation and acceptance evidence mapped. Retain the original acceptance criteria; this requirement remains open.,"A blocking error prevents progression; a review warning requires explicit disposition; informational findings do not block. Exception requests include rule, affected revision, reason, authority and expiry. Revalidation, correction and exception are separate actions.","Dismissing a notification never resolves the underlying issue. Security restrictions, impossible calculations and self approval are nonwaivable.","Attempt approval with a blocking duplicate event; it stays blocked until corrected, while a permitted warning can proceed only with its recorded exception.",,Partial supporting evidence only; full acceptance pending
FR-DQ-003,BR-DQ-003,Duplicate detection,P0,R1,PARTIAL,"v0.21 detects exact duplicates on declared business keys: the same unit twice in one batch (DUPLICATE_IN_BATCH), the same unit, indicator and period already committed by an import, backed by the insert-only import_unit_register (DUPLICATE_UNIT_PERIOD), a form observation for the same unit and indicator in the period (DUPLICATE_SOURCE_KEY), and a duplicate arising between preview and commit (PREVIEW_STALE) (test_import.py::test_quarantine_duplicates_and_atomic_mode, test_commit_refuses_a_stale_preview; the register's fence and insert-only grants natively in test_native_import_unit_register_is_fenced_and_insert_only). Not covered: fuzzy matching, a review decision on a suspected duplicate, merge and unmerge, and comparison with manual observations. Build 0.27.0 (PR #68): duplicate rules unchanged under the new key; a unit imported again in a later period is a new identity (qualification/test_import.py::test_a_unit_imports_again_in_a_later_period_without_colliding).","Exact duplicate detection uses declared business keys. Fuzzy matching generates candidate pairs with permitted evidence and match rationale. A reviewer chooses distinct, merge or further investigation; merge maps source identities to a canonical record and preserves provenance.",Do not merge solely on a shared name. Unmerge or corrective split must restore affected relationships and recalculate counts; source confidentiality survives a merge.,Two participants named Asha remain separate until reviewed evidence supports identity equivalence; a rejected match does not silently reappear as confirmed.,apps/api/impact_api/imports.py; apps/api/impact_api/import_contracts.py; infrastructure/migrations/0022_import_quality.sql; qualification/test_import.py; apps/web/src/Imports.tsx; docs/RELEASE-0.21.md; tools/browser/import-check.mjs; docs/evidence/import-browser-tests.json; docs/RELEASE-0.27-imports.md,Partial supporting evidence only; full acceptance pending
FR-DQ-004,BR-DQ-004,Reconciliation checks,P0,R1,PENDING,No complete implementation and acceptance evidence mapped. Retain the original acceptance criteria; this requirement remains open.,"Reconciliation rules declare the expected equation and category semantics. For exclusive exhaustive breakdowns, compare component sum to total at the stated precision. For overlapping categories, compare distinct entities or use a labelled nonadditive check.",Suppressed values may be evaluated privately but never exposed in public reconciliation detail. Missing components make the check incomplete rather than automatically failed or passed.,A total of ten with exclusive components six and four passes; two overlapping service categories six and seven are not incorrectly required to sum to ten.,,Partial supporting evidence only; full acceptance pending
FR-DQ-005,BR-DQ-005,Quality issue workflow,P0,R1,PENDING,No complete implementation and acceptance evidence mapped. Retain the original acceptance criteria; this requirement remains open.,"A quality issue binds the failing object revision, rule, severity, owner and due time. Correction opens a linked revision; revalidation confirms the new outcome. Closure records evidence, while an unresolved material issue remains attached to dependent results.",Changing owner or marking a comment resolved cannot close the issue. A new recurrence links to prior history without erasing the earlier fix.,Follow a malformed date from import rejection through correction and revalidation; the reporting delay and final accepted revision remain traceable.,,Partial supporting evidence only; full acceptance pending
FR-DQ-006,BR-DQ-006,Completeness and timeliness,P0,R1,PARTIAL,"Manual FLOW measures, independently approved definitions/plans, reviewed obligation exceptions, eligible assignments, reference selection and programme readiness are implemented. Historical expected, required and excepted counts are preserved. Rich planning, reference administration, automated schedules and the other measurement profiles remain open.","The completeness view uses the period's obligation snapshot and distinguishes expected, received, valid, approved, late and excepted. Each percentage exposes numerator and denominator; lateness uses first valid receipt or approval according to the declared metric.",Changing current partner membership cannot rewrite older obligation denominators. Cancelled obligations require approved effective dates and reason.,Retire a partner in July and verify its missing June submission remains counted while no August obligation is created.,apps/api/impact_api/measurement.py; qualification/test_work_center.py; docs/RELEASE-0.7.md,Partial supporting evidence only; full acceptance pending
FR-DQ-007,BR-DQ-007,Anomaly assistance,P1,R2,PARTIAL,"v0.21 flags anomalies as warnings only: a modified z-score (threshold 3.5) against the indicator's 200 most recent approved PRESENT values, evaluated only with at least five values and a non-zero MAD; method, version and evaluated indicators are recorded on the batch, a flagged batch commits only with an explicit acceptance recorded on the batch, and the value is never changed or blocked (test_import.py::test_anomaly_warns_without_blocking). Not covered: suggested-state findings with an owner, confirm/dismiss/defer decisions and feedback, seasonality and period awareness.","An anomaly run records method version, eligible data, comparison window and explanation. Findings enter suggested state with severity and owner. Review can confirm an issue, dismiss with reason or defer; feedback informs later evaluated model changes.",A flag never modifies data or labels a person fraudulent. False positive and missed issue evidence is retained under minimised policy.,"A seasonal spike is flagged, reviewed as expected and retained unchanged; the dismissed suggestion remains distinct from a confirmed quality defect.",apps/api/impact_api/imports.py; apps/api/impact_api/import_contracts.py; infrastructure/migrations/0022_import_quality.sql; qualification/test_import.py; apps/web/src/Imports.tsx; docs/RELEASE-0.21.md; tools/browser/import-check.mjs; docs/evidence/import-browser-tests.json,Partial supporting evidence only; full acceptance pending
FR-DQ-008,BR-DQ-008,Quality disclosure,P0,R1,PENDING,No complete implementation and acceptance evidence mapped. Retain the original acceptance criteria; this requirement remains open.,"Every result carries required quality disclosures from its sources and approval exceptions. Dashboard styling, report templates and AI drafting must preserve material caveats. A disclosure may be shortened only through an approved equivalent wording template.",Do not let authors hide partial coverage by removing a widget or exporting a bare number. Restricted detail may be withheld while the material limitation remains visible.,Generate a report from three of five approved submissions; both chart and narrative export retain partial coverage and 60 percent approval completeness.,,Partial supporting evidence only; full acceptance pending
FR-PAR-001,BR-PAR-001,Optional registries,P1,R1,PENDING,No complete implementation and acceptance evidence mapped. Retain the original acceptance criteria; this requirement remains open.,"Programme setup chooses aggregate-only or registry-enabled mode. Registry configuration selects entity types and necessary attributes. The system issues a programme pseudonym and supports participants, households, groups, institutions, facilities and sites without mandatory national identifiers.",Switching to a registry requires privacy review and field configuration; aggregate-only setup cannot silently create empty personal records. Entity type and relationships are explicit.,Create an aggregate-only education programme and a participant programme; only the latter exposes the configured registry workspace.,,Partial supporting evidence only; full acceptance pending
FR-PAR-002,BR-PAR-002,Purpose limited identity,P0,R1,PENDING,No complete implementation and acceptance evidence mapped. Retain the original acceptance criteria; this requirement remains open.,Direct identity fields use separate capabilities from analytical attributes. Pseudonyms are scoped to the approved programme or matching agreement. Longitudinal joins use those identifiers while hiding names from ordinary analysts.,"Cross project linkage requires a separately approved purpose, matching contract and authority to both scopes. A pseudonym is not a universal public identifier.",An analyst joins two visits for one participant using a pseudonym but cannot resolve the person's name or participation in another programme.,,Partial supporting evidence only; full acceptance pending
FR-PAR-003,BR-PAR-003,Notice consent and lawful handling,P0,R1,PENDING,No complete implementation and acceptance evidence mapped. Retain the original acceptance criteria; this requirement remains open.,"Collection presents the applicable notice and records version, language, purpose, handling basis, recorder and consent decision where relevant. Optional purposes such as photography are independently selected. Withdrawal updates only the affected permitted uses and triggers downstream review.","Refusal of optional media must not block a service record unless policy justifies that dependency. Consent is not assumed to authorise research, model training or public disclosure.",Withdraw public image permission while retaining lawful service monitoring; photo publication is blocked and eligible analytic observations remain governed by their own basis.,,Partial supporting evidence only; full acceptance pending
FR-PAR-004,BR-PAR-004,Service and participation events,P1,R1,PENDING,No complete implementation and acceptance evidence mapped. Retain the original acceptance criteria; this requirement remains open.,"A service event captures stable event identity, subject, event type, date, provider or site and evidence. Corrections create revisions. Reporting selects event counts or distinct subjects according to the indicator definition.",Repeated ingestion of the same event does not add another visit. Cancellation or reversal is explicit and cannot silently remove the original receipt.,Record three distinct visits for one participant; service count is three and approved unique person count is one.,,Partial supporting evidence only; full acceptance pending
FR-PAR-005,BR-PAR-005,Household and group membership,P1,R2,PENDING,No complete implementation and acceptance evidence mapped. Retain the original acceptance criteria; this requirement remains open.,"Household or group membership records entity pair, role, effective start and optional end. A change closes the old interval and opens a new one after overlap validation. Survey submissions pin the relevant relationship version.",A guardian field has separate sensitivity and purpose controls. Current membership is not retrospectively applied to historic surveys.,Move a person from household A to B on 1 June; May observations retain A and July observations resolve to B.,,Partial supporting evidence only; full acceptance pending
FR-PAR-006,BR-PAR-006,Cohorts and follow up,P1,R2,PENDING,No complete implementation and acceptance evidence mapped. Retain the original acceptance criteria; this requirement remains open.,"Cohort creation pins eligibility rules, index date, observation windows and denominator policy. Follow up outcomes record completed, missing, withdrawn, ineligible, deceased or lost to follow up where appropriate. Analysis displays exclusions and their reasons.",Denominator changes require an approved rule; missing follow up is not successful treatment. An outside-window observation is separately flagged and cannot silently substitute for the intended visit.,"Ten enrolled participants with two missing follow ups produce the declared denominator and explicit attrition, not eight automatically successful outcomes.",,Partial supporting evidence only; full acceptance pending
FR-PAR-007,BR-PAR-007,Safeguarding and vulnerable people,P0,R1,PENDING,No complete implementation and acceptance evidence mapped. Retain the original acceptance criteria; this requirement remains open.,"Sensitive programme setup selects guardian and notice rules, safe contact channels, restricted fields and evidence policy. A safeguarding concern creates a restricted case with minimal reference in ordinary workspaces and routes only to designated staff.","Do not put the concern narrative, precise location or child's identity in general notifications. Ordinary programme membership does not imply safeguarding access.",An enumerator flags a concern; only the assigned safeguarding officer can open its content while the manager sees a restricted follow up status.,,Partial supporting evidence only; full acceptance pending
FR-PAR-008,BR-PAR-008,Participant requests and corrections,P0,R1,PENDING,No complete implementation and acceptance evidence mapped. Retain the original acceptance criteria; this requirement remains open.,"A verified correction request identifies the subject through permitted evidence and opens a scoped case. The reviewer resolves wrong identity, attribute correction, restriction or merge and previews downstream effects before application.",Do not expose household members' information during verification or response. Corrections preserve minimal attribution while deleting disallowed personal values where required.,Correct a wrongly linked visit and recalculate both participants' histories without retaining the erroneous private association in ordinary views.,,Partial supporting evidence only; full acceptance pending
FR-EVD-001,BR-EVD-001,Evidence repository,P0,R1,PARTIAL,"v0.22 stores evidence files in a private, content-addressed object store that is never served directly, backs evidence draft revisions by a CLEAN upload or an https reference with server-owned file name, type, size and digest, records citations of exact evidence revisions from observation and calculated-result revisions in the insert-only evidence_attachment register, and serves content only through a mediated, re-authorised, audited download (qualification/test_evidence.py::test_upload_scan_evidence_version_citation_and_mediated_download exercises FT-EVD-001: version 1 is attached to an observation, version 2 is uploaded, and the observation still cites and serves version 1; test_attach_to_calculated_result_and_attachment_rules; test_access_is_capability_owner_and_tenant_bound; the registers natively in test_native_evidence_registers_are_fenced_and_insert_only). QA 2026-10 degradation adds that a full or unavailable object store fails cleanly: uploads answer 503 OBJECT_STORE_FULL or OBJECT_STORE_UNAVAILABLE with no blob row, object or temporary file, and a download of a CLEAN object whose bytes cannot be read answers 503 with none of its bytes and no access row, the verdict staying CLEAN (qualification/test_native_degradation.py::test_object_store_full_or_unreadable_fails_cleanly_and_downloads_fail_closed; test_evidence_unit.py::test_store_failures_are_bounded_reason_codes_and_leave_no_partial_object). Not covered: sensitivity and retention, verification and dispute, repository search, annotations, links to findings and decisions, external-reference checking, an S3-compatible backend and a backup of the object volume.","Evidence upload collects type, source, date, owner, sensitivity and retention, then receives a safety status. Users link specific evidence versions to permitted results, findings and decisions. Repository search exposes only authorised metadata and content.","A source URL remains an external reference with last checked status, not an archived guarantee. Replacing a file creates a new version; it never overwrites a published citation.","Link version 1 of a survey to an achievement, upload version 2 and verify the earlier achievement still cites version 1.",apps/api/impact_api/object_store.py; apps/api/impact_api/content_safety.py; apps/api/impact_api/evidence.py; apps/api/impact_api/evidence_contracts.py; infrastructure/migrations/0023_evidence_objects.sql; qualification/test_evidence.py; qualification/test_evidence_unit.py; apps/web/src/Evidence.tsx; docs/RELEASE-0.22.md; tools/browser/evidence-check.mjs; docs/evidence/evidence-browser-tests.json; qualification/test_native_degradation.py; docs/QA-DEGRADATION-2026-10.md,Partial supporting evidence only; full acceptance pending
FR-EVD-002,BR-EVD-002,Evidence verification and provenance,P0,R1,PENDING,No complete implementation and acceptance evidence mapped. Retain the original acceptance criteria; this requirement remains open.,"Verification records reviewer, method, source checks, limitations and verified or disputed status. The system displays integrity identity separately from authenticity. A dispute identifies every dependent claim and initiates review tasks.",A passed malware scan or file hash cannot establish truth. Mandatory evidence with unresolved dispute blocks unqualified publication.,Mark a previously verified attendance sheet disputed; affected unpublished claims require resolution while published reports enter correction review.,,Partial supporting evidence only; full acceptance pending
FR-EVD-003,BR-EVD-003,Search and knowledge retrieval,P1,R1,PENDING,No complete implementation and acceptance evidence mapped. Retain the original acceptance criteria; this requirement remains open.,"Search applies permission and purpose filters before result counts and snippets. Indexed text records source version and extraction status. Filters include source, type, date and permitted classification; unsupported content shows metadata only.","Revocation and deletion remove access to index, snippets, suggested queries and AI retrieval. Unauthorised documents do not contribute visible counts or facets.","Search a phrase present only in a restricted report; an unprivileged user receives no matching snippet, citation or revealing count.",,Partial supporting evidence only; full acceptance pending
FR-EVD-004,BR-EVD-004,Document versioning and annotations,P1,R1,PENDING,No complete implementation and acceptance evidence mapped. Retain the original acceptance criteria; this requirement remains open.,"Annotations reference a specific document version and a stable page, section, timestamp or excerpt anchor. A new version may offer reviewed anchor migration with ambiguity flags. Comment edits retain author and permitted history.","If an anchor cannot be matched, mark it unresolved rather than attaching it to a similar passage. Published citations remain pinned to their original version.",Replace a report where pages shift; the old published citation still resolves to the old page and a new annotation requires verified remapping.,,Partial supporting evidence only; full acceptance pending
FR-EVD-005,BR-EVD-005,Qualitative coding,P1,R2,PENDING,No complete implementation and acceptance evidence mapped. Retain the original acceptance criteria; this requirement remains open.,"A codebook defines stable codes, meanings, inclusion and exclusion examples and version. Each coder independently assigns excerpts and memos. Comparison shows disagreement and an adjudicator records the final interpretation while preserving individual decisions.",Do not calculate agreement using unmatched units or claim consensus from overwriting a coder's work. Excerpts and themes inherit source restrictions.,Two coders label the same transcript differently; both assignments remain and the adjudication records its rationale and codebook version.,,Partial supporting evidence only; full acceptance pending
FR-EVD-006,BR-EVD-006,Transcription and translation,P1,R2,PENDING,No complete implementation and acceptance evidence mapped. Retain the original acceptance criteria; this requirement remains open.,"A processing request selects recording, approved destination, language and permitted task. Generated transcript or translation is a new labelled artifact linked to original offsets. Users correct segments and retain original automated output according to policy.","Uncertain speakers or timings are marked unknown, not invented. Sensitive recordings cannot fall back to an unapproved provider. Quotation use requires review of the original meaning.",Correct a translated phrase at minute 03:12 and verify a report quotation resolves to the corrected segment and original recording.,,Partial supporting evidence only; full acceptance pending
FR-EVD-007,BR-EVD-007,Quotations and disclosure,P0,R1,PENDING,No complete implementation and acceptance evidence mapped. Retain the original acceptance criteria; this requirement remains open.,"External quotation or story preparation checks source permission, intended audience, consent scope and identifiers. Redaction produces a separate artifact, removes hidden text and metadata, and requires preview before disclosure approval.",A black rectangle over text is not sufficient redaction. Source citations may be retained privately while public references omit identifying detail.,"Export a case story with an approved quote and verify copied text, metadata and embedded files cannot reveal the redacted participant identity.",,Partial supporting evidence only; full acceptance pending
FR-EVD-008,BR-EVD-008,Findings and triangulation,P1,R2,PENDING,No complete implementation and acceptance evidence mapped. Retain the original acceptance criteria; this requirement remains open.,"A finding records statement, method, supporting and contradictory evidence, confidence rationale, limitations and reviewer. Editing the interpretation creates a version and shows the changed evidence set.",AI confidence is not a substitute for evidential judgement. A finding can remain contested; publication must preserve material contradictory evidence or disclose its limitation.,Survey evidence improves while interviews describe harm; the reviewed finding retains both sources and distinguishes observation from interpretation.,,Partial supporting evidence only; full acceptance pending
FR-EVA-001,BR-EVA-001,Evaluation registry,P1,R2,PENDING,No complete implementation and acceptance evidence mapped. Retain the original acceptance criteria; this requirement remains open.,"Evaluation registration captures questions, study design, programme baseline, period, evaluator, independence, ethics requirements, budget and deliverables. Stage gates check required methodological and policy documents before field collection or publication.",A study marked independent must identify its basis; self declaration is not automatically verified. Evaluation registration alone does not approve sensitive processing.,"Create baseline, midline and endline studies for one programme and verify each keeps its own method and observation period.",,Partial supporting evidence only; full acceptance pending
FR-EVA-002,BR-EVA-002,Sampling and methodological metadata,P1,R2,PENDING,No complete implementation and acceptance evidence mapped. Retain the original acceptance criteria; this requirement remains open.,"The methodology record versions sampling frame, eligibility, assignment, weights, nonresponse rules and analysis plan. Amendments identify when changes occurred relative to data inspection and require review.",Population estimates require an explicit valid expansion method; a sample count cannot be relabelled as all beneficiaries. Missing weights block weighted output rather than defaulting to one silently.,Export a stratified sample with weights and nonresponse metadata and reproduce the declared eligible denominator.,,Partial supporting evidence only; full acceptance pending
FR-EVA-003,BR-EVA-003,Analysis packages,P1,R2,PENDING,No complete implementation and acceptance evidence mapped. Retain the original acceptance criteria; this requirement remains open.,"An analyst creates a frozen extract with selected variables, filters, approved sources, dictionary and integrity manifest. Reviewed scripts and notebooks can be attached as evidence. Results reference the extract and method versions.","Ordinary uploads do not execute code in the product. Analysis access and export require separate capabilities, and later live corrections do not alter the extract.",Reproduce a submitted result using the pinned extract after live records change; the original analysis remains reconcilable.,,Partial supporting evidence only; full acceptance pending
FR-EVA-004,BR-EVA-004,Causal claims and uncertainty,P0,R1,PENDING,No complete implementation and acceptance evidence mapped. Retain the original acceptance criteria; this requirement remains open.,"Every finding or report claim selects observed change, association, contribution or causal claim. A causal claim requires an approved method reference and an independent reviewer judgement. AI drafting reads this claim classification and carries uncertainty.",A trend or before-after difference alone cannot automatically populate a causal attribution statement. Unsupported language is flagged during report review.,Ask why an outcome increased after launch; the response describes observed change and evidence limits unless a reviewed evaluation supports attribution.,,Partial supporting evidence only; full acceptance pending
FR-EVA-005,BR-EVA-005,Outcome harvesting and contribution,P2,R3,PENDING,No complete implementation and acceptance evidence mapped. Retain the original acceptance criteria; this requirement remains open.,"Outcome harvesting records observed change, significance, timing, actors, contribution hypothesis, independent substantiation and dissenting views. Review separates the observed outcome from each organisation's contribution claim.",Multiple contributors may be recorded without forcing shares that total 100 percent. Unsubstantiated claims remain proposed and cannot be published as established causation.,Two organisations claim contribution to one policy change; the approved narrative identifies both and the limits of attribution.,,Partial supporting evidence only; full acceptance pending
FR-EVA-006,BR-EVA-006,Learning agenda,P1,R2,PENDING,No complete implementation and acceptance evidence mapped. Retain the original acceptance criteria; this requirement remains open.,"A learning question links to strategic decisions, evidence gaps, planned inquiry, owner and review date. Evidence and conclusions are versioned. Closing records what was learned and remaining uncertainty; reopening preserves prior reasoning.",A question answered in one context is not automatically applicable elsewhere. Restricted evidence is not copied into a broad learning summary without disclosure review.,"Link a programme redesign decision to a learning question, three sources and one unresolved assumption requiring a follow up study.",,Partial supporting evidence only; full acceptance pending
FR-EVA-007,BR-EVA-007,Management responses and actions,P1,R2,PENDING,No complete implementation and acceptance evidence mapped. Retain the original acceptance criteria; this requirement remains open.,"Each recommendation receives accept, partially accept or reject with reason. Accepted elements create actions with owners, due dates and required completion evidence. Review separates action completion from evidence of changed outcomes.",Overdue actions escalate without automatic closure. A rejected recommendation remains visible with its accountable response.,"Accept a training recommendation, complete training evidence and leave outcome improvement pending until follow up measurements support it.",,Partial supporting evidence only; full acceptance pending
FR-EVA-008,BR-EVA-008,Institutional learning library,P2,R3,PENDING,No complete implementation and acceptance evidence mapped. Retain the original acceptance criteria; this requirement remains open.,"A curator publishes a lesson with source context, method, applicability, limitations, owner, review date and allowed reuse. New programmes reference the lesson and record adaptation assumptions.",Cross tenant sharing requires approved licensing and disclosure. Reusing a lesson does not copy restricted interviews or imply identical effectiveness.,Apply a rural implementation lesson in an urban programme and record the contextual differences while the underlying confidential transcripts remain inaccessible.,,Partial supporting evidence only; full acceptance pending
FR-WFL-001,BR-WFL-001,Configurable approvals,P0,R1,PARTIAL,"Single-stage independent review and governed source/plan/assignment amendments are implemented. Affected provisional result revisions receive durable invalidations and personal recalculation work; current approved inputs produce a replacement revision while old lineage remains immutable. Cross-period aggregates, dashboards, reports, distributed artifacts, bulk amendments, configurable multistage policies and escalation remain open.","The workflow designer defines object type, sequential or parallel stages, reviewer eligibility, mandatory reviewers, quorum, thresholds and deadlines. Publishing pins a workflow version. New instances use it; running instances complete on their original version unless explicitly migrated.",At least one independent reviewer remains required. Migration invalidates affected decisions and shows impact; a quorum cannot bypass a mandatory privacy or security review.,Change a two-stage review while one candidate is underway; it retains its original route unless an authorised migration restarts the affected stages.,apps/api/impact_api/work.py; qualification/test_work_center.py; docs/RELEASE-0.7.md,Partial supporting evidence only; full acceptance pending
FR-WFL-002,BR-WFL-002,Reviewer independence and authority,P0,R1,PARTIAL,"Single-stage independent review and governed source/plan/assignment amendments are implemented. Affected provisional result revisions receive durable invalidations and personal recalculation work; current approved inputs produce a replacement revision while old lineage remains immutable. Cross-period aggregates, dashboards, reports, distributed artifacts, bulk amendments, configurable multistage policies and escalation remain open.","The review screen loads the immutable candidate, change summary and evidence. Approve submits candidate revision and current reviewer identity. Commit rechecks membership, scope, independence, assurance and workflow stage.",Stale candidate or changed evidence invalidates the decision attempt. Editing content as reviewer creates a new authored revision and removes eligibility for independent approval of that revision.,Change a submission after the reviewer opens it; their old approve command fails and requires fresh review.,apps/api/impact_api/work.py; qualification/test_work_center.py; docs/RELEASE-0.7.md,Partial supporting evidence only; full acceptance pending
FR-WFL-003,BR-WFL-003,Return reject and resubmit,P0,R1,PARTIAL,"Single-stage independent review and governed source/plan/assignment amendments are implemented. Affected provisional result revisions receive durable invalidations and personal recalculation work; current approved inputs produce a replacement revision while old lineage remains immutable. Cross-period aggregates, dashboards, reports, distributed artifacts, bulk amendments, configurable multistage policies and escalation remain open.",Return requires actionable comments tied to fields or issues. Reject requires policy permitted final disposition and reason. Resubmission creates a new candidate version with a comparison to the returned one and a fresh decision sequence.,Previous approvals remain historical but do not satisfy the new candidate unless the workflow explicitly revalidates unchanged independent stages under a qualified rule.,"Complete two correction cycles and inspect distinct reasons, revisions, authors and decision times for each.",apps/api/impact_api/work.py; qualification/test_work_center.py; docs/RELEASE-0.7.md,Partial supporting evidence only; full acceptance pending
FR-WFL-004,BR-WFL-004,Delegation escalation and absence,P1,R1,PARTIAL,"Single-stage independent review and governed source/plan/assignment amendments are implemented. Affected provisional result revisions receive durable invalidations and personal recalculation work; current approved inputs produce a replacement revision while old lineage remains immutable. Cross-period aggregates, dashboards, reports, distributed artifacts, bulk amendments, configurable multistage policies and escalation remain open.","Delegation specifies scope, start, end, delegate and reason. The system verifies eligibility and independence before routing work. Escalation goes to a named backup or manager when a deadline passes or reviewer departs.","A delegate cannot approve the delegator's own authored change if independence is lost. No eligible replacement produces Blocked and a management task, never automatic approval.",Remove the only assigned reviewer during close; an eligible backup is selected with attribution and the original reviewer receives no new protected task.,apps/api/impact_api/work.py; qualification/test_work_center.py; docs/RELEASE-0.7.md,Partial supporting evidence only; full acceptance pending
FR-WFL-005,BR-WFL-005,Comments mentions and discussions,P1,R1,PENDING,No complete implementation and acceptance evidence mapped. Retain the original acceptance criteria; this requirement remains open.,Threads attach to an object version or field reference. Mention suggestions contain only eligible collaborators. A notification links to the object and uses minimal permitted text; opening rechecks access. Edits and removal retain permitted moderation history.,Do not quote restricted fields into a broader thread. Resolving a thread does not resolve a quality issue or approve a record.,Mention an external viewer in a restricted evidence discussion; the system prevents disclosure through both the mention list and outgoing notification.,,Partial supporting evidence only; full acceptance pending
FR-WFL-006,BR-WFL-006,Task and notification centre,P1,R1,PARTIAL,"A personal work centre implements deduplicated recalculation assignments and safe in-app notices with event identity, acknowledgement and exact-retry protection. v0.16 adds per-recipient delivery status: every notice records an IN_APP delivery intent that the worker delivers exactly once (fenced SENT, one notification_delivery row and a consumer receipt in one transaction; the notice gains delivered_at beside acknowledged_at), a notice for a recipient who is no longer active is SUPERSEDED rather than delivered, and delegated-authority expiry reminders (14 and 3 days) are created once per principal, expiry instant and threshold however often the scan runs (qualification/test_worker.py). Due obligations, returned work, channel preferences, digests, email or push delivery of notices, muting rules for mandatory security notices, failed-delivery remediation flags and escalations remain open. Build 0.27.0 (PR #69): STARTTLS with certificate verification and AUTH PLAIN/LOGIN qualified against an in-process TLS server, credentials only after the upgrade, no clear-text fallback, and email claims deferred by per-window rate limits without spending attempts (qualification/test_email_readiness_unit.py, qualification/test_email_readiness.py). No real provider was contacted.","The work centre consolidates assignments, returned work, due obligations and security notices. Users may choose permitted channels and digests; deadlines and escalations follow FD12. Every notification has an event identity and per recipient delivery status.",Retries do not generate duplicate logical reminders. Mandatory security notices cannot be muted. Failed delivery flags contact remediation without revealing content to unverified alternatives.,"Retry one overdue reminder after provider timeout; one logical notice and traceable attempts remain, with no duplicate task creation.",apps/api/impact_api/work.py; apps/web/src/WorkCenter.tsx; docs/RELEASE-0.7.md; apps/api/impact_api/worker.py; qualification/test_worker.py; docs/RELEASE-0.16.md; apps/api/impact_api/mail_rate.py; qualification/test_email_readiness_unit.py; qualification/test_email_readiness.py; deploy/mail_check.py; docs/RELEASE-0.27-email.md,Partial supporting evidence only; full acceptance pending
FR-WFL-007,BR-WFL-007,Period close and lock,P0,R1,PARTIAL,"Programme-period close previews pin plans, sources and provisional results; independently reviewed exclusions remain visible but do not block required completion. Approval creates official results and an immutable versioned snapshot. Scoped, time-bounded restatement preserves and supersedes the original. Optional-late-source policy, distributed-artifact impact and multi-period downstream regeneration remain open.","Close preview freezes the expected obligation set and lists approved values, missing work, quality blockers and proposed exclusions. An independent decision locks a snapshot only after all required checks pass and source revisions remain unchanged.","If inputs change between preview and lock, require a new preview. Late data remains outside the snapshot; ordinary editing cannot alter locked results.","Lock a quarter with three approved mandatory obligations, then receive a late optional record; the snapshot stays fixed and current views label the new data separately.",apps/api/impact_api/period_governance.py; qualification/test_period_governance.py; docs/RELEASE-0.5.md,Partial supporting evidence only; full acceptance pending
FR-WFL-008,BR-WFL-008,Reopen and restate,P0,R1,PARTIAL,"Programme-period close previews pin plans, sources and provisional results; independently reviewed exclusions remain visible but do not block required completion. Approval creates official results and an immutable versioned snapshot. Scoped, time-bounded restatement preserves and supersedes the original. Optional-late-source policy, distributed-artifact impact and multi-period downstream regeneration remain open.","Restatement starts from a locked snapshot and specifies correction reason, changed sources, affected totals and previously distributed artifacts. Review compares old and proposed new snapshots. Approval creates a new locked version and correction notices for eligible recipients.",Original snapshot and report are not overwritten. Reopening for correction is scoped and time bounded; subsequent annual totals must identify which quarter version they use.,Restate Q1 and regenerate year-to-date; old Q1 remains available as superseded and the annual package points to the new approved version.,apps/api/impact_api/period_governance.py; qualification/test_period_governance.py; docs/RELEASE-0.5.md,Partial supporting evidence only; full acceptance pending
FR-WFL-009,BR-WFL-009,Automation rules,P1,R2,PENDING,No complete implementation and acceptance evidence mapped. Retain the original acceptance criteria; this requirement remains open.,"An automation rule declares event trigger, conditions, bounded action, owner, scope and retry policy. Preview runs against synthetic or permitted sample events. Executions record input event and action receipts, with loop depth and frequency limits.","Automation cannot approve its own generated objects, publish without approval or expand permissions. Disable stops future actions and identifies already committed ones.",Create an overdue reminder rule that triggers a task update; repeated events produce one task and cannot recursively create unlimited reminders.,,Partial supporting evidence only; full acceptance pending
FR-WFL-010,BR-WFL-010,Decisions and signoff,P0,R1,PARTIAL,"Single-stage independent review and governed source/plan/assignment amendments are implemented. Affected provisional result revisions receive durable invalidations and personal recalculation work; current approved inputs produce a replacement revision while old lineage remains immutable. Cross-period aggregates, dashboards, reports, distributed artifacts, bulk amendments, configurable multistage policies and escalation remain open.","Signoff records real identity, acting capacity, current authority, candidate version, decision, time and evidence. The approval history is exportable within scope. Delegation and emergency context are included explicitly.",The UI labels ordinary approval as an accountable product decision. Legally recognised electronic signature claims require a separately qualified integration and approved contract.,Export the decisions for one report and identify the exact candidate approved by each reviewer without attributing a signature standard the product has not qualified.,apps/api/impact_api/work.py; qualification/test_work_center.py; docs/RELEASE-0.7.md,Partial supporting evidence only; full acceptance pending
FR-ANA-001,BR-ANA-001,Dashboard authoring,P1,R1,PENDING,No complete implementation and acceptance evidence mapped. Retain the original acceptance criteria; this requirement remains open.,"Dashboard authoring selects permitted metric, table, trend, target, narrative and evidence widgets. Each widget declares binding, view mode, period, dimensions and disclosure context. Preview renders desktop, mobile and an accessible tabular alternative before publication.",Changing layout cannot hide required quality context. Unsupported or revoked bindings show unavailable rather than a stale private value. A dashboard copy begins as a private draft.,"Build a ten-widget dashboard, open it at mobile width and verify each chart has a readable labelled equivalent with identical values.",,Partial supporting evidence only; full acceptance pending
FR-ANA-002,BR-ANA-002,Filters and drill down,P0,R1,PARTIAL,"Build 0.27.0 (v0.27 reports and dashboards slice, PR #71): a dashboard card drills down to the period's source observations of its indicator as the reader may see them, each with its disposition in the shown calculation (INCLUDED or EXCLUDED with the reason from lineage, NOT_IN_RESULT, changed since calculation), signed cursors, no total; when the reader cannot see every source row the set is PARTIAL and withheld rows are neither listed nor counted, so drilling cannot reveal hidden source counts. Executed: qualification/test_dashboards.py::test_drilldown_lists_the_sources_behind_the_shown_value_with_their_disposition, ::test_drilldown_withholds_hidden_rows_and_says_so, tools/browser/dashboard-check.mjs. Open: filters with visible applicability, hierarchy levels and approved disclosure slices, saved views with pinned definitions, the partner-slice acceptance case.",Filters show their current values and affect only declared compatible widgets. Drill down follows permitted hierarchy levels and approved disclosure slices. Saved views pin definitions or display a reviewed migration notice when a binding changes.,Filtering cannot reveal suppressed cells or hidden source counts. A filter that is not applicable to a widget is visibly identified rather than silently ignored.,Select partner A and drill to programme data; a restricted participant level remains unavailable and the summary does not leak partner B through totals.,apps/api/impact_api/dashboards.py; apps/api/impact_api/dashboard_contracts.py; apps/web/src/Dashboards.tsx; qualification/test_dashboards.py; tools/browser/dashboard-check.mjs; docs/evidence/dashboard-browser-tests.json; docs/RELEASE-0.27-reports-dashboards.md,Partial supporting evidence only; full acceptance pending
FR-ANA-003,BR-ANA-003,Actual target and baseline views,P0,R1,PARTIAL,"v0.18 implements one comparison view, the targets-versus-actuals table (GET /programmes/{id}/targets-vs-actuals and the Targets vs actuals tab), binding the actual, the baseline and the selected target revision with its direction, basis (original or revised), binding version and period; the actual's source is shown (OFFICIAL only from the programme's own locked snapshot, PROVISIONAL from its own calculations) and overachievement stays visible. Validation and acceptance exercised (test_planning_unit.py::test_zero_target_and_zero_baseline_are_undefined_not_divided, test_negative_baseline_has_no_percentage_change, test_lower_target_reports_signed_deviation_without_inverting_success; test_planning.py::test_targets_baselines_milestones_and_provisional_progress, test_period_close_pins_targets_and_uses_official_result): a zero or negative baseline gives an Undefined percentage change (NON_POSITIVE_BASELINE), never an infinite trend, and a lower-is-better target of 10 with actual 8 shows ACHIEVED and the declared deviation without inverting success. v0.24 adds the dashboard comparison: the target pinned by the snapshot, status against the official value naming which value it compared (compared_with), a zero-baseline axis in the trend chart and an Undefined status for a zero target or an UNDEFINED result (test_dashboards.py::test_official_pooled_ratio_from_the_programme_snapshot, test_undefined_result_is_never_zero). Not covered: widgets and configurable axis scales, cumulative curves (no cumulative target exists, so the cumulative-to-flow conversion rule is untested), revised-target labelling on charts beyond the basis text, and time semantics beyond one period. Build 0.27.0: bands beside the status in targets versus actuals (PR #70; qualification/test_planning.py::test_period_close_pins_targets_and_uses_official_result) and a portfolio view in which official values stay programme-bound (PR #71; tools/browser/dashboard-check.mjs).","Comparison widgets bind actual, baseline and selected target version with direction and time semantic. Labels identify original or revised target and applicable period. Axis scales and percentage calculations are explicit; overachievement remains visible.","A cumulative curve cannot be compared to a monthly flow target without an approved conversion. Zero baseline percentage change produces undefined, not an infinite trend.",Display lower-is-better target ten with actual eight and show the correct status and declared deviation without an inverted success interpretation.,apps/api/impact_api/planning.py; apps/api/impact_api/planning_contracts.py; qualification/test_planning.py; qualification/test_planning_unit.py; apps/web/src/Planning.tsx; tools/browser/planning-check.mjs; docs/evidence/planning-browser-tests.json; docs/evidence/application-tests.xml; docs/RELEASE-0.18.md; apps/api/impact_api/dashboards.py; apps/api/impact_api/dashboard_contracts.py; qualification/test_dashboards.py; apps/web/src/Dashboards.tsx; tools/browser/dashboard-check.mjs; docs/evidence/dashboard-browser-tests.json; docs/RELEASE-0.24.md; apps/web/src/Portfolio.tsx; docs/RELEASE-0.27-reports-dashboards.md,Partial supporting evidence only; full acceptance pending
FR-ANA-004,BR-ANA-004,Freshness and approval context,P0,R1,PARTIAL,"Calculated results carry lineage, coverage and stale flags (v0.7, v0.19). v0.24 adds a read-only programme dashboard and indicator series in which every value distinguishes OFFICIAL (only from this programme's locked snapshot) from PROVISIONAL, exposes lock time, calculation times, last source change and coverage from the period's obligation set (zero required is not applicable, never 100 percent), and stays marked stale under a stated rule until recalculated or re-closed; a read never makes a value fresh (qualification/test_dashboards.py::test_provisional_to_official_and_freshness_transitions, test_official_pooled_ratio_from_the_programme_snapshot, test_coverage_with_no_required_obligation_is_not_applicable; dashboard-browser check). Not covered: export with embedded context (FT-ANA-004's export half), external source refresh state (no connectors exist), dashboard authoring and saved dashboards. Build 0.27.0 (PR #71): the portfolio pools the official value across programmes from stored components only (tools/browser/dashboard-check.mjs; qualification/test_dashboards.py).","Every result widget distinguishes live approved, provisional or snapshot. Its context exposes last source success, approval cutoff, calculation time and coverage. A report or image export embeds a concise version of material context.",A successful dashboard fetch does not make the source fresh. Provisional content remains labelled even if other widgets are approved.,Fail a source refresh and export the dashboard; the exported result remains marked stale with the last valid data time.,apps/api/impact_api/domain.py; apps/api/impact_api/service.py; qualification/test_measurement.py; apps/api/impact_api/dashboards.py; apps/api/impact_api/dashboard_contracts.py; qualification/test_dashboards.py; apps/web/src/Dashboards.tsx; tools/browser/dashboard-check.mjs; docs/evidence/dashboard-browser-tests.json; docs/RELEASE-0.24.md; apps/web/src/Portfolio.tsx; docs/RELEASE-0.27-reports-dashboards.md,Partial supporting evidence only; full acceptance pending
FR-ANA-005,BR-ANA-005,Table analysis and pivots,P1,R2,PENDING,No complete implementation and acceptance evidence mapped. Retain the original acceptance criteria; this requirement remains open.,"Pivot authoring selects dimensions, measures and compatible aggregation functions. Preview estimates cardinality and routes large requests to cancellable jobs. Grand totals are recalculated from eligible source semantics rather than summed from displayed rounded or overlapping cells.",Suppressed cells and nonadditive dimensions retain their disclosure policy. An unsupported statistic blocks the pivot or requires a distinctly labelled alternative.,"Pivot participants by a multiselect service type; category totals may exceed the distinct grand total, and that difference is explained.",,Partial supporting evidence only; full acceptance pending
FR-ANA-006,BR-ANA-006,Geographic analysis,P1,R2,PENDING,No complete implementation and acceptance evidence mapped. Retain the original acceptance criteria; this requirement remains open.,"Map configuration selects boundary version, authorised point or aggregate layer, period, legend and missingness treatment. External maps use approved geographic granularity. Every map offers an equivalent sortable table.","Precise coordinates cannot hide in tooltips, downloads or map request payloads when only district aggregates are allowed. Boundary mismatch is visible.",Publish a district view of vulnerable participants and inspect the permitted payload: no household coordinate is disclosed.,,Partial supporting evidence only; full acceptance pending
FR-ANA-007,BR-ANA-007,Portfolio comparison,P1,R1,PENDING,"PENDING. Related build 0.27.0 evidence (PR #71): a portfolio read of one indicator definition across the tenant's visible programmes for one period, OFFICIAL values from each programme's own snapshot, grouped by definition revision, pooled totals only for SUM, COUNT and POOLED_RATIO from stored components (51/110 + 8/10 = 59/120, never a mean of percentages; zero denominator UNDEFINED), withheld for partial scope, incomplete official values or non-poolable methods (qualification/test_dashboards.py::test_portfolio_pools_official_values_per_definition_version_from_stored_components, ::test_portfolio_withholds_totals_for_partial_scope_non_poolable_methods_and_zero_denominators). No comparability review, ranking, coverage thresholds or mixed-version flags exist. Retain the original acceptance criteria; this requirement remains open.","Portfolio comparison chooses compatible indicator definitions, periods and coverage thresholds. The view groups compatible measures and flags mismatches. Ranking is enabled only for an approved comparable set or carries a clear qualified comparison method.","No raw ranking that mixes different denominators, currencies or observation windows as if equivalent. Permission filtered results state the visible scope without exposing hidden members.",Compare two completion rates with different eligible populations; require reviewed comparability before presenting an unqualified league table.,,Partial supporting evidence only; full acceptance pending
FR-ANA-008,BR-ANA-008,Dashboard governance,P0,R1,PENDING,No complete implementation and acceptance evidence mapped. Retain the original acceptance criteria; this requirement remains open.,"Dashboard publication pins layout, bindings, audience and expiry. Owner changes require current authority. Copy creates a draft with no new data grants; sharing preview calculates the recipient's view and identifies unavailable bindings.","Public dashboards reference disclosure-approved artifacts, not unrestricted live private queries. Changes to source sensitivity suspend affected publication until revalidated.",Copy an internal dashboard to a funder workspace; restricted widgets remain unavailable until explicitly bound to approved disclosed metrics.,,Partial supporting evidence only; full acceptance pending
FR-ANA-009,BR-ANA-009,Alerts and thresholds,P1,R2,PENDING,No complete implementation and acceptance evidence mapped. Retain the original acceptance criteria; this requirement remains open.,"An alert declares measure, condition, minimum coverage, freshness, evaluation cadence, recipients and cooldown. Evaluation distinguishes threshold breach, missing data and stale input. Triggered alerts record the exact evaluated result version.",No deterioration alert from an absent value treated as zero. Repeated conditions during cooldown update one incident or digest according to policy.,"A missed monthly submission generates a missingness alert, while an approved performance decline produces a separate threshold alert.",,Partial supporting evidence only; full acceptance pending
FR-ANA-010,BR-ANA-010,External analytics access,P1,R2,PENDING,No complete implementation and acceptance evidence mapped. Retain the original acceptance criteria; this requirement remains open.,"A BI connection selects governed datasets and field scope, issues a service identity and records external destination and reuse terms. Refresh requires current credential and object authority. The data package includes definitions, units, value states and freshness.",Revocation stops new retrieval; external copies are tracked as disclosures and cannot be represented as remotely erased. No unrestricted database connection is implied.,Revoke the BI service identity and verify subsequent refresh fails while the register identifies the last successful external extract.,,Partial supporting evidence only; full acceptance pending
FR-RPT-001,BR-RPT-001,Report template library,P1,R1,PENDING,No complete implementation and acceptance evidence mapped. Retain the original acceptance criteria; this requirement remains open.,"A report template defines sections, required metric bindings, tables, charts, narrative limits, evidence slots, language and mandatory caveats. Preview validates a representative approved snapshot. Published template versions remain pinned by reports already created.",Missing metric bindings remain explicit gaps; no zero placeholder. A donor template change creates a version and cannot silently restyle or change a published report.,Generate quarterly donor A and donor B reports from one snapshot and reconcile shared numeric fields to the same result IDs.,,Partial supporting evidence only; full acceptance pending
FR-RPT-002,BR-RPT-002,Reporting obligations,P0,R1,PENDING,No complete implementation and acceptance evidence mapped. Retain the original acceptance criteria; this requirement remains open.,"An obligation defines recipient class, period rule, due instant, owner, required indicators, template and review route. Calendar instances show missing dependencies and approval status. Amendments preserve prior due date and contractual reference.","Multiple donor calendars may coexist, but a report cannot be marked complete merely because another donor's report was sent. Owner departure triggers reassignment.",Create quarterly and annual obligations for one project; completion of Q4 does not close the annual obligation automatically.,,Partial supporting evidence only; full acceptance pending
FR-RPT-003,BR-RPT-003,Frozen reporting packages,P0,R1,PARTIAL,"Internal reports bind to a locked snapshot, approved template and official result/evidence revisions. Independent approval records an append-only reconciliation digest. Numeric narrative claims must use known binding placeholders; deterministic semantic HTML and CSV artifacts are frozen for an independently reviewed, named-recipient, expiring disclosure and every view/download is logged. Withdrawal closes access without deleting artifacts or history. v0.23: worker-rendered PDF, XLSX and DOCX artifacts of the same frozen package (deterministic bytes, displayed values only, SHA-256 per artifact; qualification/test_report_exports.py::test_renderers_are_byte_deterministic_and_carry_only_displayed_values, test_pdf_refuses_glyphs_it_cannot_draw_instead_of_dropping_them, test_worker_renders_immutable_artifacts_whose_numbers_match_the_snapshot_and_html, test_transient_failures_back_off_then_fail_with_an_error_class_only) are delivered only through a reviewed disclosure that pins exact artifacts, with logged recipient downloads and withdrawal (test_published_exports_reach_named_recipients_only_and_withdrawal_blocks_them, test_export_request_needs_an_approved_package_the_capability_and_the_tenant). Charts, page-break/caveat validation, accessibility conformance, non-Latin PDF fonts, anonymous publication, scheduled delivery, supersession notices and distributed-artifact handling remain open. QA 2026-10 adds the export-browser check (tools/browser/export-check.mjs: request PDF, XLSX and DOCX in the UI, worker run, download with matching SHA-256, a disclosure pinning the PDF reaches the named partner while undisclosed formats and non-recipients get 404); browser evidence supports, it does not move, these requirements. Build 0.27.0 (PR #71): charts are reconciled into the frozen package digest and cannot change after approval (qualification/test_report_charts.py::test_chart_references_are_validated_against_the_section_and_the_snapshot).","Report creation selects a locked snapshot containing definitions, targets, results, evidence and relevant configuration. Numeric fields bind to immutable result references. Regeneration uses the same versions and records rendering version separately from content version.","If lawful deletion makes evidence unavailable, disclose withheld evidence or withdraw the artifact as required; do not reconstruct deleted content to preserve visual identity. Numeric history remains only where lawful.",Correct live source data and regenerate the old quarter; its authorised numeric content stays unchanged and the later correction is a separate report version.,apps/api/impact_api/reporting.py; qualification/test_reporting.py; qualification/test_publication.py; docs/RELEASE-0.6.md; docs/RELEASE-0.8.md; apps/api/impact_api/exports.py; apps/api/impact_api/export_render.py; qualification/test_report_exports.py; docs/RELEASE-0.23.md; tools/browser/export-check.mjs; docs/evidence/export-browser-tests.json; apps/api/impact_api/report_charts.py; qualification/test_report_charts.py; docs/RELEASE-0.27-reports-dashboards.md,Partial supporting evidence only; full acceptance pending
FR-RPT-004,BR-RPT-004,Narrative authoring and review,P1,R1,PARTIAL,"Browser workspaces, labelled dialogs, bound narrative authoring, controlled-publication actions, explicit status and health endpoints are implemented. QA 2026-10 adds automated WCAG A/AA scans of every workspace area (tools/browser/a11y-check.mjs, group a11y-browser: 43 page states, 0 serious or critical violations, no accepted exceptions), visible focus with 3:1 outline contrast, dialog focus return, keyboard-operable tab lists, a skip link and status announcements for saves, export states and evidence notices. Screen-reader review, drag alternatives (no drag exists), the invalid-field and stale-revision acceptance, full accessibility/usability qualification, anonymous publication, service monitoring and all remaining screens are open.","Narrative sections support drafts, comments and revision comparison. AI proposed text is labelled until reviewed. Material factual claims link to permitted evidence or metric references. The author accepts, edits or rejects suggestions before submission.",Free text numbers that conflict with bound official values are flagged for resolution. Required caveats cannot be deleted through formatting. Editing an approved narrative creates a new candidate.,Change a narrative from 180 to 200 participants while its metric remains 180; reconciliation blocks approval until the discrepancy is resolved.,apps/web/src/main.tsx; tools/browser/reporting-check.mjs; docs/IMPLEMENTATION.md; apps/web/src/a11y.ts; tools/browser/a11y-check.mjs; docs/evidence/a11y-browser-tests.json; docs/current/ACCESSIBILITY-STATEMENT.md; docs/QA-A11Y-2026-10.md,Partial supporting evidence only; full acceptance pending
FR-RPT-005,BR-RPT-005,Accessible export formats,P1,R1,PARTIAL,"Internal reports bind to a locked snapshot, approved template and official result/evidence revisions. Independent approval records an append-only reconciliation digest. Numeric narrative claims must use known binding placeholders; deterministic semantic HTML and CSV artifacts are frozen for an independently reviewed, named-recipient, expiring disclosure and every view/download is logged. Withdrawal closes access without deleting artifacts or history. v0.23: worker-rendered PDF, XLSX and DOCX artifacts of the same frozen package (deterministic bytes, displayed values only, SHA-256 per artifact; qualification/test_report_exports.py::test_renderers_are_byte_deterministic_and_carry_only_displayed_values, test_pdf_refuses_glyphs_it_cannot_draw_instead_of_dropping_them, test_worker_renders_immutable_artifacts_whose_numbers_match_the_snapshot_and_html, test_transient_failures_back_off_then_fail_with_an_error_class_only) are delivered only through a reviewed disclosure that pins exact artifacts, with logged recipient downloads and withdrawal (test_published_exports_reach_named_recipients_only_and_withdrawal_blocks_them, test_export_request_needs_an_approved_package_the_capability_and_the_tenant). Charts, page-break/caveat validation, accessibility conformance, non-Latin PDF fonts, anonymous publication, scheduled delivery, supersession notices and distributed-artifact handling remain open. QA 2026-10 adds the export-browser check (tools/browser/export-check.mjs: request PDF, XLSX and DOCX in the UI, worker run, download with matching SHA-256, a disclosure pinning the PDF reaches the named partner while undisclosed formats and non-recipients get 404); browser evidence supports, it does not move, these requirements. Build 0.27.0 (PR #71): bar charts of the section's own official bindings are part of the exported package in every format, drawn from stored displayed values only and byte-deterministic (qualification/test_report_charts.py::test_chart_renders_are_byte_deterministic_and_draw_only_stored_values, ::test_report_with_chart_is_frozen_rendered_and_exported_from_the_snapshot). Still open: page-break and caveat validation, PDF accessibility, non-Latin fonts.","Export chooses DOCX or PDF for reports and XLSX or CSV for tables. The job validates snapshot, fonts, page breaks, headings, tables, figures, units, caveats and filter context. The artifact receipt identifies report version, format and access expiry.",A rendering failure never marks publication successful. Accessible standard templates preserve headings and table structure; user supplied inaccessible content is flagged and cannot be claimed conformant without remediation.,Export a 50-page report with twenty charts and confirm no clipped values or missing caveats and exact agreement with the snapshot.,apps/api/impact_api/reporting.py; qualification/test_reporting.py; qualification/test_publication.py; docs/RELEASE-0.6.md; docs/RELEASE-0.8.md; apps/api/impact_api/exports.py; apps/api/impact_api/export_render.py; qualification/test_report_exports.py; docs/RELEASE-0.23.md; tools/browser/export-check.mjs; docs/evidence/export-browser-tests.json; apps/api/impact_api/report_charts.py; qualification/test_report_charts.py; docs/RELEASE-0.27-reports-dashboards.md,Partial supporting evidence only; full acceptance pending
FR-RPT-006,BR-RPT-006,Presentation and donor format output,P1,R2,PENDING,No complete implementation and acceptance evidence mapped. Retain the original acceptance criteria; this requirement remains open.,Slide and donor format output uses a versioned mapping from the approved snapshot to specified fields and narrative sections. Preview lists omitted optional content and unsupported mandatory fields. Approval binds the mapping version and intended audience.,Do not retype authoritative numbers into editable placeholders without maintained bindings. Donor schemas with missing required data fail validation instead of receiving fabricated defaults.,Produce a presentation and structured donor submission from the same snapshot; shared result values and periods agree despite different layouts.,,Partial supporting evidence only; full acceptance pending
FR-RPT-007,BR-RPT-007,Publication control,P0,R1,PARTIAL,"Internal reports bind to a locked snapshot, approved template and official result/evidence revisions. Independent approval records an append-only reconciliation digest. Numeric narrative claims must use known binding placeholders; deterministic semantic HTML and CSV artifacts are frozen for an independently reviewed, named-recipient, expiring disclosure and every view/download is logged. Withdrawal closes access without deleting artifacts or history. v0.23: worker-rendered PDF, XLSX and DOCX artifacts of the same frozen package (deterministic bytes, displayed values only, SHA-256 per artifact; qualification/test_report_exports.py::test_renderers_are_byte_deterministic_and_carry_only_displayed_values, test_pdf_refuses_glyphs_it_cannot_draw_instead_of_dropping_them, test_worker_renders_immutable_artifacts_whose_numbers_match_the_snapshot_and_html, test_transient_failures_back_off_then_fail_with_an_error_class_only) are delivered only through a reviewed disclosure that pins exact artifacts, with logged recipient downloads and withdrawal (test_published_exports_reach_named_recipients_only_and_withdrawal_blocks_them, test_export_request_needs_an_approved_package_the_capability_and_the_tenant). Charts, page-break/caveat validation, accessibility conformance, non-Latin PDF fonts, anonymous publication, scheduled delivery, supersession notices and distributed-artifact handling remain open. QA 2026-10 adds the export-browser check (tools/browser/export-check.mjs: request PDF, XLSX and DOCX in the UI, worker run, download with matching SHA-256, a disclosure pinning the PDF reaches the named partner while undisclosed formats and non-recipients get 404); browser evidence supports, it does not move, these requirements.","Publication preview shows the exact artifact version, audience, disclosure checks and expiry. An authorised publisher with current assurance confirms after report approval and required privacy review. Publication creates a disclosure record and stable versioned reference.","Draft routes, predictable filenames and search indexing cannot expose unpublished content. A broader audience requires a new disclosure decision, not a simple link toggle.","Guess the URL of a draft report, then publish its approved version to a funder; only the eligible funder can access the published artifact.",apps/api/impact_api/reporting.py; qualification/test_reporting.py; qualification/test_publication.py; docs/RELEASE-0.6.md; docs/RELEASE-0.8.md; apps/api/impact_api/exports.py; apps/api/impact_api/export_render.py; qualification/test_report_exports.py; docs/RELEASE-0.23.md; tools/browser/export-check.mjs; docs/evidence/export-browser-tests.json,Partial supporting evidence only; full acceptance pending
FR-RPT-008,BR-RPT-008,Distribution and scheduled delivery,P0,R1,PENDING,No complete implementation and acceptance evidence mapped. Retain the original acceptance criteria; this requirement remains open.,"A delivery schedule specifies artifact version or explicit latest-approved policy, recipients, cadence and owner. At send time recheck recipient membership, purpose, artifact approval and disclosure. Sensitive deliveries send authenticated access notices rather than unprotected attachments.","An unresolved provider timeout is tracked as unknown until reconciled; retries use delivery identity. Revoked recipients are skipped with a permitted reason, never silently retained from a cached list.",Remove one of three recipients after scheduling; two eligible notices send and the removed recipient receives no protected artifact.,,Partial supporting evidence only; full acceptance pending
FR-RPT-009,BR-RPT-009,Amend withdraw and supersede,P0,R1,PARTIAL,"Internal reports bind to a locked snapshot, approved template and official result/evidence revisions. Independent approval records an append-only reconciliation digest. Numeric narrative claims must use known binding placeholders; deterministic semantic HTML and CSV artifacts are frozen for an independently reviewed, named-recipient, expiring disclosure and every view/download is logged. Withdrawal closes access without deleting artifacts or history. v0.23: worker-rendered PDF, XLSX and DOCX artifacts of the same frozen package (deterministic bytes, displayed values only, SHA-256 per artifact; qualification/test_report_exports.py::test_renderers_are_byte_deterministic_and_carry_only_displayed_values, test_pdf_refuses_glyphs_it_cannot_draw_instead_of_dropping_them, test_worker_renders_immutable_artifacts_whose_numbers_match_the_snapshot_and_html, test_transient_failures_back_off_then_fail_with_an_error_class_only) are delivered only through a reviewed disclosure that pins exact artifacts, with logged recipient downloads and withdrawal (test_published_exports_reach_named_recipients_only_and_withdrawal_blocks_them, test_export_request_needs_an_approved_package_the_capability_and_the_tenant). Charts, page-break/caveat validation, accessibility conformance, non-Latin PDF fonts, anonymous publication, scheduled delivery, supersession notices and distributed-artifact handling remain open. QA 2026-10 adds the export-browser check (tools/browser/export-check.mjs: request PDF, XLSX and DOCX in the UI, worker run, download with matching SHA-256, a disclosure pinning the PDF reaches the named partner while undisclosed formats and non-recipients get 404); browser evidence supports, it does not move, these requirements.","Withdrawal requires reason, authority and impact review. The live publication becomes unavailable or displays an approved withdrawal notice without protected content. Supersession links to a separately approved replacement and records affected recipients.",Downloaded copies remain external disclosures. Notices refer to the obsolete version and corrective action; the system never claims recall of already downloaded bytes.,Supersede report v1 with v2 and verify old links expose only permitted supersession status while the distribution log identifies v1 recipients.,apps/api/impact_api/reporting.py; qualification/test_reporting.py; qualification/test_publication.py; docs/RELEASE-0.6.md; docs/RELEASE-0.8.md; apps/api/impact_api/exports.py; apps/api/impact_api/export_render.py; qualification/test_report_exports.py; docs/RELEASE-0.23.md; tools/browser/export-check.mjs; docs/evidence/export-browser-tests.json,Partial supporting evidence only; full acceptance pending
FR-RPT-010,BR-RPT-010,Reporting reconciliation,P0,R1,PARTIAL,"Internal reports bind to a locked snapshot, approved template and official result/evidence revisions. Independent approval records an append-only reconciliation digest. Numeric narrative claims must use known binding placeholders; deterministic semantic HTML and CSV artifacts are frozen for an independently reviewed, named-recipient, expiring disclosure and every view/download is logged. Withdrawal closes access without deleting artifacts or history. v0.23: worker-rendered PDF, XLSX and DOCX artifacts of the same frozen package (deterministic bytes, displayed values only, SHA-256 per artifact; qualification/test_report_exports.py::test_renderers_are_byte_deterministic_and_carry_only_displayed_values, test_pdf_refuses_glyphs_it_cannot_draw_instead_of_dropping_them, test_worker_renders_immutable_artifacts_whose_numbers_match_the_snapshot_and_html, test_transient_failures_back_off_then_fail_with_an_error_class_only) are delivered only through a reviewed disclosure that pins exact artifacts, with logged recipient downloads and withdrawal (test_published_exports_reach_named_recipients_only_and_withdrawal_blocks_them, test_export_request_needs_an_approved_package_the_capability_and_the_tenant). Charts, page-break/caveat validation, accessibility conformance, non-Latin PDF fonts, anonymous publication, scheduled delivery, supersession notices and distributed-artifact handling remain open. QA 2026-10 adds the export-browser check (tools/browser/export-check.mjs: request PDF, XLSX and DOCX in the UI, worker run, download with matching SHA-256, a disclosure pinning the PDF reaches the named partner while undisclosed formats and non-recipients get 404); browser evidence supports, it does not move, these requirements.","Preapproval reconciliation compares all metric bindings, tables, chart labels and factual narrative numbers against the snapshot. Version comparison separates source, definition, target, calculation, period and narrative changes.",No unexplained official numeric difference may pass review. A manually written number requires an explicit source binding or a reviewed non-result classification such as a date or section number.,Change one approved metric and identify every affected narrative and chart location before approving the new report candidate.,apps/api/impact_api/reporting.py; qualification/test_reporting.py; qualification/test_publication.py; docs/RELEASE-0.6.md; docs/RELEASE-0.8.md; apps/api/impact_api/exports.py; apps/api/impact_api/export_render.py; qualification/test_report_exports.py; docs/RELEASE-0.23.md; tools/browser/export-check.mjs; docs/evidence/export-browser-tests.json,Partial supporting evidence only; full acceptance pending
FR-RPT-011,BR-RPT-011,Transparency publication,P1,R2,PENDING,No complete implementation and acceptance evidence mapped. Retain the original acceptance criteria; this requirement remains open.,"The publication workspace selects a specifically qualified IATI standard profile, organisation identity and mapping. Validation lists mandatory fields, code list errors and disclosure issues. Approved export or direct publication records the payload version and external acknowledgement.",Do not claim support for an unspecified schema version. External rejection leaves delivery failed or correction required; removal follows the qualified route and may not erase third party copies.,"Validate a representative payload, fix an invalid code, approve the exact version and reconcile its external acknowledgement to the internal publication record.",,Partial supporting evidence only; full acceptance pending
FR-RPT-012,BR-RPT-012,Report evidence package,P1,R1,PENDING,No complete implementation and acceptance evidence mapped. Retain the original acceptance criteria; this requirement remains open.,"An audit package contains the permitted report, snapshot manifest, dictionary, result lineage, source references, decisions and caveats. File integrity and a content inventory allow the recipient to verify completeness. Missing or withheld materials are listed without disclosing their content.",Package scope can be narrower than full tenant access. Export authority is checked at generation and download; evidence restrictions remain enforced.,Reconstruct a published pooled ratio from the package and identify one lawfully withheld attachment without receiving its private data.,,Partial supporting evidence only; full acceptance pending
FR-FIN-001,BR-FIN-001,Funding and grant context,P1,R1,PENDING,No complete implementation and acceptance evidence mapped. Retain the original acceptance criteria; this requirement remains open.,"Funding records capture agreement identity, funder, programme links, amount, currency, dates, amendments and reporting obligations. Confidential clauses and attachments use separate field permissions. Subgrant relationships preserve their own agreement version.",A funder relation does not create a user grant or ownership share in outcomes. Amount changes require amendment history.,Link two donors to one project; each external user sees only their approved report view and no automatic access to the other's agreement.,,Partial supporting evidence only; full acceptance pending
FR-FIN-002,BR-FIN-002,Budget planning,P1,R2,PENDING,No complete implementation and acceptance evidence mapped. Retain the original acceptance criteria; this requirement remains open.,"A budget version contains lines by activity, category, partner and period with currency and approval route. Draft revisions compare against the original and current baseline. Approval pins the budget and its rate assumptions.",Actual expenditure remains an independent source dataset. Changing a budget cannot alter transaction amounts or historically reported variance.,Raise an approved budget from 100 to 120; the original comparison remains available and imported actual spending stays unchanged.,,Partial supporting evidence only; full acceptance pending
FR-FIN-003,BR-FIN-003,Expenditure ingestion,P1,R2,PENDING,No complete implementation and acceptance evidence mapped. Retain the original acceptance criteria; this requirement remains open.,"Expenditure ingestion uses a stable source transaction key, posting and event dates, amount, currency, category and funding allocation. Mapping validates control totals and adjustment semantics. Repeated files reconcile unchanged records and explicit correction revisions.",Reversal and replacement are separate transaction semantics. A repeated upload cannot count the same expense again; unbalanced source totals block approval or require an explicit permitted exception.,Import an amended transaction file twice and verify only the intended corrected expenditure balance contributes to analysis.,,Partial supporting evidence only; full acceptance pending
FR-FIN-004,BR-FIN-004,Currency treatment,P0,R1,PENDING,No complete implementation and acceptance evidence mapped. Retain the original acceptance criteria; this requirement remains open.,"Currency conversion requires source and reporting currency, rate, source, effective date and rate direction. A report snapshot pins these values. Original transactions remain in original currency; a new rate creates a new analytical view or restatement.",No silent current-rate conversion of historical publications. Missing rates produce unavailable converted values rather than zero or assumed parity.,Convert USD 100 at 83 INR per USD to INR 8300; a later rate of 84 creates a new view while the published historical value remains 8300.,,Partial supporting evidence only; full acceptance pending
FR-FIN-005,BR-FIN-005,Variance and forecast,P1,R2,PENDING,No complete implementation and acceptance evidence mapped. Retain the original acceptance criteria; this requirement remains open.,"Variance views select budget version, actual cutoff, commitments and forecast method. Display budget minus expenditure as remaining budget, with sign convention labelled. Forecasts contain assumptions and author or method version separately from actuals.",Missing spending data is not treated as underspend. A forecast cannot enter the actual expenditure series or imply programme impact success.,"Budget 100, recorded spending 60 and forecast total 110 show 40 currently unspent and a forecast overrun of ten, as separate facts.",,Partial supporting evidence only; full acceptance pending
FR-FIN-006,BR-FIN-006,Shared costs and allocations,P1,R2,PENDING,No complete implementation and acceptance evidence mapped. Retain the original acceptance criteria; this requirement remains open.,"Allocation rules specify source cost, recipient projects or donors, basis, weights and effective version. Preview reconciles allocated amounts and rounding remainder. Approval fixes the rule for the relevant snapshot.",Weights must reconcile to the declared total. A residual rounding unit is assigned by a deterministic stated rule; no analytical double charging across overlapping views.,Allocate 100 at 60 and 40 percent; the two outputs sum to 100 and a repeated import creates no additional allocation.,,Partial supporting evidence only; full acceptance pending
FR-FIN-007,BR-FIN-007,Cost effectiveness,P2,R3,PENDING,No complete implementation and acceptance evidence mapped. Retain the original acceptance criteria; this requirement remains open.,"Cost effectiveness chooses cost scope, reporting currency and rate basis, eligible outcome denominator, matched period and exclusions. Calculation returns the deterministic ratio with limitations and source lineage.",Zero or incompatible denominator gives undefined. Unique participants require authorised deduplication; the ratio is not automatically labelled causal return on investment.,"Approved cost 900 over 180 unique participants produces cost per participant five, with shared-cost exclusions explicitly listed.",,Partial supporting evidence only; full acceptance pending
FR-FIN-008,BR-FIN-008,Finance permissions and audit,P0,R1,PENDING,No complete implementation and acceptance evidence mapped. Retain the original acceptance criteria; this requirement remains open.,"Financial capability checks apply to lines, attachments, approval and export separately. A programme dashboard may display an approved summary disclosure while transaction details remain restricted. Audit records identify financial reads and mutations without logging secret values.",Connection administration does not grant access to every ledger field. A finance approver cannot approve a budget revision they authored.,"A programme viewer opens a published budget total but cannot retrieve transaction rows or confidential clauses through drill down, API or export.",,Partial supporting evidence only; full acceptance pending
FR-INT-001,BR-INT-001,Connector qualification,P0,R1,PENDING,No complete implementation and acceptance evidence mapped. Retain the original acceptance criteria; this requirement remains open.,"Each connector has a qualification profile naming supported objects, direction, upstream version, keys, pagination, updates, deletions, attachments, limits and authoritative fields. Activation requires a passing fixture and approved mapping for the selected scope.",Unsupported upstream capabilities are declared in the configuration screen. Source deletions are not propagated as destructive actions without the reviewed deletion contract.,"Exercise create, update, delete, replay and attachment cases; reconcile source and destination counts and every unsupported field in a qualification manifest.",,Partial supporting evidence only; full acceptance pending
FR-INT-002,BR-INT-002,Connection lifecycle,P0,R1,PENDING,No complete implementation and acceptance evidence mapped. Retain the original acceptance criteria; this requirement remains open.,"The connection owner enters credentials through a protected flow and selects bounded scope. Testing uses a minimal sample and displays safe identity and permission results. Activation records expiry, cadence, mapping and responsible backup owner.",Secrets are write only after entry. Revocation stops future jobs and invalidates old credentials; no hidden fallback account is used.,Revoke upstream authorisation while a run is queued; the run reports credential unavailable and does not continue under another person's token.,,Partial supporting evidence only; full acceptance pending
FR-INT-003,BR-INT-003,Reliable job execution,P0,R1,PENDING,No complete implementation and acceptance evidence mapped. Retain the original acceptance criteria; this requirement remains open.,"A run has source checkpoint, mapping version, item identities and attempts. Transient failures use bounded retries; permanent schema or policy failures pause. Poison items are quarantined while permitted partial processing continues and reconciles outcomes.","Do not advance a committed checkpoint past unapplied required items without a recoverable exception manifest. Default transient retry schedule is one, five, fifteen and sixty minutes, then manual review.",Interrupt after 60 of 100 records and resume; the first 60 are recognised and exactly 40 remaining intended effects occur.,,Partial supporting evidence only; full acceptance pending
FR-INT-004,BR-INT-004,API completeness and consistency,P1,R1,PARTIAL,"Implemented routes enforce explicit grants, tenant fences, natural-person independence, revisions and retry receipts. Native concurrency evidence is limited to the raced approvals, operation replays, close reviews and renewal-versus-revocation cases of qualification/test_native_concurrency.py (v0.14); every future module, audit tamper evidence and production assurance remain open.","Business APIs expose the resource and command catalogue in the interface section. Responses include stable ID, revision, business state and permitted metadata. Lists support stable pagination, documented filters and explicit projection of allowed fields.","The API cannot bypass interface validation, hidden fields, workflow or publication checks. Bulk requests return safe per item outcomes and no cross tenant existence signals.","Create a draft indicator through the API, submit it and attempt direct approval as its author; the same independence rule blocks it.",apps/api/impact_api/store.py; apps/api/impact_api/auth.py; qualification/test_live_application.py,Partial supporting evidence only; full acceptance pending
FR-INT-005,BR-INT-005,API version and compatibility,P1,R1,PARTIAL,"Implemented routes enforce explicit grants, tenant fences, natural-person independence, revisions and retry receipts. Native concurrency evidence is limited to the raced approvals, operation replays, close reviews and renewal-versus-revocation cases of qualification/test_native_concurrency.py (v0.14); every future module, audit tamper evidence and production assurance remain open.","A contract version identifies fields, enum semantics, error codes and compatible evolution rules. Deprecation notices include effective date, migration guide and at least twelve months of overlap unless a documented security emergency requires an exception.","An additive optional field must not change existing field meaning. Removed enum values or changed units are breaking changes, even if transport shape stays the same.","Run a supported prior client against a candidate release and verify its saved queries, validation semantics and error codes still behave as documented.",apps/api/impact_api/store.py; apps/api/impact_api/auth.py; qualification/test_live_application.py,Partial supporting evidence only; full acceptance pending
FR-INT-006,BR-INT-006,Webhook delivery,P1,R2,PENDING,No complete implementation and acceptance evidence mapped. Retain the original acceptance criteria; this requirement remains open.,"Webhook configuration verifies destination control and permitted event types. Deliveries carry event ID, occurrence time, resource version and authenticated integrity context. Consumers receive explicit at-least-once and possible out-of-order semantics; delivery attempts are visible.",No sensitive unrestricted payload by default; consumers fetch details through current scope. Revocation stops retries. Destinations and redirects undergo the same outbound policy checks.,Deliver events v2 then v1 twice; a qualified consumer records one effect per event and rejects invalid authentication without downgrading resource state.,,Partial supporting evidence only; full acceptance pending
FR-INT-007,BR-INT-007,Limits and tenant fairness,P0,R1,PENDING,No complete implementation and acceptance evidence mapped. Retain the original acceptance criteria; this requirement remains open.,"Limits are displayed per tenant, credential and job class before activation. When an admission limit is exceeded, return LIMIT_EXCEEDED with safe retry guidance. Approved jobs show queue position class and cancellation; interactive approvals retain their own capacity protection.",A noisy connector cannot consume unlimited pending jobs. Retrying earlier than the indicated window cannot expand its quota or starve other tenants.,Exceed one tenant's bulk queue and verify unrelated tenants' record saves and approvals continue within their qualified targets.,,Partial supporting evidence only; full acceptance pending
FR-INT-008,BR-INT-008,Import export standards,P1,R2,PENDING,No complete implementation and acceptance evidence mapped. Retain the original acceptance criteria; this requirement remains open.,"An exchange mapping identifies standard version, code lists, units, locale, date representation and information loss. Import and export validate against that mapping and include a manifest for transformed or unsupported fields.","Codes are stable and separate from display translations. An unknown code is quarantined or rejected, not automatically matched to a similar label.","Round trip a multilingual record containing currency, unit and geography codes and account for every intentionally transformed field.",,Partial supporting evidence only; full acceptance pending
FR-INT-009,BR-INT-009,Integration diagnostics,P1,R1,PENDING,No complete implementation and acceptance evidence mapped. Retain the original acceptance criteria; this requirement remains open.,"Connection health displays last contact, last successful validated run, backlog, source drift and per item counts. Error details use safe field references and correlation IDs. A bounded diagnostic sample requires appropriate content rights.","Never display tokens, unrestricted raw payloads or another tenant's source identity. Retrying requires the reviewed mapping version that resolved the issue.","Diagnose a renamed column, publish the mapping fix and replay only the failed records while retaining the original failure manifest.",,Partial supporting evidence only; full acceptance pending
FR-INT-010,BR-INT-010,Development and testing access,P1,R2,PENDING,No complete implementation and acceptance evidence mapped. Retain the original acceptance criteria; this requirement remains open.,"A developer workspace provides versioned sample contracts, synthetic fixtures and test credentials with isolated tenant scope. Qualification exercises full update, retry and failure behaviour before a production connection is eligible.","Production secrets and personal data are excluded by default. Debug payload access is a separate time bounded support grant, not a developer entitlement.",Run a connector test end to end and demonstrate its credential cannot enumerate or mutate a production project.,,Partial supporting evidence only; full acceptance pending
FR-AI-001,BR-AI-001,Explicit enablement and policy,P0,R1,PENDING,No complete implementation and acceptance evidence mapped. Retain the original acceptance criteria; this requirement remains open.,"The administrator enables named use cases with allowed data classes, destinations, language coverage, budget and required review. The UI shows the active policy before a request. Disabled capabilities make no provider call and preserve the manual path.",Enabling a chat interface does not enable every tool. Sensitive processing requires approved destination and purpose; policy failure blocks transmission before content leaves the authorised boundary.,"Disable AI for a tenant and complete programme setup, period close and report generation using deterministic and manual workflows.",,Partial supporting evidence only; full acceptance pending
FR-AI-002,BR-AI-002,Proposal and logframe extraction,P1,R1,PENDING,No complete implementation and acceptance evidence mapped. Retain the original acceptance criteria; this requirement remains open.,"Extraction selects permitted files and returns proposed entities and fields with source version, page or section, evidence span and classification as extracted, inferred or suggested. The review panel supports selective acceptance and retains unresolved ambiguities.","Dates, targets and population commitments require direct source support or an explicit human addition. Missing values remain missing; contradictory sources are presented separately.","Extract a proposal with two end dates and no population; both dates and the missing field are flagged, and activation remains blocked until reviewed.",,Partial supporting evidence only; full acceptance pending
FR-AI-003,BR-AI-003,Indicator design assistance,P1,R1,PENDING,No complete implementation and acceptance evidence mapped. Retain the original acceptance criteria; this requirement remains open.,"The assistant receives approved library definitions and the current programme context and proposes a complete draft measurement contract. It highlights missing denominator, unsuitable proxy, population ambiguity and evidence requirements. The user accepts selected fields into a draft.",The draft passes the same schema and method checks as manual authoring. Model confidence cannot approve an indicator or create an unsupported standard mapping.,"Suggest a completion percentage and verify the proposal requires eligible denominator, reporting period and evidence method before review submission.",,Partial supporting evidence only; full acceptance pending
FR-AI-004,BR-AI-004,Import and cleaning assistance,P1,R1,PENDING,No complete implementation and acceptance evidence mapped. Retain the original acceptance criteria; this requirement remains open.,Mapping assistance returns proposed source-to-destination links and deterministic transformations with affected sample rows. The steward accepts individual proposals and sees the exact mapping diff. Application creates a mapping draft or reviewed transformation version.,"AI cannot delete raw rows, merge identities or overwrite approved actuals. Low confidence or ambiguous mapping remains unselected and requires explicit resolution.",Accept a date normalisation suggestion but reject a name-based participant merge; only the approved deterministic conversion is applied.,,Partial supporting evidence only; full acceptance pending
FR-AI-005,BR-AI-005,Evidence based questions,P1,R1,PENDING,No complete implementation and acceptance evidence mapped. Retain the original acceptance criteria; this requirement remains open.,"A question specifies authorised scope, period and source mode. Retrieval obtains only permitted evidence and results; answers attach citations to material claims and show missing or contradictory evidence. If scope is ambiguous, return a clarification state without guessing an official number.","Unsupported or unauthorised questions receive a bounded abstention without confirming protected resource existence. No fabricated quotations, citations or document titles.",Ask a supported programme question and an inaccessible partner question; the first cites source locations and the second reveals no hidden record detail.,,Partial supporting evidence only; full acceptance pending
FR-AI-006,BR-AI-006,Governed numerical analysis,P0,R1,PENDING,No complete implementation and acceptance evidence mapped. Retain the original acceptance criteria; this requirement remains open.,"Numeric questions are translated into a constrained typed analysis plan: measure, compatible sources, filters, period, dimensions and permitted operation. An authorised deterministic tool executes it. The answer embeds returned values and result references without model recomputation.","No arbitrary SQL, code execution or user supplied unrestricted query. A mismatch between drafted numeric text and tool value blocks delivery of the official claim.",Ask for pooled 50/100 and 1/10; the answer presents 46.36 percent with 51/110 and the approved calculation receipt.,,Partial supporting evidence only; full acceptance pending
FR-AI-007,BR-AI-007,Report drafting,P1,R1,PENDING,No complete implementation and acceptance evidence mapped. Retain the original acceptance criteria; this requirement remains open.,"Report drafting binds an approved snapshot and template, then proposes sections with evidence references and metric bindings. Missing sections appear as evidence gaps. Review tracks AI origin, corrections and final human wording.","The assistant cannot create a new official snapshot, invent a result or remove mandatory caveats. Regeneration never overwrites accepted human edits without an explicit reviewed diff.",Draft from an incomplete snapshot and confirm missing evidence stays visible while every official number matches its bound result.,,Partial supporting evidence only; full acceptance pending
FR-AI-008,BR-AI-008,Qualitative assistance,P1,R2,PENDING,No complete implementation and acceptance evidence mapped. Retain the original acceptance criteria; this requirement remains open.,"Qualitative assistance selects a permitted source set and approved codebook, returning suggested codes, themes, excerpts and translations. Analysts review individual suggestions and retain minority and contradictory viewpoints. Accepted edits create normal coded evidence records.",No invented verbatim quotations or fabricated speaker identities. Machine translation stays labelled until reviewed and cannot broaden source permission.,Summarise interviews with opposing views in two languages; both perspectives remain traceable to their original excerpts.,,Partial supporting evidence only; full acceptance pending
FR-AI-009,BR-AI-009,Proactive findings,P1,R2,PENDING,No complete implementation and acceptance evidence mapped. Retain the original acceptance criteria; this requirement remains open.,"Proactive findings run only for enabled scopes and defined detection tasks. Each suggestion states affected result versions, evidence, limitation and proposed follow up. Users verify, dismiss or assign it, and feedback is recorded.","Suggestions are not confirmed fraud, impact or programme risk findings until reviewed. Noise controls, cooldown and owner accountability apply.",A performance spike creates one suggested finding with context; a manager dismisses it as seasonal and no source value changes.,,Partial supporting evidence only; full acceptance pending
FR-AI-010,BR-AI-010,Action proposal and approval,P0,R1,PENDING,No complete implementation and acceptance evidence mapped. Retain the original acceptance criteria; this requirement remains open.,"An AI write proposal contains exact domain command, object scope, before and after values, affected versions, policy context and consequences. Confirmation is separate from generation. Execution rechecks current authority and revisions, then calls the ordinary domain command.","No direct write to approved results, permission grants, publication, privacy deletion or independent decisions. A source or policy change makes the proposal stale; regeneration requires review.",Revoke permission after proposal generation and before confirmation; execution fails without applying any stale changes.,,Partial supporting evidence only; full acceptance pending
FR-AI-011,BR-AI-011,Input and tool isolation,P0,R1,PENDING,No complete implementation and acceptance evidence mapped. Retain the original acceptance criteria; this requirement remains open.,"Documents, tool outputs and retrieved pages are evidence, never authority to expand tools or change policy. The allowed tool catalogue and scoped arguments are established independently of model generated instructions. External destinations require explicit policy permission.","A document cannot instruct the model to reveal credentials, retrieve all tenants or send outputs elsewhere. Unsafe action attempts are blocked and recorded without executing them.",Include an embedded instruction to export all records in a proposal; extraction treats it as untrusted content and performs no export.,,Partial supporting evidence only; full acceptance pending
FR-AI-012,BR-AI-012,Model data handling,P0,R1,PENDING,No complete implementation and acceptance evidence mapped. Retain the original acceptance criteria; this requirement remains open.,"Before transmission, evaluate tenant, use case, purpose, classification, region, provider retention and minimisation policy. Redact or exclude prohibited fields and record the approved destination version. Training reuse is off by default and has no implicit opt in.","Fallback providers must pass the same checks. Prompts, answers and diagnostics obey their retention schedule; private content is not copied into broad model evaluation datasets automatically.",Force the primary provider offline for restricted data; no unapproved fallback receives the content and the manual workflow remains usable.,,Partial supporting evidence only; full acceptance pending
FR-AI-013,BR-AI-013,Source access and conversation history,P0,R1,PENDING,No complete implementation and acceptance evidence mapped. Retain the original acceptance criteria; this requirement remains open.,"Every answer or saved conversation records source dependencies and its permitted audience. Opening, sharing, summarising or exporting rechecks current access to those dependencies. Inaccessible segments are withheld or the artifact is withdrawn when redaction cannot be safe.","A conversation summary, cached answer or new prompt cannot reintroduce revoked text. Copying a chat does not create new source rights.",Revoke a source grant and request a summary of the prior conversation; the assistant cannot reveal the now restricted passages.,,Partial supporting evidence only; full acceptance pending
FR-AI-014,BR-AI-014,Traceability and reproducibility,P0,R1,PENDING,No complete implementation and acceptance evidence mapped. Retain the original acceptance criteria; this requirement remains open.,"The task record stores requester, scope, source versions, use case configuration, model identifier, tool receipts, proposed changes, review decisions and applied domain receipts within retention policy. Users inspect concise evidence and decision explanations.","Do not store or expose hidden model reasoning. Preserve generated output version where lawful, while acknowledging that rerunning a stochastic model may produce different prose.","Audit an applied mapping suggestion and identify the evidence, model configuration, reviewer and deterministic command without requiring private chain of thought.",,Partial supporting evidence only; full acceptance pending
FR-AI-015,BR-AI-015,Evaluation and release gates,P0,R1,PENDING,No complete implementation and acceptance evidence mapped. Retain the original acceptance criteria; this requirement remains open.,"Each use case has an owner, held out dataset, expected judgements, supported language and sector matrix and release report. Changes to model, prompt, retrieval, tools or policy run regression before controlled exposure.","A critical unsupported claim, leakage or unauthorised action blocks the affected capability despite a passing average score. Specialist evaluation exceptions require recorded justification.",Evaluate a candidate with higher average quality but one cross tenant leak; it cannot replace the approved configuration.,,Partial supporting evidence only; full acceptance pending
FR-AI-016,BR-AI-016,Cost latency and fallback,P0,R1,PENDING,No complete implementation and acceptance evidence mapped. Retain the original acceptance criteria; this requirement remains open.,"AI requests estimate job class and usage, reserve permitted budget and expose progress, timeout and cancellation. Proposed defaults: standard extraction timeout 15 minutes and report draft timeout 20 minutes; partial drafts remain labelled incomplete. Ordinary QA follows the BRD latency target.",Budget exhaustion returns a clear limit state without losing user input. Cancellation stops new model and tool calls where controllable; provider work already accepted is accounted separately.,"Exhaust the AI budget during close; the user can still approve data, calculate results and generate a non-AI report.",,Partial supporting evidence only; full acceptance pending
FR-AI-017,BR-AI-017,Forecasts and scenario assistance,P2,R3,PENDING,No complete implementation and acceptance evidence mapped. Retain the original acceptance criteria; this requirement remains open.,"Forecasting selects approved input versions, forecast horizon, method, assumptions and validation history. Outputs include uncertainty and scenario label and remain separate from actuals and committed targets. Review controls any adoption as a planning assumption.",Insufficient evidence produces a withheld forecast or explicitly bounded exploratory output. Changing model or assumptions creates a new scenario version.,"Export actuals and a projection together and verify distinct series, horizon, uncertainty and no automatic overwrite of approved targets.",,Partial supporting evidence only; full acceptance pending
FR-AI-018,BR-AI-018,Safety feedback and shutdown,P0,R1,PENDING,No complete implementation and acceptance evidence mapped. Retain the original acceptance criteria; this requirement remains open.,"Feedback captures affected output, category, safe supporting detail and reviewer. Administrators may disable a use case, configuration or destination immediately. Shutdown stops new affected jobs, identifies queued work and lists generated artifacts for review.",Preserve lawful incident evidence without retaining prohibited source payloads. Disabling AI must not disable independent core workflows. Reenable requires fix evidence and regression approval.,"Simulate an exposed sensitive citation, stop the use case and identify every affected saved answer while manual report workflows continue.",,Partial supporting evidence only; full acceptance pending
FR-SEC-001,BR-SEC-001,Security threat assessment,P0,R1,PENDING,No complete implementation and acceptance evidence mapped. Retain the original acceptance criteria; this requirement remains open.,"The release review records threat scenarios for identity, tenant boundaries, source data, files, offline devices, publication, AI and support. Each threat links to a functional control, owner, test and residual decision. Material feature changes trigger an impact review.","An unresolved critical path cannot be hidden by a general security signoff. Tests must include chained abuse across modules, not only isolated input checks.",Review a document injection leading to export and a support access escalation; identify the independent controls and verification evidence for both paths.,,Partial supporting evidence only; full acceptance pending
FR-SEC-002,BR-SEC-002,Encryption and key governance,P0,R1,PARTIAL,"v0.25 part A: the application's own secrets (cookie, invitation signing, delivery sealing) are versioned keyrings with grace secrets and a key id (12 hex characters of SHA-256 over family and secret) carried in CSRF tokens, signed cursors and the header of sealed delivery recipients and logout hints; new values always use the current secret, values made before a rotation keep working while their secret is in grace and fail once it is retired, legacy unheaded values still open, and a missing key answers a controlled failure (RECIPIENT_UNREADABLE, logout without hint), never plaintext (qualification/test_key_rotation.py::test_sealed_recipients_carry_the_kid_and_legacy_values_still_open, test_logout_hints_rotate_and_an_oversized_token_is_not_sealed, test_values_made_before_rotation_work_during_grace_and_fail_after_retirement, test_delivery_and_invitation_secrets_rotate_for_the_worker). docs/current/KEY-AND-ENCRYPTION-REGISTER.md inventories every secret, its kid, holders and grace, the keys the application does not hold, and states plainly what is not encrypted by the application (database files, the evidence object store, dumps and backup sets, captured mail, logs). Not covered: encryption at rest under a platform data-protection key, rotation of such a key over backups (FT-SEC-002), KMS or HSM custody, Keycloak signing-key rotation (documented, not exercised), an operator interface showing key status. Build 0.27.0 (PR #72): the impact-provisioner client secret joins the rotation as family provisioner (no grace; Keycloak re-aligned by keycloak_admin.py rotate-provisioner; qualification/test_key_rotation.py, qualification/test_deploy_unit.py, CI container-stack).","The security inventory covers every permitted data location and transport, including temporary artifacts, backups and offline packages. Operational interfaces expose key ownership, status, expiry and rotation evidence without displaying key material.","HLD selects qualified cryptography and key custody. Loss or revocation of a required key returns controlled unavailable state, never a plaintext fallback. Rotation preserves authorised recoverability.","Rotate a test data protection key and verify approved records and backups remain accessible only through authorised paths, with no exposed key values.",apps/api/impact_api/keyring.py; apps/api/impact_api/delivery.py; apps/api/impact_api/auth.py; apps/api/impact_api/config.py; qualification/test_key_rotation.py; docs/current/KEY-AND-ENCRYPTION-REGISTER.md; docs/RELEASE-0.25a.md; scripts/rotate_secrets.py; deploy/rotate-secrets.sh; qualification/test_deploy_unit.py; docs/RELEASE-0.27-operators.md,Partial supporting evidence only; full acceptance pending
FR-SEC-003,BR-SEC-003,Tenant isolation verification,P0,R1,PARTIAL,"Implemented routes enforce explicit grants, tenant fences, natural-person independence, revisions and retry receipts. v0.14 adds native PostgreSQL evidence for the database side of the fence: the API runs on three separately provisioned login roles (impact_app_login, impact_identity_login, impact_platform_login; NOINHERIT, NOBYPASSRLS, exactly one privilege-role membership each) with IMPACT_REQUIRE_UNPRIVILEGED_DB=1, and qualification/test_native_roles.py proves under those real logins (PostgreSQL 16.13 locally, 17.11 in CI) that each login assumes only its own role, that impact_app reads nothing without a transaction-local tenant and exactly one tenant with one, that it cannot read the control-plane tables, that impact_identity reaches identity tables only, that impact_platform writes only its RESTRICTIVE object types, and that the runtime guard refuses superuser, BYPASSRLS, owner-member and shared logins on every transaction (PRIVILEGED_RUNTIME_CONNECTION, SHARED_RUNTIME_LOGIN) with no login name in any response. The restore drill re-verifies ownership, RLS, policies, grants and the fences on a restored copy. Not covered: attachments, asynchronous jobs, caches, search, AI and support paths (none exist), connection pooling and context reset on pooled connections, audit tamper evidence, an isolation fixture with synthetic tenant markers across every module, and production assurance. Local review build 0.32 records actual PostgreSQL17.11 runtime-login checks for insert-only, forced-RLS guidance bundles and exact plan bindings, and platform-only registered-profile application. Direct negative tests activate the intended NOINHERIT role instead of failing before their predicate. This is bounded local evidence, not complete isolation or production acceptance.","Every release affecting tenancy runs isolation fixtures across records, attachments, async jobs, caches, search, AI and support. Each fixture uses distinct synthetic tenant markers and principals with differing roles. Findings record the specific exposed path.",Shared infrastructure or reused cache entries cannot imply shared authorisation. Isolation failure blocks the affected release regardless of a successful ordinary workflow.,"Guess another tenant's artifact, request it through a background job and ask AI for its contents; no path returns the synthetic marker.",apps/api/impact_api/store.py; apps/api/impact_api/auth.py; qualification/test_live_application.py; scripts/provision_logins.py; qualification/test_native_roles.py; scripts/restore_drill.py; docs/evidence/native-application-tests.xml; docs/evidence/native-qualification.json; docs/RELEASE-0.14.md; apps/api/impact_api/ai_content_archives.py; infrastructure/migrations/0037_ai_content_snapshots.sql; qualification/test_ai_content_archives_live.py; qualification/test_access_upgrade.py; docs/evidence/sprint-0.32-focused-native-qualification.json; docs/RELEASE-0.32-tola-ai-sprint.md,Partial supporting evidence only; full acceptance pending
FR-SEC-004,BR-SEC-004,Application and API protection,P0,R1,PARTIAL,"Implemented routes enforce explicit grants, tenant fences, natural-person independence, revisions and retry receipts. Native concurrency evidence is limited to the raced approvals, operation replays, close reviews and renewal-versus-revocation cases of qualification/test_native_concurrency.py (v0.14); every future module, audit tamper evidence and production assurance remain open.","The product validates bounded typed input, safely renders text, protects authenticated mutations and verifies outbound destinations. Public and authenticated surfaces share domain authorisation and safe error contracts. Security verification maps applicable ASVS 5.0 controls through Level 2 including Level 1.","Security tests cover uploads, rich text, links, filtering, exports and API references. No broad assertion of immunity replaces passing evidence and independent review.","Submit script-like text, a cross tenant object reference and an internal network URL; each is safely rendered or rejected at the relevant boundary.",apps/api/impact_api/store.py; apps/api/impact_api/auth.py; qualification/test_live_application.py,Partial supporting evidence only; full acceptance pending
FR-SEC-005,BR-SEC-005,File and content safety,P0,R1,PARTIAL,"v0.22 checks evidence uploads before any byte is accepted and again on the bytes: an allow-list of media types (PDF, PNG, JPEG, plain text, CSV), a plain file name whose single extension the declared type permits, a declared size (at most 25,000,000 bytes) and SHA-256 matched exactly, magic bytes matched to the declared type, executables and PDFs naming active content refused, text required to be UTF-8 without leading markup; a scan verdict precedes any download and a FAILED or INFECTED blob, or bytes that no longer hash to the recorded digest, are never served (test_evidence.py::test_allow_list_names_and_declared_size_are_refused_before_any_byte, test_magic_bytes_size_and_digest_are_checked, test_eicar_is_infected_rejected_and_never_downloadable, test_failed_scan_and_changed_bytes_are_never_served, test_replay_resumes_a_scan_interrupted_after_the_seal, test_raw_upload_route_alone_exceeds_the_json_cap; test_evidence_unit.py). The shipped scanners are not anti-malware engines (eicar-signature recognises only the EICAR test file). Not covered: a real scanning engine, archive expansion and macro profiles (the FT-SEC-005 archive fixture), password-protected files, previews and re-encoding, multipart uploads and external fetch validation.","File receipt identifies actual content type, size, expansion limits and permitted processing. Files remain quarantined until checks complete. Previews execute no active content. External fetches validate destination before request and after redirects.",R1 excludes executables and macro enabled documents. Password protected unscannable files remain quarantined or are rejected; archives need a specifically qualified bounded profile.,"Upload a misleading extension, malicious document and archive expansion fixture; none reaches normal preview or satisfies mandatory evidence requirements.",apps/api/impact_api/object_store.py; apps/api/impact_api/content_safety.py; apps/api/impact_api/evidence.py; apps/api/impact_api/evidence_contracts.py; infrastructure/migrations/0023_evidence_objects.sql; qualification/test_evidence.py; qualification/test_evidence_unit.py; apps/web/src/Evidence.tsx; docs/RELEASE-0.22.md; tools/browser/evidence-check.mjs; docs/evidence/evidence-browser-tests.json,Partial supporting evidence only; full acceptance pending
FR-SEC-006,BR-SEC-006,Secrets management,P0,R1,PARTIAL,"v0.25 part A: rotation and retirement of the application secrets are explicit operations (scripts/rotate_secrets.py status, rotate, retire, dry run; deploy/rotate-secrets.sh on the server under the deployment lock, recreating the API and worker) with atomic 0600 writes and a register beside the secrets file that names kids, dates, actor and reason, never a value; old values are rejected after retirement; settings refuse short, repeated or shared secrets and keep every secret and DSN out of their repr; no value reaches the rotation output, responses, logs or the API log (qualification/test_key_rotation.py::test_env_file_rotation_is_atomic_private_and_prints_kids_only, test_settings_validate_keyrings_and_never_print_secrets, test_values_made_before_rotation_work_during_grace_and_fail_after_retirement; the CI container-stack job rotates every family, smokes, retires, smokes and compares every secrets.env value with what was printed). Not covered: connector credentials and credential references with fingerprints in an admin view (no connectors exist), configuration export, automatic rotation and expiry alerts, database passwords and TLS keys (outside the keyrings).","Secret entry returns only a credential reference and safe fingerprint. Rotation and revocation are explicit operations with owner, scope and audit. Configuration export omits values and marks required reconfiguration on import.","Secrets cannot appear in ordinary admin views, client storage, generated reports or diagnostics. An export of a connection never exports a reusable credential.","Rotate a connector credential, export its configuration and inspect permitted logs; the old credential is rejected and neither secret is present in the artifacts.",apps/api/impact_api/keyring.py; apps/api/impact_api/config.py; scripts/rotate_secrets.py; deploy/rotate-secrets.sh; qualification/test_key_rotation.py; docs/current/KEY-AND-ENCRYPTION-REGISTER.md; docs/RELEASE-0.25a.md,Partial supporting evidence only; full acceptance pending
FR-SEC-007,BR-SEC-007,Tamper evident audit,P0,R1,PARTIAL,"Implemented routes enforce explicit grants, tenant fences, natural-person independence, revisions and retry receipts; audit events are written in the same transaction as every command and object revisions carry a payload SHA-256. v0.25 part A adds a tamper-evident audit export (create_audit_export, purpose-required, 300 s fresh assurance, audited): JSON Lines ordered by occurrence with a hash chain across pages, a manifest with the content SHA-256 and an HMAC seal under a key derived from the current cookie secret, and verify functions that detect a changed, removed or reordered line and a changed manifest (qualification/test_audit_export.py::test_chain_digest_and_seal_verify_and_detect_tampering, test_export_pages_verify_and_each_export_is_audited). The seal is verifiable by the platform only while its key is current or in grace; it is not a public signature. Native concurrency evidence is limited to qualification/test_native_concurrency.py (v0.14). Not covered: tamper evidence of the stored audit table itself (an operator with database ownership can alter rows), external anchoring, a durable export register. Build 0.27.0 (PR #74): refused authorisations are recorded after rollback through the definer record_access_denial, collapsed per principal, operation and reason in 300-second windows with a 50-row cap per principal, readable as Access denied, exported as DENIED lines of the audit export (format v2) and every exported page is kept in the insert-only audit_export_register (qualification/test_security_privacy.py::test_denials_are_recorded_collapsed_listed_and_exported, ::test_a_scan_cannot_flood_the_denial_table, ::test_native_security_privacy_tables_are_fenced_for_the_application_login).","Audit events follow the event catalogue and contain real actor, delegated capacity, tenant, action, object version, outcome, time and correlation. Privileged reads and decisions are covered. Search and export are restricted to authorised audit scopes.","Audit correction is an additional event, not an edit of past history. Retention and lawful minimisation are governed processes; administrators cannot erase inconvenient entries.","Attempt to change an approval event through ordinary administration; it fails, and the attempt plus original decision remain attributable.",apps/api/impact_api/store.py; apps/api/impact_api/auth.py; qualification/test_live_application.py; apps/api/impact_api/audit_export.py; apps/api/impact_api/audit_export_contracts.py; qualification/test_audit_export.py; docs/RELEASE-0.25a.md; apps/api/impact_api/security_events.py; qualification/test_security_privacy.py; infrastructure/migrations/0030_security_privacy.sql; docs/RELEASE-0.27-security-privacy.md,Partial supporting evidence only; full acceptance pending
FR-SEC-008,BR-SEC-008,Secure engineering lifecycle,P0,R1,PENDING,No complete implementation and acceptance evidence mapped. Retain the original acceptance criteria; this requirement remains open.,"A release record links requirement and specification changes, reviewed code, dependency and licence inventory, security checks, migration results and approvers. Security relevant changes identify their affected threat and regression cases.",A feature flag is not a security exemption. Production promotion requires the declared gate evidence; unsupported dependencies receive an owned risk and resolution decision.,"Select a production version and trace a changed export rule to its FSD parent, reviewed change, negative tests and release approval.",,Partial supporting evidence only; full acceptance pending
FR-SEC-009,BR-SEC-009,Vulnerability management,P0,R1,PENDING,No complete implementation and acceptance evidence mapped. Retain the original acceptance criteria; this requirement remains open.,"Vulnerability intake creates a restricted case with reported scope, severity, affected versions, owner and timing targets. Triage distinguishes confirmed exposure from suspected risk; mitigation, fix, independent retest and closure are separate milestones.","Critical and high findings affecting confidentiality, integrity or access follow the BRD release block and timing targets. Exceptions never silently downgrade severity.","Simulate a credential exposure and record report, acknowledgement, containment, rotation, fix and retest times against the applicable targets.",,Partial supporting evidence only; full acceptance pending
FR-SEC-010,BR-SEC-010,Independent assurance,P0,R1,PENDING,No complete implementation and acceptance evidence mapped. Retain the original acceptance criteria; this requirement remains open.,"The assurance record names the assessment scope, deployment profile, assessor independence, dates, findings and retest evidence. General production release requires the defined independent assessment; material changes or annual recurrence create another obligation.",Do not label a partial review as whole product certification. Unresolved critical or high exposure needs an effective verified mitigation before release.,Attempt release with an unretired high object-authorisation finding; the gate remains blocked until independently retested mitigation is recorded.,,Partial supporting evidence only; full acceptance pending
FR-SEC-011,BR-SEC-011,Detection and incident response,P0,R1,PENDING,No complete implementation and acceptance evidence mapped. Retain the original acceptance criteria; this requirement remains open.,"Detection rules generate restricted incident records for suspicious identity changes, bulk extraction, service misuse and failed controls. On call receives safe context and correlation references. Incident handling records containment, affected tenants, evidence preservation, recovery and communications decisions.","Notifications use the approved legal and contractual policy, not an invented universal deadline. Investigation access follows exceptional support controls.",A simulated compromised service identity triggers detection and revocation; the incident identifies affected jobs and potential disclosures without exposing payloads in general alerts.,,Partial supporting evidence only; full acceptance pending
FR-SEC-012,BR-SEC-012,Environment separation,P0,R1,PARTIAL,"Implemented routes enforce explicit grants, tenant fences, natural-person independence, revisions and retry receipts. Native concurrency evidence is limited to the raced approvals, operation replays, close reviews and renewal-versus-revocation cases of qualification/test_native_concurrency.py (v0.14); every future module, audit tamper evidence and production assurance remain open.",Environment identity is visible to operators and integration developers. Test and production credentials are distinct and cannot cross authenticate. Synthetic data is the default for lower environments; exceptional production samples require approved minimisation and expiry.,"No hidden production test users or bypass roles. A copied configuration omits production secrets, external recipients and active schedules.",Use a test credential against production and attempt to activate copied report schedules in a sandbox; both are prevented.,apps/api/impact_api/store.py; apps/api/impact_api/auth.py; qualification/test_live_application.py,Partial supporting evidence only; full acceptance pending
FR-SEC-013,BR-SEC-013,Privileged operations,P0,R1,PENDING,No complete implementation and acceptance evidence mapped. Retain the original acceptance criteria; this requirement remains open.,"Operators request elevation for a named incident or maintenance task, exact capability scope and duration. A distinct reviewer approves where required; emergency activation creates mandatory retrospective review. Sessions retain real actor and expire automatically.",Standing broad content access is prohibited by default. A privileged operation rechecks current elevation and cannot continue from an expired job credential.,"Elevate an operator for recovery diagnostics, expire the grant and verify further reads and queued sensitive operations are denied.",,Partial supporting evidence only; full acceptance pending
FR-SEC-014,BR-SEC-014,Resilience to abusive traffic,P0,R1,PENDING,No complete implementation and acceptance evidence mapped. Retain the original acceptance criteria; this requirement remains open.,"Abuse controls separately govern login, public collection, search, exports and AI. Affected users see a safe wait or recovery route. Limits use tenant and credential context so one abusive source does not indiscriminately lock out unrelated organisations.",Accessible challenges and assisted recovery are available where needed. Denial controls cannot expose account existence or participant lookup results.,Apply a burst to one public form and verify bounded rejection there while other tenants continue collecting and approving records.,,Partial supporting evidence only; full acceptance pending
FR-SEC-015,BR-SEC-015,Enterprise assurance options,P2,R3,PENDING,No complete implementation and acceptance evidence mapped. Retain the original acceptance criteria; this requirement remains open.,"A deployment variant has a named capability profile, region and recovery constraints, responsibilities, upgrade process, key custody and exit process. Product screens show supported and unsupported features for that qualified profile.","Dedicated deployment and customer controlled keys are not available merely by selecting a commercial checkbox. Each offered variant must pass equivalent functional, isolation and recovery gates.","Qualify one dedicated profile, lose its customer controlled key and verify the documented unavailable and recovery behaviour without silently moving data elsewhere.",,Partial supporting evidence only; full acceptance pending
FR-PRV-001,BR-PRV-001,Data inventory and classification,P0,R1,PENDING,No complete implementation and acceptance evidence mapped. Retain the original acceptance criteria; this requirement remains open.,"Every new data field and source receives classification, purpose, owner and retention. Default inheritance uses the stricter source classification; explicit reclassification requires review and shows affected forms, exports, indexes and AI policies.",Derived data cannot downgrade itself. Credentials are excluded from ordinary content classification and handled as secrets. Unclassified sensitive production collection is blocked.,"Add a restricted participant field and verify its values are absent from ordinary logs, analyst views, exports and unapproved model inputs.",,Partial supporting evidence only; full acceptance pending
FR-PRV-002,BR-PRV-002,Minimisation and purpose controls,P0,R1,PENDING,"PENDING. Related v0.26a evidence: purpose-required capabilities (audit export, privacy cases) are issued only as purpose-bound grants of one capability for one stated purpose at TENANT scope, requested and independently approved within both administrators' reviewed ceilings, never through a role bundle (qualification/test_usable_staging.py::test_purpose_bound_grant_needs_an_independent_second_person, test_purpose_grant_requests_are_bounded). That is access purpose binding, not dataset reuse control: no dataset purposes, rejected-purpose registry or relabelling check exists. Retain the original acceptance criteria; this requirement remains open.","Programme setup records why each personal field is necessary and which uses are allowed. New research, linkage or model improvement creates a separate purpose review and data scope selection. Optional fields remain optional in collection.",A broad project permission does not authorise every reuse. Rejected purposes cannot be enabled by copying the dataset or changing its label.,Attempt to send service delivery identities for shared model training under a monitoring purpose; policy denies the transfer before transmission.,,Partial supporting evidence only; full acceptance pending
FR-PRV-003,BR-PRV-003,Hosting and transfer policy,P0,R1,PENDING,No complete implementation and acceptance evidence mapped. Retain the original acceptance criteria; this requirement remains open.,"The tenant policy lists permitted regions and destinations for primary data, recovery, support and models. Adding a destination requires the applicable approval and impact notice. Processing checks destination eligibility before transfer.","Failover cannot override residency. If no permitted recovery destination is available, maintain a controlled outage and communicate the restriction rather than moving data silently.",Fail the primary region and request recovery in a prohibited region; recovery is blocked and the incident records the approved alternative or continued outage.,,Partial supporting evidence only; full acceptance pending
FR-PRV-004,BR-PRV-004,Retention schedules,P0,R1,PARTIAL,"Build 0.27.0 (v0.27 security and privacy slice, PR #74): tenant retention policies name one policy-able data class and a duration inside the class's bounds (OPERATION_RECEIPT 7-90 days, PRIVACY_EXPORT_PACKAGE 1-30, OUTBOX_RECIPIENT 7-365, SECURITY_EVENT 365-3,650; the action stays fixed per class, so one generic value cannot cover every class), are approved by a natural person other than every author into the insert-only retention_policy_binding, and the sweep applies the latest binding per class (the fixed schedule otherwise) and records the applied duration in its proof. Executed: qualification/test_security_privacy.py::test_retention_policies_need_independent_approval_and_the_sweep_honours_them, ::test_policy_bounds_keep_the_audit_floor_and_the_fixed_actions. Open: purpose and owner fields, a preview of affected objects and holds, the collection-activation gate, trigger and action policies, review dates, the 90-day diagnostic-log class of the acceptance text.","Retention policies specify data class, purpose, trigger, duration, expiry action and owner. A preview calculates affected objects and holds. Collection activation requires approved record and evidence policies; operational defaults inherit the BRD bounds.",A generic tenant retention value cannot accidentally cover every class. Policy changes must disclose earlier or later deletion impact and preserve valid holds.,Configure 90 day diagnostic logs and a separate approved evidence term; each expires through its own schedule with accountable exceptions.,apps/api/impact_api/retention_policies.py; apps/api/impact_api/retention_contracts.py; apps/api/impact_api/retention.py; apps/web/src/Privacy.tsx; infrastructure/migrations/0030_security_privacy.sql; qualification/test_security_privacy.py; qualification/test_retention.py; docs/RELEASE-0.27-security-privacy.md,Partial supporting evidence only; full acceptance pending
FR-PRV-005,BR-PRV-005,Deletion restriction and holds,P0,R1,PARTIAL,"v0.25 part B: an erasure case is executed only from its independently approved, enumerated per-store plan (member profile, invitation register and revisions, revision payloads, projections, delivery intents, object-store bytes), re-computed and compared by SHA-256 at execution; each store action records its own outcome, an item under an active retention_hold or still used by another evidence revision is HELD with its review date, a failed object-store deletion leaves the case PartiallyCompleted until a retry completes it, and revision payloads are removable only through the definer privacy_remove_revisions under revision_removal_guard with a deletion_ledger row (qualification/test_privacy_requests.py::test_erasure_reaches_every_store_keeps_audit_and_never_alters_official_numbers, test_erasure_reports_held_items_and_a_failed_object_store_deletion_until_retried, test_erasure_of_a_named_import_batch_removes_its_raw_content, test_revision_removal_is_reachable_only_through_an_approved_executing_plan). Not covered: an API to place or release holds (tests insert them), restriction before deletion, anonymisation, derivatives beyond the listed stores, deletion handling in backups (FR-PRV-006). Build 0.27.0 (PR #74): a retention-hold API — place a hold on one object (authority reference, reason, review date), effective at once; release only by a different natural person, final (qualification/test_security_privacy.py::test_holds_are_placed_through_the_api_block_erasure_and_release_independently).","An authorised request first restricts eligible content where needed, then enumerates primary records, derivatives, indexes, generated artifacts and disclosures. Execution records per store outcome, hold, retry and completion time. Anonymisation is a separately verified transformation.",Deletion cannot be marked complete while active accessible copies remain. Held content is isolated for the approved purpose; a hold is not general continued operational use.,Delete a participant record with one held attachment; active data disappears within the target and the case explicitly reports the held item and review date.,apps/api/impact_api/privacy.py; apps/api/impact_api/object_store.py; infrastructure/migrations/0027_privacy_execution.sql; qualification/test_privacy_requests.py; docs/RELEASE-0.25b.md; apps/api/impact_api/retention_policies.py; qualification/test_security_privacy.py; docs/RELEASE-0.27-security-privacy.md,Partial supporting evidence only; full acceptance pending
FR-PRV-006,BR-PRV-006,Backup deletion handling,P0,R1,PENDING,No complete implementation and acceptance evidence mapped. Retain the original acceptance criteria; this requirement remains open.,The deletion ledger records minimal object identifiers and restriction instructions needed to prevent restoration. Restore remains closed to ordinary users until these instructions and current grants are reapplied and verified. Backup expiry is recorded separately.,Do not claim instant physical erasure from immutable backups when only bounded expiry is supported. A restored historic grant cannot reopen revoked access.,Restore a backup from before a deletion and verify the participant is still unavailable before any user or AI query is admitted.,,Partial supporting evidence only; full acceptance pending
FR-PRV-007,BR-PRV-007,Data subject request handling,P0,R1,PARTIAL,"v0.25 part B: data-subject request cases for a member of the tenant (no participant records exist): intake with request type ACCESS or ERASURE, subject membership, reason, verification note and handling authority, purpose-bound to DATA_SUBJECT_REQUEST (a purpose-less grant never authorises), independent approval by a natural person other than every author and the subject against the SHA-256 of the per-store plan they reviewed, and an access response that is one canonical export package with a manifest (per-section count, completeness and SHA-256), holding only the subject's data, downloaded through a mediated, logged, purpose-bound route and expiring after 7 days (qualification/test_privacy_requests.py::test_access_export_holds_only_the_subjects_data_with_a_manifest_and_is_mediated, test_case_approval_requires_an_independent_natural_person, test_case_operations_are_purpose_bound_and_never_authorised_by_a_general_grant, test_exact_retry_changed_payload_stale_revision_and_changed_plan). Not covered: participants and household members, a response-deadline policy, rejected and on-hold outcomes chosen by the handler, a subject channel or self-service, free text other members wrote about the subject.","A privacy case selects request type, verified subject scope, deadline policy and authorised handler. Search and response preparation exclude other persons' information. Outcome may be completed, partially completed, rejected or on hold with reason and review evidence.",Do not hardcode one jurisdiction's response deadline as universal. Verification collects minimal evidence and never creates a public participant lookup.,"Process one household member's access request and deliver only their permitted information, excluding another member's confidential answers.",apps/api/impact_api/privacy.py; apps/api/impact_api/privacy_contracts.py; infrastructure/migrations/0027_privacy_execution.sql; qualification/test_privacy_requests.py; apps/web/src/Privacy.tsx; docs/RELEASE-0.25b.md,Partial supporting evidence only; full acceptance pending
FR-PRV-008,BR-PRV-008,Sharing register and agreements,P1,R1,PENDING,No complete implementation and acceptance evidence mapped. Retain the original acceptance criteria; this requirement remains open.,"Every disclosure records recipient, purpose, source or artifact version, allowed reuse, expiry and owner. A selected source can list active disclosures within authorised scope. Correction or withdrawal starts recipient notice tasks and tracks acknowledgement where available.",External data deletion is not asserted solely because a notice was sent. Live platform grants and retained external copies have separate statuses.,"Correct a shared dataset and identify its two partner disclosures, revoke live access where required and record each correction notice outcome.",,Partial supporting evidence only; full acceptance pending
FR-PRV-009,BR-PRV-009,Privacy review and country policy,P0,R1,PENDING,No complete implementation and acceptance evidence mapped. Retain the original acceptance criteria; this requirement remains open.,"New jurisdiction or high sensitivity use creates a policy review covering handling basis, transfers, notices, incident commitments, vulnerable populations and safeguards. Approval records qualified policy inputs rather than an application-generated legal conclusion.",Activation is blocked when mandatory decisions are absent. Product controls enforce expressible restrictions; unautomated obligations receive owners and evidence tasks.,Enable a children's location programme without a guardian or safe-contact decision; the use case stays inactive until approved policy is supplied.,,Partial supporting evidence only; full acceptance pending
FR-PRV-010,BR-PRV-010,Telemetry and analytics privacy,P0,R1,PENDING,No complete implementation and acceptance evidence mapped. Retain the original acceptance criteria; this requirement remains open.,"Telemetry schemas allow correlation, error category, timings and bounded operational metadata. Sensitive payload fields, credentials and unrestricted document text are excluded or redacted before general logging. Product analytics obey tenant opt-in or approved policy.",Support diagnostics are a separate controlled export with expiry. Model evaluation samples do not inherit permission from routine operational logging.,Trigger import and AI failures containing synthetic personal markers and confirm none appears in general traces or analytics events.,,Partial supporting evidence only; full acceptance pending
FR-OPS-001,BR-OPS-001,Service administration console,P0,R1,PENDING,"PENDING. Related evidence, recorded so that it is not mistaken for coverage: since v0.26a platform operators manage operator onboarding from the tenant-lifecycle console without a database or console step (nomination, account creation through the provider's user-management service account, acceptance by a different natural person with fresh MFA through the definer accept_operator_nomination; qualification/test_operator_onboarding.py, tools/browser/operators-check.mjs, CI container-stack), and since build 0.27.0 another active operator of another natural person renews or deactivates an operator through the definer apply_operator_change into the insert-only platform_operator_change (qualification/test_operator_lifecycle.py, qualification/test_native_roles.py::test_platform_role_changes_operators_only_through_the_definer; docs/RELEASE-0.27-operators.md). The validation text (operational metadata search that cannot reveal participant names; one tenant's suspension leaving others unchanged) is not exercised by this evidence, and qualification renewal and a support console are not offered. Retain the original acceptance criteria; this requirement remains open. Local review build 0.32 records GNU/BSD backup/restore portability through 61 synthetic unit checks. These do not execute this requirement's operational-search/suspension acceptance scenario; status stays PENDING.","The operations console exposes tenant identity, lifecycle, plan, health and limits without programme content. High impact actions show exact tenant and effect, require reason and appropriate assurance, and record an operation receipt.",Searching operational metadata cannot reveal participant names. Suspending one tenant does not change another tenant's access or jobs.,Suspend the intended synthetic tenant after preview and verify only its permitted lifecycle effects occur.,deploy/backup.sh; deploy/drill_restore.sh; qualification/test_ops_unit.py; docs/evidence/sprint-0.32-ops-unit.xml; docs/RELEASE-0.32-tola-ai-sprint.md,Partial supporting evidence only; full acceptance pending
FR-OPS-002,BR-OPS-002,Entitlements and limits,P1,R1,PENDING,No complete implementation and acceptance evidence mapped. Retain the original acceptance criteria; this requirement remains open.,"Entitlement checks distinguish storage, seats, projects, connectors, API workload and AI budget. Warnings begin at 80 percent of a finite allowance and show usage basis. At the limit, block new excess work while preserving read, correction, security and authorised exit paths.","A commercial quota is not a data permission. Reaching a limit cannot remove MFA, delete stored data or expose protected information. Security repairs and privacy obligations remain executable.","Fill storage allowance, attempt a new media upload and then export existing data; the upload is blocked safely while permitted export remains available.",,Partial supporting evidence only; full acceptance pending
FR-OPS-003,BR-OPS-003,Subscription administration,P1,R2,PENDING,No complete implementation and acceptance evidence mapped. Retain the original acceptance criteria; this requirement remains open.,"Subscription changes preview plan limits, overage, renewal date and affected optional capabilities. Downgrade with excess usage creates a resolution plan and grace terms drawn from the contract. Billing contacts do not become programme administrators.",Payment provider failure does not alter approved results. Tenant closure and deletion require their own authorised workflow; no payment secret is retained unnecessarily.,Downgrade below current project count and verify existing records remain readable while creation beyond the new limit is controlled.,,Partial supporting evidence only; full acceptance pending
FR-OPS-004,BR-OPS-004,Support case management,P1,R1,PENDING,No complete implementation and acceptance evidence mapped. Retain the original acceptance criteria; this requirement remains open.,"Support cases capture tenant, problem category, severity, safe correlation IDs, owner and communication history. Attaching diagnostics shows classification and scope. Content access, when necessary, starts a separate approved support session.",A support ticket does not itself authorise unrestricted data browsing. Closed case attachments expire under the applicable retention policy.,"Resolve a failed import using safe error references; if content inspection becomes necessary, retain the explicit approved access grant and its expiry.",,Partial supporting evidence only; full acceptance pending
FR-OPS-005,BR-OPS-005,Monitoring and service visibility,P0,R1,PARTIAL,"Browser workspaces, labelled dialogs, bound narrative authoring, controlled-publication actions, explicit status and health endpoints are implemented. v0.14 adds to the health surface: with unprivileged connections required, /health/ready first verifies that the app, identity and platform connections are three distinct unprivileged logins and answers 503 with a reason code only (PRIVILEGED_RUNTIME_CONNECTION, SHARED_RUNTIME_LOGIN, PLATFORM_NOT_CONFIGURED; no login name reaches a response), the same check refuses every transaction, and the native restart check shows readiness and the runtime manifest unchanged across an API restart. Service monitoring proper remains open: no health view separated by component, no journey success, latency, backlog, freshness or quota measurement, no incident record, no tenant-cohort view, no metrics, log pipeline or alerting exists; full accessibility/usability qualification, anonymous publication and all remaining screens are also open. Operations hardening (October 2026) adds the operator-only GET /v1/platform/metrics (platform API 1.6.0; apps/api/impact_api/ops_metrics.py): request counts by route family and status class with a latency histogram, worker freshness, DEAD and held deliveries, unsent deliveries and unfinished jobs, tenants by state and object-store space, no path, tenant data or identity (qualification/test_ops_metrics.py::test_operators_read_counts_and_no_tenant_data, test_metrics_are_for_platform_operators_only; test_ops_unit.py::test_request_metrics_count_families_classes_and_latency_without_paths), and a five-minute alert check into deploy-status.json (deploy/ops-check.sh, deploy/ops_alerts.py). Still open: journey success by tenant cohort, connector and AI separation, incident linkage, metric history and any notification channel.","Health views separate core service, connectors, asynchronous processing and AI. Monitor journey success, latency, backlog, freshness and quota pressure by permitted tenant cohort. Incidents link affected function and owner.","Do not report core outage solely because one model provider failed, or healthy data freshness because the web interface is responsive. Tenant views expose only relevant incident details.",Fail a connector while the core remains healthy; show integration delay and stale results without falsely declaring all programme operations unavailable.,apps/web/src/main.tsx; tools/browser/reporting-check.mjs; docs/IMPLEMENTATION.md; apps/api/impact_api/main.py; apps/api/impact_api/store.py; qualification/test_native_roles.py; qualification/test_native_restart.py; docs/evidence/native-qualification.json; docs/RELEASE-0.14.md; apps/api/impact_api/ops_metrics.py; apps/api/impact_api/metrics_contracts.py; qualification/test_ops_metrics.py; qualification/test_ops_unit.py; deploy/ops_alerts.py; docs/RELEASE-OPS-2026-10.md,Partial supporting evidence only; full acceptance pending
FR-OPS-006,BR-OPS-006,Backup and recovery operations,P0,R1,PARTIAL,"Operations hardening (October 2026), staging server only: nightly backup sets hold the application and identity-provider databases, the roles without passwords, the evidence object volume and a SHA-256 manifest, are verified before they are published and kept 7 daily and 4 weekly; a weekly restore drill restores the newest complete set into throwaway containers and refuses to declare success unless every object matches its digest, every blob row finds its object, the migrator finds every ledgered checksum, ownership and forced fences are intact and the realm is present, recording duration and backup age (deploy/backup.sh, deploy/restore-drill.sh, deploy/drill_restore.sh, deploy/restore_check.py; qualification/test_ops_unit.py::test_backup_set_holds_databases_roles_objects_and_a_verified_manifest, test_disk_guard_refuses_and_reports_without_touching_the_sets, test_drill_restore_reports_a_damaged_set_or_a_failed_restore, test_object_digests_match_names_and_blob_rows_find_their_objects, test_drill_record_measures_duration_and_backup_age; the CI container-stack job takes a set, restores it and runs the drill with every check passing). Not covered: an off-server or immutable copy (sets share the server's disk and root account), reconciliation of accepted writes and reapplication of deletions and revocations before controlled reopening, comparison of effective grants and report snapshots against the source, recovery region and key policy, and a representative tenant's full recovery; no RPO or RTO target is met. Build 0.27.0 (PR #76): alert delivery channels and a scripted readiness exercise (deploy/readiness-exercise.sh).","Recovery inventory includes records, files, configuration, definitions, approvals, snapshots, audit and deletion instructions. Restore validates a mutually consistent checkpoint, reapplies current restrictions and reconciles accepted writes before controlled reopening.",Missing required evidence files or governance state prevents declaring a complete restore. Recovery region and key policy remain enforced.,"Recover a representative tenant and compare structured records, attachment integrity, report snapshots and effective grants before allowing normal access.",deploy/backup.sh; deploy/restore-drill.sh; deploy/drill_restore.sh; deploy/restore_check.py; deploy/compose.yaml; qualification/test_ops_unit.py; docs/current/DEPLOYMENT-GUIDE.md; docs/RELEASE-OPS-2026-10.md; deploy/ops_alerts.py; deploy/readiness-exercise.sh; docs/RELEASE-0.27-status-alerts.md,Partial supporting evidence only; full acceptance pending
FR-OPS-007,BR-OPS-007,Safe release and rollback,P0,R1,PENDING,No complete implementation and acceptance evidence mapped. Retain the original acceptance criteria; this requirement remains open.,"Release preparation validates compatibility, data migration, required gates and rollback or roll-forward path. Controlled exposure records cohort and feature configuration. Failure stops expansion and executes the rehearsed recovery path.","Rollback cannot silently discard accepted writes or revert a privacy deletion. Irreversible migration needs an approved forward recovery procedure, not a fictitious rollback switch.",Fail a release after valid submissions were accepted and verify they remain accounted for under the recovery plan.,,Partial supporting evidence only; full acceptance pending
FR-OPS-008,BR-OPS-008,Capacity and cost management,P1,R1,PENDING,No complete implementation and acceptance evidence mapped. Retain the original acceptance criteria; this requirement remains open.,"Usage views track admitted work, completed jobs, storage, source runs and model consumption without payloads. Thresholds identify projected capacity pressure and expensive workloads. Cleanup targets temporary or orphan objects only after dependency and retention checks.",Do not cancel another tenant's critical jobs to hide one tenant's cost spike. Approved budgets and operational limits are visible before restrictive changes.,"Run an expensive AI workload to its allowance and verify bounded queuing, usage attribution and unaffected ordinary approvals.",,Partial supporting evidence only; full acceptance pending
FR-OPS-009,BR-OPS-009,Operational automation,P1,R2,PENDING,No complete implementation and acceptance evidence mapped. Retain the original acceptance criteria; this requirement remains open.,"Operational jobs declare owner, schedule, policy scope, idempotent identity, checkpoints and stop control. The run manifest records completed, held, skipped and failed items. Retry resumes eligible work under current policy.",Destructive tasks recheck holds immediately before execution. A stopped schedule does not imply reversal of already completed actions.,Retry a partially failed retention run; held evidence remains intact and already sent notifications are not duplicated.,,Partial supporting evidence only; full acceptance pending
FR-OPS-010,BR-OPS-010,Trust and assurance information,P1,R2,PENDING,No complete implementation and acceptance evidence mapped. Retain the original acceptance criteria; this requirement remains open.,"The trust package versions approved security, privacy, subprocessor, service objective and incident-process statements with evidence owner and review date. Tenants see the package applicable to their deployment profile and contract.",Expired assessments or unqualified variants cannot inherit a blanket certification claim. Restricted assurance evidence has a controlled sharing path.,Compare a published assurance claim to its scoped assessment and remove or qualify any claim whose evidence no longer applies.,,Partial supporting evidence only; full acceptance pending
FR-MIG-001,BR-MIG-001,Source discovery and mapping,P0,R1,PENDING,No complete implementation and acceptance evidence mapped. Retain the original acceptance criteria; this requirement remains open.,"Discovery inventories source entities, keys, volumes, semantics, attachments, users, grants and reports. Mapping classifies each element as preserved, transformed, excluded or unavailable and identifies owner, method and expected reconciliation.",No assumption that TolaData provides every historical event or field through export. Unsupported source semantics require a documented decision before production load.,Map an indicator with unknown historic formula and identify the limitation explicitly rather than inventing a deterministic approval history.,,Partial supporting evidence only; full acceptance pending
FR-MIG-002,BR-MIG-002,Trial migrations,P0,R1,PENDING,No complete implementation and acceptance evidence mapped. Retain the original acceptance criteria; this requirement remains open.,"A trial uses isolated tenant context, synthetic destinations and disabled external side effects. The same source snapshot and mapping version can be replayed into a clean or keyed trial with outcome comparison.","No live notifications, payment actions, connector writes or public reports from trial data. Trial credentials cannot access production.","Run two identical trials and compare intended records, errors and totals; no duplicate achievements or real recipient messages occur.",,Partial supporting evidence only; full acceptance pending
FR-MIG-003,BR-MIG-003,Semantic reconciliation,P0,R1,PENDING,No complete implementation and acceptance evidence mapped. Retain the original acceptance criteria; this requirement remains open.,"Reconciliation compares counts, keys, units, periods, targets, ratios, overlap, attachments and representative reports. Each variance records source value, destination value, cause, severity and decision. Critical unexplained result differences block cutover.",Record count agreement alone is insufficient. Accepted differences remain visible in migration metadata and user-facing limitations where material.,"Migrate a pooled percentage and cumulative series, independently recompute both and resolve semantic differences before signoff.",,Partial supporting evidence only; full acceptance pending
FR-MIG-004,BR-MIG-004,Historical provenance,P0,R1,PENDING,No complete implementation and acceptance evidence mapped. Retain the original acceptance criteria; this requirement remains open.,"Imported history stores original event values, source origin, available evidence and migration receipt separately. Unverified source decisions are labelled imported assertions; destination decisions have real current actors and timestamps.",Never fabricate old approvals or use migration time as the original event date. Missing history is represented as unavailable rather than silently reconstructed.,"Inspect a migrated report approval and identify whether it is a preserved source record, verified evidence or a new destination decision.",,Partial supporting evidence only; full acceptance pending
FR-MIG-005,BR-MIG-005,Cutover and rollback,P0,R1,PENDING,No complete implementation and acceptance evidence mapped. Retain the original acceptance criteria; this requirement remains open.,"The cutover runbook selects authoritative system, freeze instant or delta method, final reconciliation, owners and rollback trigger. Late source updates receive stable keys and a final delta reconciliation. Destination writes begin only after authority switches.",Prevent both systems from independently publishing the same official period. Rollback identifies destination writes needing safe replay or reconciliation.,Update one source record during the final transfer; the cutover captures it in the delta or reports a controlled exclusion requiring resolution.,,Partial supporting evidence only; full acceptance pending
FR-MIG-006,BR-MIG-006,User enablement,P1,R1,PENDING,No complete implementation and acceptance evidence mapped. Retain the original acceptance criteria; this requirement remains open.,"Onboarding assigns role specific practice tasks using safe sample programmes. Administrators verify scopes and users complete setup, collection, correction, review or viewing tasks relevant to their role. Help links explain both actions and measurement concepts.",Training does not grant production access by default. Completion evidence identifies task outcomes rather than mere attendance.,"An enumerator completes offline practice, a reviewer returns and approves a correction, and neither can access real participant records in training.",,Partial supporting evidence only; full acceptance pending
FR-MIG-007,BR-MIG-007,Full tenant export,P0,R1,PENDING,No complete implementation and acceptance evidence mapped. Retain the original acceptance criteria; this requirement remains open.,"Tenant export builds a machine readable object and relationship package, files, dictionaries, versions, permitted decisions and configuration. The manifest records counts, integrity references, exclusions and restoration instructions independent of internal infrastructure.","An owner may initiate exit but sensitive content access remains policy governed. Secret values are excluded and listed as requiring reconfiguration, not silently omitted from the manifest.",Reconstruct programme-to-indicator-to-result-to-report relationships and verify sample file integrity outside the application using the export package.,,Partial supporting evidence only; full acceptance pending
FR-MIG-008,BR-MIG-008,Closure and deletion evidence,P0,R1,PENDING,No complete implementation and acceptance evidence mapped. Retain the original acceptance criteria; this requirement remains open.,"Closure confirms retrieval window, export status, active integrations, credentials, jobs, holds and deletion schedule. The owner receives an outcome record showing access termination, completed deletion, backup expiry and outstanding lawful retention.",No closure shortcut can bypass a hold or silently erase unexported data before the agreed window. Reactivation after irreversible deletion is not offered as ordinary reopen.,Close a tenant after confirmed export; live credentials and deliveries stop while the record identifies one held item and its review date.,,Partial supporting evidence only; full acceptance pending
FR-UX-001,BR-UX-001,Role relevant workspaces,P0,R1,PARTIAL,"Browser workspaces, labelled dialogs, bound narrative authoring, controlled-publication actions, explicit status and health endpoints are implemented. QA 2026-10 adds automated WCAG A/AA scans of every workspace area (tools/browser/a11y-check.mjs, group a11y-browser: 43 page states, 0 serious or critical violations, no accepted exceptions), visible focus with 3:1 outline contrast, dialog focus return, keyboard-operable tab lists, a skip link and status announcements for saves, export states and evidence notices. Screen-reader review, drag alternatives (no drag exists), the invalid-field and stale-revision acceptance, full accessibility/usability qualification, anonymous publication, service monitoring and all remaining screens are open.","The landing workspace is selected by effective role and recent permitted context: collectors see assignments, reviewers see queues, managers see obligations and viewers see disclosed results. Users can switch among their permitted workspaces.",Do not expose technical administration to a field user as a prerequisite for collecting data. Role changes recompose navigation without stale private links.,"A new enumerator opens an assigned form in two primary navigation actions and sees its due time, save status and sync requirement.",apps/web/src/main.tsx; tools/browser/reporting-check.mjs; docs/IMPLEMENTATION.md; apps/web/src/a11y.ts; tools/browser/a11y-check.mjs; docs/evidence/a11y-browser-tests.json; docs/current/ACCESSIBILITY-STATEMENT.md; docs/QA-A11Y-2026-10.md,Partial supporting evidence only; full acceptance pending
FR-UX-002,BR-UX-002,Progressive configuration,P1,R1,PARTIAL,"Browser workspaces, labelled dialogs, bound narrative authoring, controlled-publication actions, explicit status and health endpoints are implemented. QA 2026-10 adds automated WCAG A/AA scans of every workspace area (tools/browser/a11y-check.mjs, group a11y-browser: 43 page states, 0 serious or critical violations, no accepted exceptions), visible focus with 3:1 outline contrast, dialog focus return, keyboard-operable tab lists, a skip link and status announcements for saves, export states and evidence notices. Screen-reader review, drag alternatives (no drag exists), the invalid-field and stale-revision acceptance, full accessibility/usability qualification, anonymous publication, service monitoring and all remaining screens are open.","Programme setup offers a simple template and reveals advanced settings in relevant steps. Defaults for units, periods, aggregation, consent and audience are visible in a final summary and editable before submission.","No hidden automatic unique reach, broad sharing or assumed consent. Invalid defaults block progression rather than creating a superficially complete programme.",Create a simple programme from a template and inspect the exact sum rule and reporting calendar that produce its first result.,apps/web/src/main.tsx; tools/browser/reporting-check.mjs; docs/IMPLEMENTATION.md; apps/web/src/a11y.ts; tools/browser/a11y-check.mjs; docs/evidence/a11y-browser-tests.json; docs/current/ACCESSIBILITY-STATEMENT.md; docs/QA-A11Y-2026-10.md,Partial supporting evidence only; full acceptance pending
FR-UX-003,BR-UX-003,Error recovery and work preservation,P0,R1,PARTIAL,"Browser workspaces, labelled dialogs, bound narrative authoring, controlled-publication actions, explicit status and health endpoints are implemented. QA 2026-10 adds automated WCAG A/AA scans of every workspace area (tools/browser/a11y-check.mjs, group a11y-browser: 43 page states, 0 serious or critical violations, no accepted exceptions), visible focus with 3:1 outline contrast, dialog focus return, keyboard-operable tab lists, a skip link and status announcements for saves, export states and evidence notices. Screen-reader review, drag alternatives (no drag exists), the invalid-field and stale-revision acceptance, full accessibility/usability qualification, anonymous publication, service monitoring and all remaining screens are open.","Errors explain failed action, saved state and permitted next step. Drafts and operation IDs persist across recoverable failures. Destructive actions preview affected objects; reversible changes offer an explicit inverse operation where business semantics support it.","Undo cannot erase audit, unpublish externally downloaded copies or restore lawfully deleted data. An unknown request outcome requires receipt reconciliation before repeat.","Time out an import confirmation, reconnect and recover the existing job receipt without creating another load.",apps/web/src/main.tsx; tools/browser/reporting-check.mjs; docs/IMPLEMENTATION.md; apps/web/src/a11y.ts; tools/browser/a11y-check.mjs; docs/evidence/a11y-browser-tests.json; docs/current/ACCESSIBILITY-STATEMENT.md; docs/QA-A11Y-2026-10.md,Partial supporting evidence only; full acceptance pending
FR-UX-004,BR-UX-004,Accessible interaction,P0,R1,PARTIAL,"Browser workspaces, labelled dialogs, bound narrative authoring, controlled-publication actions, explicit status and health endpoints are implemented. QA 2026-10 adds automated WCAG A/AA scans of every workspace area (tools/browser/a11y-check.mjs, group a11y-browser: 43 page states, 0 serious or critical violations, no accepted exceptions), visible focus with 3:1 outline contrast, dialog focus return, keyboard-operable tab lists, a skip link and status announcements for saves, export states and evidence notices. Screen-reader review, drag alternatives (no drag exists), the invalid-field and stale-revision acceptance, full accessibility/usability qualification, anonymous publication, service monitoring and all remaining screens are open. Build 0.27.0 (PR #77): console change forms as dialogs with focus kept inside and returned to the opener, a waiting page instead of a permission error, capability-filtered navigation (tools/browser/tenant-check.mjs, tools/browser/check.mjs).","All supported controls have accessible labels, keyboard operation, visible focus and understandable errors. Drag actions provide buttons or ordered lists. Charts offer tables, and async state changes are announced without unexpectedly moving focus.",Authentication supports password managers and accessible alternatives to challenges. User supplied content limitations are reported; they do not waive product process conformance.,"Complete collection, correction and approval with keyboard and a qualified screen reader, including an invalid field and a stale revision conflict.",apps/web/src/main.tsx; tools/browser/reporting-check.mjs; docs/IMPLEMENTATION.md; apps/web/src/a11y.ts; tools/browser/a11y-check.mjs; docs/evidence/a11y-browser-tests.json; docs/current/ACCESSIBILITY-STATEMENT.md; docs/QA-A11Y-2026-10.md; apps/web/src/AccessGate.tsx; tools/browser/tenant-check.mjs; docs/RELEASE-0.27-ux.md,Partial supporting evidence only; full acceptance pending
FR-UX-005,BR-UX-005,Responsive operation,P0,R1,PARTIAL,"Browser workspaces, labelled dialogs, bound narrative authoring, controlled-publication actions, explicit status and health endpoints are implemented. QA 2026-10 adds automated WCAG A/AA scans of every workspace area (tools/browser/a11y-check.mjs, group a11y-browser: 43 page states, 0 serious or critical violations, no accepted exceptions), visible focus with 3:1 outline contrast, dialog focus return, keyboard-operable tab lists, a skip link and status announcements for saves, export states and evidence notices. Screen-reader review, drag alternatives (no drag exists), the invalid-field and stale-revision acceptance, full accessibility/usability qualification, anonymous publication, service monitoring and all remaining screens are open.",Core mobile layouts support 360 CSS pixel width with readable fields and reachable actions. Wide analysis tables offer labelled scrolling or a simplified view without hiding critical meaning. Dense configuration declares its desktop requirement before editing begins.,"No hover-only essential action or clipped submit button. Orientation changes preserve drafts, focus context and confirmation state.","Complete a form, review evidence and return a submission on the supported mobile profile without horizontal dependence for ordinary fields.",apps/web/src/main.tsx; tools/browser/reporting-check.mjs; docs/IMPLEMENTATION.md; apps/web/src/a11y.ts; tools/browser/a11y-check.mjs; docs/evidence/a11y-browser-tests.json; docs/current/ACCESSIBILITY-STATEMENT.md; docs/QA-A11Y-2026-10.md,Partial supporting evidence only; full acceptance pending
FR-UX-006,BR-UX-006,Language and locale,P1,R1,PENDING,No complete implementation and acceptance evidence mapped. Retain the original acceptance criteria; this requirement remains open.,"Profile locale controls display, while source locale and programme reporting zone govern interpretation. Import requires explicit ambiguous date and decimal handling. Unicode labels, names and codes survive export and search.","Changing display language cannot recalculate dates, amounts or period membership. Stable codes remain separate from translated labels.","Import 1,25 under a decimal-comma locale, view in decimal-point locale and export; the underlying value stays 1.25.",,Partial supporting evidence only; full acceptance pending
FR-UX-007,BR-UX-007,Expanded localisation,P1,R2,PENDING,No complete implementation and acceptance evidence mapped. Retain the original acceptance criteria; this requirement remains open.,"A language release contains navigation, help, validation, notifications, standard reports and critical consent text with professional review. Right to left presentation is qualified where relevant. Translation completeness blocks release of affected core workflows.",Machine translation alone is not a completed interface qualification. Fallback language is explicit and never changes stored codes or numeric semantics.,Complete the same core workflow in each released language and confirm no untranslated blocking message or reversed layout obscures an action.,,Partial supporting evidence only; full acceptance pending
FR-UX-008,BR-UX-008,Discoverability and help,P1,R1,PENDING,No complete implementation and acceptance evidence mapped. Retain the original acceptance criteria; this requirement remains open.,"Search, recent work and saved views use current permissions. Context help explains measurement states, approval blockers and recovery actions using product language. Users can move from a safe task notification to the exact permitted object and issue.",Help examples use synthetic data and do not reveal implementation secrets. A saved view with a retired definition prompts reviewed rebinding rather than silently changing meaning.,"Find an assigned indicator, identify why approval is pending and reach the required evidence task without administrator intervention.",,Partial supporting evidence only; full acceptance pending
FR-UX-009,BR-UX-009,Status and trust cues,P0,R1,PARTIAL,"Browser workspaces, labelled dialogs, bound narrative authoring, controlled-publication actions, explicit status and health endpoints are implemented. QA 2026-10 adds automated WCAG A/AA scans of every workspace area (tools/browser/a11y-check.mjs, group a11y-browser: 43 page states, 0 serious or critical violations, no accepted exceptions), visible focus with 3:1 outline contrast, dialog focus return, keyboard-operable tab lists, a skip link and status announcements for saves, export states and evidence notices. Screen-reader review, drag alternatives (no drag exists), the invalid-field and stale-revision acceptance, full accessibility/usability qualification, anonymous publication, service monitoring and all remaining screens are open.","Status labels consistently distinguish local save, received, validating, approved, published, stale, partial, suppressed and AI proposed. A background job receipt names the current stage and does not display complete until its actual completion event.",A generic green success banner cannot imply approval or external delivery. Numeric badges include text equivalents and uncertainty states.,"Submit a large file and observe separate receipt, validation, review and calculation stages with no premature published result.",apps/web/src/main.tsx; tools/browser/reporting-check.mjs; docs/IMPLEMENTATION.md; apps/web/src/a11y.ts; tools/browser/a11y-check.mjs; docs/evidence/a11y-browser-tests.json; docs/current/ACCESSIBILITY-STATEMENT.md; docs/QA-A11Y-2026-10.md,Partial supporting evidence only; full acceptance pending
FR-UX-010,BR-UX-010,Usability evidence,P1,R1,PENDING,No complete implementation and acceptance evidence mapped. Retain the original acceptance criteria; this requirement remains open.,"Usability qualification selects representative roles and accessibility needs, records standard onboarding and tasks, and measures completion, time and consequential errors. Failures are prioritised by data loss, disclosure and incorrect official result risk.",No critical observed workflow defect may be accepted as cosmetic. Facilitation is recorded and does not count as unaided task completion.,Run the six BRD core tasks with at least fifteen representative participants and document both the completion threshold and every critical error resolution.,,Partial supporting evidence only; full acceptance pending
VF-PER-001,NFR-PER-001,Interactive response,P0,R1,PARTIAL,"QA 2026-10 performance (scripts/perf.py, make perf, qualification/perf_harness.py, perf_support.py, test_perf_unit.py; docs/QA-PERFORMANCE-2026-10.md) measured one sandbox run on 1 October 2026: native PostgreSQL 16.13, one API process on the provisioned logins, 2 shared vCPUs under load from other suites, loopback HTTP timed by the client, workload seeded through the governed API only. Within the 2 s p95 / 5 s p99 bound with zero errors: record reads p95 97.5 ms (n 2020), 100-row lists p95 112.7 ms (n 400), saves p95 169.0 ms (n 1358), independent approvals p95 192.0 ms (n 1142) (performance-2026-10-01.json classes read.record, read.list100, write.save, write.approval). Outside the bound if counted as a save: the synchronous 500-row import commit took 14.4 s in one request under the tenant advisory lock (class import.commit, n 1). Not met: the FSD standard workload, peak and soak profiles are not quantified; no browser-side user-action timing; no run on the staging droplet; one sample on contended hardware is not a capacity statement. Build 0.27.0 (PR #75): the failure rule is met under the soak and cohort loads but not under the 16-user single-tenant peak (approval p95 2,119.6 ms; docs/evidence/performance-2026-10-02-peak.json, -soak.json, -cohorts.json; docs/QA-NONFUNCTIONAL-2026-10.md).","Under the standard workload, ordinary record reads, list views with up to 100 returned rows, saves and approval actions shall complete at p95 within 2 seconds and p99 within 5 seconds measured from user action to usable confirmed response. Long jobs are excluded only if explicitly routed asynchronously.","Instrument action start, usable response and durable confirmation for reads, 100-row lists, saves and approvals separately. Run the complete peak and soak profile with concurrent background work; report per tenant p95, p99, timeout and error counts.",Fail any action class or material tenant cohort outside its bound; do not combine fast reads with slow approvals to hide a failure.,scripts/perf.py; qualification/perf_harness.py; qualification/perf_support.py; qualification/test_perf_unit.py; docs/evidence/performance-2026-10-01.json; docs/evidence/performance-2026-10-01.md; docs/QA-PERFORMANCE-2026-10.md; docs/evidence/performance-2026-10-02-peak.json; docs/evidence/performance-2026-10-02-soak.json; docs/evidence/performance-2026-10-02-cohorts.json; docs/QA-NONFUNCTIONAL-2026-10.md,Partial supporting evidence only; full acceptance pending
VF-PER-002,NFR-PER-002,Dashboard response,P1,R1,PENDING,"PENDING. Related performance evidence: QA 2026-10 (docs/evidence/performance-2026-10-01.json classes dashboard.warm and dashboard.cold; docs/QA-PERFORMANCE-2026-10.md): a 10-card programme dashboard read p95 242.0 ms over 50 reads at concurrency 4 in one sandbox run; cold reads have 3 samples only and no cache exists. QA 2026-10 non-functional (docs/evidence/performance-2026-10-02-soak.json, -peak.json class dashboard.warm; docs/QA-NONFUNCTIONAL-2026-10.md): warm p95 249 ms under a 90-second soak at concurrency 4 and 1,967 ms under the 16-user single-tenant peak. No cold-cache population, browser-rendered timing, filter change or drill-down timing was measured. Retain the original acceptance criteria; this requirement remains open.",A standard dashboard of up to ten widgets with approved bounded calculations shall become usable at p95 within 5 seconds and p99 within 10 seconds. Cached and uncached results shall be reported separately. Freshness and calculation status shall remain visible.,"Measure initial opening, filter change and drill down for ten-widget dashboards with cold and warm caches as separate populations. Verify data bindings and freshness while imports and report jobs run.",A placeholder or partially loaded chart is not usable completion. Record failed widgets rather than excluding their samples.,,Partial supporting evidence only; full acceptance pending
VF-PER-003,NFR-PER-003,Search response,P1,R1,PENDING,No complete implementation and acceptance evidence mapped. Retain the original acceptance criteria; this requirement remains open.,"Permission filtered metadata and indexed document searches shall return the first 50 results at p95 within 3 seconds and p99 within 8 seconds under the standard profile. Empty, restricted and multilingual searches shall follow the same confidentiality rules.","Search a synthetic corpus with restricted, multilingual and empty-result queries and retrieve the first fifty permitted results. Inspect counts, suggestions and snippets for hidden markers.","Latency success cannot compensate for permission leakage. Time the complete first usable page, including policy filtering.",,Partial supporting evidence only; full acceptance pending
VF-PER-004,NFR-PER-004,Import and recalculation throughput,P1,R1,PENDING,"PENDING. Proposed 0.28.0 queues commits above 50 rows; 100,000-row throughput remains unmeasured. Earlier baseline: imports are bounded at 500 rows per batch and commit synchronously. QA 2026-10 performance (docs/evidence/performance-2026-10-01.json scenario import_max_batch) recorded one 500-row commit in 14.4 s, about 29 ms per produced observation under the tenant advisory lock; linear extrapolation to 100,000 rows would be far outside the 10-minute bound. No recalculation of 1,000 indicators was run. Retain the original acceptance criteria; this requirement remains open.","A standard import of 100000 rows and 30 simple fields with configured deterministic checks shall complete validation and ingestion at p95 within 10 minutes, excluding human approval and external source transfer. A resulting bounded 1000 indicator recalculation shall complete within 5 additional minutes at p95.","Run repeated 100000-row, thirty-field imports containing updates, duplicates and rejected rows. Start the bounded 1000-indicator calculation after eligible ingestion and record each stage separately.","Human approval and external transfer are separately reported exclusions; validation, internal queuing and ordinary retries remain measured.",,Partial supporting evidence only; full acceptance pending
VF-PER-005,NFR-PER-005,Export and report generation,P1,R1,PENDING,"PENDING. v0.23 renders PDF, XLSX and DOCX exports of a frozen package through the worker with acknowledgement as one synchronous transaction, job state as progress and cancellation before start (qualification/test_report_exports.py::test_export_request_is_one_queued_job_with_receipt_audit_and_exact_retry, test_cancellation_before_start_is_honoured_and_nothing_is_rendered). QA 2026-10 performance (docs/evidence/performance-2026-10-01.json, docs/QA-PERFORMANCE-2026-10.md) timed acknowledgement (9 samples, p95 81.9 ms) and in-process render of the small fixture packages (9 samples, p95 142.8 ms, no queue wait): too few samples and not the target workload. No 100,000-row export, 50-page report or twenty-chart report exists to measure. Retain the original acceptance criteria; this requirement remains open.","A standard 100000 row data export or 50 page report with up to 20 charts shall complete at p95 within 5 minutes. Jobs shall acknowledge receipt within 2 seconds, expose progress and support cancellation. Larger jobs shall show estimated class and explicit limits.","Generate 100000-row exports and fifty-page reports with twenty charts under mixed load. Measure acknowledgement and finished artifact times, validate content and cancel jobs at several stages.",A ready link to an incomplete artifact fails. Permission revocation before download must prevent retrieval even when performance targets passed.,,Partial supporting evidence only; full acceptance pending
VF-PER-006,NFR-PER-006,Data freshness,P0,R1,PARTIAL,"v0.24's dashboard reads are uncached and computed per request, and the freshness block separates calculation and lock times (qualification/test_dashboards.py::test_provisional_to_official_and_freshness_transitions). QA 2026-10 performance measured propagation from calculation completion to the dashboard showing the new result_revision: 20 samples, p95 71.5 ms, p99 78.1 ms, zero errors, bounded by one dashboard read because nothing is cached (performance-2026-10-01.json class freshness.propagation, scenario freshness; one sandbox run on 2 shared vCPUs, docs/QA-PERFORMANCE-2026-10.md). Not met: collection and human-review delays are not recorded or displayed separately; no load, peak or staging measurement.","After a submission is approved and its bounded calculation finishes, live dashboards shall reflect the new approved result within 60 seconds at p95. External source cadence and human review delays shall be displayed separately rather than hidden in this metric.","Record source receipt, validation, approval, calculation completion and first visible updated dashboard result. Use version identifiers to prove the new result is actually shown.","Measure the sixty-second propagation from calculation completion, while separately exposing collection and human review delay.",apps/api/impact_api/dashboards.py; qualification/test_dashboards.py; scripts/perf.py; qualification/perf_harness.py; docs/evidence/performance-2026-10-01.json; docs/QA-PERFORMANCE-2026-10.md,Partial supporting evidence only; full acceptance pending
VF-PER-007,NFR-PER-007,AI responsiveness,P1,R1,PENDING,No complete implementation and acceptance evidence mapped. Retain the original acceptance criteria; this requirement remains open.,"For interactive evidence questions, the system shall acknowledge within 2 seconds and target a first useful response at p95 within 15 seconds and a completed standard answer within 45 seconds. Long extraction and reporting tasks shall use visible asynchronous jobs with cancellation and a declared timeout.","Run representative supported question sets by use case and model configuration. Measure acknowledgement, first useful response and completed answer, including policy checks and numeric tools.",A generic waiting message is not useful response. Provider timeout must preserve the question and offer the manual route without unapproved fallback.,,Partial supporting evidence only; full acceptance pending
VF-CAP-001,NFR-CAP-001,Supported object limits,P1,R1,PENDING,No complete implementation and acceptance evidence mapped. Retain the original acceptance criteria; this requirement remains open.,"The baseline shall qualify forms with 200 questions and 100 repeat entries, source files up to 100 MB, media files up to 25 MB and import jobs up to one million rows through an appropriate asynchronous path. Limits and supported combinations shall be visible before work begins.","Test 199, 200 and 201 questions; 99, 100 and 101 repeat entries; each file boundary and one million-row async import. Exercise representative combinations and preservation of existing drafts.",Document decimal versus binary file size units before qualification. Advertised limits must not be reduced by an undocumented frontend constraint.,,Partial supporting evidence only; full acceptance pending
VF-CAP-002,NFR-CAP-002,Scaling and workload isolation,P0,R1,PENDING,"PENDING. Related performance evidence: QA 2026-10 (docs/evidence/performance-2026-10-01.json isolation.tenant_b.*): one probe of tenant B list reads during tenant A's 500-row import (p95 53.2 ms against 37.1 ms idle) and during 500 concurrent approvals (p95 103.0 ms). QA 2026-10 non-functional (docs/evidence/performance-2026-10-02-cohorts.json, docs/QA-NONFUNCTIONAL-2026-10.md): two quiet tenants at 2.4-2.5 times their idle p95 while one tenant runs four users; no admission control, queue limits, burst recovery or fairness mechanism exists. Retain the original acceptance criteria; this requirement remains open.","The service shall admit, queue or limit work predictably as demand rises. A large tenant import or AI job shall not cause unrelated tenants to miss core service targets during the baseline workload. Bursts shall recover without unbounded queues.","Apply the five-minute twofold arrival burst and a noisy tenant bulk workload while representative other tenants save and approve. Measure queue depth, rejections and recovery to baseline.","Fail unbounded queue growth, unexplained starvation or target violations hidden by service-wide averages.",,Partial supporting evidence only; full acceptance pending
VF-AVL-001,NFR-AVL-001,Core availability,P0,R1,PENDING,"PENDING. Related QA 2026-10 non-functional evidence, not an availability figure: the API and the worker recover from a clean database stop and start without being restarted, refusing with 503 DATABASE_UNAVAILABLE meanwhile, and receipts written before the stop hold (qualification/test_native_nonfunctional.py::test_native_database_restart_api_and_worker_recover_without_restart_and_receipts_hold; run locally with IMPACT_DB_STOP_COMMAND/IMPACT_DB_START_COMMAND, directly and through PgBouncer; docs/QA-NONFUNCTIONAL-2026-10.md). No availability target, measurement window, crash restart, failover or replica exists. Retain the original acceptance criteria; this requirement remains open.","The internal core service objective shall be at least 99.9 percent monthly availability for supported authentication, record access, submission, approval and access to published reports. Measure each critical journey and material tenant cohort. Planned maintenance affecting these journeys counts against this internal objective.","Define successful synthetic journeys for authentication, read, submission, approval and report access; measure monthly bad minutes and failed-request evidence per material cohort.",Planned maintenance and platform-dependent outages count for this internal objective. A single aggregate availability number is insufficient.,,Partial supporting evidence only; full acceptance pending
VF-AVL-002,NFR-AVL-002,Dependency degradation,P0,R1,PARTIAL,"QA 2026-10 degradation (qualification/test_native_degradation.py, six tests: five on PGlite and natively, one native-only; docs/QA-DEGRADATION-2026-10.md) qualifies a bounded subset. Email is an isolated dependency: with no worker running, manual observation work continues, the invitation intent waits PENDING with no attempt, and one worker pass delivers it exactly once (test_worker_down_api_serves_intents_wait_and_one_pass_delivers_each_once); an SMTP server refusing connections is retried with backoff and dead-lettered with the class SMTP_CONNECTION and no secret in the log (test_smtp_refusing_connections_backs_off_then_dead_without_secrets_in_logs). The database and the identity provider are declared required dependencies of every authenticated journey, so the claim is fail closed and recover without restart, not isolation: a refused database answers 503 SERVICE_UNAVAILABLE, retryable, reason DATABASE_UNAVAILABLE (readiness too), leaves no receipt and the same operation commits once after recovery in the same process; a connection lost mid-write commits nothing (native only); after the 60-second cached key set expires bearer tokens are refused with 503 IDENTITY_PROVIDER_UNAVAILABLE, never accepted, while cookie sessions continue (stub provider). Object-store full or unavailable answers 503 OBJECT_STORE_FULL or OBJECT_STORE_UNAVAILABLE with no row, object or partial bytes (test_object_store_full_or_unreadable_fails_cleanly_and_downloads_fail_closed; test_evidence_unit.py::test_store_failures_are_bounded_reason_codes_and_leave_no_partial_object). Not met: no screen shows users the affected function, stale data or queued actions; AI, survey-connector and BI dependencies do not exist; PostgreSQL and Keycloak were never actually stopped (a TCP proxy and a stub provider stand in); no affected-cohort report. Build 0.27.0: users see the affected function from a closed catalogue of service notices (GET /v1/status and the banner; qualification/test_status.py, test_status_alerts_unit.py, tools/browser/status-check.mjs; PR #76), and the API and worker recover from a clean database restart without being restarted, with the pooled-outage timing limit recorded (qualification/test_native_nonfunctional.py; PR #75). Not met: stale-data labels on records, per-user queued-action counts, a real PostgreSQL or Keycloak outage in a deployment.","AI, email, external data collection and BI failures shall be isolated where possible. Users shall see the affected function, stale data and queued actions. Core manual workflows shall remain available when their independent dependencies are healthy.","Independently fail AI, email, survey connector and BI retrieval. Complete manual entry, deterministic calculations and existing approved report access while inspecting queued work and status labels.",Do not claim isolation when the failed dependency is actually required for the tested journey; declare that dependency and report the affected cohort.,qualification/test_native_degradation.py; qualification/test_evidence_unit.py; apps/api/impact_api/main.py; apps/api/impact_api/auth.py; apps/api/impact_api/object_store.py; docs/QA-DEGRADATION-2026-10.md; apps/api/impact_api/status.py; apps/web/src/StatusBanner.tsx; qualification/test_status.py; qualification/test_status_alerts_unit.py; tools/browser/status-check.mjs; docs/evidence/status-browser-tests.json; qualification/test_native_nonfunctional.py; docs/QA-NONFUNCTIONAL-2026-10.md; docs/RELEASE-0.27-status-alerts.md,Partial supporting evidence only; full acceptance pending
VF-DR-001,NFR-DR-001,Disaster recovery,P0,R1,PENDING,No complete implementation and acceptance evidence mapped. Retain the original acceptance criteria; this requirement remains open.,"For the standard qualified deployment, catastrophic recovery shall target a recovery point objective of at most 15 minutes and recovery time objective of at most 4 hours from incident declaration. Recovery shall occur only within permitted regions and include files, configuration and governance state.","Declare a simulated regional disaster, restore only in an allowed region and time service recovery. Reconcile records and attachments against the latest accepted receipts and identify any permitted recovery point gap.","Do not reopen with mismatched governance or missing deletion restrictions. Report actual lost interval and affected accepted writes, not only backup timestamps.",,Partial supporting evidence only; full acceptance pending
VF-DR-002,NFR-DR-002,Ordinary failure durability,P0,R1,PENDING,No complete implementation and acceptance evidence mapped. Retain the original acceptance criteria; this requirement remains open.,A server acknowledgement of a saved record shall represent durable acceptance under the qualified ordinary single component failure model. Offline local saves shall be clearly distinct. Catastrophic recovery exposure remains governed by NFR-DR-001.,"Interrupt qualified individual components during writes and compare client receipts to recovered records, child relationships and files. Repeat around acknowledgement boundaries.",A successful server receipt must not silently disappear under the ordinary qualified failure model; uncertain client outcomes are reconciled by operation identity.,,Partial supporting evidence only; full acceptance pending
VF-DR-003,NFR-DR-003,Recovery testing and backups,P0,R1,PARTIAL,"A scripted, verified restore exists and has been executed (scripts/restore_drill.py; 29 September 2026 on PostgreSQL 16.13, and in the CI native job on 17.11 for commit c759e9e): pg_dump -Fc of the qualification database (3,427,234 bytes in 0.45 s), pg_restore into a sibling database (1.56 s), a migrator checksum pass that applies nothing and verifies all 16 ledgered checksums, the seeded OFFICIAL 46.36 present in its snapshot revision with its payload hash, equal row counts in all 151 impact tables (30,016 rows), identical ownership, RLS flags, policies, functions and grants, the tenant fences and control-plane denials intact for impact_app, and no credential altered. This is a CI-scale restore drill of a disposable qualification database, not a backup regime: no scheduled backup, retention window, off-site or immutable copy, protection against alteration or credential compromise, monthly restore cadence, quarterly disaster exercise, key recovery, attachment integrity (no attachments exist) or deletion/restriction replay before reopening exists, and no RPO or RTO is established. A restore of a production-scale database is not qualified. Operations hardening (October 2026) adds, on the staging server, nightly verified backup sets (both databases, roles without passwords, the evidence object volume as a tar, SHA-256 manifest; written in a hidden directory, verified with pg_restore --list, a full tar read and sha256sum, then renamed; 7 daily and 4 weekly within the 35-day default; a disk guard) and a weekly on-server restore drill into throwaway containers that checks object digests against their names, blob rows against objects, a migrator checksum pass, ownership, forced fences and the identity-provider realm and records duration and backup age (deploy/backup.sh, deploy/restore-drill.sh, deploy/drill_restore.sh, deploy/restore_check.py; qualification/test_ops_unit.py::test_backup_set_holds_databases_roles_objects_and_a_verified_manifest, test_sundays_set_is_kept_weekly_by_hard_link_and_retention_prunes_oldest, test_verification_catches_a_changed_file, test_drill_restores_the_newest_set_and_skips_the_bootstrap_superuser, test_object_digests_match_names_and_blob_rows_find_their_objects, test_drill_record_measures_duration_and_backup_age; the CI container-stack job restores a set and runs the drill). Still open: protection against alteration and credential compromise (sets live on the same server and root account), an off-server copy, the quarterly disaster exercise, key recovery and deletion replay before reopening (TH27); no RPO or RTO target is met.",Backups shall be protected against unauthorised alteration and credential compromise. Representative restores shall be tested monthly and disaster recovery at least quarterly. Default backup retention shall be no more than 35 days unless an approved contract or hold requires a different schedule.,"Run monthly representative restores and quarterly disaster exercises. Test protected backup access, attachment integrity, snapshot consistency, key recovery and deletion replay before reopening.",A successful archive download is not a completed restore. Record retention exceptions and their owner instead of extending the default window silently.,scripts/restore_drill.py; docs/evidence/native-restore-drill.json; docs/evidence/native-qualification.json; docs/RELEASE-0.14.md; docs/current/OPERATIONS-GUIDE.md; deploy/backup.sh; deploy/restore-drill.sh; deploy/drill_restore.sh; deploy/restore_check.py; qualification/test_ops_unit.py; docs/current/DEPLOYMENT-GUIDE.md; docs/RELEASE-OPS-2026-10.md,Partial supporting evidence only; full acceptance pending
VF-DIN-001,NFR-DIN-001,Calculation correctness,P0,R1,PARTIAL,"v0.19 adds a versioned golden corpus (qualification/golden/calculation-corpus-v1.json, corpus 1.1.0, 40 hand-prepared vectors covering CAL01, CAL02, CAL05, CAL06, CAL07, CAL09, CAL16 and CAL20 plus rounding boundaries, magnitude, missingness, invalid input and dimensions) and a reconciliation harness (qualification/test_golden.py, make golden) that compares an independent exact-rational reference with the hand-prepared values, then the domain code and the live API path with the reference, on raw stored and displayed decimals per total and per category; every executed vector passes (docs/evidence/golden-reconciliation.json). Not covered: CAL03, CAL04, CAL10-CAL15, CAL17-CAL19 (overlap, hierarchy, conversions, targets, weighting, currency, cost and disclosure are not implemented or not in the corpus), correction, version and permission variants of each vector, and report bindings.","The entire approved deterministic golden corpus shall pass exactly at the defined precision before release. It shall cover pooled ratios, distinct counts, period semantics, dimensions, corrections, rounding, missingness, cycles and permissions. There shall be zero unexplained official report reconciliation differences.","Run CAL01 through CAL20 and their version, correction, missingness and permission variants against independently prepared expected results. Compare raw and displayed decimals and report bindings.",Any unexplained official result discrepancy blocks release. Numerical tolerance applies only when the approved calculation contract defines it.,apps/api/impact_api/domain.py; apps/api/impact_api/calculation_contracts.py; apps/api/impact_api/service.py; qualification/test_calculation_methods.py; qualification/test_golden.py; qualification/golden/calculation-corpus-v1.json; docs/evidence/golden-reconciliation.json; docs/evidence/application-tests.xml; docs/evidence/native-application-tests.xml; docs/RELEASE-0.19.md,Partial supporting evidence only; full acceptance pending
VF-DIN-002,NFR-DIN-002,Concurrent change integrity,P0,R1,PARTIAL,"Native PostgreSQL only (qualification/test_native_concurrency.py, 11 cases, executed on PostgreSQL 16.13 in the workspace on 29 September 2026 and 17.11 in CI; skipped on PGlite, whose single process lock cannot contend): two independent reviewers approving one candidate revision at once admit exactly one decision (200 and CONFLICT_VERSION; one new revision each of candidate and workflow, one audit event, one outbox event, one receipt); the same command from two threads returns the one receipt and writes one revision; the same operation identifier with different payloads admits exactly one (CONFLICT_OPERATION for the other); two independent close reviews of one period produce one OFFICIAL snapshot version and PERIOD_ALREADY_SNAPSHOTTED for the other; a renewal approval raced with a pinned-grant revocation in both orders yields either the renewed set with the stale revocation refused (CONFLICT_VERSION) or the revoked grant with the approval refused (AUTHORITY_CHANGED), never both; ten reads complete beside a held tenant advisory lock while a write queues, and a write held past lock_timeout is refused with no receipt. Not covered: two concurrent edits of one record, repeated import commands and interrupted bulk jobs (no import or bulk job exists), the LLD lock order across objects under concurrent writers (the mixed-write case is a no-regression smoke test), connection pooling, and any load profile. The target's recoverable explicit partial outcomes exist only where an operation defines them.","Concurrent edits and retries shall not silently lose updates, duplicate achievements or approve stale versions. Business transactions shall either complete with recorded effects or return a recoverable explicit partial outcome where the operation permits one.","Race two edits, two approvals, repeated import commands and interrupted bulk jobs. Verify declared atomic boundaries, stale rejection and complete per-item receipts.","No silent last-write overwrite, duplicate intended result or approval of a new candidate using an old decision is acceptable.",qualification/test_native_concurrency.py; apps/api/impact_api/service.py; apps/api/impact_api/store.py; docs/evidence/native-application-tests.xml; docs/evidence/native-qualification.json; docs/RELEASE-0.14.md,Partial supporting evidence only; full acceptance pending
VF-IAM-001,NFR-IAM-001,Revocation time,P0,R1,PENDING,"PENDING. v0.15 revokes browser sessions immediately on logout and on a verified back-channel logout token (qualification/test_live_idp.py, test_backchannel_logout.py), but the 60-second bound is not met or measured: bearer access tokens remain valid until exp (120 s in the qualification realm) after a provider logout, no revocation latency is measured from platform receipt, and suspension, grant removal, service credentials, generated downloads, search, AI and queued jobs are not polled (most of them do not exist). v0.16's worker re-reads each delivery intent immediately before sending and supersedes it when the invitation generation, the recovery-channel challenge or the notice recipient is no longer current (qualification/test_worker.py); that is a recheck of the intent, not a measured revocation bound, and no sensitive job class exists for the worker to reauthorise. Retain the original acceptance criteria; this requirement remains open.","Online user suspension, permission removal and credential revocation shall take effect within 60 seconds across user interfaces, APIs, generated downloads, search and AI access. Queued jobs shall reauthorise before sensitive action. Directory initiated revocation is measured from receipt by the platform.","Revoke users, grants and service credentials while polling interface, API, search, AI, artifacts and pending sensitive jobs. Measure from platform receipt of the revocation.","The sixty-second bound is a maximum, not a percentile allowance. Any protected access after it fails the gate; execution reauthorisation remains mandatory.",,Partial supporting evidence only; full acceptance pending
VF-OFF-001,NFR-OFF-001,Offline authority window,P0,R1,PENDING,No complete implementation and acceptance evidence mapped. Retain the original acceptance criteria; this requirement remains open.,Default offline packages shall expire within 24 hours without renewed authorisation. Restricted participant packages shall default to at most 8 hours and require approved device controls. Longer low sensitivity windows require a recorded risk exception; sensitive data may be prohibited from offline use entirely.,"Qualify local expiry, restart, clock rollback, account switching, prolonged disconnection and revoked reconnect. Test ordinary and restricted packages under the chosen device controls.","If the device cannot enforce the authority window reliably, do not qualify sensitive offline use. Remote wipe is recorded as best effort.",,Partial supporting evidence only; full acceptance pending
VF-SEC-001,NFR-SEC-001,Release security threshold,P0,R1,PENDING,No complete implementation and acceptance evidence mapped. Retain the original acceptance criteria; this requirement remains open.,"All applicable baseline security controls shall have passing evidence. No unresolved critical or high vulnerability affecting confidentiality, integrity or access shall enter production without an effective verified mitigation. Functional parity shall not override this gate.","Assemble applicable control results, independent assessment, retest evidence and scoped mitigation records. Exercise the release gate with intentionally unresolved critical and high findings.","Any unmitigated exposure affecting confidentiality, integrity or access blocks release; a product priority waiver cannot override this gate.",,Partial supporting evidence only; full acceptance pending
VF-SEC-002,NFR-SEC-002,Incident and remediation timing,P0,R1,PENDING,No complete implementation and acceptance evidence mapped. Retain the original acceptance criteria; this requirement remains open.,"For critical production incidents, on call acknowledgement shall occur within 15 minutes and containment work shall begin within 30 minutes. Confirmed critical vulnerabilities require mitigation within 24 hours and a permanent fix target within 72 hours; high vulnerabilities within 7 days. Legal and contractual notices follow the approved incident policy.","Time a simulated critical incident from detection to acknowledgement and containment start, and a confirmed vulnerability from confirmation to mitigation and permanent fix.","Record missed targets, escalation and continuing protection. A notification without an accountable responder does not satisfy acknowledgement.",,Partial supporting evidence only; full acceptance pending
VF-AUD-001,NFR-AUD-001,Audit coverage and retention,P0,R1,PARTIAL,"v0.25 part A: a permitted audit export (create_audit_export; capability audit.export for OWNER and TENANT_ADMIN, purpose-required with SECURITY_REVIEW, INCIDENT_INVESTIGATION, REGULATORY_REQUEST or INTERNAL_AUDIT, fresh assurance 300 s) returns the tenant's audit events of an ended window of at most 366 days as JSON Lines (projected audit columns and the revision digest only: no payload, secret, sealed value or address) with a manifest, a hash chain and a seal, paged by a signed cursor bound to tenant, principal, window and purpose; each page is itself an audited command with a receipt, so receipts reconcile to the export's own events (qualification/test_audit_export.py::test_export_pages_verify_and_each_export_is_audited, test_exact_retry_is_identical_and_a_changed_payload_conflicts, test_refusals_tenant_capability_assurance_and_revocation, test_purpose_is_required_and_a_purpose_bound_grant_authorises_only_its_purpose, test_owner_may_export_and_the_content_holds_no_secret, test_cursor_is_signed_and_bound_to_window_and_purpose). Not covered, so the gate is not met: every audit event class of FSD section 35 (denied operations and restricted reads are not recorded as events), the 365-day metadata retention and governed business retention, search by reviewers beyond a window export, and a durable export register (the window and digest live in the 7-day receipt). Build 0.27.0 (PR #74): denied operations in the export, the durable export register and an audit window for denial rows with a 365-day floor; AuditEvent records are never deleted (qualification/test_security_privacy.py::test_the_audit_window_is_never_crossed_and_audit_events_are_never_swept). Still open: every FSD section 35 event class beyond denials, metadata minimisation, a reconciliation report.",All defined security and business audit event classes shall be captured and searchable by authorised reviewers. Default security event metadata retention shall be 365 days; longer business audit retention shall follow tenant policy. Secret values and unnecessary personal payloads shall not be logged.,"Execute every audit event class in section 35, including denied operations, restricted reads and privileged actions. Reconcile command receipts to immutable events and a permitted audit export.",Verify default metadata expiry and longer governed business retention separately. Inspect events for secrets and unnecessary personal payloads.,apps/api/impact_api/audit_export.py; apps/api/impact_api/audit_export_contracts.py; apps/web/src/AuditExport.tsx; qualification/test_audit_export.py; docs/RELEASE-0.25a.md; apps/api/impact_api/security_events.py; qualification/test_security_privacy.py; docs/RELEASE-0.27-security-privacy.md,Partial supporting evidence only; full acceptance pending
VF-PRV-001,NFR-PRV-001,Deletion propagation,P0,R1,PARTIAL,"v0.25 part B: an approved erasure removes or restricts the subject's data in active primary records, projections, sealed delivery addresses (overwritten with random bytes and the intents SUPERSEDED with the lease generation advanced), object-store bytes (after the commit, recorded per object) and named import raw content within the request, keeps audit, identifiers and every official number unchanged (every CalculatedResult, Snapshot and Observation revision compared before and after), and reports a no-hold, a partial-hold and a failed-derivative-store run distinctly (qualification/test_privacy_requests.py::test_erasure_reaches_every_store_keeps_audit_and_never_alters_official_numbers, test_erasure_reports_held_items_and_a_failed_object_store_deletion_until_retried; natively test_native_privacy_tables_are_fenced_for_the_application_login). Not covered: backup expiry and deletion replay on restore (FR-PRV-006, TH27; erased values stay in nightly sets until they age out), search, AI and cache stores (none exist), external recipients of earlier publications.","After an authorised deletion becomes executable and no hold applies, active primary records, caches, indexes and platform generated derivatives shall be removed or effectively restricted within 24 hours. Backup expiry follows the approved schedule, normally within 35 days. External recipient actions shall be tracked separately.","Run a deletion with no hold, one with a partial hold and one with a failed derivative store. Query primary records, search, AI, caches and generated artifacts after the active-store deadline.",A partial manifest cannot be labelled complete. Restore an old backup and verify deletion before exposing restored content.,apps/api/impact_api/privacy.py; infrastructure/migrations/0027_privacy_execution.sql; qualification/test_privacy_requests.py; docs/RELEASE-0.25b.md,Partial supporting evidence only; full acceptance pending
VF-PRV-002,NFR-PRV-002,Retention defaults and proof,P0,R1,PENDING,"PENDING. Related evidence: scheduled action receipts exist for four data classes (retention_proof with cutoff on the database clock, affected count, the SHA-256 of the sorted affected keys and, since build 0.27.0, the applied duration, written by a lease-fenced sweep that a stale holder cannot complete; qualification/test_retention.py::test_sweep_removes_only_expired_items_and_proves_each_class, test_a_stale_lease_holder_neither_deletes_nor_proves, test_a_sweep_that_keeps_failing_backs_off_then_fails_with_an_error_class, test_worker_holds_exactly_the_retention_privileges); since build 0.27.0 tenant-approved durations replace the defaults per class and the security-event class keeps a 365-day floor enforced in its definer (qualification/test_security_privacy.py::test_retention_policies_need_independent_approval_and_the_sweep_honours_them, ::test_the_audit_window_is_never_crossed_and_audit_events_are_never_swept). Approval before collection is not gated, and diagnostic-log, AI-content and record/evidence classes and orphan-copy detection do not exist, so the target is not met. Retain the original acceptance criteria; this requirement remains open.",Production tenants shall have approved record and evidence retention policies before collection. Diagnostic logs shall default to 90 days or less; retained AI prompt and response content shall default to 30 days or less unless a justified policy specifies otherwise. Minimal governed approval evidence may have a separate schedule.,"Create synthetic objects in each retention class, advance qualified expiry conditions and inspect scheduled action receipts, holds and exceptions. Confirm policy approval precedes real collection.","AI content, diagnostic logs, security metadata and business evidence require distinct schedules; hidden orphan copies fail the gate.",,Partial supporting evidence only; full acceptance pending
VF-AIQ-001,NFR-AIQ-001,Evaluation set quality,P0,R1,PENDING,No complete implementation and acceptance evidence mapped. Retain the original acceptance criteria; this requirement remains open.,"Each enabled use case shall have a held out evaluation set with at least 200 representative cases where feasible, including at least 20 percent boundary, unsupported or adversarial cases. Small specialist sets require documented justification and risk review. Each released language and sector must have explicit coverage evidence.","Review each held out set for at least the required case count where feasible, twenty percent difficult or adversarial cases, language and sector coverage and separation from tuning.",Specialist small sets need a named risk decision and scope limitation. Duplicated paraphrases do not substitute for representative task coverage.,,Partial supporting evidence only; full acceptance pending
VF-AIQ-002,NFR-AIQ-002,Evidence and numeric accuracy,P0,R1,PENDING,No complete implementation and acceptance evidence mapped. Retain the original acceptance criteria; this requirement remains open.,Evidence question answering shall achieve at least 95 percent supported factual claims and at least 98 percent correct citation locations on the approved set. Every numeric value presented as an official result shall match the authoritative tool result. A critical unsupported consequential claim blocks release regardless of the average score.,Score factual claims and citation locations with separate denominators; compare every official numeric value to its tool result. Review consequential unsupported claims individually.,A critical unsupported claim or one wrong official numeric value fails the affected release regardless of average citation performance.,,Partial supporting evidence only; full acceptance pending
VF-AIQ-003,NFR-AIQ-003,Extraction and abstention,P1,R1,PENDING,No complete implementation and acceptance evidence mapped. Retain the original acceptance criteria; this requirement remains open.,"Document extraction shall target at least 95 percent field level precision and 90 percent recall on mandatory fields. The system shall correctly abstain or request clarification for at least 95 percent of designated unanswerable cases, while incorrect abstention on answerable cases remains at or below 10 percent.","Label source fields and designated answerable or unanswerable questions independently. Calculate field precision and recall by type and language, correct abstention and false abstention.",Report missing mandatory fields and correction time; do not score only fields the model chose to emit.,,Partial supporting evidence only; full acceptance pending
VF-AIQ-004,NFR-AIQ-004,Leakage and action safety,P0,R1,PENDING,No complete implementation and acceptance evidence mapped. Retain the original acceptance criteria; this requirement remains open.,"Adversarial qualification shall show zero successful cross tenant disclosures, unauthorised tool actions or secret disclosures in the defined test suite. This is a test acceptance criterion, not proof that real world risk is zero. Any observed failure blocks the affected capability until resolved.","Run synthetic tenant leakage, indirect prompt injection, stale source access, conversation copying, secret requests and tool escalation scenarios with traceable markers.","Zero observed successful disclosures or unauthorised actions is a test criterion, not proof of zero real-world risk. Any success blocks the capability.",,Partial supporting evidence only; full acceptance pending
VF-AIQ-005,NFR-AIQ-005,Change monitoring and rollback,P0,R1,PENDING,No complete implementation and acceptance evidence mapped. Retain the original acceptance criteria; this requirement remains open.,"Model, prompt, retrieval and policy changes shall have versioned evaluation, controlled rollout and rollback. Production monitoring shall track failures, reviewer corrections, refusals, latency, cost and language specific quality with minimised content retention.","Introduce a deliberately degraded candidate configuration and compare quality, latency and cost to the approved version. Exercise controlled exposure, stop and rollback while identifying affected artifacts.",A rollback must restore the approved policy-compatible destination and tool set; it cannot reinstate a now-prohibited provider.,,Partial supporting evidence only; full acceptance pending
VF-UX-001,NFR-UX-001,Accessibility conformance,P0,R1,PARTIAL,"QA 2026-10 (tools/browser/a11y-check.mjs, group a11y-browser) scans 43 page states of the web client (every workspace area and tab, record and decision dialogs, tenant lifecycle, Workers, recovery contacts, initial access, authority renewal, sign-in, one 390 px state) with axe-core 4.13.0 at the WCAG 2.0/2.1/2.2 A and AA tags: 0 serious or critical violations and no accepted exceptions after the fixes (759 colour-contrast nodes before). A scripted keyboard-only flow submits an observation and has an independent reviewer approve it, and checks focus visibility (outline contrast at least 3:1), dialog focus containment and return, tab-list arrow keys and the skip link. Chromium 153 only. Not covered, so the failure rule (a clean automated scan alone does not pass) is not met: screen-reader review, other browsers, zoom and reflow at 400 percent, a manual WCAG 2.2 AA audit, the identity-provider pages, generated report templates, the invalid-field and stale-revision cases and keyboard walk-throughs of the other processes. Build 0.27.0 (PR #77, #76): dialog focus and the access gate in tenant-browser; the service-notice banner as a role=status region with a disclosure button in status-browser.","All supported core journeys shall meet WCAG 2.2 Level AA through automated checks and manual keyboard and assistive technology review. Complete processes, third party authentication flows under product control and generated standard templates shall be included in the scope.","Review complete processes against WCAG 2.2 AA with automated checks plus manual keyboard, screen reader, focus, error and generated-template tests.","A clean automated scan alone does not pass. Record environment, user-content boundaries and remediation evidence for each material issue.",tools/browser/a11y-check.mjs; docs/evidence/a11y-browser-tests.json; docs/current/ACCESSIBILITY-STATEMENT.md; docs/QA-A11Y-2026-10.md; tools/browser/tenant-check.mjs; tools/browser/status-check.mjs; docs/RELEASE-0.27-ux.md,Partial supporting evidence only; full acceptance pending
VF-UX-002,NFR-UX-002,Usability qualification,P1,R1,PENDING,No complete implementation and acceptance evidence mapped. Retain the original acceptance criteria; this requirement remains open.,"At least 90 percent of representative users shall complete programme setup, assigned collection, correction, approval, result explanation and report generation tasks without facilitator intervention after standard onboarding. No observed critical data loss or disclosure error is acceptable.","At least fifteen representative users complete the six core tasks after standard onboarding. Record role, completion, facilitator intervention, elapsed time and consequential errors.","At least ninety percent unaided completion is required; any observed critical disclosure, data loss or incorrect official result blocks readiness.",,Partial supporting evidence only; full acceptance pending
VF-CMP-001,NFR-CMP-001,Browser and device support,P1,R1,PENDING,No complete implementation and acceptance evidence mapped. Retain the original acceptance criteria; this requirement remains open.,"The product shall qualify current and previous major versions of Chrome, Edge, Firefox and Safari at release, with stated mobile OS and client support. Browser changes shall trigger regression checks. Unsupported environments shall receive clear guidance rather than silent data corruption.","At release, record actual current and previous major browser versions and qualified desktop, mobile and offline profiles. Test federation, file handling, accessibility, capture and recovery in each declared supported combination.",Do not promise offline on every browser merely because online viewing works. Unsupported clients must not silently accept work they cannot preserve.,,Partial supporting evidence only; full acceptance pending
VF-L10-001,NFR-L10-001,Localisation integrity,P1,R1,PENDING,No complete implementation and acceptance evidence mapped. Retain the original acceptance criteria; this requirement remains open.,"Unicode, locale specific number and date handling and explicit time zones shall survive ingestion, search, calculations and export. Released translations shall cover all blocking workflow text. Display locale shall not change stored values or period assignment.","Run Unicode, decimal-comma, decimal-point, date ambiguity, daylight-saving and right-to-left fixtures where released. Compare stored values, period membership, filters and exported text.",Changing display locale cannot change arithmetic or event assignment. Missing blocking translations fail the corresponding language release.,,Partial supporting evidence only; full acceptance pending
VF-MNT-001,NFR-MNT-001,Maintainable contracts,P1,R1,PENDING,No complete implementation and acceptance evidence mapped. Retain the original acceptance criteria; this requirement remains open.,"Business rules, supported APIs, configurable policies and data dictionaries shall be documented and version controlled. Changes shall retain traceability to requirements and tests. Routine tenant configuration shall not require a customer specific code fork.","Configure two different programme templates through ordinary supported settings and trace a material rule amendment through requirements, dictionary, interface contract and regression evidence.",A customer-specific code fork does not satisfy routine configuration. Breaking changes follow the published compatibility process.,,Partial supporting evidence only; full acceptance pending
VF-OBS-001,NFR-OBS-001,Operational diagnosability,P0,R1,PARTIAL,"Alerting clause only. Operations hardening (October 2026): a check every five minutes (systemd timer on the server, and after each deployment and drill) raises closed alert codes for missing, stale, failed or disk-refused backups, low disk, an unhealthy or absent container, a stale worker heartbeat, DEAD deliveries, a queue backlog, a schema mismatch, an unavailable summary and a failed or stale restore drill, writes them into deploy-status.json with secret values scrubbed, and an injected failure (worker stopped) is alerted by the next check and cleared after restart (deploy/ops-check.sh, deploy/ops_alerts.py; qualification/test_ops_unit.py::test_a_healthy_server_has_no_alerts, test_each_problem_raises_its_alert, test_evaluate_writes_the_ops_file_and_merges_into_the_status_files, test_host_units_run_the_check_every_five_minutes_and_the_drill_weekly; CI container-stack step 'An injected failure (worker stopped) is alerted by the next check'). Every request already carries a correlation identifier returned in errors. Not covered: correlation references traced across jobs and integrations, tenant-scoped diagnosis and audit separation of logs, any notification channel (alerts reach only the status page; nobody is paged), metric history. Build 0.27.0 (PR #76): alert transitions (NEW, CLEARED, REMINDER) deduplicated by code and target are delivered to a signed generic webhook and to e-mail, and a readiness exercise stops the worker and checks the delivered NEW and CLEARED (qualification/test_status_alerts_unit.py, deploy/readiness-exercise.sh, CI container-stack). Open: paging, acknowledgement, correlation across jobs and integrations, tenant-scoped diagnosis, in-app operator notices.","Failures shall have correlation references linking user actions, background jobs and integration events without exposing secrets. Critical service failure alerts shall be generated within 5 minutes of detection conditions. Logs shall support tenant scoped diagnosis and audit separation.","Inject failures at report receipt, calculation, rendering and delivery. Trace one safe correlation reference across the authorised stages and measure alert creation after the defined detection condition.","Missing tenant context, secret payloads in diagnostics or critical alert delay beyond five minutes fails the relevant gate.",deploy/ops-check.sh; deploy/ops_alerts.py; deploy/update.sh; qualification/test_ops_unit.py; docs/RELEASE-OPS-2026-10.md; deploy/readiness-exercise.sh; scripts/webhook_receiver.py; qualification/test_status_alerts_unit.py; docs/RELEASE-0.27-status-alerts.md,Partial supporting evidence only; full acceptance pending
VF-PRT-001,NFR-PRT-001,Portability and exit quality,P0,R1,PENDING,No complete implementation and acceptance evidence mapped. Retain the original acceptance criteria; this requirement remains open.,Tenant exports shall include a documented manifest and machine readable relationships. A standard tenant with up to one million structured rows and 10 GB of attachments shall receive a complete asynchronous package within 24 hours under the agreed service process. Larger exports require a visible estimate and progress.,Export a qualified tenant with one million rows and ten GB attachments. Reconstruct representative relationships and selected reports outside the product using only package documentation.,"Verify completeness, integrity, permissions and exclusions within twenty-four hours; a collection of unlabelled CSV files is not a complete tenant export.",,Partial supporting evidence only; full acceptance pending
VF-ECO-001,NFR-ECO-001,Cost transparency and sustainability,P1,R2,PENDING,No complete implementation and acceptance evidence mapped. Retain the original acceptance criteria; this requirement remains open.,"The operating model shall measure cost per active tenant, approved result workload, storage volume, integration run and AI use case. Product limits shall be costed against the qualification profile. A cost budget shall be approved before offering unbounded or dedicated deployment commitments.","Measure resource and model usage for the reference load, then calculate cost per tenant, result workload, storage, connector run and use case. Exercise the corresponding visible budget limits.",Distinguish measured prices or costs from assumptions at HLD review; no unlimited commercial commitment is derived from this FSD.,,Partial supporting evidence only; full acceptance pending
VF-SUP-001,NFR-SUP-001,Support and service readiness,P0,R1,PENDING,"PENDING. Related evidence: docs/current/SUPPORT-RUNBOOK.md (support roles, health checks, the closed alert codes of deploy/ops_alerts.py with first steps, incident first steps, escalation, ticket hygiene), with the owner console scripts exercised in the CI container-stack job; since build 0.27.0 an on-call rota format shown to operators (deploy/on-call.example.json, GET /v1/status operator detail, the Workers panel line; qualification/test_status.py, test_status_alerts_unit.py) and a scripted, recorded readiness exercise (deploy/readiness-exercise.sh: worker stop, alert delivered to a signed webhook, restart, cleared; CI container-stack). Open: named on-call people and operational owners, support hours and response targets, a rehearsal on the real server and the other readiness exercises (identity recovery, failed import, privacy deletion, report correction). Retain the original acceptance criteria; this requirement remains open.","Critical incident response shall have continuous on call coverage. Normal support hours, response targets and escalation channels shall be published for each service plan. An operational owner, runbook and tested recovery path shall exist for every critical capability.","Run readiness exercises for critical incident, identity recovery, failed import, privacy deletion and report correction. Verify continuous critical on-call ownership, runbook and escalation route.",Every critical capability needs an accountable operational owner and rehearsed recovery path before production exposure.,,Partial supporting evidence only; full acceptance pending
