field_id,status,entity,field,type,required,nullable,constraints,owner,classification,retention,source,functional_requirements,purpose
DD-NPA-001,CURRENT_LOCAL,AIEnablementProfile,sector,enum,Yes,No,GENERAL EDUCATION HEALTH LIVELIHOODS ENVIRONMENT,Authorised staff,INTERNAL,Policy decision DEC-NPA-009; no AI-specific deletion implemented,apps/api/impact_api/ai_enablement_contracts.py; ai_enablement_catalog.py,FR-NPA-001; FR-NPA-002; FR-NPA-037,Self-reported organisation context; not verified capability
DD-NPA-002,CURRENT_LOCAL,AIEnablementProfile,team_size,integer,Yes,No,1 through 100000 inclusive; bool is invalid,Authorised staff,INTERNAL,Policy decision DEC-NPA-009; no AI-specific deletion implemented,apps/api/impact_api/ai_enablement_contracts.py; ai_enablement_catalog.py,FR-NPA-001; FR-NPA-002; FR-NPA-037,Self-reported organisation context; not verified capability
DD-NPA-003,CURRENT_LOCAL,AIEnablementProfile,goal,string,Yes,No,1 through 1000 characters including raw length; nonblank after trim,Authorised staff,INTERNAL,Policy decision DEC-NPA-009; no AI-specific deletion implemented,apps/api/impact_api/ai_enablement_contracts.py; ai_enablement_catalog.py,FR-NPA-001; FR-NPA-002; FR-NPA-037,Self-reported organisation context; not verified capability
DD-NPA-004,CURRENT_LOCAL,AIEnablementProfile,data_readiness,enum,Yes,No,NONE BASIC STRUCTURED,Authorised staff,INTERNAL,Policy decision DEC-NPA-009; no AI-specific deletion implemented,apps/api/impact_api/ai_enablement_contracts.py; ai_enablement_catalog.py,FR-NPA-001; FR-NPA-002; FR-NPA-037,Self-reported organisation context; not verified capability
DD-NPA-005,CURRENT_LOCAL,AIEnablementProfile,ai_experience,enum,Yes,No,NONE EXPERIMENTING REGULAR,Authorised staff,INTERNAL,Policy decision DEC-NPA-009; no AI-specific deletion implemented,apps/api/impact_api/ai_enablement_contracts.py; ai_enablement_catalog.py,FR-NPA-001; FR-NPA-002; FR-NPA-037,Self-reported organisation context; not verified capability
DD-NPA-006,CURRENT_LOCAL,AIEnablementProfile,sensitive_data,boolean,Yes,No,True or false; no coercion,Authorised staff,INTERNAL,Policy decision DEC-NPA-009; no AI-specific deletion implemented,apps/api/impact_api/ai_enablement_contracts.py; ai_enablement_catalog.py,FR-NPA-001; FR-NPA-002; FR-NPA-037,Self-reported organisation context; not verified capability
DD-NPA-007,CURRENT_LOCAL,AIAssessmentRequest,profile,AIEnablementProfile,Yes,No,Closed object; exactly six profile fields; POST has no persistence,Authorised reader,INTERNAL,Request input is not persisted by assessment service,apps/api/impact_api/ai_enablement_contracts.py; ai_enablement_catalog.py,FR-NPA-002; FR-NPA-037,profile
DD-NPA-008,CURRENT_LOCAL,AIEnablementAssessment,schema_version,string,Yes,No,1.0 current,Server,INTERNAL,Computed response not independently persisted; advisory sealed outcome retains original assessment,apps/api/impact_api/ai_enablement_contracts.py; ai_enablement_catalog.py,FR-NPA-002; FR-NPA-003; FR-NPA-035,schema version
DD-NPA-009,CURRENT_LOCAL,AIEnablementAssessment,content_version,string,Yes,No,nonprofit-2026-10-05.2 current,Server,INTERNAL,Computed response not independently persisted; advisory sealed outcome retains original assessment,apps/api/impact_api/ai_enablement_contracts.py; ai_enablement_catalog.py,FR-NPA-002; FR-NPA-003; FR-NPA-035,content version
DD-NPA-010,CURRENT_LOCAL,AIEnablementAssessment,method,enum,Yes,No,DETERMINISTIC_RULES,Server,INTERNAL,Computed response not independently persisted; advisory sealed outcome retains original assessment,apps/api/impact_api/ai_enablement_contracts.py; ai_enablement_catalog.py,FR-NPA-002; FR-NPA-003; FR-NPA-035,method
DD-NPA-011,CURRENT_LOCAL,AIEnablementAssessment,readiness.stage,enum,Yes,No,FOUNDATION REVIEW_REQUIRED PILOT_CANDIDATE,Server,INTERNAL,Computed response not independently persisted; advisory sealed outcome retains original assessment,apps/api/impact_api/ai_enablement_contracts.py; ai_enablement_catalog.py,FR-NPA-002; FR-NPA-003; FR-NPA-035,readiness.stage
DD-NPA-012,CURRENT_LOCAL,AIEnablementAssessment,readiness.reasons,array of strings,Yes,No,Rule-derived; self-report basis,Server,INTERNAL,Computed response not independently persisted; advisory sealed outcome retains original assessment,apps/api/impact_api/ai_enablement_contracts.py; ai_enablement_catalog.py,FR-NPA-002; FR-NPA-003; FR-NPA-035,readiness.reasons
DD-NPA-013,CURRENT_LOCAL,AIEnablementAssessment,recommendations[].use_case_id,string,Yes,No,Existing use-case ID,Server,INTERNAL,Computed response not independently persisted; advisory sealed outcome retains original assessment,apps/api/impact_api/ai_enablement_contracts.py; ai_enablement_catalog.py,FR-NPA-002; FR-NPA-003; FR-NPA-035,recommendations[].use case id
DD-NPA-014,CURRENT_LOCAL,AIEnablementAssessment,recommendations[].priority,integer,Yes,No,One-based ordinal; editorial ordering not vendor ranking,Server,INTERNAL,Computed response not independently persisted; advisory sealed outcome retains original assessment,apps/api/impact_api/ai_enablement_contracts.py; ai_enablement_catalog.py,FR-NPA-002; FR-NPA-003; FR-NPA-035,recommendations[].priority
DD-NPA-015,CURRENT_LOCAL,AIEnablementAssessment,recommendations[].status,enum,Yes,No,FOUNDATION_STEP PREREQUISITES_REQUIRED REVIEW_REQUIRED PILOT_CANDIDATE,Server,INTERNAL,Computed response not independently persisted; advisory sealed outcome retains original assessment,apps/api/impact_api/ai_enablement_contracts.py; ai_enablement_catalog.py,FR-NPA-002; FR-NPA-003; FR-NPA-035,recommendations[].status
DD-NPA-016,CURRENT_LOCAL,AIEnablementAssessment,recommendations[].reasons,array of strings,Yes,No,Applicability and English keyword match explanation,Server,INTERNAL,Computed response not independently persisted; advisory sealed outcome retains original assessment,apps/api/impact_api/ai_enablement_contracts.py; ai_enablement_catalog.py,FR-NPA-002; FR-NPA-003; FR-NPA-035,recommendations[].reasons
DD-NPA-017,CURRENT_LOCAL,AIEnablementAssessment,recommendations[].capacity_gaps,array of strings,Yes,No,Prerequisites not satisfied,Server,INTERNAL,Computed response not independently persisted; advisory sealed outcome retains original assessment,apps/api/impact_api/ai_enablement_contracts.py; ai_enablement_catalog.py,FR-NPA-002; FR-NPA-003; FR-NPA-035,recommendations[].capacity gaps
DD-NPA-018,CURRENT_LOCAL,AIEnablementAssessment,recommendations[].human_approval_needs,array of strings,Yes,No,Required human reviews described; not approval records,Server,INTERNAL,Computed response not independently persisted; advisory sealed outcome retains original assessment,apps/api/impact_api/ai_enablement_contracts.py; ai_enablement_catalog.py,FR-NPA-002; FR-NPA-003; FR-NPA-035,recommendations[].human approval needs
DD-NPA-019,CURRENT_LOCAL,AIEnablementAssessment,capacity_gaps,array of strings,Yes,No,Profile-derived gaps,Server,INTERNAL,Computed response not independently persisted; advisory sealed outcome retains original assessment,apps/api/impact_api/ai_enablement_contracts.py; ai_enablement_catalog.py,FR-NPA-002; FR-NPA-003; FR-NPA-035,capacity gaps
DD-NPA-020,CURRENT_LOCAL,AIEnablementAssessment,learning_path_ids,array of strings,Yes,No,foundations pilot_design procurement as applicable,Server,INTERNAL,Computed response not independently persisted; advisory sealed outcome retains original assessment,apps/api/impact_api/ai_enablement_contracts.py; ai_enablement_catalog.py,FR-NPA-002; FR-NPA-003; FR-NPA-035,learning path ids
DD-NPA-021,CURRENT_LOCAL,AIEnablementAssessment,next_steps,array of strings,Yes,No,Editorial safe adoption steps,Server,INTERNAL,Computed response not independently persisted; advisory sealed outcome retains original assessment,apps/api/impact_api/ai_enablement_contracts.py; ai_enablement_catalog.py,FR-NPA-002; FR-NPA-003; FR-NPA-035,next steps
DD-NPA-022,CURRENT_LOCAL,AIEnablementAssessment,human_approval_needs,array of strings,Yes,No,Scope data budget and reviewer responsibility,Server,INTERNAL,Computed response not independently persisted; advisory sealed outcome retains original assessment,apps/api/impact_api/ai_enablement_contracts.py; ai_enablement_catalog.py,FR-NPA-002; FR-NPA-003; FR-NPA-035,human approval needs
DD-NPA-023,CURRENT_LOCAL,AIEnablementAssessment,limitations,array of strings,Yes,No,Self-report English matching and no savings or official arithmetic,Server,INTERNAL,Computed response not independently persisted; advisory sealed outcome retains original assessment,apps/api/impact_api/ai_enablement_contracts.py; ai_enablement_catalog.py,FR-NPA-002; FR-NPA-003; FR-NPA-035,limitations
DD-NPA-024,CURRENT_LOCAL,AIEnablementCatalog,schema_version,string,Yes,No,1.0,Editorial publisher or server,PUBLIC_CONTENT_TENANT_AUTHORISED_READ,Versioned source content in repository; prior content retention process DEC-NPA-012,apps/api/impact_api/ai_enablement_contracts.py; ai_enablement_catalog.py; ai_learning_content.py,FR-NPA-003; FR-NPA-007; FR-NPA-013; FR-NPA-031; FR-NPA-038,schema version
DD-NPA-025,CURRENT_LOCAL,AIEnablementCatalog,content_version,string,Yes,No,nonprofit-2026-10-05.2,Editorial publisher or server,PUBLIC_CONTENT_TENANT_AUTHORISED_READ,Versioned source content in repository; prior content retention process DEC-NPA-012,apps/api/impact_api/ai_enablement_contracts.py; ai_enablement_catalog.py; ai_learning_content.py,FR-NPA-003; FR-NPA-007; FR-NPA-013; FR-NPA-031; FR-NPA-038,content version
DD-NPA-026,CURRENT_LOCAL,AIEnablementCatalog,provenance.status,enum,Yes,No,EDITORIAL_ASSUMPTIONS,Editorial publisher or server,PUBLIC_CONTENT_TENANT_AUTHORISED_READ,Versioned source content in repository; prior content retention process DEC-NPA-012,apps/api/impact_api/ai_enablement_contracts.py; ai_enablement_catalog.py; ai_learning_content.py,FR-NPA-003; FR-NPA-007; FR-NPA-013; FR-NPA-031; FR-NPA-038,provenance.status
DD-NPA-027,CURRENT_LOCAL,AIEnablementCatalog,provenance.validated_demand,boolean,Yes,No,False in current content,Editorial publisher or server,PUBLIC_CONTENT_TENANT_AUTHORISED_READ,Versioned source content in repository; prior content retention process DEC-NPA-012,apps/api/impact_api/ai_enablement_contracts.py; ai_enablement_catalog.py; ai_learning_content.py,FR-NPA-003; FR-NPA-007; FR-NPA-013; FR-NPA-031; FR-NPA-038,provenance.validated demand
DD-NPA-028,CURRENT_LOCAL,AIEnablementCatalog,provenance.source_concept,string,Yes,No,describe-diagnose-procure-deploy-run,Editorial publisher or server,PUBLIC_CONTENT_TENANT_AUTHORISED_READ,Versioned source content in repository; prior content retention process DEC-NPA-012,apps/api/impact_api/ai_enablement_contracts.py; ai_enablement_catalog.py; ai_learning_content.py,FR-NPA-003; FR-NPA-007; FR-NPA-013; FR-NPA-031; FR-NPA-038,provenance.source concept
DD-NPA-029,CURRENT_LOCAL,AIEnablementCatalog,provenance.note,string,Yes,No,No factory data or estimates reused,Editorial publisher or server,PUBLIC_CONTENT_TENANT_AUTHORISED_READ,Versioned source content in repository; prior content retention process DEC-NPA-012,apps/api/impact_api/ai_enablement_contracts.py; ai_enablement_catalog.py; ai_learning_content.py,FR-NPA-003; FR-NPA-007; FR-NPA-013; FR-NPA-031; FR-NPA-038,provenance.note
DD-NPA-030,CURRENT_LOCAL,AIEnablementCatalog,journey[].id,enum,Yes,No,describe diagnose procure deploy run,Editorial publisher or server,PUBLIC_CONTENT_TENANT_AUTHORISED_READ,Versioned source content in repository; prior content retention process DEC-NPA-012,apps/api/impact_api/ai_enablement_contracts.py; ai_enablement_catalog.py; ai_learning_content.py,FR-NPA-003; FR-NPA-007; FR-NPA-013; FR-NPA-031; FR-NPA-038,journey[].id
DD-NPA-031,CURRENT_LOCAL,AIEnablementCatalog,journey[].title,string,Yes,No,Editorial stage name,Editorial publisher or server,PUBLIC_CONTENT_TENANT_AUTHORISED_READ,Versioned source content in repository; prior content retention process DEC-NPA-012,apps/api/impact_api/ai_enablement_contracts.py; ai_enablement_catalog.py; ai_learning_content.py,FR-NPA-003; FR-NPA-007; FR-NPA-013; FR-NPA-031; FR-NPA-038,journey[].title
DD-NPA-032,CURRENT_LOCAL,AIEnablementCatalog,journey[].purpose,string,Yes,No,Purpose description,Editorial publisher or server,PUBLIC_CONTENT_TENANT_AUTHORISED_READ,Versioned source content in repository; prior content retention process DEC-NPA-012,apps/api/impact_api/ai_enablement_contracts.py; ai_enablement_catalog.py; ai_learning_content.py,FR-NPA-003; FR-NPA-007; FR-NPA-013; FR-NPA-031; FR-NPA-038,journey[].purpose
DD-NPA-033,CURRENT_LOCAL,AIEnablementCatalog,journey[].human_owner,string,Yes,No,Responsible role description not granted authority,Editorial publisher or server,PUBLIC_CONTENT_TENANT_AUTHORISED_READ,Versioned source content in repository; prior content retention process DEC-NPA-012,apps/api/impact_api/ai_enablement_contracts.py; ai_enablement_catalog.py; ai_learning_content.py,FR-NPA-003; FR-NPA-007; FR-NPA-013; FR-NPA-031; FR-NPA-038,journey[].human owner
DD-NPA-034,CURRENT_LOCAL,AIEnablementCatalog,use_cases[].id,string,Yes,No,Stable catalogue selector,Editorial publisher or server,PUBLIC_CONTENT_TENANT_AUTHORISED_READ,Versioned source content in repository; prior content retention process DEC-NPA-012,apps/api/impact_api/ai_enablement_contracts.py; ai_enablement_catalog.py; ai_learning_content.py,FR-NPA-003; FR-NPA-007; FR-NPA-013; FR-NPA-031; FR-NPA-038,use cases[].id
DD-NPA-035,CURRENT_LOCAL,AIEnablementCatalog,use_cases[].title,string,Yes,No,Editorial example,Editorial publisher or server,PUBLIC_CONTENT_TENANT_AUTHORISED_READ,Versioned source content in repository; prior content retention process DEC-NPA-012,apps/api/impact_api/ai_enablement_contracts.py; ai_enablement_catalog.py; ai_learning_content.py,FR-NPA-003; FR-NPA-007; FR-NPA-013; FR-NPA-031; FR-NPA-038,use cases[].title
DD-NPA-036,CURRENT_LOCAL,AIEnablementCatalog,use_cases[].sectors,array of enum,Yes,No,Profile sector values,Editorial publisher or server,PUBLIC_CONTENT_TENANT_AUTHORISED_READ,Versioned source content in repository; prior content retention process DEC-NPA-012,apps/api/impact_api/ai_enablement_contracts.py; ai_enablement_catalog.py; ai_learning_content.py,FR-NPA-003; FR-NPA-007; FR-NPA-013; FR-NPA-031; FR-NPA-038,use cases[].sectors
DD-NPA-037,CURRENT_LOCAL,AIEnablementCatalog,use_cases[].description,string,Yes,No,Scope description,Editorial publisher or server,PUBLIC_CONTENT_TENANT_AUTHORISED_READ,Versioned source content in repository; prior content retention process DEC-NPA-012,apps/api/impact_api/ai_enablement_contracts.py; ai_enablement_catalog.py; ai_learning_content.py,FR-NPA-003; FR-NPA-007; FR-NPA-013; FR-NPA-031; FR-NPA-038,use cases[].description
DD-NPA-038,CURRENT_LOCAL,AIEnablementCatalog,use_cases[].kind,enum,Yes,No,NON_AI or AI_ASSISTED,Editorial publisher or server,PUBLIC_CONTENT_TENANT_AUTHORISED_READ,Versioned source content in repository; prior content retention process DEC-NPA-012,apps/api/impact_api/ai_enablement_contracts.py; ai_enablement_catalog.py; ai_learning_content.py,FR-NPA-003; FR-NPA-007; FR-NPA-013; FR-NPA-031; FR-NPA-038,use cases[].kind
DD-NPA-039,CURRENT_LOCAL,AIEnablementCatalog,use_cases[].data_requirement,enum,Yes,No,NONE BASIC STRUCTURED,Editorial publisher or server,PUBLIC_CONTENT_TENANT_AUTHORISED_READ,Versioned source content in repository; prior content retention process DEC-NPA-012,apps/api/impact_api/ai_enablement_contracts.py; ai_enablement_catalog.py; ai_learning_content.py,FR-NPA-003; FR-NPA-007; FR-NPA-013; FR-NPA-031; FR-NPA-038,use cases[].data requirement
DD-NPA-040,CURRENT_LOCAL,AIEnablementCatalog,use_cases[].sensitivity,enum,Yes,No,LOW MEDIUM HIGH; editorial risk guidance not DB classification,Editorial publisher or server,PUBLIC_CONTENT_TENANT_AUTHORISED_READ,Versioned source content in repository; prior content retention process DEC-NPA-012,apps/api/impact_api/ai_enablement_contracts.py; ai_enablement_catalog.py; ai_learning_content.py,FR-NPA-003; FR-NPA-007; FR-NPA-013; FR-NPA-031; FR-NPA-038,use cases[].sensitivity
DD-NPA-041,CURRENT_LOCAL,AIEnablementCatalog,use_cases[].goal_keywords,array of strings,Yes,No,English keywords matched to tokenised goal,Editorial publisher or server,PUBLIC_CONTENT_TENANT_AUTHORISED_READ,Versioned source content in repository; prior content retention process DEC-NPA-012,apps/api/impact_api/ai_enablement_contracts.py; ai_enablement_catalog.py; ai_learning_content.py,FR-NPA-003; FR-NPA-007; FR-NPA-013; FR-NPA-031; FR-NPA-038,use cases[].goal keywords
DD-NPA-042,CURRENT_LOCAL,AIEnablementCatalog,use_cases[].prerequisites,array of strings,Yes,No,Owner reviewer small test and stop rule,Editorial publisher or server,PUBLIC_CONTENT_TENANT_AUTHORISED_READ,Versioned source content in repository; prior content retention process DEC-NPA-012,apps/api/impact_api/ai_enablement_contracts.py; ai_enablement_catalog.py; ai_learning_content.py,FR-NPA-003; FR-NPA-007; FR-NPA-013; FR-NPA-031; FR-NPA-038,use cases[].prerequisites
DD-NPA-043,CURRENT_LOCAL,AIEnablementCatalog,use_cases[].acceptance_checks,array of strings,Yes,No,Suggested checks not executed test results,Editorial publisher or server,PUBLIC_CONTENT_TENANT_AUTHORISED_READ,Versioned source content in repository; prior content retention process DEC-NPA-012,apps/api/impact_api/ai_enablement_contracts.py; ai_enablement_catalog.py; ai_learning_content.py,FR-NPA-003; FR-NPA-007; FR-NPA-013; FR-NPA-031; FR-NPA-038,use cases[].acceptance checks
DD-NPA-044,CURRENT_LOCAL,AIEnablementCatalog,use_cases[].human_approval_needs,array of strings,Yes,No,Required responsible review,Editorial publisher or server,PUBLIC_CONTENT_TENANT_AUTHORISED_READ,Versioned source content in repository; prior content retention process DEC-NPA-012,apps/api/impact_api/ai_enablement_contracts.py; ai_enablement_catalog.py; ai_learning_content.py,FR-NPA-003; FR-NPA-007; FR-NPA-013; FR-NPA-031; FR-NPA-038,use cases[].human approval needs
DD-NPA-045,CURRENT_LOCAL,AIEnablementCatalog,use_cases[].content_status,enum,Yes,No,EDITORIAL_EXAMPLE,Editorial publisher or server,PUBLIC_CONTENT_TENANT_AUTHORISED_READ,Versioned source content in repository; prior content retention process DEC-NPA-012,apps/api/impact_api/ai_enablement_contracts.py; ai_enablement_catalog.py; ai_learning_content.py,FR-NPA-003; FR-NPA-007; FR-NPA-013; FR-NPA-031; FR-NPA-038,use cases[].content status
DD-NPA-046,CURRENT_LOCAL,AIEnablementCatalog,learning_paths[].id,enum,Yes,No,foundations pilot_design procurement,Editorial publisher or server,PUBLIC_CONTENT_TENANT_AUTHORISED_READ,Versioned source content in repository; prior content retention process DEC-NPA-012,apps/api/impact_api/ai_enablement_contracts.py; ai_enablement_catalog.py; ai_learning_content.py,FR-NPA-003; FR-NPA-007; FR-NPA-013; FR-NPA-031; FR-NPA-038,learning paths[].id
DD-NPA-047,CURRENT_LOCAL,AIEnablementCatalog,learning_paths[].title,string,Yes,No,Learning path name,Editorial publisher or server,PUBLIC_CONTENT_TENANT_AUTHORISED_READ,Versioned source content in repository; prior content retention process DEC-NPA-012,apps/api/impact_api/ai_enablement_contracts.py; ai_enablement_catalog.py; ai_learning_content.py,FR-NPA-003; FR-NPA-007; FR-NPA-013; FR-NPA-031; FR-NPA-038,learning paths[].title
DD-NPA-048,CURRENT_LOCAL,AIEnablementCatalog,learning_paths[].steps,array of strings,Yes,No,Four current steps per path,Editorial publisher or server,PUBLIC_CONTENT_TENANT_AUTHORISED_READ,Versioned source content in repository; prior content retention process DEC-NPA-012,apps/api/impact_api/ai_enablement_contracts.py; ai_enablement_catalog.py; ai_learning_content.py,FR-NPA-003; FR-NPA-007; FR-NPA-013; FR-NPA-031; FR-NPA-038,learning paths[].steps
DD-NPA-049,CURRENT_LOCAL,AIEnablementCatalog,learning_paths[].lessons[].key,string,Yes,No,Current path_id:zero_based_index; 12 known keys; stable meaning must be preserved,Editorial publisher or server,PUBLIC_CONTENT_TENANT_AUTHORISED_READ,Versioned source content in repository; prior content retention process DEC-NPA-012,apps/api/impact_api/ai_enablement_contracts.py; ai_enablement_catalog.py; ai_learning_content.py,FR-NPA-003; FR-NPA-007; FR-NPA-013; FR-NPA-031; FR-NPA-038,learning paths[].lessons[].key
DD-NPA-050,CURRENT_LOCAL,AIEnablementCatalog,learning_paths[].lessons[].title,string,Yes,No,Lesson title,Editorial publisher or server,PUBLIC_CONTENT_TENANT_AUTHORISED_READ,Versioned source content in repository; prior content retention process DEC-NPA-012,apps/api/impact_api/ai_enablement_contracts.py; ai_enablement_catalog.py; ai_learning_content.py,FR-NPA-003; FR-NPA-007; FR-NPA-013; FR-NPA-031; FR-NPA-038,learning paths[].lessons[].title
DD-NPA-051,CURRENT_LOCAL,AIEnablementCatalog,learning_paths[].lessons[].lesson,string,Yes,No,Teaching text,Editorial publisher or server,PUBLIC_CONTENT_TENANT_AUTHORISED_READ,Versioned source content in repository; prior content retention process DEC-NPA-012,apps/api/impact_api/ai_enablement_contracts.py; ai_enablement_catalog.py; ai_learning_content.py,FR-NPA-003; FR-NPA-007; FR-NPA-013; FR-NPA-031; FR-NPA-038,learning paths[].lessons[].lesson
DD-NPA-052,CURRENT_LOCAL,AIEnablementCatalog,learning_paths[].lessons[].exercise,string,Yes,No,Synthetic practice exercise,Editorial publisher or server,PUBLIC_CONTENT_TENANT_AUTHORISED_READ,Versioned source content in repository; prior content retention process DEC-NPA-012,apps/api/impact_api/ai_enablement_contracts.py; ai_enablement_catalog.py; ai_learning_content.py,FR-NPA-003; FR-NPA-007; FR-NPA-013; FR-NPA-031; FR-NPA-038,learning paths[].lessons[].exercise
DD-NPA-053,CURRENT_LOCAL,AIEnablementCatalog,learning_paths[].lessons[].check.question,string,Yes,No,Self-check question,Editorial publisher or server,PUBLIC_CONTENT_TENANT_AUTHORISED_READ,Versioned source content in repository; prior content retention process DEC-NPA-012,apps/api/impact_api/ai_enablement_contracts.py; ai_enablement_catalog.py; ai_learning_content.py,FR-NPA-003; FR-NPA-007; FR-NPA-013; FR-NPA-031; FR-NPA-038,learning paths[].lessons[].check.question
DD-NPA-054,CURRENT_LOCAL,AIEnablementCatalog,learning_paths[].lessons[].check.options,array of strings,Yes,No,Three options in current content,Editorial publisher or server,PUBLIC_CONTENT_TENANT_AUTHORISED_READ,Versioned source content in repository; prior content retention process DEC-NPA-012,apps/api/impact_api/ai_enablement_contracts.py; ai_enablement_catalog.py; ai_learning_content.py,FR-NPA-003; FR-NPA-007; FR-NPA-013; FR-NPA-031; FR-NPA-038,learning paths[].lessons[].check.options
DD-NPA-055,CURRENT_LOCAL,AIEnablementCatalog,learning_paths[].lessons[].check.answer,integer,Yes,No,Zero-based correct option; self-check not graded competence,Editorial publisher or server,PUBLIC_CONTENT_TENANT_AUTHORISED_READ,Versioned source content in repository; prior content retention process DEC-NPA-012,apps/api/impact_api/ai_enablement_contracts.py; ai_enablement_catalog.py; ai_learning_content.py,FR-NPA-003; FR-NPA-007; FR-NPA-013; FR-NPA-031; FR-NPA-038,learning paths[].lessons[].check.answer
DD-NPA-056,CURRENT_LOCAL,AIEnablementCatalog,learning_paths[].lessons[].check.explanation,string,Yes,No,Learning feedback,Editorial publisher or server,PUBLIC_CONTENT_TENANT_AUTHORISED_READ,Versioned source content in repository; prior content retention process DEC-NPA-012,apps/api/impact_api/ai_enablement_contracts.py; ai_enablement_catalog.py; ai_learning_content.py,FR-NPA-003; FR-NPA-007; FR-NPA-013; FR-NPA-031; FR-NPA-038,learning paths[].lessons[].check.explanation
DD-NPA-057,CURRENT_LOCAL,AIEnablementCatalog,procurement_criteria[].id,enum,Yes,No,fitness data cost inclusion delivery exit governance,Editorial publisher or server,PUBLIC_CONTENT_TENANT_AUTHORISED_READ,Versioned source content in repository; prior content retention process DEC-NPA-012,apps/api/impact_api/ai_enablement_contracts.py; ai_enablement_catalog.py; ai_learning_content.py,FR-NPA-003; FR-NPA-007; FR-NPA-013; FR-NPA-031; FR-NPA-038,procurement criteria[].id
DD-NPA-058,CURRENT_LOCAL,AIEnablementCatalog,procurement_criteria[].title,string,Yes,No,Criterion label,Editorial publisher or server,PUBLIC_CONTENT_TENANT_AUTHORISED_READ,Versioned source content in repository; prior content retention process DEC-NPA-012,apps/api/impact_api/ai_enablement_contracts.py; ai_enablement_catalog.py; ai_learning_content.py,FR-NPA-003; FR-NPA-007; FR-NPA-013; FR-NPA-031; FR-NPA-038,procurement criteria[].title
DD-NPA-059,CURRENT_LOCAL,AIEnablementCatalog,procurement_criteria[].questions,array of strings,Yes,No,Draft vendor questions,Editorial publisher or server,PUBLIC_CONTENT_TENANT_AUTHORISED_READ,Versioned source content in repository; prior content retention process DEC-NPA-012,apps/api/impact_api/ai_enablement_contracts.py; ai_enablement_catalog.py; ai_learning_content.py,FR-NPA-003; FR-NPA-007; FR-NPA-013; FR-NPA-031; FR-NPA-038,procurement criteria[].questions
DD-NPA-060,CURRENT_LOCAL,AIEnablementCatalog,marketplace_status.status,enum,Yes,No,NOT_CONNECTED,Editorial publisher or server,PUBLIC_CONTENT_TENANT_AUTHORISED_READ,Versioned source content in repository; prior content retention process DEC-NPA-012,apps/api/impact_api/ai_enablement_contracts.py; ai_enablement_catalog.py; ai_learning_content.py,FR-NPA-003; FR-NPA-007; FR-NPA-013; FR-NPA-031; FR-NPA-038,marketplace status.status
DD-NPA-061,CURRENT_LOCAL,AIEnablementCatalog,marketplace_status.vendors,array,Yes,No,Empty current array; not supplier registry,Editorial publisher or server,PUBLIC_CONTENT_TENANT_AUTHORISED_READ,Versioned source content in repository; prior content retention process DEC-NPA-012,apps/api/impact_api/ai_enablement_contracts.py; ai_enablement_catalog.py; ai_learning_content.py,FR-NPA-003; FR-NPA-007; FR-NPA-013; FR-NPA-031; FR-NPA-038,marketplace status.vendors
DD-NPA-062,CURRENT_LOCAL,AIEnablementCatalog,marketplace_status.explanation,string,Yes,No,No live quotes purchase or registration,Editorial publisher or server,PUBLIC_CONTENT_TENANT_AUTHORISED_READ,Versioned source content in repository; prior content retention process DEC-NPA-012,apps/api/impact_api/ai_enablement_contracts.py; ai_enablement_catalog.py; ai_learning_content.py,FR-NPA-003; FR-NPA-007; FR-NPA-013; FR-NPA-031; FR-NPA-038,marketplace status.explanation
DD-NPA-063,CURRENT_LOCAL,AIEnablementCatalog,advisory_available,boolean,Yes,No,Runtime enabled provider config and delivery keyring present; does not prove funded provider,Editorial publisher or server,PUBLIC_CONTENT_TENANT_AUTHORISED_READ,Versioned source content in repository; prior content retention process DEC-NPA-012,apps/api/impact_api/ai_enablement_contracts.py; ai_enablement_catalog.py; ai_learning_content.py,FR-NPA-003; FR-NPA-007; FR-NPA-013; FR-NPA-031; FR-NPA-038,advisory available
DD-NPA-064,CURRENT_LOCAL,AISolutionsCatalog,content_version,string,Yes,No,nonprofit-solutions-2026-10-05.1,Editorial publisher,PUBLIC_CONTENT_TENANT_AUTHORISED_READ,Versioned source catalogue; review history process DEC-NPA-012,apps/api/impact_api/ai_solutions_catalog.py,FR-NPA-004; FR-NPA-005; FR-NPA-018; FR-NPA-031,content version
DD-NPA-065,CURRENT_LOCAL,AISolutionsCatalog,checked_on,date string,Yes,No,2026-10-05; dated review not live availability,Editorial publisher,PUBLIC_CONTENT_TENANT_AUTHORISED_READ,Versioned source catalogue; review history process DEC-NPA-012,apps/api/impact_api/ai_solutions_catalog.py,FR-NPA-004; FR-NPA-005; FR-NPA-018; FR-NPA-031,checked on
DD-NPA-066,CURRENT_LOCAL,AISolutionsCatalog,explanation,string,Yes,No,Source-backed starting list; no guarantee of eligibility,Editorial publisher,PUBLIC_CONTENT_TENANT_AUTHORISED_READ,Versioned source catalogue; review history process DEC-NPA-012,apps/api/impact_api/ai_solutions_catalog.py,FR-NPA-004; FR-NPA-005; FR-NPA-018; FR-NPA-031,explanation
DD-NPA-067,CURRENT_LOCAL,AISolutionsCatalog,solutions[].id,string,Yes,No,One of eight known IDs; exact catalogue validation,Editorial publisher,PUBLIC_CONTENT_TENANT_AUTHORISED_READ,Versioned source catalogue; review history process DEC-NPA-012,apps/api/impact_api/ai_solutions_catalog.py,FR-NPA-004; FR-NPA-005; FR-NPA-018; FR-NPA-031,solutions[].id
DD-NPA-068,CURRENT_LOCAL,AISolutionsCatalog,solutions[].name,string,Yes,No,Published product name,Editorial publisher,PUBLIC_CONTENT_TENANT_AUTHORISED_READ,Versioned source catalogue; review history process DEC-NPA-012,apps/api/impact_api/ai_solutions_catalog.py,FR-NPA-004; FR-NPA-005; FR-NPA-018; FR-NPA-031,solutions[].name
DD-NPA-069,CURRENT_LOCAL,AISolutionsCatalog,solutions[].provider,string,Yes,No,Product provider,Editorial publisher,PUBLIC_CONTENT_TENANT_AUTHORISED_READ,Versioned source catalogue; review history process DEC-NPA-012,apps/api/impact_api/ai_solutions_catalog.py,FR-NPA-004; FR-NPA-005; FR-NPA-018; FR-NPA-031,solutions[].provider
DD-NPA-070,CURRENT_LOCAL,AISolutionsCatalog,solutions[].category,enum,Yes,No,GENERAL_ASSISTANT WORKSPACE_ASSISTANT KNOWLEDGE_ASSISTANT TRANSLATION DESIGN DEVELOPER_PLATFORM,Editorial publisher,PUBLIC_CONTENT_TENANT_AUTHORISED_READ,Versioned source catalogue; review history process DEC-NPA-012,apps/api/impact_api/ai_solutions_catalog.py,FR-NPA-004; FR-NPA-005; FR-NPA-018; FR-NPA-031,solutions[].category
DD-NPA-071,CURRENT_LOCAL,AISolutionsCatalog,solutions[].use_case_ids,array of strings,Yes,No,Editorial mapping to current use cases,Editorial publisher,PUBLIC_CONTENT_TENANT_AUTHORISED_READ,Versioned source catalogue; review history process DEC-NPA-012,apps/api/impact_api/ai_solutions_catalog.py,FR-NPA-004; FR-NPA-005; FR-NPA-018; FR-NPA-031,solutions[].use case ids
DD-NPA-072,CURRENT_LOCAL,AISolutionsCatalog,solutions[].description,string,Yes,No,Dated source-backed summary,Editorial publisher,PUBLIC_CONTENT_TENANT_AUTHORISED_READ,Versioned source catalogue; review history process DEC-NPA-012,apps/api/impact_api/ai_solutions_catalog.py,FR-NPA-004; FR-NPA-005; FR-NPA-018; FR-NPA-031,solutions[].description
DD-NPA-073,CURRENT_LOCAL,AISolutionsCatalog,solutions[].deployment,string,Yes,No,Service or deployment description,Editorial publisher,PUBLIC_CONTENT_TENANT_AUTHORISED_READ,Versioned source catalogue; review history process DEC-NPA-012,apps/api/impact_api/ai_solutions_catalog.py,FR-NPA-004; FR-NPA-005; FR-NPA-018; FR-NPA-031,solutions[].deployment
DD-NPA-074,CURRENT_LOCAL,AISolutionsCatalog,solutions[].commercial_model,string,Yes,No,Commercial description; no current numeric price schema,Editorial publisher,PUBLIC_CONTENT_TENANT_AUTHORISED_READ,Versioned source catalogue; review history process DEC-NPA-012,apps/api/impact_api/ai_solutions_catalog.py,FR-NPA-004; FR-NPA-005; FR-NPA-018; FR-NPA-031,solutions[].commercial model
DD-NPA-075,CURRENT_LOCAL,AISolutionsCatalog,solutions[].nonprofit_offer,string,Yes,No,Dated offer description; eligibility not assured,Editorial publisher,PUBLIC_CONTENT_TENANT_AUTHORISED_READ,Versioned source catalogue; review history process DEC-NPA-012,apps/api/impact_api/ai_solutions_catalog.py,FR-NPA-004; FR-NPA-005; FR-NPA-018; FR-NPA-031,solutions[].nonprofit offer
DD-NPA-076,CURRENT_LOCAL,AISolutionsCatalog,solutions[].api_available,string,Yes,No,"Descriptive API availability and access entitlement claim; dated source-backed text, not boolean",Editorial publisher,PUBLIC_CONTENT_TENANT_AUTHORISED_READ,Versioned source catalogue; review history process DEC-NPA-012,apps/api/impact_api/ai_solutions_catalog.py,FR-NPA-004; FR-NPA-005; FR-NPA-018; FR-NPA-031,solutions[].api available
DD-NPA-077,CURRENT_LOCAL,AISolutionsCatalog,solutions[].source_urls[].label,string,Yes,No,Descriptive source title,Editorial publisher,PUBLIC_CONTENT_TENANT_AUTHORISED_READ,Versioned source catalogue; review history process DEC-NPA-012,apps/api/impact_api/ai_solutions_catalog.py,FR-NPA-004; FR-NPA-005; FR-NPA-018; FR-NPA-031,solutions[].source urls[].label
DD-NPA-078,CURRENT_LOCAL,AISolutionsCatalog,solutions[].source_urls[].url,https URL,Yes,No,Official source URL; reads do not invoke provider,Editorial publisher,PUBLIC_CONTENT_TENANT_AUTHORISED_READ,Versioned source catalogue; review history process DEC-NPA-012,apps/api/impact_api/ai_solutions_catalog.py,FR-NPA-004; FR-NPA-005; FR-NPA-018; FR-NPA-031,solutions[].source urls[].url
DD-NPA-079,CURRENT_LOCAL,AISolutionsCatalog,solutions[].verification_notes,array of strings,Yes,No,Unknowns and evidence caveats,Editorial publisher,PUBLIC_CONTENT_TENANT_AUTHORISED_READ,Versioned source catalogue; review history process DEC-NPA-012,apps/api/impact_api/ai_solutions_catalog.py,FR-NPA-004; FR-NPA-005; FR-NPA-018; FR-NPA-031,solutions[].verification notes
DD-NPA-080,CURRENT_LOCAL,AISolutionsCatalog,solutions[].data_review_questions,array of strings,Yes,No,Questions for actual plan contract intended use,Editorial publisher,PUBLIC_CONTENT_TENANT_AUTHORISED_READ,Versioned source catalogue; review history process DEC-NPA-012,apps/api/impact_api/ai_solutions_catalog.py,FR-NPA-004; FR-NPA-005; FR-NPA-018; FR-NPA-031,solutions[].data review questions
DD-NPA-081,CURRENT_LOCAL,AISolutionsCatalog,comparison_criteria[].id,string,Yes,No,Stable comparison criterion,Editorial publisher,PUBLIC_CONTENT_TENANT_AUTHORISED_READ,Versioned source catalogue; review history process DEC-NPA-012,apps/api/impact_api/ai_solutions_catalog.py,FR-NPA-004; FR-NPA-005; FR-NPA-018; FR-NPA-031,comparison criteria[].id
DD-NPA-082,CURRENT_LOCAL,AISolutionsCatalog,comparison_criteria[].label,string,Yes,No,Human-readable heading,Editorial publisher,PUBLIC_CONTENT_TENANT_AUTHORISED_READ,Versioned source catalogue; review history process DEC-NPA-012,apps/api/impact_api/ai_solutions_catalog.py,FR-NPA-004; FR-NPA-005; FR-NPA-018; FR-NPA-031,comparison criteria[].label
DD-NPA-083,CURRENT_LOCAL,AISolutionsCatalog,comparison_criteria[].prompt,string,Yes,No,Question supporting fair comparison,Editorial publisher,PUBLIC_CONTENT_TENANT_AUTHORISED_READ,Versioned source catalogue; review history process DEC-NPA-012,apps/api/impact_api/ai_solutions_catalog.py,FR-NPA-004; FR-NPA-005; FR-NPA-018; FR-NPA-031,comparison criteria[].prompt
DD-NPA-084,CURRENT_LOCAL,AIAdoptionPlanData,title,string,Yes,No,Nonblank; maximum150 characters,Authorised manager,INTERNAL,Policy decision DEC-NPA-009; no AI-specific deletion implemented,apps/api/impact_api/ai_adoption_contracts.py; ai_adoption_plans.py,FR-NPA-006; FR-NPA-007; FR-NPA-013; FR-NPA-021; FR-NPA-037; FR-NPA-038,title
DD-NPA-085,CURRENT_LOCAL,AIAdoptionPlanData,profile,AIEnablementProfile,Yes,No,Exactly six required profile fields,Authorised manager,INTERNAL,Policy decision DEC-NPA-009; no AI-specific deletion implemented,apps/api/impact_api/ai_adoption_contracts.py; ai_adoption_plans.py,FR-NPA-006; FR-NPA-007; FR-NPA-013; FR-NPA-021; FR-NPA-037; FR-NPA-038,profile
DD-NPA-086,CURRENT_LOCAL,AIAdoptionPlanData,solution_ids,array of strings,Yes,No,Unique known IDs; 0 through4 items; contract item length<=100,Authorised manager,INTERNAL,Policy decision DEC-NPA-009; no AI-specific deletion implemented,apps/api/impact_api/ai_adoption_contracts.py; ai_adoption_plans.py,FR-NPA-006; FR-NPA-007; FR-NPA-013; FR-NPA-021; FR-NPA-037; FR-NPA-038,solution ids
DD-NPA-087,CURRENT_LOCAL,AIAdoptionPlanData,learning_completed,array of strings,Yes,No,Unique known keys; current service max12; contract ceiling100; no arbitrary IDs,Authorised manager,INTERNAL,Policy decision DEC-NPA-009; no AI-specific deletion implemented,apps/api/impact_api/ai_adoption_contracts.py; ai_adoption_plans.py,FR-NPA-006; FR-NPA-007; FR-NPA-013; FR-NPA-021; FR-NPA-037; FR-NPA-038,learning completed
DD-NPA-088,CURRENT_LOCAL,AIAdoptionPlanData,procurement.requirements,string,Yes,No,Required field; may be empty; maximum2000 chars,Authorised manager,INTERNAL,Policy decision DEC-NPA-009; no AI-specific deletion implemented,apps/api/impact_api/ai_adoption_contracts.py; ai_adoption_plans.py,FR-NPA-006; FR-NPA-007; FR-NPA-013; FR-NPA-021; FR-NPA-037; FR-NPA-038,procurement.requirements
DD-NPA-089,CURRENT_LOCAL,AIAdoptionPlanData,procurement.data_boundary,string,Yes,No,Required field; may be empty; maximum2000 chars; no beneficiary data,Authorised manager,INTERNAL,Policy decision DEC-NPA-009; no AI-specific deletion implemented,apps/api/impact_api/ai_adoption_contracts.py; ai_adoption_plans.py,FR-NPA-006; FR-NPA-007; FR-NPA-013; FR-NPA-021; FR-NPA-037; FR-NPA-038,procurement.data boundary
DD-NPA-090,CURRENT_LOCAL,AIAdoptionPlanData,procurement.budget_notes,string,Yes,No,Required field; may be empty; maximum500 chars; text is not committed budget,Authorised manager,INTERNAL,Policy decision DEC-NPA-009; no AI-specific deletion implemented,apps/api/impact_api/ai_adoption_contracts.py; ai_adoption_plans.py,FR-NPA-006; FR-NPA-007; FR-NPA-013; FR-NPA-021; FR-NPA-037; FR-NPA-038,procurement.budget notes
DD-NPA-091,CURRENT_LOCAL,AIAdoptionPlanData,procurement.vendor_questions,string,Yes,No,Required field; may be empty; maximum2000 chars,Authorised manager,INTERNAL,Policy decision DEC-NPA-009; no AI-specific deletion implemented,apps/api/impact_api/ai_adoption_contracts.py; ai_adoption_plans.py,FR-NPA-006; FR-NPA-007; FR-NPA-013; FR-NPA-021; FR-NPA-037; FR-NPA-038,procurement.vendor questions
DD-NPA-092,CURRENT_LOCAL,AIAdoptionPlanData,pilot.success_measure,string,Yes,No,Required field; may be empty; maximum1000 chars; not numerical outcomes,Authorised manager,INTERNAL,Policy decision DEC-NPA-009; no AI-specific deletion implemented,apps/api/impact_api/ai_adoption_contracts.py; ai_adoption_plans.py,FR-NPA-006; FR-NPA-007; FR-NPA-013; FR-NPA-021; FR-NPA-037; FR-NPA-038,pilot.success measure
DD-NPA-093,CURRENT_LOCAL,AIAdoptionPlanData,pilot.completed_actions,array of enum,Yes,No,Unique subset of DEFINE_GOAL SYNTHETIC_TRIAL HUMAN_REVIEW TRAIN_STAFF REVIEW_OUTCOME; max5,Authorised manager,INTERNAL,Policy decision DEC-NPA-009; no AI-specific deletion implemented,apps/api/impact_api/ai_adoption_contracts.py; ai_adoption_plans.py,FR-NPA-006; FR-NPA-007; FR-NPA-013; FR-NPA-021; FR-NPA-037; FR-NPA-038,pilot.completed actions
DD-NPA-094,CURRENT_LOCAL,AIAdoptionPlanData,content_versions.catalog,string,Yes,No,Server pins current catalogue version on each saved revision; excluded write DTO,Server,INTERNAL,Policy decision DEC-NPA-009; no AI-specific deletion implemented,apps/api/impact_api/ai_adoption_contracts.py; ai_adoption_plans.py,FR-NPA-006; FR-NPA-007; FR-NPA-013; FR-NPA-021; FR-NPA-037; FR-NPA-038,content versions.catalog
DD-NPA-095,CURRENT_LOCAL,AIAdoptionPlanData,content_versions.solutions,string,Yes,No,Server pins current solutions version on each saved revision; excluded write DTO,Server,INTERNAL,Policy decision DEC-NPA-009; no AI-specific deletion implemented,apps/api/impact_api/ai_adoption_contracts.py; ai_adoption_plans.py,FR-NPA-006; FR-NPA-007; FR-NPA-013; FR-NPA-021; FR-NPA-037; FR-NPA-038,content versions.solutions
DD-NPA-096,CURRENT_LOCAL,AIAdoptionPlanCreate,operation_id,UUID string,Yes,No,Client generated retry identifier; closed envelope,Client,INTERNAL,Policy decision DEC-NPA-009; no AI-specific deletion implemented,apps/api/impact_api/ai_adoption_contracts.py; ai_adoption_plans.py,FR-NPA-006; FR-NPA-025; FR-NPA-027; FR-NPA-039,operation id
DD-NPA-097,CURRENT_LOCAL,AIAdoptionPlanCreate,data,AIAdoptionPlanData,Yes,No,All six write data members required; versions excluded,Authorised manager,INTERNAL,Policy decision DEC-NPA-009; no AI-specific deletion implemented,apps/api/impact_api/ai_adoption_contracts.py; ai_adoption_plans.py,FR-NPA-006; FR-NPA-025; FR-NPA-027; FR-NPA-039,data
DD-NPA-098,CURRENT_LOCAL,AIAdoptionPlanUpdate,expected_revision,UUID string,Yes,No,Exact prior head; conflict on stale revision,Client,INTERNAL,Policy decision DEC-NPA-009; no AI-specific deletion implemented,apps/api/impact_api/ai_adoption_contracts.py; ai_adoption_plans.py,FR-NPA-006; FR-NPA-025; FR-NPA-027; FR-NPA-039,expected revision
DD-NPA-099,CURRENT_LOCAL,AIAdoptionPlan,object_id,UUID string,Yes,No,Server generated stable object selector; not proof of access,Server,INTERNAL,Policy decision DEC-NPA-009; no AI-specific deletion implemented,apps/api/impact_api/ai_adoption_contracts.py; ai_adoption_plans.py,FR-NPA-006; FR-NPA-025; FR-NPA-027; FR-NPA-039,object id
DD-NPA-100,CURRENT_LOCAL,AIAdoptionPlan,revision_id,UUID string,Yes,No,Server generated head revision,Server,INTERNAL,Policy decision DEC-NPA-009; no AI-specific deletion implemented,apps/api/impact_api/ai_adoption_contracts.py; ai_adoption_plans.py,FR-NPA-006; FR-NPA-025; FR-NPA-027; FR-NPA-039,revision id
DD-NPA-101,CURRENT_LOCAL,AIAdoptionPlan,business_state,enum,Yes,No,Draft only; no approval transition,Server,INTERNAL,Policy decision DEC-NPA-009; no AI-specific deletion implemented,apps/api/impact_api/ai_adoption_contracts.py; ai_adoption_plans.py,FR-NPA-006; FR-NPA-025; FR-NPA-027; FR-NPA-039,business state
DD-NPA-102,CURRENT_LOCAL,AIAdoptionPlan,data,AIAdoptionPlanStoredData,Yes,No,Write data plus server content_versions,Server,INTERNAL,Policy decision DEC-NPA-009; no AI-specific deletion implemented,apps/api/impact_api/ai_adoption_contracts.py; ai_adoption_plans.py,FR-NPA-006; FR-NPA-025; FR-NPA-027; FR-NPA-039,data
DD-NPA-103,CURRENT_LOCAL,AIAdoptionPlanList,items,array of AIAdoptionPlan,Yes,No,At most100; visible current scope only; no total_rows,Server,INTERNAL,Policy decision DEC-NPA-009; no AI-specific deletion implemented,apps/api/impact_api/ai_adoption_contracts.py; ai_adoption_plans.py,FR-NPA-006; FR-NPA-025; FR-NPA-027; FR-NPA-039,items
DD-NPA-104,CURRENT_LOCAL,AIAdoptionPlanList,next_cursor,string or null,Yes,Yes,HMAC tenant principal route visibility bound; 15min TTL; length4096 query ceiling,Server,INTERNAL,Policy decision DEC-NPA-009; no AI-specific deletion implemented,apps/api/impact_api/ai_adoption_contracts.py; ai_adoption_plans.py,FR-NPA-006; FR-NPA-025; FR-NPA-027; FR-NPA-039,next cursor
DD-NPA-105,CURRENT_LOCAL,AIAdoptionPlanListQuery,limit,integer,No,No,1 through100; default50,Client,INTERNAL,Policy decision DEC-NPA-009; no AI-specific deletion implemented,apps/api/impact_api/ai_adoption_contracts.py; ai_adoption_plans.py,FR-NPA-006; FR-NPA-025; FR-NPA-027; FR-NPA-039,limit
DD-NPA-106,CURRENT_LOCAL,AIAdoptionPlanListQuery,cursor,string,No,No,Server returned cursor; omitted first page; max4096,Client,INTERNAL,Policy decision DEC-NPA-009; no AI-specific deletion implemented,apps/api/impact_api/ai_adoption_contracts.py; ai_adoption_plans.py,FR-NPA-006; FR-NPA-025; FR-NPA-027; FR-NPA-039,cursor
DD-NPA-107,CURRENT_LOCAL,AIAdoptionPlanReceipt,object_id,UUID string,Yes,No,Original saved object,Server,INTERNAL,Receipt expires7days after save; revision retention is separate,apps/api/impact_api/ai_adoption_contracts.py; ai_adoption_plans.py,FR-NPA-027; FR-NPA-039,object id
DD-NPA-108,CURRENT_LOCAL,AIAdoptionPlanReceipt,revision_id,UUID string,Yes,No,Original committed revision even after later update,Server,INTERNAL,Receipt expires7days after save; revision retention is separate,apps/api/impact_api/ai_adoption_contracts.py; ai_adoption_plans.py,FR-NPA-027; FR-NPA-039,revision id
DD-NPA-109,CURRENT_LOCAL,AIAdoptionPlanReceipt,business_state,enum,Yes,No,Draft,Server,INTERNAL,Receipt expires7days after save; revision retention is separate,apps/api/impact_api/ai_adoption_contracts.py; ai_adoption_plans.py,FR-NPA-027; FR-NPA-039,business state
DD-NPA-110,CURRENT_LOCAL,AIAdoptionPlanReceipt,saved_at,RFC3339 timestamp,Yes,No,Server save clock,Server,INTERNAL,Receipt expires7days after save; revision retention is separate,apps/api/impact_api/ai_adoption_contracts.py; ai_adoption_plans.py,FR-NPA-027; FR-NPA-039,saved at
DD-NPA-111,CURRENT_LOCAL,AIAdoptionPlanReceipt,operation_id,UUID string,Yes,No,Request replay ID,Server,INTERNAL,Receipt expires7days after save; revision retention is separate,apps/api/impact_api/ai_adoption_contracts.py; ai_adoption_plans.py,FR-NPA-027; FR-NPA-039,operation id
DD-NPA-112,CURRENT_LOCAL,AIAdoptionPlanReceipt,correlation_id,UUID string,Yes,No,Server request correlation,Server,INTERNAL,Receipt expires7days after save; revision retention is separate,apps/api/impact_api/ai_adoption_contracts.py; ai_adoption_plans.py,FR-NPA-027; FR-NPA-039,correlation id
DD-NPA-113,CURRENT_LOCAL,AIAdvisoryRequestDTO,operation_id,UUID string,Yes,No,Client generated; request_id uses normalised UUID,Separately authorised manager,INTERNAL,Raw submitted profile/consent not persisted in claim metadata; original assessment within sealed result,apps/api/impact_api/ai_enablement.py; ai_enablement_contracts.py,FR-NPA-010; FR-NPA-023; FR-NPA-026; FR-NPA-037,operation id
DD-NPA-114,CURRENT_LOCAL,AIAdvisoryRequestDTO,profile,AIEnablementProfile,Yes,No,Only submitted organisation profile sent with deterministic assessment,Separately authorised manager,INTERNAL,Raw submitted profile/consent not persisted in claim metadata; original assessment within sealed result,apps/api/impact_api/ai_enablement.py; ai_enablement_contracts.py,FR-NPA-010; FR-NPA-023; FR-NPA-026; FR-NPA-037,profile
DD-NPA-115,CURRENT_LOCAL,AIAdvisoryRequestDTO,consent,boolean,Yes,No,Must be exactlytrue; action-specific external generation consent,Separately authorised manager,INTERNAL,Raw submitted profile/consent not persisted in claim metadata; original assessment within sealed result,apps/api/impact_api/ai_enablement.py; ai_enablement_contracts.py,FR-NPA-010; FR-NPA-023; FR-NPA-026; FR-NPA-037,consent
DD-NPA-116,CURRENT_LOCAL,AIAdvisoryDraft,status,enum,Yes,No,DRAFT; no approval,Server,INTERNAL_SEALED,Insert-only sealed result; no AI-specific erase or retention class yet,apps/api/impact_api/ai_enablement.py,FR-NPA-010; FR-NPA-035,status
DD-NPA-117,CURRENT_LOCAL,AIAdvisoryDraft,text,string,Yes,No,Nonblank; maximum12000 chars,Server,INTERNAL_SEALED,Insert-only sealed result; no AI-specific erase or retention class yet,apps/api/impact_api/ai_enablement.py,FR-NPA-010; FR-NPA-035,text
DD-NPA-118,CURRENT_LOCAL,AIAdvisoryDraft,assessment,AIEnablementAssessment,Yes,No,Original assessment frozen in sealed response,Server,INTERNAL_SEALED,Insert-only sealed result; no AI-specific erase or retention class yet,apps/api/impact_api/ai_enablement.py,FR-NPA-010; FR-NPA-035,assessment
DD-NPA-119,CURRENT_LOCAL,AIAdvisoryDraft,model,string,Yes,No,Nonempty service limit<=200 chars; current service does not trim whitespace,Server,INTERNAL_SEALED,Insert-only sealed result; no AI-specific erase or retention class yet,apps/api/impact_api/ai_enablement.py,FR-NPA-010; FR-NPA-035,model
DD-NPA-120,CURRENT_LOCAL,AIAdvisoryDraft,disclaimer,string,Yes,No,Human review no spending disclosure or official arithmetic,Server,INTERNAL_SEALED,Insert-only sealed result; no AI-specific erase or retention class yet,apps/api/impact_api/ai_enablement.py,FR-NPA-010; FR-NPA-035,disclaimer
DD-NPA-121,CURRENT_LOCAL,ai_advisory_request,tenant_id,uuid,Yes,No,Composite PK; tenant fence,Server,INTERNAL,Insert-only; UPDATE/DELETE forbidden to app; no implemented AI retention/removal class,infrastructure/migrations/0034_ai_advisory.sql; apps/api/impact_api/ai_enablement.py,FR-NPA-010; FR-NPA-023; FR-NPA-025; FR-NPA-027; FR-NPA-029; FR-NPA-039,tenant id
DD-NPA-122,CURRENT_LOCAL,ai_advisory_request,request_id,uuid,Yes,No,Composite PK; supplied normalised operation_id,Server,INTERNAL,Insert-only; UPDATE/DELETE forbidden to app; no implemented AI retention/removal class,infrastructure/migrations/0034_ai_advisory.sql; apps/api/impact_api/ai_enablement.py,FR-NPA-010; FR-NPA-023; FR-NPA-025; FR-NPA-027; FR-NPA-029; FR-NPA-039,request id
DD-NPA-123,CURRENT_LOCAL,ai_advisory_request,object_id,uuid,Yes,No,Unique tenant/object; FK registry; separately server-generated,Server,INTERNAL,Insert-only; UPDATE/DELETE forbidden to app; no implemented AI retention/removal class,infrastructure/migrations/0034_ai_advisory.sql; apps/api/impact_api/ai_enablement.py,FR-NPA-010; FR-NPA-023; FR-NPA-025; FR-NPA-027; FR-NPA-029; FR-NPA-039,object id
DD-NPA-124,CURRENT_LOCAL,ai_advisory_request,principal_id,uuid,Yes,No,FK tenant principal; prevents other requester replay,Server,INTERNAL,Insert-only; UPDATE/DELETE forbidden to app; no implemented AI retention/removal class,infrastructure/migrations/0034_ai_advisory.sql; apps/api/impact_api/ai_enablement.py,FR-NPA-010; FR-NPA-023; FR-NPA-025; FR-NPA-027; FR-NPA-029; FR-NPA-039,principal id
DD-NPA-125,CURRENT_LOCAL,ai_advisory_request,fingerprint,bytea,Yes,No,32-byte SHA256 of canonical submitted body,Server,INTERNAL,Insert-only; UPDATE/DELETE forbidden to app; no implemented AI retention/removal class,infrastructure/migrations/0034_ai_advisory.sql; apps/api/impact_api/ai_enablement.py,FR-NPA-010; FR-NPA-023; FR-NPA-025; FR-NPA-027; FR-NPA-029; FR-NPA-039,fingerprint
DD-NPA-126,CURRENT_LOCAL,ai_advisory_request,reserved_at,timestamptz,Yes,No,Database clock; rolling24h claim limit3 per tenant,Server,INTERNAL,Insert-only; UPDATE/DELETE forbidden to app; no implemented AI retention/removal class,infrastructure/migrations/0034_ai_advisory.sql; apps/api/impact_api/ai_enablement.py,FR-NPA-010; FR-NPA-023; FR-NPA-025; FR-NPA-027; FR-NPA-029; FR-NPA-039,reserved at
DD-NPA-127,CURRENT_LOCAL,ai_advisory_result,tenant_id,uuid,Yes,No,Composite PK; tenant fence,Server,INTERNAL,Insert-only; UPDATE/DELETE forbidden to app; no implemented AI retention/removal class,infrastructure/migrations/0034_ai_advisory.sql; apps/api/impact_api/ai_enablement.py,FR-NPA-010; FR-NPA-023; FR-NPA-025; FR-NPA-027; FR-NPA-029; FR-NPA-039,tenant id
DD-NPA-128,CURRENT_LOCAL,ai_advisory_result,request_id,uuid,Yes,No,Composite PK and FK claim,Server,INTERNAL,Insert-only; UPDATE/DELETE forbidden to app; no implemented AI retention/removal class,infrastructure/migrations/0034_ai_advisory.sql; apps/api/impact_api/ai_enablement.py,FR-NPA-010; FR-NPA-023; FR-NPA-025; FR-NPA-027; FR-NPA-029; FR-NPA-039,request id
DD-NPA-129,CURRENT_LOCAL,ai_advisory_result,sealed_output,bytea,Yes,Yes,AES-GCM via delivery keyring; tenant/request associated data; XOR failure_reason,Server,INTERNAL_SEALED,Insert-only; UPDATE/DELETE forbidden to app; no implemented AI retention/removal class,infrastructure/migrations/0034_ai_advisory.sql; apps/api/impact_api/ai_enablement.py,FR-NPA-010; FR-NPA-023; FR-NPA-025; FR-NPA-027; FR-NPA-029; FR-NPA-039,sealed output
DD-NPA-130,CURRENT_LOCAL,ai_advisory_result,failure_reason,text,Yes,Yes,Only AI_PROVIDER_UNAVAILABLE ornull; XOR sealed_output,Server,INTERNAL,Insert-only; UPDATE/DELETE forbidden to app; no implemented AI retention/removal class,infrastructure/migrations/0034_ai_advisory.sql; apps/api/impact_api/ai_enablement.py,FR-NPA-010; FR-NPA-023; FR-NPA-025; FR-NPA-027; FR-NPA-029; FR-NPA-039,failure reason
DD-NPA-131,CURRENT_LOCAL,ai_advisory_result,completed_at,timestamptz,Yes,No,Database completion clock,Server,INTERNAL,Insert-only; UPDATE/DELETE forbidden to app; no implemented AI retention/removal class,infrastructure/migrations/0034_ai_advisory.sql; apps/api/impact_api/ai_enablement.py,FR-NPA-010; FR-NPA-023; FR-NPA-025; FR-NPA-027; FR-NPA-029; FR-NPA-039,completed at
DD-NPA-132,CURRENT_LOCAL,object_registry,tenant_id,uuid,Yes,No,Composite PK and tenant_root FK; forced RLS,Server,INTERNAL,Immutable revision model; privacy exception does not yet include AI free text classes,infrastructure/migrations/0002_domain.sql; 0003_security.sql; 0004_application.sql; apps/api/impact_api/store.py,FR-NPA-025; FR-NPA-027; FR-NPA-039,tenant id
DD-NPA-133,CURRENT_LOCAL,object_registry,object_id,uuid,Yes,No,Composite PK; server-generated,Server,INTERNAL,Immutable revision model; privacy exception does not yet include AI free text classes,infrastructure/migrations/0002_domain.sql; 0003_security.sql; 0004_application.sql; apps/api/impact_api/store.py,FR-NPA-025; FR-NPA-027; FR-NPA-039,object id
DD-NPA-134,CURRENT_LOCAL,object_registry,object_type,text,Yes,No,AIAdoptionPlan after0035; AIAdvisoryRequest after0034,Server,INTERNAL,Immutable revision model; privacy exception does not yet include AI free text classes,infrastructure/migrations/0002_domain.sql; 0003_security.sql; 0004_application.sql; apps/api/impact_api/store.py,FR-NPA-025; FR-NPA-027; FR-NPA-039,object type
DD-NPA-135,CURRENT_LOCAL,object_registry,head_revision,uuid,Yes,No,Deferred composite FK exact revision,Server,INTERNAL,Immutable revision model; privacy exception does not yet include AI free text classes,infrastructure/migrations/0002_domain.sql; 0003_security.sql; 0004_application.sql; apps/api/impact_api/store.py,FR-NPA-025; FR-NPA-027; FR-NPA-039,head revision
DD-NPA-136,CURRENT_LOCAL,object_registry,lifecycle_state,text,Yes,No,Draft plans; Recorded advisory claim metadata,Server,INTERNAL,Immutable revision model; privacy exception does not yet include AI free text classes,infrastructure/migrations/0002_domain.sql; 0003_security.sql; 0004_application.sql; apps/api/impact_api/store.py,FR-NPA-025; FR-NPA-027; FR-NPA-039,lifecycle state
DD-NPA-137,CURRENT_LOCAL,object_registry,classification,text,Yes,No,INTERNAL set by shared writer; not client configurable,Server,INTERNAL,Immutable revision model; privacy exception does not yet include AI free text classes,infrastructure/migrations/0002_domain.sql; 0003_security.sql; 0004_application.sql; apps/api/impact_api/store.py,FR-NPA-025; FR-NPA-027; FR-NPA-039,classification
DD-NPA-138,CURRENT_LOCAL,object_registry,owner_id,uuid,Yes,Yes,Creator principal for new object; nullable in base schema,Server,INTERNAL,Immutable revision model; privacy exception does not yet include AI free text classes,infrastructure/migrations/0002_domain.sql; 0003_security.sql; 0004_application.sql; apps/api/impact_api/store.py,FR-NPA-025; FR-NPA-027; FR-NPA-039,owner id
DD-NPA-139,CURRENT_LOCAL,object_registry,created_at,timestamptz,Yes,No,Server clock,Server,INTERNAL,Immutable revision model; privacy exception does not yet include AI free text classes,infrastructure/migrations/0002_domain.sql; 0003_security.sql; 0004_application.sql; apps/api/impact_api/store.py,FR-NPA-025; FR-NPA-027; FR-NPA-039,created at
DD-NPA-140,CURRENT_LOCAL,object_registry,created_by,uuid,Yes,No,Tenant principal FK,Server,INTERNAL,Immutable revision model; privacy exception does not yet include AI free text classes,infrastructure/migrations/0002_domain.sql; 0003_security.sql; 0004_application.sql; apps/api/impact_api/store.py,FR-NPA-025; FR-NPA-027; FR-NPA-039,created by
DD-NPA-141,CURRENT_LOCAL,object_registry,updated_at,timestamptz,Yes,No,Latest head change clock,Server,INTERNAL,Immutable revision model; privacy exception does not yet include AI free text classes,infrastructure/migrations/0002_domain.sql; 0003_security.sql; 0004_application.sql; apps/api/impact_api/store.py,FR-NPA-025; FR-NPA-027; FR-NPA-039,updated at
DD-NPA-142,CURRENT_LOCAL,object_revision,tenant_id,uuid,Yes,No,Composite PK/FKs and tenant fence,Server,INTERNAL,Immutable revision model; privacy exception does not yet include AI free text classes,infrastructure/migrations/0002_domain.sql; 0003_security.sql; 0004_application.sql; apps/api/impact_api/store.py,FR-NPA-025; FR-NPA-027; FR-NPA-039,tenant id
DD-NPA-143,CURRENT_LOCAL,object_revision,object_id,uuid,Yes,No,Composite PK and registry FK,Server,INTERNAL,Immutable revision model; privacy exception does not yet include AI free text classes,infrastructure/migrations/0002_domain.sql; 0003_security.sql; 0004_application.sql; apps/api/impact_api/store.py,FR-NPA-025; FR-NPA-027; FR-NPA-039,object id
DD-NPA-144,CURRENT_LOCAL,object_revision,revision_id,uuid,Yes,No,Composite PK; tenant/revision UNIQUE,Server,INTERNAL,Immutable revision model; privacy exception does not yet include AI free text classes,infrastructure/migrations/0002_domain.sql; 0003_security.sql; 0004_application.sql; apps/api/impact_api/store.py,FR-NPA-025; FR-NPA-027; FR-NPA-039,revision id
DD-NPA-145,CURRENT_LOCAL,object_revision,object_type,text,Yes,No,Composite FK keeps kind consistent,Server,INTERNAL,Immutable revision model; privacy exception does not yet include AI free text classes,infrastructure/migrations/0002_domain.sql; 0003_security.sql; 0004_application.sql; apps/api/impact_api/store.py,FR-NPA-025; FR-NPA-027; FR-NPA-039,object type
DD-NPA-146,CURRENT_LOCAL,object_revision,predecessor_revision,uuid,Yes,Yes,Prior exact revision; null for first,Server,INTERNAL,Immutable revision model; privacy exception does not yet include AI free text classes,infrastructure/migrations/0002_domain.sql; 0003_security.sql; 0004_application.sql; apps/api/impact_api/store.py,FR-NPA-025; FR-NPA-027; FR-NPA-039,predecessor revision
DD-NPA-147,CURRENT_LOCAL,object_revision,schema_version,text,Yes,No,Shared writer current1.2; independent of DB schema35,Server,INTERNAL,Immutable revision model; privacy exception does not yet include AI free text classes,infrastructure/migrations/0002_domain.sql; 0003_security.sql; 0004_application.sql; apps/api/impact_api/store.py,FR-NPA-025; FR-NPA-027; FR-NPA-039,schema version
DD-NPA-148,CURRENT_LOCAL,object_revision,payload,jsonb object,Yes,Yes,Stored plan data or advisory metadata; null iff REMOVED via governed exception,Server,INTERNAL,Immutable revision model; privacy exception does not yet include AI free text classes,infrastructure/migrations/0002_domain.sql; 0003_security.sql; 0004_application.sql; apps/api/impact_api/store.py,FR-NPA-025; FR-NPA-027; FR-NPA-039,payload
DD-NPA-149,CURRENT_LOCAL,object_revision,payload_sha256,bytea,Yes,No,32-byte canonical payload hash,Server,INTERNAL,Immutable revision model; privacy exception does not yet include AI free text classes,infrastructure/migrations/0002_domain.sql; 0003_security.sql; 0004_application.sql; apps/api/impact_api/store.py,FR-NPA-025; FR-NPA-027; FR-NPA-039,payload sha256
DD-NPA-150,CURRENT_LOCAL,object_revision,author_id,uuid,Yes,No,Tenant principal FK; current server identity,Server,INTERNAL,Immutable revision model; privacy exception does not yet include AI free text classes,infrastructure/migrations/0002_domain.sql; 0003_security.sql; 0004_application.sql; apps/api/impact_api/store.py,FR-NPA-025; FR-NPA-027; FR-NPA-039,author id
DD-NPA-151,CURRENT_LOCAL,object_revision,created_at,timestamptz,Yes,No,Server clock,Server,INTERNAL,Immutable revision model; privacy exception does not yet include AI free text classes,infrastructure/migrations/0002_domain.sql; 0003_security.sql; 0004_application.sql; apps/api/impact_api/store.py,FR-NPA-025; FR-NPA-027; FR-NPA-039,created at
DD-NPA-152,CURRENT_LOCAL,object_revision,restriction_state,text,Yes,No,AVAILABLE RESTRICTED REMOVED; guarded privacy path,Server,INTERNAL,Immutable revision model; privacy exception does not yet include AI free text classes,infrastructure/migrations/0002_domain.sql; 0003_security.sql; 0004_application.sql; apps/api/impact_api/store.py,FR-NPA-025; FR-NPA-027; FR-NPA-039,restriction state
DD-NPA-153,CURRENT_LOCAL,object_revision,revision_number,integer,Yes,No,Starts1; predecessor number+1; added0004,Server,INTERNAL,Immutable revision model; privacy exception does not yet include AI free text classes,infrastructure/migrations/0002_domain.sql; 0003_security.sql; 0004_application.sql; apps/api/impact_api/store.py,FR-NPA-025; FR-NPA-027; FR-NPA-039,revision number
DD-NPA-154,CURRENT_LOCAL,object_natural_author,natural_identity_id,uuid,Yes,No,Cumulative natural person authorship; no self-approval shortcut,Server,INTERNAL,Immutable revision model; privacy exception does not yet include AI free text classes,infrastructure/migrations/0002_domain.sql; 0003_security.sql; 0004_application.sql; apps/api/impact_api/store.py,FR-NPA-025; FR-NPA-027; FR-NPA-039,natural identity id
DD-NPA-155,CURRENT_LOCAL,operation_receipt,tenant_id,uuid,Yes,No,Composite PK and tenant_root FK,Server,INTERNAL,7day replay window,infrastructure/migrations/0002_domain.sql; 0003_security.sql; 0004_application.sql; apps/api/impact_api/store.py,FR-NPA-025; FR-NPA-027; FR-NPA-039,tenant id
DD-NPA-156,CURRENT_LOCAL,operation_receipt,actor_id,uuid,Yes,No,Composite PK; tenant principal FK,Server,INTERNAL,7day replay window,infrastructure/migrations/0002_domain.sql; 0003_security.sql; 0004_application.sql; apps/api/impact_api/store.py,FR-NPA-025; FR-NPA-027; FR-NPA-039,actor id
DD-NPA-157,CURRENT_LOCAL,operation_receipt,command_type,varchar64,Yes,No,Composite PK; operation type,Server,INTERNAL,7day replay window,infrastructure/migrations/0002_domain.sql; 0003_security.sql; 0004_application.sql; apps/api/impact_api/store.py,FR-NPA-025; FR-NPA-027; FR-NPA-039,command type
DD-NPA-158,CURRENT_LOCAL,operation_receipt,operation_id,uuid,Yes,No,Composite PK; requester retry ID,Server,INTERNAL,7day replay window,infrastructure/migrations/0002_domain.sql; 0003_security.sql; 0004_application.sql; apps/api/impact_api/store.py,FR-NPA-025; FR-NPA-027; FR-NPA-039,operation id
DD-NPA-159,CURRENT_LOCAL,operation_receipt,payload_hash,bytea,Yes,No,32byte submitted command fingerprint,Server,INTERNAL,7day replay window,infrastructure/migrations/0002_domain.sql; 0003_security.sql; 0004_application.sql; apps/api/impact_api/store.py,FR-NPA-025; FR-NPA-027; FR-NPA-039,payload hash
DD-NPA-160,CURRENT_LOCAL,operation_receipt,state,text,Yes,No,Base states IN_PROGRESS SUCCEEDED FAILED; plans save SUCCEEDED,Server,INTERNAL,7day replay window,infrastructure/migrations/0002_domain.sql; 0003_security.sql; 0004_application.sql; apps/api/impact_api/store.py,FR-NPA-025; FR-NPA-027; FR-NPA-039,state
DD-NPA-161,CURRENT_LOCAL,operation_receipt,outcome,jsonb,Yes,Yes,Original plan receipt,Server,INTERNAL,7day replay window,infrastructure/migrations/0002_domain.sql; 0003_security.sql; 0004_application.sql; apps/api/impact_api/store.py,FR-NPA-025; FR-NPA-027; FR-NPA-039,outcome
DD-NPA-162,CURRENT_LOCAL,operation_receipt,expires_at,timestamptz,Yes,No,Plan save now+7days; no replay after expiry,Server,INTERNAL,7day replay window,infrastructure/migrations/0002_domain.sql; 0003_security.sql; 0004_application.sql; apps/api/impact_api/store.py,FR-NPA-025; FR-NPA-027; FR-NPA-039,expires at
DD-NPA-163,PROPOSED_R2,Cohort,tenant_id,uuid,Yes,No,Mandatory tenant boundary in every key and FK,Authorised business role,CONFIDENTIAL_PROPOSED,Approved policy required DEC-NPA-009; no duration selected,02-FSD.md; 03-HLD.md; 04-LLD.md; DEC-NPA-009,FR-NPA-009,tenant id
DD-NPA-164,PROPOSED_R2,Cohort,object_id,uuid,Yes,No,Server controlled logical record identifier,Authorised business role,CONFIDENTIAL_PROPOSED,Approved policy required DEC-NPA-009; no duration selected,02-FSD.md; 03-HLD.md; 04-LLD.md; DEC-NPA-009,FR-NPA-009,object id
DD-NPA-165,PROPOSED_R2,Cohort,revision_id,uuid,Yes,No,Server controlled immutable revision selector,Authorised business role,CONFIDENTIAL_PROPOSED,Approved policy required DEC-NPA-009; no duration selected,02-FSD.md; 03-HLD.md; 04-LLD.md; DEC-NPA-009,FR-NPA-009,revision id
DD-NPA-166,PROPOSED_R2,Cohort,state,enum,Yes,No,Only authorised reviewed transitions; vocabulary in FSD,Authorised business role,CONFIDENTIAL_PROPOSED,Approved policy required DEC-NPA-009; no duration selected,02-FSD.md; 03-HLD.md; 04-LLD.md; DEC-NPA-009,FR-NPA-009,state
DD-NPA-167,PROPOSED_R2,Cohort,programme_revision,uuid,Yes,No,Exact approved programme revision,Authorised business role,CONFIDENTIAL_PROPOSED,Approved policy required DEC-NPA-009; no duration selected,02-FSD.md; 03-HLD.md; 04-LLD.md; DEC-NPA-009,FR-NPA-009,programme revision
DD-NPA-168,PROPOSED_R2,Cohort,title,bounded string,Yes,No,Proposed maximum150 chars,Authorised business role,CONFIDENTIAL_PROPOSED,Approved policy required DEC-NPA-009; no duration selected,02-FSD.md; 03-HLD.md; 04-LLD.md; DEC-NPA-009,FR-NPA-009,title
DD-NPA-169,PROPOSED_R2,Cohort,participant_ids,array of uuid,Yes,No,Current permitted tenant participants; coordinator scope,Authorised business role,CONFIDENTIAL_PROPOSED,Approved policy required DEC-NPA-009; no duration selected,02-FSD.md; 03-HLD.md; 04-LLD.md; DEC-NPA-009,FR-NPA-009,participant ids
DD-NPA-170,PROPOSED_R2,Cohort,sharing_boundary,versioned policy reference,Yes,No,Learners see own work and explicitly agreed cohort sharing,Authorised business role,CONFIDENTIAL_PROPOSED,Approved policy required DEC-NPA-009; no duration selected,02-FSD.md; 03-HLD.md; 04-LLD.md; DEC-NPA-009,FR-NPA-009,sharing boundary
DD-NPA-171,PROPOSED_R2,LearningProgramme,tenant_id,uuid,Yes,No,Mandatory tenant boundary in every key and FK,Authorised business role,CONFIDENTIAL_PROPOSED,Approved policy required DEC-NPA-009; no duration selected,02-FSD.md; 03-HLD.md; 04-LLD.md; DEC-NPA-009,FR-NPA-009,tenant id
DD-NPA-172,PROPOSED_R2,LearningProgramme,object_id,uuid,Yes,No,Server controlled logical record identifier,Authorised business role,CONFIDENTIAL_PROPOSED,Approved policy required DEC-NPA-009; no duration selected,02-FSD.md; 03-HLD.md; 04-LLD.md; DEC-NPA-009,FR-NPA-009,object id
DD-NPA-173,PROPOSED_R2,LearningProgramme,revision_id,uuid,Yes,No,Server controlled immutable revision selector,Authorised business role,CONFIDENTIAL_PROPOSED,Approved policy required DEC-NPA-009; no duration selected,02-FSD.md; 03-HLD.md; 04-LLD.md; DEC-NPA-009,FR-NPA-009,revision id
DD-NPA-174,PROPOSED_R2,LearningProgramme,state,enum,Yes,No,Only authorised reviewed transitions; vocabulary in FSD,Authorised business role,CONFIDENTIAL_PROPOSED,Approved policy required DEC-NPA-009; no duration selected,02-FSD.md; 03-HLD.md; 04-LLD.md; DEC-NPA-009,FR-NPA-009,state
DD-NPA-175,PROPOSED_R2,LearningProgramme,title,bounded string,Yes,No,Proposed maximum150 chars,Authorised business role,CONFIDENTIAL_PROPOSED,Approved policy required DEC-NPA-009; no duration selected,02-FSD.md; 03-HLD.md; 04-LLD.md; DEC-NPA-009,FR-NPA-009,title
DD-NPA-176,PROPOSED_R2,LearningProgramme,lesson_versions,array of versioned lesson references,Yes,No,Stable IDs and exact published versions,Authorised business role,CONFIDENTIAL_PROPOSED,Approved policy required DEC-NPA-009; no duration selected,02-FSD.md; 03-HLD.md; 04-LLD.md; DEC-NPA-009,FR-NPA-009,lesson versions
DD-NPA-177,PROPOSED_R2,LearningProgramme,cohort_id,uuid,No,Yes,Proposed tenant-scoped Cohort selector,Authorised business role,CONFIDENTIAL_PROPOSED,Approved policy required DEC-NPA-009; no duration selected,02-FSD.md; 03-HLD.md; 04-LLD.md; DEC-NPA-009,FR-NPA-009,cohort id
DD-NPA-178,PROPOSED_R2,LearningProgramme,coordinator_id,uuid,Yes,No,Current authorised tenant principal,Authorised business role,CONFIDENTIAL_PROPOSED,Approved policy required DEC-NPA-009; no duration selected,02-FSD.md; 03-HLD.md; 04-LLD.md; DEC-NPA-009,FR-NPA-009,coordinator id
DD-NPA-179,PROPOSED_R2,LearningAssignment,tenant_id,uuid,Yes,No,Mandatory tenant boundary in every key and FK,Authorised business role,CONFIDENTIAL_PROPOSED,Approved policy required DEC-NPA-009; no duration selected,02-FSD.md; 03-HLD.md; 04-LLD.md; DEC-NPA-009,FR-NPA-009,tenant id
DD-NPA-180,PROPOSED_R2,LearningAssignment,object_id,uuid,Yes,No,Server controlled logical record identifier,Authorised business role,CONFIDENTIAL_PROPOSED,Approved policy required DEC-NPA-009; no duration selected,02-FSD.md; 03-HLD.md; 04-LLD.md; DEC-NPA-009,FR-NPA-009,object id
DD-NPA-181,PROPOSED_R2,LearningAssignment,revision_id,uuid,Yes,No,Server controlled immutable revision selector,Authorised business role,CONFIDENTIAL_PROPOSED,Approved policy required DEC-NPA-009; no duration selected,02-FSD.md; 03-HLD.md; 04-LLD.md; DEC-NPA-009,FR-NPA-009,revision id
DD-NPA-182,PROPOSED_R2,LearningAssignment,state,enum,Yes,No,Only authorised reviewed transitions; vocabulary in FSD,Authorised business role,CONFIDENTIAL_PROPOSED,Approved policy required DEC-NPA-009; no duration selected,02-FSD.md; 03-HLD.md; 04-LLD.md; DEC-NPA-009,FR-NPA-009,state
DD-NPA-183,PROPOSED_R2,LearningAssignment,programme_revision,uuid,Yes,No,Pinned approved programme revision,Authorised business role,CONFIDENTIAL_PROPOSED,Approved policy required DEC-NPA-009; no duration selected,02-FSD.md; 03-HLD.md; 04-LLD.md; DEC-NPA-009,FR-NPA-009,programme revision
DD-NPA-184,PROPOSED_R2,LearningAssignment,learner_id,uuid,Yes,No,Permitted tenant learner; personal scope,Authorised business role,CONFIDENTIAL_PROPOSED,Approved policy required DEC-NPA-009; no duration selected,02-FSD.md; 03-HLD.md; 04-LLD.md; DEC-NPA-009,FR-NPA-009,learner id
DD-NPA-185,PROPOSED_R2,LearningAssignment,due_at,timestamptz,No,Yes,Optional approved schedule,Authorised business role,CONFIDENTIAL_PROPOSED,Approved policy required DEC-NPA-009; no duration selected,02-FSD.md; 03-HLD.md; 04-LLD.md; DEC-NPA-009,FR-NPA-009,due at
DD-NPA-186,PROPOSED_R2,LearningAssignment,cohort_revision,uuid,No,Yes,Pinned scoped Cohort revision,Authorised business role,CONFIDENTIAL_PROPOSED,Approved policy required DEC-NPA-009; no duration selected,02-FSD.md; 03-HLD.md; 04-LLD.md; DEC-NPA-009,FR-NPA-009,cohort revision
DD-NPA-187,PROPOSED_R2,LearningAssignment,progress_evidence,array of versioned refs,No,Yes,Self-report kept separate from assessment,Authorised business role,CONFIDENTIAL_PROPOSED,Approved policy required DEC-NPA-009; no duration selected,02-FSD.md; 03-HLD.md; 04-LLD.md; DEC-NPA-009,FR-NPA-009,progress evidence
DD-NPA-188,PROPOSED_R2,CompetencyAssessment,tenant_id,uuid,Yes,No,Mandatory tenant boundary in every key and FK,Authorised business role,CONFIDENTIAL_PROPOSED,Approved policy required DEC-NPA-009; no duration selected,02-FSD.md; 03-HLD.md; 04-LLD.md; DEC-NPA-009,FR-NPA-008,tenant id
DD-NPA-189,PROPOSED_R2,CompetencyAssessment,object_id,uuid,Yes,No,Server controlled logical record identifier,Authorised business role,CONFIDENTIAL_PROPOSED,Approved policy required DEC-NPA-009; no duration selected,02-FSD.md; 03-HLD.md; 04-LLD.md; DEC-NPA-009,FR-NPA-008,object id
DD-NPA-190,PROPOSED_R2,CompetencyAssessment,revision_id,uuid,Yes,No,Server controlled immutable revision selector,Authorised business role,CONFIDENTIAL_PROPOSED,Approved policy required DEC-NPA-009; no duration selected,02-FSD.md; 03-HLD.md; 04-LLD.md; DEC-NPA-009,FR-NPA-008,revision id
DD-NPA-191,PROPOSED_R2,CompetencyAssessment,state,enum,Yes,No,Only authorised reviewed transitions; vocabulary in FSD,Authorised business role,CONFIDENTIAL_PROPOSED,Approved policy required DEC-NPA-009; no duration selected,02-FSD.md; 03-HLD.md; 04-LLD.md; DEC-NPA-009,FR-NPA-008,state
DD-NPA-192,PROPOSED_R2,CompetencyAssessment,assignment_revision,uuid,Yes,No,Exact learning assignment,Authorised business role,CONFIDENTIAL_PROPOSED,Approved policy required DEC-NPA-009; no duration selected,02-FSD.md; 03-HLD.md; 04-LLD.md; DEC-NPA-009,FR-NPA-008,assignment revision
DD-NPA-193,PROPOSED_R2,CompetencyAssessment,rubric_version,versioned reference,Yes,No,Owner standard DEC-NPA-008 unresolved,Authorised business role,CONFIDENTIAL_PROPOSED,Approved policy required DEC-NPA-009; no duration selected,02-FSD.md; 03-HLD.md; 04-LLD.md; DEC-NPA-009,FR-NPA-008,rubric version
DD-NPA-194,PROPOSED_R2,CompetencyAssessment,evidence_revision_ids,array of uuid,Yes,No,Restricted clean evidence only; exact versions,Authorised business role,CONFIDENTIAL_PROPOSED,Approved policy required DEC-NPA-009; no duration selected,02-FSD.md; 03-HLD.md; 04-LLD.md; DEC-NPA-009,FR-NPA-008,evidence revision ids
DD-NPA-195,PROPOSED_R2,CompetencyAssessment,assessor_id,uuid,No,Yes,Authorised natural person; independence policy explicit,Authorised business role,CONFIDENTIAL_PROPOSED,Approved policy required DEC-NPA-009; no duration selected,02-FSD.md; 03-HLD.md; 04-LLD.md; DEC-NPA-009,FR-NPA-008,assessor id
DD-NPA-196,PROPOSED_R2,CompetencyAssessment,decision,enum,No,Yes,Not completion flag; assessed decision per rubric,Authorised business role,CONFIDENTIAL_PROPOSED,Approved policy required DEC-NPA-009; no duration selected,02-FSD.md; 03-HLD.md; 04-LLD.md; DEC-NPA-009,FR-NPA-008,decision
DD-NPA-197,PROPOSED_R2,CompetencyAssessment,remediation,bounded string,No,Yes,Proposed maximum2000 chars,Authorised business role,CONFIDENTIAL_PROPOSED,Approved policy required DEC-NPA-009; no duration selected,02-FSD.md; 03-HLD.md; 04-LLD.md; DEC-NPA-009,FR-NPA-008,remediation
DD-NPA-198,PROPOSED_R2,HumanAdvisoryCase,tenant_id,uuid,Yes,No,Mandatory tenant boundary in every key and FK,Authorised business role,CONFIDENTIAL_PROPOSED,Approved policy required DEC-NPA-009; no duration selected,02-FSD.md; 03-HLD.md; 04-LLD.md; DEC-NPA-009,FR-NPA-011,tenant id
DD-NPA-199,PROPOSED_R2,HumanAdvisoryCase,object_id,uuid,Yes,No,Server controlled logical record identifier,Authorised business role,CONFIDENTIAL_PROPOSED,Approved policy required DEC-NPA-009; no duration selected,02-FSD.md; 03-HLD.md; 04-LLD.md; DEC-NPA-009,FR-NPA-011,object id
DD-NPA-200,PROPOSED_R2,HumanAdvisoryCase,revision_id,uuid,Yes,No,Server controlled immutable revision selector,Authorised business role,CONFIDENTIAL_PROPOSED,Approved policy required DEC-NPA-009; no duration selected,02-FSD.md; 03-HLD.md; 04-LLD.md; DEC-NPA-009,FR-NPA-011,revision id
DD-NPA-201,PROPOSED_R2,HumanAdvisoryCase,state,enum,Yes,No,Only authorised reviewed transitions; vocabulary in FSD,Authorised business role,CONFIDENTIAL_PROPOSED,Approved policy required DEC-NPA-009; no duration selected,02-FSD.md; 03-HLD.md; 04-LLD.md; DEC-NPA-009,FR-NPA-011,state
DD-NPA-202,PROPOSED_R2,HumanAdvisoryCase,scope,bounded string,Yes,No,Proposed maximum2000 chars; agreed purpose,Authorised business role,CONFIDENTIAL_PROPOSED,Approved policy required DEC-NPA-009; no duration selected,02-FSD.md; 03-HLD.md; 04-LLD.md; DEC-NPA-009,FR-NPA-011,scope
DD-NPA-203,PROPOSED_R2,HumanAdvisoryCase,adviser_id,uuid,No,Yes,Assigned authorised adviser,Authorised business role,CONFIDENTIAL_PROPOSED,Approved policy required DEC-NPA-009; no duration selected,02-FSD.md; 03-HLD.md; 04-LLD.md; DEC-NPA-009,FR-NPA-011,adviser id
DD-NPA-204,PROPOSED_R2,HumanAdvisoryCase,conflict_declaration_revision,uuid,No,Yes,Exact declaration; DEC-NPA-006,Authorised business role,CONFIDENTIAL_PROPOSED,Approved policy required DEC-NPA-009; no duration selected,02-FSD.md; 03-HLD.md; 04-LLD.md; DEC-NPA-009,FR-NPA-011,conflict declaration revision
DD-NPA-205,PROPOSED_R2,HumanAdvisoryCase,sharing_boundary,versioned policy reference,Yes,No,Named allowed recipients and data fields,Authorised business role,CONFIDENTIAL_PROPOSED,Approved policy required DEC-NPA-009; no duration selected,02-FSD.md; 03-HLD.md; 04-LLD.md; DEC-NPA-009,FR-NPA-011,sharing boundary
DD-NPA-206,PROPOSED_R2,HumanAdvisoryCase,actions,array of versioned refs,No,Yes,Advice/actions remain recommendations,Authorised business role,CONFIDENTIAL_PROPOSED,Approved policy required DEC-NPA-009; no duration selected,02-FSD.md; 03-HLD.md; 04-LLD.md; DEC-NPA-009,FR-NPA-011,actions
DD-NPA-207,PROPOSED_R2,HumanAdvisoryCase,closure_reason,bounded string,No,Yes,Proposed maximum1000 chars; organisation decision,Authorised business role,CONFIDENTIAL_PROPOSED,Approved policy required DEC-NPA-009; no duration selected,02-FSD.md; 03-HLD.md; 04-LLD.md; DEC-NPA-009,FR-NPA-011,closure reason
DD-NPA-208,PROPOSED_R2,TaskTemplate,tenant_id,uuid,Yes,No,Mandatory tenant boundary in every key and FK,Authorised business role,CONFIDENTIAL_PROPOSED,Approved policy required DEC-NPA-009; no duration selected,02-FSD.md; 03-HLD.md; 04-LLD.md; DEC-NPA-009,FR-NPA-012,tenant id
DD-NPA-209,PROPOSED_R2,TaskTemplate,object_id,uuid,Yes,No,Server controlled logical record identifier,Authorised business role,CONFIDENTIAL_PROPOSED,Approved policy required DEC-NPA-009; no duration selected,02-FSD.md; 03-HLD.md; 04-LLD.md; DEC-NPA-009,FR-NPA-012,object id
DD-NPA-210,PROPOSED_R2,TaskTemplate,revision_id,uuid,Yes,No,Server controlled immutable revision selector,Authorised business role,CONFIDENTIAL_PROPOSED,Approved policy required DEC-NPA-009; no duration selected,02-FSD.md; 03-HLD.md; 04-LLD.md; DEC-NPA-009,FR-NPA-012,revision id
DD-NPA-211,PROPOSED_R2,TaskTemplate,state,enum,Yes,No,Only authorised reviewed transitions; vocabulary in FSD,Authorised business role,CONFIDENTIAL_PROPOSED,Approved policy required DEC-NPA-009; no duration selected,02-FSD.md; 03-HLD.md; 04-LLD.md; DEC-NPA-009,FR-NPA-012,state
DD-NPA-212,PROPOSED_R2,TaskTemplate,purpose,bounded string,Yes,No,Proposed maximum1000 chars,Authorised business role,CONFIDENTIAL_PROPOSED,Approved policy required DEC-NPA-009; no duration selected,02-FSD.md; 03-HLD.md; 04-LLD.md; DEC-NPA-009,FR-NPA-012,purpose
DD-NPA-213,PROPOSED_R2,TaskTemplate,input_schema_version,versioned reference,Yes,No,Closed approved fields; no arbitrary platform retrieval,Authorised business role,CONFIDENTIAL_PROPOSED,Approved policy required DEC-NPA-009; no duration selected,02-FSD.md; 03-HLD.md; 04-LLD.md; DEC-NPA-009,FR-NPA-012,input schema version
DD-NPA-214,PROPOSED_R2,TaskTemplate,output_checks,array of bounded strings,Yes,No,Factual evidence privacy and human reviewer,Authorised business role,CONFIDENTIAL_PROPOSED,Approved policy required DEC-NPA-009; no duration selected,02-FSD.md; 03-HLD.md; 04-LLD.md; DEC-NPA-009,FR-NPA-012,output checks
DD-NPA-215,PROPOSED_R2,TaskTemplate,review_owner_id,uuid,Yes,No,Accountable authorised person,Authorised business role,CONFIDENTIAL_PROPOSED,Approved policy required DEC-NPA-009; no duration selected,02-FSD.md; 03-HLD.md; 04-LLD.md; DEC-NPA-009,FR-NPA-012,review owner id
DD-NPA-216,PROPOSED_R2,TaskTemplate,allowed_data_policy,versioned reference,Yes,No,DEC-NPA-003 boundary,Authorised business role,CONFIDENTIAL_PROPOSED,Approved policy required DEC-NPA-009; no duration selected,02-FSD.md; 03-HLD.md; 04-LLD.md; DEC-NPA-009,FR-NPA-012,allowed data policy
DD-NPA-217,PROPOSED_R2,TaskRun,tenant_id,uuid,Yes,No,Mandatory tenant boundary in every key and FK,Authorised business role,CONFIDENTIAL_PROPOSED,Approved policy required DEC-NPA-009; no duration selected,02-FSD.md; 03-HLD.md; 04-LLD.md; DEC-NPA-009,FR-NPA-012; FR-NPA-023,tenant id
DD-NPA-218,PROPOSED_R2,TaskRun,object_id,uuid,Yes,No,Server controlled logical record identifier,Authorised business role,CONFIDENTIAL_PROPOSED,Approved policy required DEC-NPA-009; no duration selected,02-FSD.md; 03-HLD.md; 04-LLD.md; DEC-NPA-009,FR-NPA-012; FR-NPA-023,object id
DD-NPA-219,PROPOSED_R2,TaskRun,revision_id,uuid,Yes,No,Server controlled immutable revision selector,Authorised business role,CONFIDENTIAL_PROPOSED,Approved policy required DEC-NPA-009; no duration selected,02-FSD.md; 03-HLD.md; 04-LLD.md; DEC-NPA-009,FR-NPA-012; FR-NPA-023,revision id
DD-NPA-220,PROPOSED_R2,TaskRun,state,enum,Yes,No,Only authorised reviewed transitions; vocabulary in FSD,Authorised business role,CONFIDENTIAL_PROPOSED,Approved policy required DEC-NPA-009; no duration selected,02-FSD.md; 03-HLD.md; 04-LLD.md; DEC-NPA-009,FR-NPA-012; FR-NPA-023,state
DD-NPA-221,PROPOSED_R2,TaskRun,template_revision,uuid,Yes,No,Pinned approved template,Authorised business role,CONFIDENTIAL_PROPOSED,Approved policy required DEC-NPA-009; no duration selected,02-FSD.md; 03-HLD.md; 04-LLD.md; DEC-NPA-009,FR-NPA-012; FR-NPA-023,template revision
DD-NPA-222,PROPOSED_R2,TaskRun,consent_reference,uuid,Yes,No,Action input-specific disclosure evidence,Authorised business role,CONFIDENTIAL_PROPOSED,Approved policy required DEC-NPA-009; no duration selected,02-FSD.md; 03-HLD.md; 04-LLD.md; DEC-NPA-009,FR-NPA-012; FR-NPA-023,consent reference
DD-NPA-223,PROPOSED_R2,TaskRun,budget_reservation_id,uuid,Yes,No,Reserve before provider call,Authorised business role,CONFIDENTIAL_PROPOSED,Approved policy required DEC-NPA-009; no duration selected,02-FSD.md; 03-HLD.md; 04-LLD.md; DEC-NPA-009,FR-NPA-012; FR-NPA-023,budget reservation id
DD-NPA-224,PROPOSED_R2,TaskRun,sealed_draft,sealed bytes,No,Yes,Draft output encrypted; never official result,Authorised business role,CONFIDENTIAL_PROPOSED,Approved policy required DEC-NPA-009; no duration selected,02-FSD.md; 03-HLD.md; 04-LLD.md; DEC-NPA-009,FR-NPA-012; FR-NPA-023,sealed draft
DD-NPA-225,PROPOSED_R2,TaskRun,review_decision_revision,uuid,No,Yes,Separate human decision when required,Authorised business role,CONFIDENTIAL_PROPOSED,Approved policy required DEC-NPA-009; no duration selected,02-FSD.md; 03-HLD.md; 04-LLD.md; DEC-NPA-009,FR-NPA-012; FR-NPA-023,review decision revision
DD-NPA-226,PROPOSED_R2,ProcurementRequest,tenant_id,uuid,Yes,No,Mandatory tenant boundary in every key and FK,Authorised business role,CONFIDENTIAL_PROPOSED,Approved policy required DEC-NPA-009; no duration selected,02-FSD.md; 03-HLD.md; 04-LLD.md; DEC-NPA-009,FR-NPA-014,tenant id
DD-NPA-227,PROPOSED_R2,ProcurementRequest,object_id,uuid,Yes,No,Server controlled logical record identifier,Authorised business role,CONFIDENTIAL_PROPOSED,Approved policy required DEC-NPA-009; no duration selected,02-FSD.md; 03-HLD.md; 04-LLD.md; DEC-NPA-009,FR-NPA-014,object id
DD-NPA-228,PROPOSED_R2,ProcurementRequest,revision_id,uuid,Yes,No,Server controlled immutable revision selector,Authorised business role,CONFIDENTIAL_PROPOSED,Approved policy required DEC-NPA-009; no duration selected,02-FSD.md; 03-HLD.md; 04-LLD.md; DEC-NPA-009,FR-NPA-014,revision id
DD-NPA-229,PROPOSED_R2,ProcurementRequest,state,enum,Yes,No,Only authorised reviewed transitions; vocabulary in FSD,Authorised business role,CONFIDENTIAL_PROPOSED,Approved policy required DEC-NPA-009; no duration selected,02-FSD.md; 03-HLD.md; 04-LLD.md; DEC-NPA-009,FR-NPA-014,state
DD-NPA-230,PROPOSED_R2,ProcurementRequest,brief_revision,uuid,Yes,No,Exact reviewed brief snapshot,Authorised business role,CONFIDENTIAL_PROPOSED,Approved policy required DEC-NPA-009; no duration selected,02-FSD.md; 03-HLD.md; 04-LLD.md; DEC-NPA-009,FR-NPA-014,brief revision
DD-NPA-231,PROPOSED_R2,ProcurementRequest,recipient_ids,array of uuid,Yes,No,Named authorised suppliers; independent disclosure review,Authorised business role,CONFIDENTIAL_PROPOSED,Approved policy required DEC-NPA-009; no duration selected,02-FSD.md; 03-HLD.md; 04-LLD.md; DEC-NPA-009,FR-NPA-014,recipient ids
DD-NPA-232,PROPOSED_R2,ProcurementRequest,disclosure_decision_revision,uuid,No,Yes,Approves exact recipient/content audience,Authorised business role,CONFIDENTIAL_PROPOSED,Approved policy required DEC-NPA-009; no duration selected,02-FSD.md; 03-HLD.md; 04-LLD.md; DEC-NPA-009,FR-NPA-014,disclosure decision revision
DD-NPA-233,PROPOSED_R2,ProcurementRequest,valid_until,timestamptz,Yes,No,Date defined in procurement policy DEC-NPA-007,Authorised business role,CONFIDENTIAL_PROPOSED,Approved policy required DEC-NPA-009; no duration selected,02-FSD.md; 03-HLD.md; 04-LLD.md; DEC-NPA-009,FR-NPA-014,valid until
DD-NPA-234,PROPOSED_R2,ProcurementRequest,delivery_evidence,array of references,No,Yes,Outbox intent does not prove received,Authorised business role,CONFIDENTIAL_PROPOSED,Approved policy required DEC-NPA-009; no duration selected,02-FSD.md; 03-HLD.md; 04-LLD.md; DEC-NPA-009,FR-NPA-014,delivery evidence
DD-NPA-235,PROPOSED_R2,SupplierQuote,tenant_id,uuid,Yes,No,Mandatory tenant boundary in every key and FK,Authorised business role,CONFIDENTIAL_PROPOSED,Approved policy required DEC-NPA-009; no duration selected,02-FSD.md; 03-HLD.md; 04-LLD.md; DEC-NPA-009,FR-NPA-014; FR-NPA-015,tenant id
DD-NPA-236,PROPOSED_R2,SupplierQuote,object_id,uuid,Yes,No,Server controlled logical record identifier,Authorised business role,CONFIDENTIAL_PROPOSED,Approved policy required DEC-NPA-009; no duration selected,02-FSD.md; 03-HLD.md; 04-LLD.md; DEC-NPA-009,FR-NPA-014; FR-NPA-015,object id
DD-NPA-237,PROPOSED_R2,SupplierQuote,revision_id,uuid,Yes,No,Server controlled immutable revision selector,Authorised business role,CONFIDENTIAL_PROPOSED,Approved policy required DEC-NPA-009; no duration selected,02-FSD.md; 03-HLD.md; 04-LLD.md; DEC-NPA-009,FR-NPA-014; FR-NPA-015,revision id
DD-NPA-238,PROPOSED_R2,SupplierQuote,state,enum,Yes,No,Only authorised reviewed transitions; vocabulary in FSD,Authorised business role,CONFIDENTIAL_PROPOSED,Approved policy required DEC-NPA-009; no duration selected,02-FSD.md; 03-HLD.md; 04-LLD.md; DEC-NPA-009,FR-NPA-014; FR-NPA-015,state
DD-NPA-239,PROPOSED_R2,SupplierQuote,request_revision,uuid,Yes,No,Pinned versioned brief,Authorised business role,CONFIDENTIAL_PROPOSED,Approved policy required DEC-NPA-009; no duration selected,02-FSD.md; 03-HLD.md; 04-LLD.md; DEC-NPA-009,FR-NPA-014; FR-NPA-015,request revision
DD-NPA-240,PROPOSED_R2,SupplierQuote,supplier_id,uuid,Yes,No,Identified supplier entity,Authorised business role,CONFIDENTIAL_PROPOSED,Approved policy required DEC-NPA-009; no duration selected,02-FSD.md; 03-HLD.md; 04-LLD.md; DEC-NPA-009,FR-NPA-014; FR-NPA-015,supplier id
DD-NPA-241,PROPOSED_R2,SupplierQuote,currency,ISO currency code,Yes,No,Validated permitted currency; no implicit FX,Authorised business role,CONFIDENTIAL_PROPOSED,Approved policy required DEC-NPA-009; no duration selected,02-FSD.md; 03-HLD.md; 04-LLD.md; DEC-NPA-009,FR-NPA-014; FR-NPA-015,currency
DD-NPA-242,PROPOSED_R2,SupplierQuote,valid_until,timestamptz,Yes,No,Supplier written validity,Authorised business role,CONFIDENTIAL_PROPOSED,Approved policy required DEC-NPA-009; no duration selected,02-FSD.md; 03-HLD.md; 04-LLD.md; DEC-NPA-009,FR-NPA-014; FR-NPA-015,valid until
DD-NPA-243,PROPOSED_R2,SupplierQuote,cost_lines,array of CostLine,Yes,No,Setup recurring usage training review support exit; unknown staysnull,Authorised business role,CONFIDENTIAL_PROPOSED,Approved policy required DEC-NPA-009; no duration selected,02-FSD.md; 03-HLD.md; 04-LLD.md; DEC-NPA-009,FR-NPA-014; FR-NPA-015,cost lines
DD-NPA-244,PROPOSED_R2,SupplierQuote,inclusions,bounded string,Yes,No,Proposed maximum2000 chars,Authorised business role,CONFIDENTIAL_PROPOSED,Approved policy required DEC-NPA-009; no duration selected,02-FSD.md; 03-HLD.md; 04-LLD.md; DEC-NPA-009,FR-NPA-014; FR-NPA-015,inclusions
DD-NPA-245,PROPOSED_R2,SupplierQuote,exclusions,bounded string,Yes,No,Proposed maximum2000 chars,Authorised business role,CONFIDENTIAL_PROPOSED,Approved policy required DEC-NPA-009; no duration selected,02-FSD.md; 03-HLD.md; 04-LLD.md; DEC-NPA-009,FR-NPA-014; FR-NPA-015,exclusions
DD-NPA-246,PROPOSED_R2,SupplierQuote,evidence_revision_ids,array of uuid,Yes,No,Attributed exact supporting terms,Authorised business role,CONFIDENTIAL_PROPOSED,Approved policy required DEC-NPA-009; no duration selected,02-FSD.md; 03-HLD.md; 04-LLD.md; DEC-NPA-009,FR-NPA-014; FR-NPA-015,evidence revision ids
DD-NPA-247,PROPOSED_R2,CostComparison,tenant_id,uuid,Yes,No,Mandatory tenant boundary in every key and FK,Authorised business role,CONFIDENTIAL_PROPOSED,Approved policy required DEC-NPA-009; no duration selected,02-FSD.md; 03-HLD.md; 04-LLD.md; DEC-NPA-009,FR-NPA-015,tenant id
DD-NPA-248,PROPOSED_R2,CostComparison,object_id,uuid,Yes,No,Server controlled logical record identifier,Authorised business role,CONFIDENTIAL_PROPOSED,Approved policy required DEC-NPA-009; no duration selected,02-FSD.md; 03-HLD.md; 04-LLD.md; DEC-NPA-009,FR-NPA-015,object id
DD-NPA-249,PROPOSED_R2,CostComparison,revision_id,uuid,Yes,No,Server controlled immutable revision selector,Authorised business role,CONFIDENTIAL_PROPOSED,Approved policy required DEC-NPA-009; no duration selected,02-FSD.md; 03-HLD.md; 04-LLD.md; DEC-NPA-009,FR-NPA-015,revision id
DD-NPA-250,PROPOSED_R2,CostComparison,state,enum,Yes,No,Only authorised reviewed transitions; vocabulary in FSD,Authorised business role,CONFIDENTIAL_PROPOSED,Approved policy required DEC-NPA-009; no duration selected,02-FSD.md; 03-HLD.md; 04-LLD.md; DEC-NPA-009,FR-NPA-015,state
DD-NPA-251,PROPOSED_R2,CostComparison,quote_revisions,array of uuid,Yes,No,Exact selected comparable quotes,Authorised business role,CONFIDENTIAL_PROPOSED,Approved policy required DEC-NPA-009; no duration selected,02-FSD.md; 03-HLD.md; 04-LLD.md; DEC-NPA-009,FR-NPA-015,quote revisions
DD-NPA-252,PROPOSED_R2,CostComparison,period,bounded string,Yes,No,Proposed maximum100 chars; explicit period,Authorised business role,CONFIDENTIAL_PROPOSED,Approved policy required DEC-NPA-009; no duration selected,02-FSD.md; 03-HLD.md; 04-LLD.md; DEC-NPA-009,FR-NPA-015,period
DD-NPA-253,PROPOSED_R2,CostComparison,assumptions,bounded string,Yes,No,Proposed maximum2000 chars,Authorised business role,CONFIDENTIAL_PROPOSED,Approved policy required DEC-NPA-009; no duration selected,02-FSD.md; 03-HLD.md; 04-LLD.md; DEC-NPA-009,FR-NPA-015,assumptions
DD-NPA-254,PROPOSED_R2,CostComparison,totals,array of decimal string or null,Yes,No,Deterministic NUMERIC semantics; null if incomplete or currency mismatch,Authorised business role,CONFIDENTIAL_PROPOSED,Approved policy required DEC-NPA-009; no duration selected,02-FSD.md; 03-HLD.md; 04-LLD.md; DEC-NPA-009,FR-NPA-015,totals
DD-NPA-255,PROPOSED_R2,CostComparison,completeness,enum,Yes,No,COMPLETE INCOMPLETE NOT_COMPARABLE,Authorised business role,CONFIDENTIAL_PROPOSED,Approved policy required DEC-NPA-009; no duration selected,02-FSD.md; 03-HLD.md; 04-LLD.md; DEC-NPA-009,FR-NPA-015,completeness
DD-NPA-256,PROPOSED_R2,ProcurementDecision,tenant_id,uuid,Yes,No,Mandatory tenant boundary in every key and FK,Authorised business role,CONFIDENTIAL_PROPOSED,Approved policy required DEC-NPA-009; no duration selected,02-FSD.md; 03-HLD.md; 04-LLD.md; DEC-NPA-009,FR-NPA-016; FR-NPA-035,tenant id
DD-NPA-257,PROPOSED_R2,ProcurementDecision,object_id,uuid,Yes,No,Server controlled logical record identifier,Authorised business role,CONFIDENTIAL_PROPOSED,Approved policy required DEC-NPA-009; no duration selected,02-FSD.md; 03-HLD.md; 04-LLD.md; DEC-NPA-009,FR-NPA-016; FR-NPA-035,object id
DD-NPA-258,PROPOSED_R2,ProcurementDecision,revision_id,uuid,Yes,No,Server controlled immutable revision selector,Authorised business role,CONFIDENTIAL_PROPOSED,Approved policy required DEC-NPA-009; no duration selected,02-FSD.md; 03-HLD.md; 04-LLD.md; DEC-NPA-009,FR-NPA-016; FR-NPA-035,revision id
DD-NPA-259,PROPOSED_R2,ProcurementDecision,state,enum,Yes,No,Only authorised reviewed transitions; vocabulary in FSD,Authorised business role,CONFIDENTIAL_PROPOSED,Approved policy required DEC-NPA-009; no duration selected,02-FSD.md; 03-HLD.md; 04-LLD.md; DEC-NPA-009,FR-NPA-016; FR-NPA-035,state
DD-NPA-260,PROPOSED_R2,ProcurementDecision,requester_natural_identity_id,uuid,Yes,No,Captured authorship lineage; server resolves,Authorised business role,CONFIDENTIAL_PROPOSED,Approved policy required DEC-NPA-009; no duration selected,02-FSD.md; 03-HLD.md; 04-LLD.md; DEC-NPA-009,FR-NPA-016; FR-NPA-035,requester natural identity id
DD-NPA-261,PROPOSED_R2,ProcurementDecision,candidate_revision_ids,array of uuid,Yes,No,Exact quotes comparison disclosure and scope,Authorised business role,CONFIDENTIAL_PROPOSED,Approved policy required DEC-NPA-009; no duration selected,02-FSD.md; 03-HLD.md; 04-LLD.md; DEC-NPA-009,FR-NPA-016; FR-NPA-035,candidate revision ids
DD-NPA-262,PROPOSED_R2,ProcurementDecision,approver_natural_identity_id,uuid,No,Yes,Independent currently authorised person,Authorised business role,CONFIDENTIAL_PROPOSED,Approved policy required DEC-NPA-009; no duration selected,02-FSD.md; 03-HLD.md; 04-LLD.md; DEC-NPA-009,FR-NPA-016; FR-NPA-035,approver natural identity id
DD-NPA-263,PROPOSED_R2,ProcurementDecision,decision,enum,No,Yes,Approve return reject under DEC-NPA-007,Authorised business role,CONFIDENTIAL_PROPOSED,Approved policy required DEC-NPA-009; no duration selected,02-FSD.md; 03-HLD.md; 04-LLD.md; DEC-NPA-009,FR-NPA-016; FR-NPA-035,decision
DD-NPA-264,PROPOSED_R2,ProcurementDecision,reason,bounded string,No,Yes,Proposed maximum2000 chars,Authorised business role,CONFIDENTIAL_PROPOSED,Approved policy required DEC-NPA-009; no duration selected,02-FSD.md; 03-HLD.md; 04-LLD.md; DEC-NPA-009,FR-NPA-016; FR-NPA-035,reason
DD-NPA-265,PROPOSED_R2,ProcurementDecision,conflict_declarations,array of versioned refs,Yes,No,Required impartiality evidence,Authorised business role,CONFIDENTIAL_PROPOSED,Approved policy required DEC-NPA-009; no duration selected,02-FSD.md; 03-HLD.md; 04-LLD.md; DEC-NPA-009,FR-NPA-016; FR-NPA-035,conflict declarations
DD-NPA-266,PROPOSED_R2,SupplierSubmission,tenant_id,uuid,Yes,No,Mandatory tenant boundary in every key and FK,Authorised business role,CONFIDENTIAL_PROPOSED,Approved policy required DEC-NPA-009; no duration selected,02-FSD.md; 03-HLD.md; 04-LLD.md; DEC-NPA-009,FR-NPA-017; FR-NPA-018,tenant id
DD-NPA-267,PROPOSED_R2,SupplierSubmission,object_id,uuid,Yes,No,Server controlled logical record identifier,Authorised business role,CONFIDENTIAL_PROPOSED,Approved policy required DEC-NPA-009; no duration selected,02-FSD.md; 03-HLD.md; 04-LLD.md; DEC-NPA-009,FR-NPA-017; FR-NPA-018,object id
DD-NPA-268,PROPOSED_R2,SupplierSubmission,revision_id,uuid,Yes,No,Server controlled immutable revision selector,Authorised business role,CONFIDENTIAL_PROPOSED,Approved policy required DEC-NPA-009; no duration selected,02-FSD.md; 03-HLD.md; 04-LLD.md; DEC-NPA-009,FR-NPA-017; FR-NPA-018,revision id
DD-NPA-269,PROPOSED_R2,SupplierSubmission,state,enum,Yes,No,Only authorised reviewed transitions; vocabulary in FSD,Authorised business role,CONFIDENTIAL_PROPOSED,Approved policy required DEC-NPA-009; no duration selected,02-FSD.md; 03-HLD.md; 04-LLD.md; DEC-NPA-009,FR-NPA-017; FR-NPA-018,state
DD-NPA-270,PROPOSED_R2,SupplierSubmission,supplier_name,bounded string,Yes,No,Proposed maximum150 chars; attributable business identity,Authorised business role,CONFIDENTIAL_PROPOSED,Approved policy required DEC-NPA-009; no duration selected,02-FSD.md; 03-HLD.md; 04-LLD.md; DEC-NPA-009,FR-NPA-017; FR-NPA-018,supplier name
DD-NPA-271,PROPOSED_R2,SupplierSubmission,claim_evidence,array of versioned refs,Yes,No,Private review evidence; clean uploads,Authorised business role,CONFIDENTIAL_PROPOSED,Approved policy required DEC-NPA-009; no duration selected,02-FSD.md; 03-HLD.md; 04-LLD.md; DEC-NPA-009,FR-NPA-017; FR-NPA-018,claim evidence
DD-NPA-272,PROPOSED_R2,SupplierSubmission,commercial_relationship,bounded string,Yes,No,Proposed maximum2000 chars; declare placement/advisory conflicts,Authorised business role,CONFIDENTIAL_PROPOSED,Approved policy required DEC-NPA-009; no duration selected,02-FSD.md; 03-HLD.md; 04-LLD.md; DEC-NPA-009,FR-NPA-017; FR-NPA-018,commercial relationship
DD-NPA-273,PROPOSED_R2,SupplierSubmission,reviewer_natural_identity_id,uuid,No,Yes,Different person from submitter,Authorised business role,CONFIDENTIAL_PROPOSED,Approved policy required DEC-NPA-009; no duration selected,02-FSD.md; 03-HLD.md; 04-LLD.md; DEC-NPA-009,FR-NPA-017; FR-NPA-018,reviewer natural identity id
DD-NPA-274,PROPOSED_R2,SupplierSubmission,verification_scope,bounded string,No,Yes,Proposed maximum2000 chars; no blanket certification,Authorised business role,CONFIDENTIAL_PROPOSED,Approved policy required DEC-NPA-009; no duration selected,02-FSD.md; 03-HLD.md; 04-LLD.md; DEC-NPA-009,FR-NPA-017; FR-NPA-018,verification scope
DD-NPA-275,PROPOSED_R2,PublishedSupplierSnapshot,tenant_id,uuid,Yes,No,Mandatory tenant boundary in every key and FK,Authorised business role,CONFIDENTIAL_PROPOSED,Approved policy required DEC-NPA-009; no duration selected,02-FSD.md; 03-HLD.md; 04-LLD.md; DEC-NPA-009,FR-NPA-017; FR-NPA-018; FR-NPA-031,tenant id
DD-NPA-276,PROPOSED_R2,PublishedSupplierSnapshot,object_id,uuid,Yes,No,Server controlled logical record identifier,Authorised business role,CONFIDENTIAL_PROPOSED,Approved policy required DEC-NPA-009; no duration selected,02-FSD.md; 03-HLD.md; 04-LLD.md; DEC-NPA-009,FR-NPA-017; FR-NPA-018; FR-NPA-031,object id
DD-NPA-277,PROPOSED_R2,PublishedSupplierSnapshot,revision_id,uuid,Yes,No,Server controlled immutable revision selector,Authorised business role,CONFIDENTIAL_PROPOSED,Approved policy required DEC-NPA-009; no duration selected,02-FSD.md; 03-HLD.md; 04-LLD.md; DEC-NPA-009,FR-NPA-017; FR-NPA-018; FR-NPA-031,revision id
DD-NPA-278,PROPOSED_R2,PublishedSupplierSnapshot,state,enum,Yes,No,Only authorised reviewed transitions; vocabulary in FSD,Authorised business role,CONFIDENTIAL_PROPOSED,Approved policy required DEC-NPA-009; no duration selected,02-FSD.md; 03-HLD.md; 04-LLD.md; DEC-NPA-009,FR-NPA-017; FR-NPA-018; FR-NPA-031,state
DD-NPA-279,PROPOSED_R2,PublishedSupplierSnapshot,approved_submission_revision,uuid,Yes,No,Exact independently reviewed source,Authorised business role,CONFIDENTIAL_PROPOSED,Approved policy required DEC-NPA-009; no duration selected,02-FSD.md; 03-HLD.md; 04-LLD.md; DEC-NPA-009,FR-NPA-017; FR-NPA-018; FR-NPA-031,approved submission revision
DD-NPA-280,PROPOSED_R2,PublishedSupplierSnapshot,public_fields,closed publication DTO,Yes,No,Minimised separately approved projection; no private evidence join,Authorised business role,CONFIDENTIAL_PROPOSED,Approved policy required DEC-NPA-009; no duration selected,02-FSD.md; 03-HLD.md; 04-LLD.md; DEC-NPA-009,FR-NPA-017; FR-NPA-018; FR-NPA-031,public fields
DD-NPA-281,PROPOSED_R2,PublishedSupplierSnapshot,verified_until,timestamptz,Yes,No,Review expiry policy DEC-NPA-005,Authorised business role,CONFIDENTIAL_PROPOSED,Approved policy required DEC-NPA-009; no duration selected,02-FSD.md; 03-HLD.md; 04-LLD.md; DEC-NPA-009,FR-NPA-017; FR-NPA-018; FR-NPA-031,verified until
DD-NPA-282,PROPOSED_R2,PublishedSupplierSnapshot,placement_basis,bounded string,Yes,No,Proposed maximum1000 chars; transparent relationship,Authorised business role,CONFIDENTIAL_PROPOSED,Approved policy required DEC-NPA-009; no duration selected,02-FSD.md; 03-HLD.md; 04-LLD.md; DEC-NPA-009,FR-NPA-017; FR-NPA-018; FR-NPA-031,placement basis
DD-NPA-283,PROPOSED_R2,Engagement,tenant_id,uuid,Yes,No,Mandatory tenant boundary in every key and FK,Authorised business role,CONFIDENTIAL_PROPOSED,Approved policy required DEC-NPA-009; no duration selected,02-FSD.md; 03-HLD.md; 04-LLD.md; DEC-NPA-009,FR-NPA-019,tenant id
DD-NPA-284,PROPOSED_R2,Engagement,object_id,uuid,Yes,No,Server controlled logical record identifier,Authorised business role,CONFIDENTIAL_PROPOSED,Approved policy required DEC-NPA-009; no duration selected,02-FSD.md; 03-HLD.md; 04-LLD.md; DEC-NPA-009,FR-NPA-019,object id
DD-NPA-285,PROPOSED_R2,Engagement,revision_id,uuid,Yes,No,Server controlled immutable revision selector,Authorised business role,CONFIDENTIAL_PROPOSED,Approved policy required DEC-NPA-009; no duration selected,02-FSD.md; 03-HLD.md; 04-LLD.md; DEC-NPA-009,FR-NPA-019,revision id
DD-NPA-286,PROPOSED_R2,Engagement,state,enum,Yes,No,Only authorised reviewed transitions; vocabulary in FSD,Authorised business role,CONFIDENTIAL_PROPOSED,Approved policy required DEC-NPA-009; no duration selected,02-FSD.md; 03-HLD.md; 04-LLD.md; DEC-NPA-009,FR-NPA-019,state
DD-NPA-287,PROPOSED_R2,Engagement,parties,array of entity references,Yes,No,Named organisation and supplier/adviser,Authorised business role,CONFIDENTIAL_PROPOSED,Approved policy required DEC-NPA-009; no duration selected,02-FSD.md; 03-HLD.md; 04-LLD.md; DEC-NPA-009,FR-NPA-019,parties
DD-NPA-288,PROPOSED_R2,Engagement,scope_revision,uuid,Yes,No,Exact agreed service scope,Authorised business role,CONFIDENTIAL_PROPOSED,Approved policy required DEC-NPA-009; no duration selected,02-FSD.md; 03-HLD.md; 04-LLD.md; DEC-NPA-009,FR-NPA-019,scope revision
DD-NPA-289,PROPOSED_R2,Engagement,terms_revision,uuid,Yes,No,Cancellation support ownership and exit terms,Authorised business role,CONFIDENTIAL_PROPOSED,Approved policy required DEC-NPA-009; no duration selected,02-FSD.md; 03-HLD.md; 04-LLD.md; DEC-NPA-009,FR-NPA-019,terms revision
DD-NPA-290,PROPOSED_R2,Engagement,milestone_ids,array of uuid,Yes,No,Versioned delivery evidence and independent acceptance,Authorised business role,CONFIDENTIAL_PROPOSED,Approved policy required DEC-NPA-009; no duration selected,02-FSD.md; 03-HLD.md; 04-LLD.md; DEC-NPA-009,FR-NPA-019,milestone ids
DD-NPA-291,PROPOSED_R2,Engagement,external_acceptance_evidence,array of refs,No,Yes,No assumed acceptance from invitation/outbox,Authorised business role,CONFIDENTIAL_PROPOSED,Approved policy required DEC-NPA-009; no duration selected,02-FSD.md; 03-HLD.md; 04-LLD.md; DEC-NPA-009,FR-NPA-019,external acceptance evidence
DD-NPA-292,PROPOSED_R2,DeliveryMilestone,tenant_id,uuid,Yes,No,Mandatory tenant boundary in every key and FK,Authorised business role,CONFIDENTIAL_PROPOSED,Approved policy required DEC-NPA-009; no duration selected,02-FSD.md; 03-HLD.md; 04-LLD.md; DEC-NPA-009,FR-NPA-021,tenant id
DD-NPA-293,PROPOSED_R2,DeliveryMilestone,object_id,uuid,Yes,No,Server controlled logical record identifier,Authorised business role,CONFIDENTIAL_PROPOSED,Approved policy required DEC-NPA-009; no duration selected,02-FSD.md; 03-HLD.md; 04-LLD.md; DEC-NPA-009,FR-NPA-021,object id
DD-NPA-294,PROPOSED_R2,DeliveryMilestone,revision_id,uuid,Yes,No,Server controlled immutable revision selector,Authorised business role,CONFIDENTIAL_PROPOSED,Approved policy required DEC-NPA-009; no duration selected,02-FSD.md; 03-HLD.md; 04-LLD.md; DEC-NPA-009,FR-NPA-021,revision id
DD-NPA-295,PROPOSED_R2,DeliveryMilestone,state,enum,Yes,No,Only authorised reviewed transitions; vocabulary in FSD,Authorised business role,CONFIDENTIAL_PROPOSED,Approved policy required DEC-NPA-009; no duration selected,02-FSD.md; 03-HLD.md; 04-LLD.md; DEC-NPA-009,FR-NPA-021,state
DD-NPA-296,PROPOSED_R2,DeliveryMilestone,engagement_revision,uuid,Yes,No,Exact agreed engagement or governed pilot,Authorised business role,CONFIDENTIAL_PROPOSED,Approved policy required DEC-NPA-009; no duration selected,02-FSD.md; 03-HLD.md; 04-LLD.md; DEC-NPA-009,FR-NPA-021,engagement revision
DD-NPA-297,PROPOSED_R2,DeliveryMilestone,acceptance_tests,array of versioned refs,Yes,No,Expected outcomes and refusal cases,Authorised business role,CONFIDENTIAL_PROPOSED,Approved policy required DEC-NPA-009; no duration selected,02-FSD.md; 03-HLD.md; 04-LLD.md; DEC-NPA-009,FR-NPA-021,acceptance tests
DD-NPA-298,PROPOSED_R2,DeliveryMilestone,delivery_evidence_revision_ids,array of uuid,No,Yes,Exact clean protected evidence,Authorised business role,CONFIDENTIAL_PROPOSED,Approved policy required DEC-NPA-009; no duration selected,02-FSD.md; 03-HLD.md; 04-LLD.md; DEC-NPA-009,FR-NPA-021,delivery evidence revision ids
DD-NPA-299,PROPOSED_R2,DeliveryMilestone,acceptor_natural_identity_id,uuid,No,Yes,Independent authorised acceptance person,Authorised business role,CONFIDENTIAL_PROPOSED,Approved policy required DEC-NPA-009; no duration selected,02-FSD.md; 03-HLD.md; 04-LLD.md; DEC-NPA-009,FR-NPA-021,acceptor natural identity id
DD-NPA-300,PROPOSED_R2,DeliveryMilestone,acceptance_decision_revision,uuid,No,Yes,Binds exact delivered version and tests,Authorised business role,CONFIDENTIAL_PROPOSED,Approved policy required DEC-NPA-009; no duration selected,02-FSD.md; 03-HLD.md; 04-LLD.md; DEC-NPA-009,FR-NPA-021,acceptance decision revision
DD-NPA-301,PROPOSED_R2,ConnectorBinding,tenant_id,uuid,Yes,No,Mandatory tenant boundary in every key and FK,Authorised business role,CONFIDENTIAL_PROPOSED,Approved policy required DEC-NPA-009; no duration selected,02-FSD.md; 03-HLD.md; 04-LLD.md; DEC-NPA-009,FR-NPA-022,tenant id
DD-NPA-302,PROPOSED_R2,ConnectorBinding,object_id,uuid,Yes,No,Server controlled logical record identifier,Authorised business role,CONFIDENTIAL_PROPOSED,Approved policy required DEC-NPA-009; no duration selected,02-FSD.md; 03-HLD.md; 04-LLD.md; DEC-NPA-009,FR-NPA-022,object id
DD-NPA-303,PROPOSED_R2,ConnectorBinding,revision_id,uuid,Yes,No,Server controlled immutable revision selector,Authorised business role,CONFIDENTIAL_PROPOSED,Approved policy required DEC-NPA-009; no duration selected,02-FSD.md; 03-HLD.md; 04-LLD.md; DEC-NPA-009,FR-NPA-022,revision id
DD-NPA-304,PROPOSED_R2,ConnectorBinding,state,enum,Yes,No,Only authorised reviewed transitions; vocabulary in FSD,Authorised business role,CONFIDENTIAL_PROPOSED,Approved policy required DEC-NPA-009; no duration selected,02-FSD.md; 03-HLD.md; 04-LLD.md; DEC-NPA-009,FR-NPA-022,state
DD-NPA-305,PROPOSED_R2,ConnectorBinding,provider_id,bounded identifier,Yes,No,Approved integration provider,Authorised business role,CONFIDENTIAL_PROPOSED,Approved policy required DEC-NPA-009; no duration selected,02-FSD.md; 03-HLD.md; 04-LLD.md; DEC-NPA-009,FR-NPA-022,provider id
DD-NPA-306,PROPOSED_R2,ConnectorBinding,allowed_scopes,array of strings,Yes,No,Least privilege reviewed scopes DEC-NPA-014,Authorised business role,CONFIDENTIAL_PROPOSED,Approved policy required DEC-NPA-009; no duration selected,02-FSD.md; 03-HLD.md; 04-LLD.md; DEC-NPA-009,FR-NPA-022,allowed scopes
DD-NPA-307,PROPOSED_R2,ConnectorBinding,credential_reference_id,uuid,Yes,No,Reference to server secret only; no secret in DTO,Authorised business role,CONFIDENTIAL_PROPOSED,Approved policy required DEC-NPA-009; no duration selected,02-FSD.md; 03-HLD.md; 04-LLD.md; DEC-NPA-009,FR-NPA-022,credential reference id
DD-NPA-308,PROPOSED_R2,ConnectorBinding,data_policy_revision,uuid,Yes,No,Reviewed permitted data and purpose,Authorised business role,CONFIDENTIAL_PROPOSED,Approved policy required DEC-NPA-009; no duration selected,02-FSD.md; 03-HLD.md; 04-LLD.md; DEC-NPA-009,FR-NPA-022,data policy revision
DD-NPA-309,PROPOSED_R2,ConnectorBinding,health_state,enum,Yes,No,Explicit available unavailable paused revoked,Authorised business role,CONFIDENTIAL_PROPOSED,Approved policy required DEC-NPA-009; no duration selected,02-FSD.md; 03-HLD.md; 04-LLD.md; DEC-NPA-009,FR-NPA-022,health state
DD-NPA-310,PROPOSED_R2,ConnectorBinding,revocation_evidence,versioned reference,No,Yes,Token/access revocation and verified outcome,Authorised business role,CONFIDENTIAL_PROPOSED,Approved policy required DEC-NPA-009; no duration selected,02-FSD.md; 03-HLD.md; 04-LLD.md; DEC-NPA-009,FR-NPA-022,revocation evidence
DD-NPA-311,PROPOSED_R2,AdoptionOutcome,tenant_id,uuid,Yes,No,Mandatory tenant boundary in every key and FK,Authorised business role,CONFIDENTIAL_PROPOSED,Approved policy required DEC-NPA-009; no duration selected,02-FSD.md; 03-HLD.md; 04-LLD.md; DEC-NPA-009,FR-NPA-024,tenant id
DD-NPA-312,PROPOSED_R2,AdoptionOutcome,object_id,uuid,Yes,No,Server controlled logical record identifier,Authorised business role,CONFIDENTIAL_PROPOSED,Approved policy required DEC-NPA-009; no duration selected,02-FSD.md; 03-HLD.md; 04-LLD.md; DEC-NPA-009,FR-NPA-024,object id
DD-NPA-313,PROPOSED_R2,AdoptionOutcome,revision_id,uuid,Yes,No,Server controlled immutable revision selector,Authorised business role,CONFIDENTIAL_PROPOSED,Approved policy required DEC-NPA-009; no duration selected,02-FSD.md; 03-HLD.md; 04-LLD.md; DEC-NPA-009,FR-NPA-024,revision id
DD-NPA-314,PROPOSED_R2,AdoptionOutcome,state,enum,Yes,No,Only authorised reviewed transitions; vocabulary in FSD,Authorised business role,CONFIDENTIAL_PROPOSED,Approved policy required DEC-NPA-009; no duration selected,02-FSD.md; 03-HLD.md; 04-LLD.md; DEC-NPA-009,FR-NPA-024,state
DD-NPA-315,PROPOSED_R2,AdoptionOutcome,pilot_revision,uuid,Yes,No,Exact evaluated scope,Authorised business role,CONFIDENTIAL_PROPOSED,Approved policy required DEC-NPA-009; no duration selected,02-FSD.md; 03-HLD.md; 04-LLD.md; DEC-NPA-009,FR-NPA-024,pilot revision
DD-NPA-316,PROPOSED_R2,AdoptionOutcome,baseline_revision,uuid,Yes,No,Equivalent pre-adoption tasks and context,Authorised business role,CONFIDENTIAL_PROPOSED,Approved policy required DEC-NPA-009; no duration selected,02-FSD.md; 03-HLD.md; 04-LLD.md; DEC-NPA-009,FR-NPA-024,baseline revision
DD-NPA-317,PROPOSED_R2,AdoptionOutcome,period_start,date,Yes,No,Explicit comparable interval,Authorised business role,CONFIDENTIAL_PROPOSED,Approved policy required DEC-NPA-009; no duration selected,02-FSD.md; 03-HLD.md; 04-LLD.md; DEC-NPA-009,FR-NPA-024,period start
DD-NPA-318,PROPOSED_R2,AdoptionOutcome,period_end,date,Yes,No,Must follow start,Authorised business role,CONFIDENTIAL_PROPOSED,Approved policy required DEC-NPA-009; no duration selected,02-FSD.md; 03-HLD.md; 04-LLD.md; DEC-NPA-009,FR-NPA-024,period end
DD-NPA-319,PROPOSED_R2,AdoptionOutcome,drafting_minutes,decimal string or null,No,Yes,Nonnegative measured; no invented missing value,Authorised business role,CONFIDENTIAL_PROPOSED,Approved policy required DEC-NPA-009; no duration selected,02-FSD.md; 03-HLD.md; 04-LLD.md; DEC-NPA-009,FR-NPA-024,drafting minutes
DD-NPA-320,PROPOSED_R2,AdoptionOutcome,review_minutes,decimal string or null,No,Yes,Include human effort and corrections,Authorised business role,CONFIDENTIAL_PROPOSED,Approved policy required DEC-NPA-009; no duration selected,02-FSD.md; 03-HLD.md; 04-LLD.md; DEC-NPA-009,FR-NPA-024,review minutes
DD-NPA-321,PROPOSED_R2,AdoptionOutcome,quality_evidence_revision_ids,array of uuid,Yes,No,Rubric results accessibility and uncertainty,Authorised business role,CONFIDENTIAL_PROPOSED,Approved policy required DEC-NPA-009; no duration selected,02-FSD.md; 03-HLD.md; 04-LLD.md; DEC-NPA-009,FR-NPA-024,quality evidence revision ids
DD-NPA-322,PROPOSED_R2,AdoptionOutcome,official_result_bindings,array of versioned refs,No,Yes,Only existing approved deterministic impact snapshots,Authorised business role,CONFIDENTIAL_PROPOSED,Approved policy required DEC-NPA-009; no duration selected,02-FSD.md; 03-HLD.md; 04-LLD.md; DEC-NPA-009,FR-NPA-024,official result bindings
DD-NPA-323,PROPOSED_R2,SupportCase,tenant_id,uuid,Yes,No,Mandatory tenant boundary in every key and FK,Authorised business role,CONFIDENTIAL_PROPOSED,Approved policy required DEC-NPA-009; no duration selected,02-FSD.md; 03-HLD.md; 04-LLD.md; DEC-NPA-009,FR-NPA-032,tenant id
DD-NPA-324,PROPOSED_R2,SupportCase,object_id,uuid,Yes,No,Server controlled logical record identifier,Authorised business role,CONFIDENTIAL_PROPOSED,Approved policy required DEC-NPA-009; no duration selected,02-FSD.md; 03-HLD.md; 04-LLD.md; DEC-NPA-009,FR-NPA-032,object id
DD-NPA-325,PROPOSED_R2,SupportCase,revision_id,uuid,Yes,No,Server controlled immutable revision selector,Authorised business role,CONFIDENTIAL_PROPOSED,Approved policy required DEC-NPA-009; no duration selected,02-FSD.md; 03-HLD.md; 04-LLD.md; DEC-NPA-009,FR-NPA-032,revision id
DD-NPA-326,PROPOSED_R2,SupportCase,state,enum,Yes,No,Only authorised reviewed transitions; vocabulary in FSD,Authorised business role,CONFIDENTIAL_PROPOSED,Approved policy required DEC-NPA-009; no duration selected,02-FSD.md; 03-HLD.md; 04-LLD.md; DEC-NPA-009,FR-NPA-032,state
DD-NPA-327,PROPOSED_R2,SupportCase,severity,enum,Yes,No,Owner incident taxonomy DEC-NPA-010,Authorised business role,CONFIDENTIAL_PROPOSED,Approved policy required DEC-NPA-009; no duration selected,02-FSD.md; 03-HLD.md; 04-LLD.md; DEC-NPA-009,FR-NPA-032,severity
DD-NPA-328,PROPOSED_R2,SupportCase,owner_id,uuid,Yes,No,Assigned accountable operator/adoption support role,Authorised business role,CONFIDENTIAL_PROPOSED,Approved policy required DEC-NPA-009; no duration selected,02-FSD.md; 03-HLD.md; 04-LLD.md; DEC-NPA-009,FR-NPA-032,owner id
DD-NPA-329,PROPOSED_R2,SupportCase,restricted_evidence,array of versioned refs,No,Yes,Minimised diagnostic evidence; no credentials,Authorised business role,CONFIDENTIAL_PROPOSED,Approved policy required DEC-NPA-009; no duration selected,02-FSD.md; 03-HLD.md; 04-LLD.md; DEC-NPA-009,FR-NPA-032,restricted evidence
DD-NPA-330,PROPOSED_R2,SupportCase,response_expectation,versioned reference,Yes,No,Approved service level DEC-NPA-010,Authorised business role,CONFIDENTIAL_PROPOSED,Approved policy required DEC-NPA-009; no duration selected,02-FSD.md; 03-HLD.md; 04-LLD.md; DEC-NPA-009,FR-NPA-032,response expectation
DD-NPA-331,PROPOSED_R2,SupportCase,pause_decision_revision,uuid,No,Yes,Can pause pilot/connector within authority,Authorised business role,CONFIDENTIAL_PROPOSED,Approved policy required DEC-NPA-009; no duration selected,02-FSD.md; 03-HLD.md; 04-LLD.md; DEC-NPA-009,FR-NPA-032,pause decision revision
DD-NPA-332,PROPOSED_R2,SupportCase,resume_decision_revision,uuid,No,Yes,Accountable reviewed recovery,Authorised business role,CONFIDENTIAL_PROPOSED,Approved policy required DEC-NPA-009; no duration selected,02-FSD.md; 03-HLD.md; 04-LLD.md; DEC-NPA-009,FR-NPA-032,resume decision revision
DD-NPA-333,PROPOSED_R2,FeedbackRecord,tenant_id,uuid,Yes,No,Mandatory tenant boundary in every key and FK,Authorised business role,CONFIDENTIAL_PROPOSED,Approved policy required DEC-NPA-009; no duration selected,02-FSD.md; 03-HLD.md; 04-LLD.md; DEC-NPA-009,FR-NPA-034,tenant id
DD-NPA-334,PROPOSED_R2,FeedbackRecord,object_id,uuid,Yes,No,Server controlled logical record identifier,Authorised business role,CONFIDENTIAL_PROPOSED,Approved policy required DEC-NPA-009; no duration selected,02-FSD.md; 03-HLD.md; 04-LLD.md; DEC-NPA-009,FR-NPA-034,object id
DD-NPA-335,PROPOSED_R2,FeedbackRecord,revision_id,uuid,Yes,No,Server controlled immutable revision selector,Authorised business role,CONFIDENTIAL_PROPOSED,Approved policy required DEC-NPA-009; no duration selected,02-FSD.md; 03-HLD.md; 04-LLD.md; DEC-NPA-009,FR-NPA-034,revision id
DD-NPA-336,PROPOSED_R2,FeedbackRecord,state,enum,Yes,No,Only authorised reviewed transitions; vocabulary in FSD,Authorised business role,CONFIDENTIAL_PROPOSED,Approved policy required DEC-NPA-009; no duration selected,02-FSD.md; 03-HLD.md; 04-LLD.md; DEC-NPA-009,FR-NPA-034,state
DD-NPA-337,PROPOSED_R2,FeedbackRecord,task_revision,uuid,No,Yes,Optional task-level feedback link,Authorised business role,CONFIDENTIAL_PROPOSED,Approved policy required DEC-NPA-009; no duration selected,02-FSD.md; 03-HLD.md; 04-LLD.md; DEC-NPA-009,FR-NPA-034,task revision
DD-NPA-338,PROPOSED_R2,FeedbackRecord,consent_reference,uuid,Yes,No,Optional feedback sharing scope,Authorised business role,CONFIDENTIAL_PROPOSED,Approved policy required DEC-NPA-009; no duration selected,02-FSD.md; 03-HLD.md; 04-LLD.md; DEC-NPA-009,FR-NPA-034,consent reference
DD-NPA-339,PROPOSED_R2,FeedbackRecord,feedback_text,bounded string,No,Yes,Proposed maximum2000 chars; minimised no personal beneficiary data,Authorised business role,CONFIDENTIAL_PROPOSED,Approved policy required DEC-NPA-009; no duration selected,02-FSD.md; 03-HLD.md; 04-LLD.md; DEC-NPA-009,FR-NPA-034,feedback text
DD-NPA-340,PROPOSED_R2,FeedbackRecord,improvement_decision_revision,uuid,No,Yes,Reviewed change; no silent training on private records,Authorised business role,CONFIDENTIAL_PROPOSED,Approved policy required DEC-NPA-009; no duration selected,02-FSD.md; 03-HLD.md; 04-LLD.md; DEC-NPA-009,FR-NPA-034,improvement decision revision
DD-NPA-341,PROPOSED_R2,CostLine,category,enum,Yes,No,SETUP RECURRING USAGE TRAINING REVIEW SUPPORT EXIT,Authorised business role,CONFIDENTIAL_PROPOSED,Approved policy required DEC-NPA-009; no duration selected,02-FSD.md; 03-HLD.md; 04-LLD.md; DEC-NPA-009,FR-NPA-015,category
DD-NPA-342,PROPOSED_R2,CostLine,amount,decimal string or null,No,Yes,"Nonnegative NUMERIC(38,12) target; null unknown neverzero",Authorised business role,CONFIDENTIAL_PROPOSED,Approved policy required DEC-NPA-009; no duration selected,02-FSD.md; 03-HLD.md; 04-LLD.md; DEC-NPA-009,FR-NPA-015,amount
DD-NPA-343,PROPOSED_R2,CostLine,currency,ISO currency code,No,Yes,Currency required if amount known,Authorised business role,CONFIDENTIAL_PROPOSED,Approved policy required DEC-NPA-009; no duration selected,02-FSD.md; 03-HLD.md; 04-LLD.md; DEC-NPA-009,FR-NPA-015,currency
DD-NPA-344,PROPOSED_R2,CostLine,unit,bounded string,Yes,No,Proposed maximum100 chars; explicit licence/request/hour unit,Authorised business role,CONFIDENTIAL_PROPOSED,Approved policy required DEC-NPA-009; no duration selected,02-FSD.md; 03-HLD.md; 04-LLD.md; DEC-NPA-009,FR-NPA-015,unit
DD-NPA-345,PROPOSED_R2,CostLine,quantity,decimal string or null,No,Yes,Assumption stated; missing quantity means no complete total,Authorised business role,CONFIDENTIAL_PROPOSED,Approved policy required DEC-NPA-009; no duration selected,02-FSD.md; 03-HLD.md; 04-LLD.md; DEC-NPA-009,FR-NPA-015,quantity
DD-NPA-346,PROPOSED_R2,CostLine,period,bounded string,Yes,No,Proposed maximum100 chars; explicit billing/costing period,Authorised business role,CONFIDENTIAL_PROPOSED,Approved policy required DEC-NPA-009; no duration selected,02-FSD.md; 03-HLD.md; 04-LLD.md; DEC-NPA-009,FR-NPA-015,period
DD-NPA-347,PROPOSED_R2,CostLine,source_revision,uuid,Yes,No,Written supplier source,Authorised business role,CONFIDENTIAL_PROPOSED,Approved policy required DEC-NPA-009; no duration selected,02-FSD.md; 03-HLD.md; 04-LLD.md; DEC-NPA-009,FR-NPA-015,source revision
DD-NPA-348,CONDITIONAL_R3,Purchase,tenant_id,uuid,Yes,No,Mandatory tenant boundary in every key and FK,Authorised financial role,CONFIDENTIAL_PROPOSED,Approved policy required DEC-NPA-009; no duration selected,01-BRD.md; DEC-NPA-004; DEC-NPA-015; no payment model chosen,FR-NPA-020,tenant id
DD-NPA-349,CONDITIONAL_R3,Purchase,object_id,uuid,Yes,No,Server controlled logical record identifier,Authorised financial role,CONFIDENTIAL_PROPOSED,Approved policy required DEC-NPA-009; no duration selected,01-BRD.md; DEC-NPA-004; DEC-NPA-015; no payment model chosen,FR-NPA-020,object id
DD-NPA-350,CONDITIONAL_R3,Purchase,revision_id,uuid,Yes,No,Server controlled immutable revision selector,Authorised financial role,CONFIDENTIAL_PROPOSED,Approved policy required DEC-NPA-009; no duration selected,01-BRD.md; DEC-NPA-004; DEC-NPA-015; no payment model chosen,FR-NPA-020,revision id
DD-NPA-351,CONDITIONAL_R3,Purchase,state,enum,Yes,No,Only authorised reviewed transitions; vocabulary in FSD,Authorised financial role,CONFIDENTIAL_PROPOSED,Approved policy required DEC-NPA-009; no duration selected,01-BRD.md; DEC-NPA-004; DEC-NPA-015; no payment model chosen,FR-NPA-020,state
DD-NPA-352,CONDITIONAL_R3,Purchase,procurement_decision_revision,uuid,Yes,No,Independent approved exact scope; DEC-NPA-015 unresolved,Authorised financial role,CONFIDENTIAL_PROPOSED,Approved policy required DEC-NPA-009; no duration selected,01-BRD.md; DEC-NPA-004; DEC-NPA-015; no payment model chosen,FR-NPA-020,procurement decision revision
DD-NPA-353,CONDITIONAL_R3,Purchase,amount,decimal string,Yes,No,Explicit deterministic authorised currency amount,Authorised financial role,CONFIDENTIAL_PROPOSED,Approved policy required DEC-NPA-009; no duration selected,01-BRD.md; DEC-NPA-004; DEC-NPA-015; no payment model chosen,FR-NPA-020,amount
DD-NPA-354,CONDITIONAL_R3,Purchase,currency,ISO currency code,Yes,No,No inferred exchange rate,Authorised financial role,CONFIDENTIAL_PROPOSED,Approved policy required DEC-NPA-009; no duration selected,01-BRD.md; DEC-NPA-004; DEC-NPA-015; no payment model chosen,FR-NPA-020,currency
DD-NPA-355,CONDITIONAL_R3,PaymentAttempt,tenant_id,uuid,Yes,No,Mandatory tenant boundary in every key and FK,Authorised financial role,CONFIDENTIAL_PROPOSED,Approved policy required DEC-NPA-009; no duration selected,01-BRD.md; DEC-NPA-004; DEC-NPA-015; no payment model chosen,FR-NPA-020,tenant id
DD-NPA-356,CONDITIONAL_R3,PaymentAttempt,object_id,uuid,Yes,No,Server controlled logical record identifier,Authorised financial role,CONFIDENTIAL_PROPOSED,Approved policy required DEC-NPA-009; no duration selected,01-BRD.md; DEC-NPA-004; DEC-NPA-015; no payment model chosen,FR-NPA-020,object id
DD-NPA-357,CONDITIONAL_R3,PaymentAttempt,revision_id,uuid,Yes,No,Server controlled immutable revision selector,Authorised financial role,CONFIDENTIAL_PROPOSED,Approved policy required DEC-NPA-009; no duration selected,01-BRD.md; DEC-NPA-004; DEC-NPA-015; no payment model chosen,FR-NPA-020,revision id
DD-NPA-358,CONDITIONAL_R3,PaymentAttempt,state,enum,Yes,No,Only authorised reviewed transitions; vocabulary in FSD,Authorised financial role,CONFIDENTIAL_PROPOSED,Approved policy required DEC-NPA-009; no duration selected,01-BRD.md; DEC-NPA-004; DEC-NPA-015; no payment model chosen,FR-NPA-020,state
DD-NPA-359,CONDITIONAL_R3,PaymentAttempt,purchase_revision,uuid,Yes,No,Exact independently approved financial instruction,Authorised financial role,CONFIDENTIAL_PROPOSED,Approved policy required DEC-NPA-009; no duration selected,01-BRD.md; DEC-NPA-004; DEC-NPA-015; no payment model chosen,FR-NPA-020,purchase revision
DD-NPA-360,CONDITIONAL_R3,PaymentAttempt,provider_operation_reference,bounded string,Yes,No,Server idempotency and external reconciliation,Authorised financial role,CONFIDENTIAL_PROPOSED,Approved policy required DEC-NPA-009; no duration selected,01-BRD.md; DEC-NPA-004; DEC-NPA-015; no payment model chosen,FR-NPA-020,provider operation reference
DD-NPA-361,CONDITIONAL_R3,PaymentAttempt,status,enum,Yes,No,Not finalised; DEC-NPA-015 required before selecting payment lifecycle,Authorised financial role,CONFIDENTIAL_PROPOSED,Approved policy required DEC-NPA-009; no duration selected,01-BRD.md; DEC-NPA-004; DEC-NPA-015; no payment model chosen,FR-NPA-020,status
DD-NPA-362,CONDITIONAL_R3,PaymentAttempt,reconciliation_evidence,versioned reference,No,Yes,Signed verified provider evidence; intent not settlement,Authorised financial role,CONFIDENTIAL_PROPOSED,Approved policy required DEC-NPA-009; no duration selected,01-BRD.md; DEC-NPA-004; DEC-NPA-015; no payment model chosen,FR-NPA-020,reconciliation evidence
