ID,Title,Release,Epic / area,Type,Priority,Built today,Persona,User story,Acceptance and rejection criteria (Gherkin),Rejection summary,Source,Merged BRD stories,Related,Original requirement,Original acceptance,Story points,Sprint,Status
FR-SEC-008,Secure engineering lifecycle,Foundation,Security,Functional,Must,Absent,Platform Operator,"As a Platform Operator, I want each release record to link requirement changes, reviewed code, dependency and licence inventory, security checks, migrations and approvers, so that every production change is traceable and promoted only with its required gate evidence.","Scenario: Release record links its evidence
  Given a release
  When its record is created
  Then it links requirement and specification changes, reviewed code, dependency and licence inventory, security checks, migration results and approvers
  And security relevant changes identify their affected threat and regression cases

Scenario: Trace a changed rule in production
  Given a production version with a changed export rule
  When the Platform Operator traces it
  Then they reach its FSD parent, reviewed change, negative tests and release approval

Scenario: Reject promotion without gate evidence
  Given a release missing declared gate evidence
  When production promotion is attempted
  Then promotion is blocked
  And a feature flag is not accepted as a security exemption
  And an unsupported dependency requires an owned risk and resolution decision","Reject if a release is promoted to production without its declared gate evidence, a feature flag is treated as a security exemption, or an unsupported dependency lacks an owned risk and resolution decision.",Impact Platform ledger + BRD,US-PL-05,,"A release record links requirement and specification changes, reviewed code, dependency and licence inventory, security checks, migration results and approvers. Security relevant changes identify their affected threat and regression cases. A feature flag is not a security exemption. Production promotion requires the declared gate evidence; unsupported dependencies receive an owned risk and resolution decision.","Select a production version and trace a changed export rule to its FSD parent, reviewed change, negative tests and release approval.",,,Backlog
FR-SEC-010,Independent assurance,Foundation,Security,Functional,Must,Absent,Platform Operator,"As a Platform Operator, I want an assurance record for each independent assessment and a release gate tied to it, so that general production releases proceed only after independent assessment and verified mitigation of critical and high findings.","Scenario: Assurance record is complete
  Given an independent assessment
  When it is recorded
  Then the record names assessment scope, deployment profile, assessor independence, dates, findings and retest evidence

Scenario: New assessment obligations are created
  Given a material change or the annual recurrence date
  When it occurs
  Then another independent assessment obligation is created

Scenario: Reject release with an unretired high finding
  Given an unretired high object-authorisation finding
  When general production release is attempted
  Then the gate remains blocked until independently retested mitigation is recorded

Scenario: Reject overstated certification
  Given a partial review
  When assurance is reported
  Then it is not labelled as whole product certification","Reject if a release proceeds without the defined independent assessment or with an unresolved critical or high exposure lacking verified mitigation, or a partial review is labelled as whole product certification.",Impact Platform ledger + BRD,US-RT-04,,"The assurance record names the assessment scope, deployment profile, assessor independence, dates, findings and retest evidence. General production release requires the defined independent assessment; material changes or annual recurrence create another obligation. Do not label a partial review as whole product certification. Unresolved critical or high exposure needs an effective verified mitigation before release.",Attempt release with an unretired high object-authorisation finding; the gate remains blocked until independently retested mitigation is recorded.,,,Backlog
US-RT-01,Written licence from Nakul Jain to Athena,Foundation,Transition,Transition,Must,Absent,Athena Leadership,"As Athena Leadership, I want a written licence from Nakul Jain to use, host and modify the Impact Platform code, so that Athena's use is legally clear.","Scenario: Signed licence before pilot work starts
  Given pilot work has not started
  When Athena Leadership checks the licence
  Then a written licence signed by Nakul Jain grants rights to use, host and modify the Impact Platform code
  And it covers Athena and its contractors

Scenario: Repository stays in Nakul's GitHub account
  Given the licence is in place
  When Athena uses the code
  Then the repository stays in Nakul's GitHub account

Scenario: Reject pilot work without a signed licence
  Given no signed licence covering Athena and its contractors
  When pilot work is due to start
  Then pilot work does not start","Reject if pilot work starts without a signed licence covering Athena and its contractors, or the repository leaves Nakul's GitHub account.",Imprana BRD,,,,Signed licence covering Athena and its contractors before pilot work starts; repository stays in Nakul's GitHub account,,,Backlog
US-RT-02,"Tag, rename and rebrand as Imprana Commons",Foundation,Transition,Transition,Must,Absent,Product Owner,"As the Product Owner, I want the current state tagged and the repository renamed and rebranded as Imprana Commons, so that it represents one product.","Scenario: Tag the current state
  Given the last Impact Platform commit
  When the Product Owner checks the repository tags
  Then a tag marks that commit

Scenario: Rename and rebrand as Imprana Commons
  Given the repository has been renamed
  When someone opens the old repository URL
  Then they are redirected to the renamed repository
  And the interface, README and docs say Imprana Commons

Scenario: Reject an incomplete rebrand
  Given the rename and rebrand are done
  When the old URL does not redirect, or the interface, README or docs still present the product as Impact Platform
  Then the rebrand is not accepted","Reject if the last Impact Platform commit is untagged, the old URL does not redirect, or the interface, README or docs are not rebranded.",Imprana BRD,,,,"Tag on the last Impact Platform commit; repository renamed (old URL redirects); interface, README and docs say Imprana Commons",,,Backlog
US-RT-03,Archive evidence and agent logs out of main,Foundation,Transition,Transition,Must,Absent,Platform Operator,"As a Platform Operator, I want saved test evidence, failed-run folders and agent logs archived out of main, so that the repository is lean and easy to navigate.","Scenario: Archive evidence and agent logs out of main
  Given the tag on the last Impact Platform commit
  When the archive change is merged to main
  Then docs/evidence and dated agent logs are no longer in main
  And they are still available at the tag

Scenario: Keep governance templates and current guides
  Given the archive change has been merged
  When the Platform Operator browses main
  Then governance templates and current guides are still present

Scenario: Reject lost evidence or removed current material
  Given the archive change
  When evidence or agent logs are missing from the tag, or governance templates or current guides are removed from main
  Then the change is rejected","Reject if archived evidence or agent logs are lost from the tag, or governance templates or current guides are removed from main.",Imprana BRD,,,,docs/evidence and dated agent logs removed from main and kept at the tag; governance templates and current guides kept,,,Backlog
US-RT-05,One GitHub backlog for all requirements,Foundation,Transition,Transition,Must,Absent,Product Owner,"As the Product Owner, I want Impact Platform's 307 requirements and these stories in one GitHub backlog, so that there is one source of truth.","Scenario: Import requirements as issues with their IDs
  Given Impact Platform's 307 requirements and these stories
  When they are imported into the GitHub backlog
  Then each requirement becomes an issue carrying its ID

Scenario: Duplicates handled and acceptance refined
  Given imported issues that duplicate each other
  When the Product Owner triages them
  Then each duplicate is linked or closed
  And when a story is refined its prose acceptance is converted to Gherkin

Scenario: Reject an incomplete backlog
  Given the import is complete
  When any requirement is missing or lacks its ID, or a duplicate is neither linked nor closed
  Then the backlog is not accepted as the single source of truth","Reject if any requirement is missing or lacks its ID, or a duplicate is neither linked nor closed.",Imprana BRD,,,,Requirements imported as issues with their IDs; duplicates linked or closed; prose acceptance converted to Gherkin when a story is refined,,,Backlog
FR-AI-001,Explicit enablement and policy,R1 Pilot,AI capabilities,Functional,Must,Absent,Organisation Administrator,"As an Organisation Administrator, I want to enable named AI use cases with their allowed data classes, destinations, language coverage, budget and required review, so that AI only runs where we have approved it and every workflow still works without it.","Scenario: Enable a named use case with its policy
  Given an Organisation Administrator configuring AI
  When they enable a named use case with allowed data classes, destinations, language coverage, budget and required review
  Then only that use case is enabled
  And users see the active policy before making a request

Scenario: Core workflows work with AI disabled
  Given AI is disabled for a tenant
  When users complete programme setup, period close and report generation
  Then each completes using deterministic and manual workflows
  And no provider call is made

Scenario: Reject transmission that fails policy
  Given a request for sensitive processing without an approved destination and purpose
  When the request is submitted
  Then it is blocked before content leaves the authorised boundary

Scenario: Reject implicit enablement of tools
  Given a chat interface has been enabled
  When a user attempts to use a tool that was not separately enabled
  Then the tool is not available","Reject if a disabled capability makes a provider call, enabling chat enables every tool, sensitive content leaves the authorised boundary without an approved destination and purpose, or core workflows cannot be completed with AI disabled.",Impact Platform ledger,,,"The administrator enables named use cases with allowed data classes, destinations, language coverage, budget and required review. The UI shows the active policy before a request. Disabled capabilities make no provider call and preserve the manual path. Enabling a chat interface does not enable every tool. Sensitive processing requires approved destination and purpose; policy failure blocks transmission before content leaves the authorised boundary.","Disable AI for a tenant and complete programme setup, period close and report generation using deterministic and manual workflows.",8,Sprint 1,In review
FR-AI-007,Report drafting,R1 Pilot,AI capabilities,Functional,Should,Absent,MEL Manager,"As a MEL Manager, I want AI to draft report sections from an approved snapshot and template with evidence references and metric bindings, so that drafting is faster while official numbers, caveats, evidence gaps and human edits stay intact.","Scenario: Draft binds snapshot and template
  Given an approved snapshot and report template
  When the MEL Manager requests a draft
  Then proposed sections include evidence references and metric bindings
  And every official number matches its bound result

Scenario: Missing evidence stays visible
  Given an incomplete snapshot
  When a draft is generated
  Then missing sections appear as evidence gaps

Scenario: Review tracks AI origin
  Given a draft under review
  When reviewers correct it and finalise wording
  Then AI origin, corrections and final human wording are tracked

Scenario: Reject invented results and overwritten edits
  Given a draft with accepted human edits
  When the assistant regenerates it or attempts to create a new official snapshot, invent a result or remove a mandatory caveat
  Then the snapshot, result and caveat changes are refused
  And accepted human edits are not overwritten without an explicit reviewed diff","Reject if the assistant creates an official snapshot, invents a result, removes a mandatory caveat, hides missing evidence, or overwrites accepted human edits without an explicit reviewed diff.",Impact Platform ledger,,,"Report drafting binds an approved snapshot and template, then proposes sections with evidence references and metric bindings. Missing sections appear as evidence gaps. Review tracks AI origin, corrections and final human wording. The assistant cannot create a new official snapshot, invent a result or remove mandatory caveats. Regeneration never overwrites accepted human edits without an explicit reviewed diff.",Draft from an incomplete snapshot and confirm missing evidence stays visible while every official number matches its bound result.,,,Backlog
FR-AI-011,Input and tool isolation,R1 Pilot,AI capabilities,Functional,Must,Absent,Organisation Administrator,"As an Organisation Administrator, I want documents, tool outputs and retrieved pages treated as evidence and never as instructions, so that embedded content cannot expand AI tools, change policy or send our data elsewhere.","Scenario: Tool catalogue is set independently of model output
  Given an AI task
  When it runs
  Then the allowed tool catalogue and scoped arguments are established independently of model generated instructions
  And external destinations are used only with explicit policy permission

Scenario: Embedded instruction is treated as untrusted content
  Given a proposal containing an embedded instruction to export all records
  When extraction runs
  Then the instruction is treated as untrusted content
  And no export is performed

Scenario: Reject unsafe actions requested by documents
  Given a document that instructs the model to reveal credentials, retrieve all tenants or send outputs elsewhere
  When the model processes it
  Then the unsafe action attempt is blocked without being executed
  And the attempt is recorded","Reject if content in a document, tool output or retrieved page causes the model to reveal credentials, retrieve other tenants' data, expand its tools, change policy or send outputs to a destination without explicit policy permission.",Impact Platform ledger,,,"Documents, tool outputs and retrieved pages are evidence, never authority to expand tools or change policy. The allowed tool catalogue and scoped arguments are established independently of model generated instructions. External destinations require explicit policy permission. A document cannot instruct the model to reveal credentials, retrieve all tenants or send outputs elsewhere. Unsafe action attempts are blocked and recorded without executing them.",Include an embedded instruction to export all records in a proposal; extraction treats it as untrusted content and performs no export.,,,Backlog
FR-AI-012,Model data handling,R1 Pilot,AI capabilities,Functional,Must,Absent,Privacy Officer,"As a Privacy Officer, I want every AI transmission checked against tenant, use case, purpose, classification, region, provider retention and minimisation policy, with training reuse off by default, so that data reaches only approved providers and is never used for training without explicit opt in.","Scenario: Policy is evaluated before transmission
  Given an AI request containing tenant content
  When it is about to be transmitted
  Then tenant, use case, purpose, classification, region, provider retention and minimisation policy are evaluated
  And prohibited fields are redacted or excluded
  And the approved destination version is recorded

Scenario: Primary provider offline for restricted data
  Given restricted data and the primary provider forced offline
  When an AI request is made
  Then no unapproved fallback provider receives the content
  And the manual workflow remains usable

Scenario: Reject training reuse without opt in
  Given a tenant that has not explicitly opted in
  When its content is processed by AI
  Then it is not reused for training
  And no implicit opt in is applied

Scenario: Reject retention and reuse outside schedule
  Given prompts, answers and diagnostics
  When their retention schedule ends or evaluation datasets are assembled
  Then they are not kept beyond their schedule
  And private content is not automatically copied into broad model evaluation datasets","Reject if content is transmitted before policy checks, reaches a fallback provider that has not passed the same checks, is reused for training without explicit opt in, or is retained or copied into broad evaluation datasets outside its schedule.",Impact Platform ledger + BRD,NFR-07,,"Before transmission, evaluate tenant, use case, purpose, classification, region, provider retention and minimisation policy. Redact or exclude prohibited fields and record the approved destination version. Training reuse is off by default and has no implicit opt in. Fallback providers must pass the same checks. Prompts, answers and diagnostics obey their retention schedule; private content is not copied into broad model evaluation datasets automatically.",Force the primary provider offline for restricted data; no unapproved fallback receives the content and the manual workflow remains usable.,,,Backlog
FR-AI-013,Source access and conversation history,R1 Pilot,AI capabilities,Functional,Must,Absent,Organisation Administrator,"As an Organisation Administrator, I want AI answers and saved conversations to recheck current access to their sources whenever they are opened, shared, summarised or exported, so that revoking a source grant also removes that content from AI history.","Scenario: Answers record dependencies and audience
  Given an AI answer or saved conversation
  When it is saved
  Then its source dependencies and permitted audience are recorded

Scenario: Access is rechecked on reuse
  Given a saved conversation
  When it is opened, shared, summarised or exported
  Then current access to its source dependencies is rechecked
  And inaccessible segments are withheld, or the artifact is withdrawn when redaction cannot be safe

Scenario: Reject reintroduction of revoked text
  Given a source grant revoked after a conversation
  When the user requests a summary of the prior conversation, opens a cached answer or writes a new prompt
  Then the now restricted passages are not revealed
  And copying the chat does not create new source rights","Reject if a summary, cached answer, new prompt or copied chat reveals text from a source the user can no longer access.",Impact Platform ledger,,,"Every answer or saved conversation records source dependencies and its permitted audience. Opening, sharing, summarising or exporting rechecks current access to those dependencies. Inaccessible segments are withheld or the artifact is withdrawn when redaction cannot be safe. A conversation summary, cached answer or new prompt cannot reintroduce revoked text. Copying a chat does not create new source rights.",Revoke a source grant and request a summary of the prior conversation; the assistant cannot reveal the now restricted passages.,,,Backlog
FR-AI-014,Traceability and reproducibility,R1 Pilot,AI capabilities,Functional,Must,Absent,Data Steward,"As a Data Steward, I want each AI task to record its requester, scope, source versions, model configuration, tool receipts, proposed changes and review decisions, so that I can trace any AI figure or applied change back to its evidence and reviewer.","Scenario: Task record captures traceability
  Given an AI task
  When it completes
  Then the task record stores requester, scope, source versions, use case configuration, model identifier, tool receipts, proposed changes, review decisions and applied domain receipts within retention policy
  And the generated output version is preserved where lawful

Scenario: Audit an applied mapping suggestion
  Given an applied AI mapping suggestion
  When the Data Steward audits it
  Then they can identify the evidence, model configuration, reviewer and deterministic command
  And concise evidence and decision explanations are shown without requiring private chain of thought

Scenario: Reject storage or exposure of hidden reasoning
  Given an AI task record
  When it is stored or inspected
  Then hidden model reasoning is not stored
  And hidden model reasoning is not shown","Reject if an applied AI change cannot be traced to its evidence, model configuration, reviewer and deterministic command, or hidden model reasoning is stored or exposed.",Impact Platform ledger + BRD,NFR-06,,"The task record stores requester, scope, source versions, use case configuration, model identifier, tool receipts, proposed changes, review decisions and applied domain receipts within retention policy. Users inspect concise evidence and decision explanations. Do not store or expose hidden model reasoning. Preserve generated output version where lawful, while acknowledging that rerunning a stochastic model may produce different prose.","Audit an applied mapping suggestion and identify the evidence, model configuration, reviewer and deterministic command without requiring private chain of thought.",,,Backlog
FR-AI-015,Evaluation and release gates,R1 Pilot,AI capabilities,Functional,Must,Absent,Platform Operator,"As a Platform Operator, I want every AI use case to pass owned regression evaluation before any model, prompt, retrieval, tool or policy change reaches users, so that a critical failure blocks release even when average quality improves.","Scenario: Use case has evaluation assets
  Given an AI use case
  When it is prepared for release
  Then it has an owner, held out dataset, expected judgements, supported language and sector matrix and release report

Scenario: Changes run regression before exposure
  Given a change to the model, prompt, retrieval, tools or policy
  When it is proposed
  Then regression runs before controlled exposure

Scenario: Reject candidate with a critical failure
  Given a candidate with higher average quality but one cross tenant leak
  When it is evaluated
  Then it cannot replace the approved configuration
  And any critical unsupported claim, leakage or unauthorised action blocks the affected capability

Scenario: Reject unjustified evaluation exceptions
  Given a specialist evaluation exception
  When it is requested without recorded justification
  Then it is not granted","Reject if a change reaches controlled exposure without regression, a candidate with a critical unsupported claim, leakage or unauthorised action replaces the approved configuration because its average score passes, or an evaluation exception lacks recorded justification.",Impact Platform ledger + BRD,US-PL-04,,"Each use case has an owner, held out dataset, expected judgements, supported language and sector matrix and release report. Changes to model, prompt, retrieval, tools or policy run regression before controlled exposure. A critical unsupported claim, leakage or unauthorised action blocks the affected capability despite a passing average score. Specialist evaluation exceptions require recorded justification.",Evaluate a candidate with higher average quality but one cross tenant leak; it cannot replace the approved configuration.,,,Backlog
FR-AI-016,Cost latency and fallback,R1 Pilot,AI capabilities,Functional,Must,Absent,MEL Manager,"As a MEL Manager, I want AI requests to reserve budget and show progress, timeout and cancellation, so that AI work stays within its limits and running out of AI budget never stops period close or reporting.","Scenario: Request reserves budget and shows progress
  Given an AI request
  When it starts
  Then its job class and usage are estimated and permitted budget is reserved
  And progress, timeout and cancellation are shown
  And ordinary question answering follows the BRD latency target

Scenario: Default timeouts keep partial drafts labelled
  Given the proposed default timeouts
  When a standard extraction runs beyond 15 minutes or a report draft runs beyond 20 minutes
  Then the job times out
  And any partial draft remains labelled incomplete

Scenario: Budget exhausted during close
  Given the AI budget is exhausted during period close
  When the MEL Manager continues close
  Then they can still approve data, calculate results and generate a non-AI report

Scenario: Reject lost input and uncontrolled continuation
  Given the AI budget is exhausted or a job is cancelled
  When the user submits or cancels an AI request
  Then a clear limit state is returned without losing user input
  And cancellation stops new model and tool calls where controllable
  And provider work already accepted is accounted separately","Reject if budget exhaustion loses user input or blocks approving data, calculating results or generating a non-AI report, partial drafts are not labelled incomplete, or cancellation lets new controllable model and tool calls continue.",Impact Platform ledger,,,"AI requests estimate job class and usage, reserve permitted budget and expose progress, timeout and cancellation. Proposed defaults: standard extraction timeout 15 minutes and report draft timeout 20 minutes; partial drafts remain labelled incomplete. Ordinary QA follows the BRD latency target. Budget exhaustion returns a clear limit state without losing user input. Cancellation stops new model and tool calls where controllable; provider work already accepted is accounted separately.","Exhaust the AI budget during close; the user can still approve data, calculate results and generate a non-AI report.",,,Split
FR-AI-016a,AI jobs with budget reservation and cancellation,R1 Pilot,AI capabilities,Functional,Must,Absent,MEL Manager,"As a MEL Manager, I want each AI request to run as a job that reserves budget, shows progress and can be cancelled, so that AI work stays within its limits and never blocks close or reporting.","Scenario: Request reserves budget and runs as a job
  Given an enabled use case with budget remaining
  When a request is submitted
  Then the response is 202 with a job ID
  And the estimated units are reserved in the budget ledger
  And progress and a Cancel action are shown

Scenario: Budget exhausted during close
  Given the AI budget is exhausted
  When the MEL Manager approves data, calculates results and generates a report
  Then each completes without AI

Scenario: Reject a request beyond the budget
  Given the remaining budget is smaller than the estimate
  When a request is submitted
  Then the response is 429 ""AI_BUDGET_EXHAUSTED"" and the user's input is kept","Reject if a request runs without a reservation, exceeds the budget, or blocks close or reporting.",Refinement split of FR-AI-016 (Sprint 1 planning),,FR-AI-016,,,8,,Backlog
FR-AI-016b,Timeouts and labelled partial drafts,R1 Pilot,AI capabilities,Functional,Must,Absent,MEL Manager,"As a MEL Manager, I want AI jobs to stop at their time limit and keep any partial draft clearly labelled incomplete, so that unfinished AI output is never mistaken for a finished draft.","Scenario: Long job times out with a labelled partial draft
  Given a report-draft job with a 20-minute limit
  When it runs past 20 minutes
  Then it stops with outcome TIMED_OUT
  And any partial draft is kept and labelled ""Incomplete draft""

Scenario: Reject an incomplete draft shown as complete
  Given a job that timed out or was cancelled
  When its output is shown or exported
  Then it is labelled incomplete and cannot be published as a final draft",Reject if a timed-out or cancelled job's output appears without an incomplete label.,Refinement split of FR-AI-016 (Sprint 1 planning),,FR-AI-016,,,5,,Backlog
FR-AI-018,Safety feedback and shutdown,R1 Pilot,AI capabilities,Functional,Must,Absent,Organisation Administrator,"As an Organisation Administrator, I want to capture AI safety feedback and immediately disable a use case, configuration or destination, so that harmful output is contained and affected artifacts are reviewed while core workflows continue.","Scenario: Capture safety feedback
  Given an AI output with a safety concern
  When a user submits feedback
  Then it captures the affected output, category, safe supporting detail and reviewer

Scenario: Shut down an affected use case
  Given a simulated exposed sensitive citation
  When the Organisation Administrator disables the use case
  Then new affected jobs stop immediately
  And queued work is identified
  And every affected saved answer and generated artifact is listed for review
  And manual report workflows continue

Scenario: Reject reenable without fix evidence
  Given a disabled use case
  When someone attempts to reenable it without fix evidence and regression approval
  Then reenable is refused

Scenario: Reject retained payloads and lost core workflows
  Given an AI incident
  When incident evidence is preserved and AI is disabled
  Then prohibited source payloads are not retained
  And independent core workflows are not disabled","Reject if shutdown leaves new affected jobs running, misses affected artifacts, disables independent core workflows, retains prohibited source payloads, or allows reenable without fix evidence and regression approval.",Impact Platform ledger,,,"Feedback captures affected output, category, safe supporting detail and reviewer. Administrators may disable a use case, configuration or destination immediately. Shutdown stops new affected jobs, identifies queued work and lists generated artifacts for review. Preserve lawful incident evidence without retaining prohibited source payloads. Disabling AI must not disable independent core workflows. Reenable requires fix evidence and regression approval.","Simulate an exposed sensitive citation, stop the use case and identify every affected saved answer while manual report workflows continue.",,,Backlog
FR-ACC-001,Deny by default,R1 Pilot,Access control,Functional,Must,Partial,Platform Operator,"As a Platform Operator, I want every read and write to be authorised against each resource and related reference by default, so that a supplied tenant or record ID can never be used to reach data the user is not permitted to access.","Scenario: Authorise every resource and reference
  When a request reads or writes a resource
  Then the resource and each related reference are authorised before access
  And a client supplied tenant or object ID is treated only as a selector

Scenario: Check batch items individually
  When a batch request is submitted
  Then each item is checked
  And only permitted item outcomes are exposed

Scenario: Reject a cross tenant reference
  Given a valid form submission
  When the participant ID is replaced with one from another tenant
  Then the reference is rejected
  And no cross tenant relationship is recorded

Scenario: Reject leaky responses and failing open
  When a protected unknown ID is requested or policy cannot be resolved
  Then RESOURCE_UNAVAILABLE is returned without record names or counts
  And the action is denied rather than using a cached broad role","Reject if any resource or reference is accessed without authorisation, if a cross tenant reference is accepted, if unavailable responses reveal names or counts, or if unresolved policy falls back to a cached broad role.",Impact Platform ledger,,,"The authorisation layer evaluates every resource and related reference before reading or writing. A client supplied tenant or object ID is a selector, never proof of access. Batch requests check each item and expose only permitted item outcomes. For protected unknown IDs use RESOURCE_UNAVAILABLE without record names or counts. Failure to resolve policy denies the action rather than using a cached broad role.",Replace a participant ID with one from another tenant in a valid form submission; reject the reference and record no cross tenant relationship.,,,Backlog
FR-ACC-002,Fine grained scope,R1 Pilot,Access control,Functional,Must,Partial,Organisation Administrator,"As an Organisation Administrator, I want to grant access by action, project or partner scope, record condition and field category separately, so that people can see and do exactly what their role needs and nothing more.","Scenario: Define a fine grained grant
  When the Organisation Administrator creates a grant
  Then they select action, project or partner scope, record condition and permitted field categories separately
  And sensitive view, download, approval and publication are granted independently from ordinary read

Scenario: Apply row and field policy first
  When a member reads records
  Then row and field policy is applied before filters, sorting, aggregation or export

Scenario: Leave omitted hidden fields unchanged
  Given a field is hidden from a member
  When they save an editable row without that field
  Then the omitted field is not cleared

Scenario: Reject actions outside a narrow grant
  Given a Reviewer is granted access to one candidate and its necessary evidence
  When they attempt to edit the source or export the registry
  Then both attempts fail

Scenario: Reject writing a hidden field
  Given a row is editable but a field is hidden from the member
  When they attempt to write the hidden field
  Then the write is denied","Reject if hidden rows or fields influence filters, sorting, aggregation or export, if a hidden field can be written or is cleared by omission, or if a narrow grant allows editing sources or exporting beyond its scope.",Impact Platform ledger,,,"A grant editor selects action, project or partner scope, record condition and permitted field categories separately. Record reads apply row and field policy before filters, sorting, aggregation or export. Writing a hidden field is denied even when the row is editable. A field omitted because of access is not interpreted as a request to clear it. Sensitive view, download, approval and publication are independent from ordinary read.",Grant a reviewer access to one candidate and necessary evidence; attempts to edit the source or export the registry fail.,,,Backlog
FR-ACC-003,Effective permissions,R1 Pilot,Access control,Functional,Must,Partial,Organisation Administrator,"As an Organisation Administrator, I want to inspect effective access for an action, including grant paths, restrictions and missing assurance, and simulate members within my scope, so that I can explain and fix access without exposing hidden information.","Scenario: Inspect effective access
  When the Organisation Administrator inspects effective access for a selected action and a subject within their administration scope
  Then each permitted grant path, restriction and missing assurance is shown

Scenario: Explain a normal user's own access
  When a normal user inspects their own access
  Then they see explanations only about their own permitted context

Scenario: Resolve conflicting roles
  Given a person has both analyst and partner templates
  And a restriction applies to another partner's rows
  When their access is inspected
  Then the restriction remains effective
  And the explanation identifies the scope rule safely

Scenario: Reject leaking hidden information
  When a denial is explained or the Organisation Administrator attempts to simulate a subject outside their administration scope
  Then names of hidden projects and sensitive field values are not exposed
  And the out of scope simulation is refused","Reject if an access explanation reveals hidden project names or sensitive field values, if a role overrides an explicit restriction, or if subjects outside the administrator's scope can be simulated.",Impact Platform ledger,,,"Effective access inspection shows each permitted grant path, restrictions and missing assurance for a selected action. A normal user sees only explanations about their own permitted context; an authorised administrator may simulate subjects within their administration scope. Do not expose names of hidden projects or sensitive field values while explaining denial. Explicit restriction wins across conflicting roles.",Give a person both analyst and partner templates; a restriction on another partner's rows remains effective and the explanation identifies the scope rule safely.,,,Backlog
FR-ACC-004,Separation of duties,R1 Pilot,Access control,Functional,Must,Partial,MEL Manager,"As a MEL Manager, I want approvals to be accepted only from reviewers who are genuinely independent of the candidate's authors, so that four-eyes review cannot be bypassed through roles, groups, delegation or aliases.","Scenario: Accept an independent approval
  Given a candidate's author set, verified identity aliases, delegated authorisation and current reviewer assignment have been calculated
  When a Reviewer who is not a material author approves it
  Then the approval is accepted

Scenario: Invalidate decisions when the candidate is edited
  Given a candidate has existing decisions
  When the candidate is edited
  Then it returns to draft
  And the old candidate decisions are invalidated

Scenario: Reject self approval through a second group
  Given the author of a candidate becomes a Reviewer through a second group
  When they attempt to approve the candidate
  Then the approval is rejected
  And a different eligible person is still required

Scenario: Reject other routes to false independence
  Given the approver overlaps the material authors through a role switch, group change, delegated task, service identity or verified alias
  When approval is attempted
  Then it is not counted as independent
  And an emergency exception requires a separately approved policy and cannot silently count self approval as independent","Reject if a material author can approve their own candidate through any role switch, group change, delegation, alias or service identity, or if edits leave earlier candidate decisions valid.",Impact Platform ledger,,,"Before accepting approval, calculate the candidate's author set, verified identity aliases, delegated authorisation and current reviewer assignment. Reject overlap between reviewer and material authors. Emergency exceptions require a separately approved policy and cannot silently count self approval as independent. A role switch, group change, delegated task or service identity does not create independence. Editing the candidate returns it to draft and invalidates old candidate decisions.",The author becomes a reviewer through a second group and attempts approval; the system still requires a different eligible person.,,,Backlog
FR-ACC-005,Permission safe derivation,R1 Pilot,Access control,Functional,Must,Partial,Analyst,"As an Analyst, I want dashboards, search results, saved analyses and AI answers to carry the restrictions of their sources, so that derived or copied content never reveals restricted data to people who could not see the sources.","Scenario: Recheck source restrictions on read
  Given a private derivative records its source restriction dependencies
  When a dashboard, search result, saved analysis or AI answer is read
  Then those dependencies are rechecked for the reader

Scenario: Serve an approved public aggregate
  Given an approved public aggregate
  When it is viewed
  Then it is served from a separate disclosure artifact with fixed approved content
  And no private drill down is available

Scenario: Reject leaking a restricted metric through a copy
  Given a restricted dashboard
  When an Analyst copies it to a partner workspace
  Then a new governed object is created that preserves the restrictions
  And the restricted metric remains unavailable until a valid substitute or disclosure is approved

Scenario: Reject treating mixed sources as public
  Given a result combines one public and one restricted source
  When its visibility is determined
  Then the result is not treated as public","Reject if a derived or copied artifact reveals restricted source data without a recheck or approved disclosure, if combining public and restricted sources yields a public result, or if a public aggregate allows private drill down.",Impact Platform ledger,,,"Private derivatives record source restriction dependencies. Reading a dashboard, search result, saved analysis or AI answer rechecks those dependencies. An approved public aggregate uses a separate disclosure artifact with fixed approved content and no private drill down. Combining one public and one restricted source does not make the result public. Copying content creates a new governed object and preserves restrictions until disclosure review.",Copy a restricted dashboard to a partner workspace; its restricted metric remains unavailable until a valid substitute or disclosure is approved.,,,Backlog
FR-ACC-006,External access lifecycle,R1 Pilot,Access control,Functional,Must,Partial,MEL Manager,"As a MEL Manager, I want to share a specific artifact version with a defined audience, permitted actions, owner, reason and expiry, previewed as the recipient will see it, so that external sharing is deliberate and stops when it should.","Scenario: Create a share
  When the MEL Manager shares an artifact
  Then they must specify the artifact version, audience, permitted actions, owner, reason and expiry
  And the preview uses the intended recipient's effective view
  And authenticated external access is the default

Scenario: Limit public links
  When a public link is requested
  Then it is allowed only for approved public artifacts

Scenario: Revalidate on classification change
  Given an artifact has existing disclosures
  When its classification changes
  Then existing disclosures are revoked or revalidated

Scenario: Reject access after revocation
  Given a seven day report link has been issued
  When the MEL Manager revokes it after one day
  Then old URLs and generated download references cease serving the artifact

Scenario: Reject link possession as authorisation
  Given a link to sensitive data or an expired link
  When someone opens it
  Then link possession alone does not authorise the sensitive data
  And an expired link shows unavailable without an artifact preview","Reject if a share lacks version, audience, actions, owner, reason or expiry, if link possession alone grants sensitive data, if revoked or expired links still serve or preview the artifact, or if a classification change leaves disclosures unvalidated.",Impact Platform ledger,,,"A share action requires artifact version, audience, permitted actions, owner, reason and expiry. Preview uses the intended recipient's effective view. Authenticated external access is the default; public links are limited to approved public artifacts. Link possession does not authorise sensitive data. Changing classification revokes or revalidates existing disclosures. Expired links show unavailable without an artifact preview.",Issue a seven day report link and revoke it after one day; old URLs and generated download references cease serving the artifact.,,,Backlog
FR-ACC-011,Access changes and existing artifacts,R1 Pilot,Access control,Functional,Must,Partial,Organisation Administrator,"As an Organisation Administrator, I want a grant change to take effect across sessions, caches, queued jobs, generated artifacts and AI content, so that removed access is actually removed everywhere the platform controls.","Scenario: Propagate a grant change
  When the Organisation Administrator changes a grant
  Then a revocation event covers active sessions, cached reads, queued jobs, generated artifacts and AI dependencies
  And new sensitive actions evaluate current policy immediately
  And online presentation converges within 60 seconds

Scenario: Report previously downloaded copies
  Given copies were downloaded before the grant change
  When the revocation is processed
  Then those copies are reported as external disclosures rather than remotely erased

Scenario: Reject revoked source text in saved AI answers
  Given an AI answer citing a source has been saved
  When access to that source is removed and the conversation is reopened
  Then the revoked source text is not revealed, including through its summary

Scenario: Reject stale presentation beyond the bound
  Given a grant has been removed
  When more than 60 seconds have passed
  Then no online presentation under platform control still shows the revoked content","Reject if new sensitive actions use outdated policy, if online presentation still shows revoked content after 60 seconds, or if saved AI answers or summaries reveal revoked source text.",Impact Platform ledger,,,"A grant change creates a revocation event covering active sessions, cached reads, queued jobs, generated artifacts and AI dependencies. New sensitive actions evaluate current policy immediately; online presentation converges within the 60 second bound. Previously downloaded copies are reported as external disclosures, not remotely erased. Restriction of a source can withhold a prior conversation segment or artifact under platform control.",Remove source access after an AI answer was saved; reopening the conversation does not reveal the revoked source text through its summary.,,,Backlog
US-AD-01,Role-based training per deployed solution,R1 Pilot,Adoption: Adopt,Functional,Must,Partial,Data Author,"As a Data Author, I want role-based training for each deployed solution, so that I learn only what I need.","Scenario: Training modules for the user's role
  Given a deployed solution with training modules per role
  When a Data Author opens the training
  Then they see the modules for their role

Scenario: Completion tracked
  Given a Data Author taking a training module
  When they finish it
  Then their completion is recorded

Scenario: Reject training for other roles
  Given a Data Author
  When they open the training for a deployed solution
  Then they are not required to complete modules for other roles",Reject if training is not split into modules per role or completion is not tracked.,Imprana BRD,,,,Modules per role; completion tracked,,,Backlog
US-AD-02,Internal champions with guide and check-ins,R1 Pilot,Adoption: Adopt,Functional,Must,Absent,Executive Director,"As an Executive Director, I want to appoint and support internal champions, so that adoption continues after the advisor steps back.","Scenario: Appoint an internal champion
  Given an Executive Director
  When they appoint a colleague as a champion
  Then the colleague is given the champion role
  And they can open the champion guide

Scenario: Scheduled check-ins
  Given an appointed champion
  When the appointment is confirmed
  Then check-ins with the champion are scheduled

Scenario: Reject a champion without support
  Given a colleague appointed as a champion
  When they have no access to the guide or no scheduled check-ins
  Then the appointment is not complete","Reject if a champion has no champion role, no guide, or no scheduled check-ins.",Imprana BRD,,,,"Champion role, guide and scheduled check-ins",,,Backlog
US-AS-01,Trial an option on own or sample data,R1 Pilot,Adoption: Assess,Functional,Should,Absent,MEL Manager,"As a MEL Manager, I want to trial an option on our own or sample data, so that we see it work before committing.","Scenario: Advisor-led trial in the pilot
  Given a MEL Manager in the pilot who wants to trial an option
  When an Imprana Advisor sets up a trial on the organisation's own or sample data
  Then the advisor-led trial runs for up to 4 weeks

Scenario: Reject a pilot trial longer than 4 weeks
  Given an advisor-led trial in the pilot
  When it reaches 4 weeks
  Then it is not extended beyond 4 weeks","Reject if a pilot trial is not advisor-led, does not use own or sample data, or runs beyond 4 weeks.",Imprana BRD,,,,Advisor-led trial of up to 4 weeks in the pilot; self-service sandbox later,,,Backlog
US-AS-03,Record trial results for the value case,R1 Pilot,Adoption: Assess,Functional,Must,Partial,Imprana Advisor,"As an Imprana Advisor, I want to record trial results, so that they feed the value case.","Scenario: Record trial results against the opportunity
  Given a completed trial
  When the Imprana Advisor records the results
  Then they are stored against the opportunity

Scenario: Trial results pulled into the value case
  Given trial results stored against an opportunity
  When the value case for that opportunity is built
  Then the results are pulled in automatically

Scenario: Reject manual re-entry
  Given trial results stored against an opportunity
  When the value case is built
  Then no one has to re-enter the results
  And results stored against another opportunity are not pulled in",Reject if trial results are not stored against the opportunity or must be re-entered to reach the value case.,Imprana BRD,,,,Results stored against the opportunity and pulled into the value case automatically,,,Backlog
US-DP-02,Deploy inside existing workflows,R1 Pilot,Adoption: Deploy,Functional,Must,Absent,Data Author,"As a Data Author, I want the new solution inside our existing workflow, so that I don't have to learn another separate tool.","Scenario: Deployment plan names the workflow touchpoints
  Given a deployment plan for a new solution
  When the Data Author views it
  Then it names the touchpoints in the existing workflow where the solution is used

Scenario: Reject duplicate data entry
  Given a solution deployed inside the existing workflow
  When a Data Author records data in the existing workflow
  Then they are not asked to enter the same data again in the new solution
  And a deployment plan that names no workflow touchpoints is not accepted",Reject if the deployment plan names no workflow touchpoints or the solution requires duplicate data entry.,Imprana BRD,,,,Deployment plan names the workflow touchpoints; no duplicate data entry,,,Backlog
US-DP-03,"Deployment plan with owners, milestones, acceptance",R1 Pilot,Adoption: Deploy,Functional,Must,Partial,Operations Head,"As an Operations Head, I want a deployment plan with owners, milestones and acceptance criteria, so that rollout is accountable.","Scenario: Generate a deployment plan from a template
  Given a solution to deploy
  When the Operations Head generates a deployment plan
  Then the plan is created from a template with owners, milestones and acceptance criteria

Scenario: Track progress in the platform
  Given a deployment plan
  When an owner updates a milestone
  Then the progress is tracked in the platform

Scenario: Reject an unaccountable plan
  Given a deployment plan
  When a milestone has no owner or no acceptance criteria
  Then the plan is not accepted as complete","Reject if the plan is not generated from a template, lacks owners, milestones or acceptance criteria, or progress is not tracked in the platform.",Imprana BRD,,FR-PRG-002; FR-PRG-003,,Plan generated from a template; progress tracked in the platform,,,Backlog
US-DX-01,Guided plain-language problem discovery (intake agent),R1 Pilot,Adoption: Diagnose,Functional,Must,Partial,Executive Director,"As an Executive Director, I want a guided, plain-language problem-discovery conversation, so that we can define our problems without hiring a consultant.","Scenario: Complete a guided problem-discovery conversation
  Given an Executive Director starting problem discovery
  When they answer the guided, plain-language questions
  Then the conversation completes in under 60 minutes

Scenario: Output lists prioritised problems with evidence
  Given a completed problem-discovery conversation
  When the Executive Director views the output
  Then it lists the organisation's problems in priority order
  And each problem shows its supporting evidence

Scenario: Reject an overlong or unsupported discovery
  Given a problem-discovery conversation
  When it takes 60 minutes or more, or a listed problem has no priority or no supporting evidence
  Then the discovery is not accepted as complete","Reject if discovery takes 60 minutes or more, or any listed problem lacks a priority or supporting evidence.",Imprana BRD,,,,Completes in under 60 minutes; output lists prioritised problems with supporting evidence,,,Split
US-DX-01a,Record and prioritise the organisation's problems,R1 Pilot,Adoption: Diagnose,Functional,Must,Partial,Executive Director,"As an Executive Director, I want to record our organisation's problems in a structured, plain-language form and put them in priority order, so that the rest of the adoption journey starts from agreed priorities.","Scenario: Record and prioritise problems
  Given an Executive Director starting a diagnosis
  When they record problems with a short description, the area affected and supporting evidence
  And put them in priority order
  Then the problems are saved in that order with their evidence

Scenario: Reject a problem without evidence or priority
  Given a recorded problem with no supporting evidence or no priority
  When the diagnosis is marked complete
  Then completion is refused and the incomplete problem is named",Reject if a diagnosis is completed with a problem that has no evidence or no priority.,Refinement split of US-DX-01 (Sprint 1 planning),,US-DX-01,,,5,,Backlog
US-DX-01b,Conversational intake agent,R1 Pilot,Adoption: Diagnose,Functional,Must,Partial,Executive Director,"As an Executive Director, I want a guided, plain-language conversation that helps me find and describe our problems, so that we can define them without hiring a consultant.","Scenario: Conversation produces prioritised problems
  Given AI use case CHAT is enabled by policy
  When the Executive Director completes the guided conversation
  Then it finishes in under 60 minutes
  And proposes problems in priority order, each with the evidence quoted from the conversation, for the Executive Director to accept or edit

Scenario: Reject AI output accepted without review
  Given the agent proposes problems
  When nobody has accepted or edited them
  Then they are not saved as the organisation's problems","Reject if AI-proposed problems are saved without the Executive Director accepting them, or the conversation runs without an enabled policy.",Refinement split of US-DX-01 (Sprint 1 planning),,US-DX-01,,,8,,Backlog
US-DX-02,Digital maturity and data readiness assessment,R1 Pilot,Adoption: Diagnose,Functional,Must,Partial,MEL Manager,"As a MEL Manager, I want to assess our digital maturity and data readiness, so that recommendations match what we can handle.","Scenario: Score digital maturity and data readiness
  Given a MEL Manager completing the digital maturity and data readiness assessment
  When the assessment is submitted
  Then the organisation is scored against a standard framework

Scenario: Each score explained
  Given a completed assessment
  When the MEL Manager views the results
  Then every score has an explanation

Scenario: Reject unexplained or non-standard scores
  Given a completed assessment
  When any score has no explanation or is not measured against the standard framework
  Then the results are not accepted",Reject if any score is unexplained or not measured against the standard framework.,Imprana BRD,,,,Scored against a standard framework; each score explained,,,Backlog
US-DX-03,Locked baseline metrics per priority problem,R1 Pilot,Adoption: Diagnose,Functional,Must,Partial,Executive Director,"As an Executive Director, I want to record baseline metrics for each priority problem, so that we can later prove what changed.","Scenario: Capture baseline metrics per priority problem
  Given a priority problem from the diagnosis
  When the Executive Director records its baseline
  Then time, cost, quality and reach are captured for that problem

Scenario: Lock the baseline with a date
  Given a priority problem with its baseline metrics captured
  When the Executive Director locks the baseline
  Then the baseline is locked and the lock date is recorded

Scenario: Reject changes to a locked baseline
  Given a locked baseline
  When anyone tries to edit its metrics
  Then the edit is refused

Scenario: Reject locking an incomplete baseline
  Given a priority problem missing any of time, cost, quality or reach
  When the Executive Director tries to lock its baseline
  Then the lock is refused","Reject if a locked baseline can be changed, or a baseline is locked without time, cost, quality, reach and a lock date.",Imprana BRD,,,,"Time, cost, quality and reach captured per problem; baseline locked with a date",8,,Backlog
US-DX-04,Several staff contribute to one diagnosis,R1 Pilot,Adoption: Diagnose,Functional,Should,Partial,Executive Director,"As an Executive Director, I want to invite colleagues to contribute, so that the diagnosis reflects the whole organisation.","Scenario: Invite colleagues by email
  Given an Executive Director running a diagnosis
  When they invite a colleague by email
  Then the colleague receives an email invitation to contribute

Scenario: Role-based contributions merged into one diagnosis
  Given invited colleagues with different roles
  When each completes the sections for their role
  Then their contributions are merged into one diagnosis

Scenario: Reject split diagnoses or out-of-role edits
  Given a colleague invited to contribute to a diagnosis
  When they submit their contribution
  Then no separate diagnosis is created
  But they cannot edit sections that are not for their role","Reject if contributions produce more than one diagnosis, or a contributor can edit sections outside their role.",Imprana BRD,,,,Invite by email; role-based sections; contributions merged into one diagnosis,,,Backlog
US-DX-05,Advisor review and validation of diagnosis,R1 Pilot,Adoption: Diagnose,Functional,Must,Partial,Imprana Advisor,"As an Imprana Advisor, I want to review, annotate and validate a diagnosis, so that organisations get expert-checked findings.","Scenario: Diagnosis appears in the advisor queue
  Given an organisation has a diagnosis ready for review
  When the Imprana Advisor opens the advisor queue
  Then the diagnosis is listed for review

Scenario: Annotate and validate a diagnosis
  Given an Imprana Advisor reviewing a diagnosis
  When they add comments and mark the diagnosis validated
  Then the comments are visible to the organisation
  And the validated status is recorded

Scenario: Reject validation without advisor review
  Given a diagnosis that has not been reviewed by an Imprana Advisor
  When a member of the organisation tries to mark it validated
  Then the validated status is not recorded","Reject if a diagnosis can be marked validated without Imprana Advisor review, or advisor comments are not visible to the organisation.",Imprana BRD,,,,Advisor queue; comments visible to the organisation; validated status recorded,,,Backlog
US-DC-01,At most 2-3 vetted options per opportunity,R1 Pilot,Adoption: Discover,Functional,Must,Partial,Executive Director,"As an Executive Director, I want to see no more than 2-3 vetted options per opportunity, so that I am not overwhelmed.","Scenario: Default view shows at most 3 options
  Given an opportunity with more than 3 vetted options
  When the Executive Director opens the opportunity
  Then at most 3 options are shown

Scenario: More options only on request
  Given the default view of an opportunity with more than 3 vetted options
  When the Executive Director asks to see more options
  Then the remaining vetted options are shown

Scenario: Reject more than 3 options by default
  Given an opportunity with more than 3 vetted options
  When the default view loads without a request for more
  Then no more than 3 options are shown
  And no unvetted option is shown",Reject if the default view shows more than 3 options or any unvetted option.,Imprana BRD,,,,Default view shows at most 3 options; more only on request,,,Backlog
US-DC-02,Fit score per option (advisor-scored in pilot),R1 Pilot,Adoption: Discover,Functional,Must,Absent,Executive Director,"As an Executive Director, I want to see how well each option fits us, so that I can choose with confidence.","Scenario: Fit score shown for each option
  Given a vetted option for an opportunity
  When the Executive Director views the option
  Then a fit score is shown covering size, budget, context, language, data sensitivity and existing systems

Scenario: Fit score set by an advisor in the pilot
  Given the pilot release
  When an option's fit score is produced
  Then it is scored by an Imprana Advisor

Scenario: Reject an incomplete fit score
  Given an option's fit score
  When any of size, budget, context, language, data sensitivity or existing systems is not assessed
  Then the fit score is not shown as complete","Reject if a fit score omits size, budget, context, language, data sensitivity or existing systems, or is not advisor-scored in the pilot.",Imprana BRD,,,,"Fit score across size, budget, context, language, data sensitivity and existing systems; advisor-scored in the pilot, automated later",,,Backlog
US-DC-03,Published vetting criteria and status,R1 Pilot,Adoption: Discover,Functional,Must,Partial,Executive Director,"As an Executive Director, I want to see the vetting criteria and each solution's status, so that I know what vetted means.","Scenario: Public vetting criteria page
  Given the published vetting criteria
  When anyone opens the criteria page
  Then the vetting criteria are shown

Scenario: Status and last-review date on every listing
  Given the solution catalogue
  When the Executive Director views any listing
  Then the listing shows its vetting status and last-review date

Scenario: Reject a listing without status or review date
  Given a solution listing with no vetting status or no last-review date
  When it is published to the catalogue
  Then publication is refused",Reject if the criteria page is not public or any listing lacks its vetting status or last-review date.,Imprana BRD,,,,Public criteria page; status and last-review date on every listing,,,Backlog
US-DC-04,Disclose commercial relationships,R1 Pilot,Adoption: Discover,Functional,Must,Absent,Executive Director,"As an Executive Director, I want any commercial relationship with a listed solution disclosed, so that I can judge neutrality.","Scenario: Disclosure label on every listing
  Given any solution listing
  When the Executive Director views it
  Then it carries a disclosure label stating any commercial relationship with the solution

Scenario: Reject a listing without a disclosure label
  Given a solution listing with no disclosure label
  When it is published to the catalogue
  Then publication is refused",Reject if any listing lacks a disclosure label or hides a commercial relationship.,Imprana BRD,,,,Disclosure label on each listing,5,Sprint 1,Ready
US-IM-01,Track usage and outcomes against baseline,R1 Pilot,Adoption: Improve,Functional,Must,Partial,Executive Director,"As an Executive Director, I want usage and outcomes tracked against our baseline, so that we know whether it is working.","Scenario: Compare current metrics with the locked baseline
  Given an opportunity with a locked baseline and a deployed solution
  When the Executive Director opens the dashboard
  Then current usage and outcome metrics are shown against the locked baseline

Scenario: Reject comparison against anything but the locked baseline
  Given a locked baseline
  When the dashboard compares current metrics
  Then it does not compare them against any other baseline",Reject if the dashboard does not compare current metrics with the locked baseline.,Imprana BRD,,FR-ANA-003,,Dashboard compares current metrics with the locked baseline,,,Backlog
US-IM-02,Share realised ROI with sponsor by choice,R1 Pilot,Adoption: Improve,Functional,Must,Partial,Executive Director,"As an Executive Director, I want to share realised ROI with our sponsor when we choose, so that we can show return.","Scenario: Organisation controls what is shared
  Given an organisation with realised ROI and a sponsor
  When the Executive Director selects what to share
  Then only the selected items are available to share

Scenario: Report generated on request
  Given the organisation's sharing choices are set
  When the Executive Director requests a report for the sponsor
  Then the report is generated with only the selected items

Scenario: Reject sharing without the organisation's choice
  Given the Executive Director has not requested a report
  When the sponsor looks for the organisation's ROI
  Then nothing is shared
  And items the organisation did not select are never shared",Reject if anything is shared with the sponsor that the organisation did not select or request.,Imprana BRD,,FR-RPT-007,,Organisation controls what is shared; report generated on request,,,Backlog
US-IM-03,Quarterly value reviews,R1 Pilot,Adoption: Improve,Functional,Must,Absent,Imprana Advisor,"As an Imprana Advisor, I want to run quarterly value reviews, so that problems are caught early.","Scenario: Run a quarterly value review from a template
  Given an organisation due its quarterly value review
  When the Imprana Advisor starts the review
  Then the review template is used

Scenario: Actions logged and tracked
  Given a value review in progress
  When the Imprana Advisor records an action
  Then the action is logged
  And its progress is tracked

Scenario: Reject untracked actions
  Given a completed value review
  When an action agreed in the review is not logged
  Then the review is not accepted as complete",Reject if a review does not use the template or its actions are not logged and tracked.,Imprana BRD,,,,Review template; actions logged and tracked,,,Backlog
US-MP-01,Problems mapped to AI/tech opportunities,R1 Pilot,Adoption: Map,Functional,Must,Partial,Executive Director,"As an Executive Director, I want each problem translated into candidate AI or tech opportunities, so that I understand what is possible.","Scenario: Each problem mapped to opportunities
  Given a diagnosis with priority problems
  When the problems are mapped to opportunities
  Then each problem has at least one candidate AI or tech opportunity from the pattern library
  And each opportunity includes a real-world example

Scenario: Reject an unmapped problem
  Given a mapped diagnosis
  When any problem has no opportunity, or an opportunity is not from the pattern library or has no real-world example
  Then the mapping is not accepted as complete","Reject if any problem has no opportunity from the pattern library, or an opportunity lacks a real-world example.",Imprana BRD,,FR-AI-002,,"At least one opportunity per problem from the pattern library, with a real-world example",,,Backlog
US-MP-02,Recommend process fixes when tech is not the answer,R1 Pilot,Adoption: Map,Functional,Must,Partial,Executive Director,"As an Executive Director, I want to be told when a process fix beats tech, so that we don't spend on the wrong thing.","Scenario: Show a no-tech option when the pattern library flags one
  Given a problem whose pattern library entry flags a no-tech option
  When the Executive Director views the opportunities for that problem
  Then the no-tech process fix is shown

Scenario: Reject hiding a flagged no-tech option
  Given a problem whose pattern library entry flags a no-tech option
  When the opportunities for that problem are shown
  Then they are not limited to tech options",Reject if a no-tech option flagged by the pattern library is not shown.,Imprana BRD,,,,No-tech options shown wherever the pattern library flags them,,,Backlog
US-MP-03,Rank opportunities with adjustable weights,R1 Pilot,Adoption: Map,Functional,Must,Absent,Operations Head,"As an Operations Head, I want opportunities ranked by impact, effort, cost and readiness, so that we tackle the right one first.","Scenario: Opportunities ranked with scores
  Given an organisation with mapped opportunities
  When the Operations Head views the ranking
  Then the opportunities are listed in rank order
  And each shows its scores for impact, effort, cost and readiness

Scenario: Adjust the ranking weights
  Given the ranked list of opportunities
  When the Operations Head changes the weights for impact, effort, cost and readiness
  Then the ranking is recalculated using the organisation's weights

Scenario: Reject a ranking that ignores the organisation's weights
  Given the organisation has adjusted the weights
  When the ranking is shown
  Then it does not use any weights other than the organisation's
  And no opportunity is ranked without its scores shown",Reject if the ranking hides scores or does not reflect the weights the organisation set.,Imprana BRD,,,,Ranked list with scores; weights adjustable by the organisation,5,Sprint 1,In review
US-MP-04,Explain each recommendation,R1 Pilot,Adoption: Map,Functional,Must,Exists,Executive Director,"As an Executive Director, I want to see why each opportunity is recommended, so that I can trust and explain it.","Scenario: Show why an opportunity is recommended
  Given a recommended opportunity
  When the Executive Director views it
  Then a plain-language rationale is shown
  And the rationale links to the diagnosis inputs it is based on

Scenario: Reject an unexplained recommendation
  Given a recommended opportunity
  When it has no rationale, or its rationale is not linked to the diagnosis inputs
  Then it is not presented as a recommendation",Reject if any recommendation lacks a plain-language rationale linked to the diagnosis inputs.,Imprana BRD,,,,Plain-language rationale linked to the diagnosis inputs,,,Backlog
US-VC-01,"Cost-benefit, ROI and TCO over 1-3 years",R1 Pilot,Adoption: Value case,Functional,Must,Partial,Operations Head,"As an Operations Head, I want cost-benefit, ROI and total cost of ownership over 1-3 years, so that we know whether it is worth it.","Scenario: Cost-benefit, ROI and TCO from baseline and trial data
  Given an opportunity with a baseline and trial results
  When the Operations Head builds the value case over 1-3 years
  Then cost-benefit, ROI and total cost of ownership are calculated from the baseline and trial data

Scenario: Costs include all components
  Given a value case
  When the Operations Head views its costs
  Then they include licences, setup, training and staff time

Scenario: Reject a value case with missing inputs
  Given a value case
  When it does not use the baseline and trial data, or omits licences, setup, training or staff time
  Then it is not accepted as complete","Reject if the value case ignores baseline or trial data, or its costs omit licences, setup, training or staff time.",Imprana BRD,,FR-FIN-007,,"Uses baseline and trial data; costs include licences, setup, training and staff time",,,Backlog
US-VC-02,Benefits in sector terms,R1 Pilot,Adoption: Value case,Functional,Must,Absent,Executive Director,"As an Executive Director, I want benefits expressed in sector terms, so that they make sense to our board and donors.","Scenario: Benefits in sector terms
  Given a value case
  When the Executive Director views its benefits
  Then staff hours, cost per beneficiary, data quality and reach are shown

Scenario: Reject benefits not in sector terms
  Given a value case
  When any of staff hours, cost per beneficiary, data quality or reach is missing from the benefits
  Then the value case is not accepted as complete","Reject if the benefits omit staff hours, cost per beneficiary, data quality or reach.",Imprana BRD,,,,"Staff hours, cost per beneficiary, data quality and reach shown",,,Backlog
US-VC-03,Board- or funder-ready business case export,R1 Pilot,Adoption: Value case,Functional,Must,Partial,Executive Director,"As an Executive Director, I want to export a board- or funder-ready business case, so that we get approval quickly.","Scenario: Export a board- or funder-ready business case
  Given a completed value case
  When the Executive Director exports it as a PDF or a document
  Then the export contains the business case
  And all assumptions are listed

Scenario: Reject an export missing assumptions
  Given a value case with assumptions
  When it is exported
  Then an export that omits any assumption is not accepted","Reject if the export is not available as a PDF or document, or omits any assumption.",Imprana BRD,,FR-RPT-005,,PDF or document export with all assumptions listed,,,Backlog
US-VC-05,Lock the approved value case as baseline,R1 Pilot,Adoption: Value case,Functional,Must,Partial,Executive Director,"As an Executive Director, I want to lock the approved value case, so that later ROI is measured against it.","Scenario: Lock the approved value case
  Given an approved value case
  When the Executive Director locks it
  Then the locked version records the date and the approver

Scenario: Changes create a new version
  Given a locked value case
  When someone changes it
  Then a new version is created
  And the locked version stays unchanged

Scenario: Reject overwriting the locked version
  Given a locked value case
  When an edit is saved
  Then the locked version is not overwritten
  And later ROI is still measured against the locked version",Reject if a locked value case can be overwritten or lacks its lock date and approver.,Imprana BRD,,FR-WFL-010,,Locked version records date and approver; changes create a new version,,,Backlog
FR-CAL-001,Deterministic calculation,R1 Pilot,Calculations,Functional,Must,Partial,Analyst,"As an Analyst, I want calculations to run deterministically from approved rules and sources with a recorded input manifest and explanation, so that every official result can be reproduced and traced to its source.","Scenario: Run a calculation
  Given approved rule and source versions
  When a calculation run executes
  Then an input manifest is created and the deterministic dependency graph is evaluated
  And the result stores value state, precision, filters, coverage and execution identity
  And explanations resolve each contributing result to its original source

Scenario: Reproduce a frozen ratio
  Given a frozen ratio with exported inputs and the recorded formula
  When the Analyst recomputes it
  Then the raw decimal and displayed rounded output match exactly

Scenario: Reject AI-supplied values
  Given a calculation result
  When an AI message proposes a value
  Then it is not used as the authoritative value

Scenario: Reject zero after a failed run
  Given a prior calculation result
  When a new run fails
  Then the prior result is labelled stale
  And the failure is exposed
  And the result is not overwritten with zero","Reject if an AI message supplies an authoritative value, a recomputation does not match exactly, or a failed run overwrites the prior result with zero.",Impact Platform ledger,,,"A calculation run selects approved rule and source versions, creates an input manifest and evaluates the deterministic dependency graph. The result stores value state, precision, filters, coverage and execution identity. Explanations resolve each contributing result to its original source. An AI message cannot supply the authoritative value. A failed run leaves the prior result labelled stale and exposes failure rather than overwriting it with zero.",Recompute a frozen ratio from exported inputs and the recorded formula; the raw decimal and displayed rounded output match exactly.,,,Backlog
FR-CAL-002,Type and unit compatibility,R1 Pilot,Calculations,Functional,Must,Partial,Analyst,"As an Analyst, I want calculations to check type, unit, population, period and dimension compatibility before running, so that only genuinely compatible values are combined.","Scenario: Type checking before execution
  Given a calculation ready to run
  When execution starts
  Then measurement types, units, populations, period semantics, definitions and dimensions are compared first

Scenario: Combine with an approved conversion
  Given values of 1 hectare and 1 acre and an approved conversion
  When the Analyst combines them
  Then the conversion references an approved version, direction and precision
  And the preview shows original and converted inputs

Scenario: Reject people plus households
  Given a people measure and a household measure with no justified conversion
  When the Analyst combines them
  Then the total is rejected

Scenario: Reject compatibility from similar labels
  Given two measures with similar labels but no established compatibility
  When they are combined
  Then the labels are not accepted as establishing compatibility","Reject if values are combined across incompatible types, units or populations without an approved conversion, such as people plus households, or because their labels look similar.",Impact Platform ledger,,,"Before execution, type checking compares measurement types, units, populations, period semantics, definitions and dimensions. A conversion references an approved version, direction and precision. Preview shows original and converted inputs. A numerical unit conversion cannot convert households into people without an approved population method and adequate source information. Similar labels never establish compatibility.",Combine 1 hectare and 1 acre using an approved conversion; reject a people plus household total where no justified conversion exists.,,,Backlog
FR-CAL-003,Ratios rates and percentages,R1 Pilot,Calculations,Functional,Must,Partial,Analyst,"As an Analyst, I want pooled ratios, rates and percentages to be calculated from the underlying numerators and denominators, so that combined percentages are correctly weighted.","Scenario: Pool two ratios
  Given components of 50 of 100 and 1 of 10
  When the Analyst pools them
  Then the result is 51 of 110
  And it displays 46.36 percent under two decimal rounding
  And the weighting basis is disclosed

Scenario: Unweighted mean is a separate statistic
  Given an explicitly requested unweighted mean
  When it is calculated
  Then it is labelled as a different statistic from the pooled percentage

Scenario: Reject averaging percentages
  Given components of 50 of 100 and 1 of 10
  When a pooled percentage is produced
  Then it is never 30 percent
  And a component lacking the necessary quantities does not contribute as if its percentage were sufficient

Scenario: Reject a number for a zero denominator
  Given a pooled denominator of zero
  When the ratio is calculated
  Then the result is UNDEFINED","Reject if a pooled percentage averages component percentages (30 percent instead of 46.36 percent), uses components lacking quantities, or shows a number for a zero pooled denominator.",Impact Platform ledger,,,"Ratio rules retain eligible numerator and denominator quantities, apply the multiplier after pooling and disclose the weighting basis. Component records lacking the necessary quantities cannot contribute to a pooled ratio as if their percentages were sufficient. Zero pooled denominator gives UNDEFINED. An explicitly requested unweighted mean is a different labelled statistic and is not substituted for a pooled percentage.","Pool 50 of 100 and 1 of 10: produce 51 of 110 and display 46.36 percent under two decimal rounding, never 30 percent.",,,Backlog
FR-CAL-005,Time aggregation semantics,R1 Pilot,Calculations,Functional,Must,Partial,Analyst,"As an Analyst, I want each indicator's time semantic to control how values aggregate over time, so that stocks, flows, events and cumulative totals are never added up wrongly.","Scenario: Aggregate by time semantic
  Given an indicator
  When the Analyst selects flow sum, latest eligible stock, event count or approved cumulative difference
  Then aggregation follows that semantic
  And snapshots specify maximum permissible age and tie resolution

Scenario: Cumulative positions
  Given cumulative positions of 10, 15 and 20
  When they are aggregated
  Then the end value reported is 20
  And increments of 10, 5 and 5 are reported only when a zero starting baseline is established

Scenario: Cumulative decline needs a correction or reset
  Given a cumulative series that declines
  When it is processed
  Then a correction or reset event with defined treatment is required

Scenario: Reject summing cumulative totals
  Given monthly cumulative totals
  When they are aggregated by default
  Then they are not summed

Scenario: Reject exact increments without a starting value
  Given a missing starting cumulative value
  When an exact period increment is requested
  Then it is not produced unless the approved method supplies a justified baseline","Reject if cumulative totals are summed by default, exact increments are produced without a starting value or justified baseline, or a cumulative decline is accepted without a correction or reset event.",Impact Platform ledger,,,"Time semantic selects flow sum, latest eligible stock, event count or approved cumulative difference. For snapshots, specify maximum permissible age and tie resolution. Cumulative declines require a correction or reset event with defined treatment. Never sum monthly cumulative totals by default. A missing starting cumulative value prevents an exact period increment unless the approved method supplies a justified baseline.","For 10, 15 and 20 cumulative positions report end value 20; increments are 10, 5 and 5 only when a zero starting baseline is established.",,,Backlog
FR-CAL-008,Missingness and coverage,R1 Pilot,Calculations,Functional,Must,Partial,MEL Manager,"As a MEL Manager, I want each period's results to count received, valid and approved contributors against the expected contributor set separately, so that official sums use only approved eligible values and are marked partial when mandatory contributors are absent.","Scenario: Coverage distinguishes approved, pending and missing contributors
  Given the obligation snapshot for the period expects five partners
  And three partners have approved values, one is pending and one is missing
  When the result is calculated
  Then approval coverage is 60 percent
  And the pending count and the missing count are shown separately

Scenario: Official sum is partial when a mandatory contributor is absent
  Given a mandatory contributor has no approved value for the period
  When the official sum is calculated
  Then it uses only approved eligible values
  And the result carries partial status

Scenario: Reject removing an expected contributor without approved eligibility evidence
  Given a partner retired today whose obligation was active in a prior period
  When the prior period result is calculated
  Then the partner remains in the expected contributor set for that period
  And an attempt to mark its obligation not applicable without approved eligibility evidence is refused","Reject if an expected contributor is dropped from a period it was obliged in, marked not applicable without approved eligibility evidence, or pending and missing contributors are not counted separately.",Impact Platform ledger,,,"The obligation snapshot determines the expected contributor set for the period. Results count received, valid and approved contributors separately. Official sums use approved eligible values and attach partial status when mandatory contributors are absent. A partner retired today remains expected in a prior period where its obligation was active. Not applicable removes an obligation only through approved eligibility evidence.","Five expected partners, three approved, one pending and one missing yield 60 percent approval coverage and distinct pending and missing counts.",,,Backlog
FR-CAL-009,Precision and rounding,R1 Pilot,Calculations,Functional,Must,Partial,Analyst,"As an Analyst, I want calculation rules to declare input scale, precision, rounding mode and display decimals and to round only at the output boundary, so that reported figures are accurate and exports carry the raw decimal alongside display metadata.","Scenario: Round only at the output boundary
  Given a rule that rounds half up to two decimals at output
  And three input values of 0.335
  When the values are summed
  Then the unrounded total is 1.005
  And the displayed result is 1.01
  And the rule documentation explains why summing the rounded components would give a different total

Scenario: Export carries the raw decimal and display metadata
  Given a rounded result
  When it is exported
  Then the export contains the raw decimal string
  And display metadata where applicable

Scenario: Reject rounded inputs and unsafe numeric conversion
  Given a display-rounded value, a large identifier and a count beyond the qualified numeric range
  When each is submitted to a calculation
  Then the display-rounded value is refused as a new source input
  And the large identifier is kept as text and never converted to a number
  And the out-of-range count produces an explicit limit error","Reject if values are rounded before the output boundary, display-rounded values are reused as source inputs, large identifiers are converted to numbers, or out-of-range counts proceed without an explicit limit error.",Impact Platform ledger,,,"Rules declare input scale, calculation precision, rounding mode and display decimals. Intermediate arithmetic retains sufficient precision for the qualified maximum workload. Round only at the specified output boundary; export contains a raw decimal string and display metadata where applicable. Do not use display rounded values as new source inputs. Large identifiers are never converted to numbers, and counts beyond qualified numeric range produce an explicit limit error.",Sum three values 0.335 before rounding to two decimals: 1.005 becomes 1.01 with half up; document why rounded components would sum differently.,,,Backlog
FR-CAL-010,Zero denominators and invalid inputs,R1 Pilot,Calculations,Functional,Must,Partial,MEL Manager,"As a MEL Manager, I want invalid inputs rejected before calculation and zero-denominator ratios returned as undefined with a reason, so that impossible or meaningless values are never reported as successful results.","Scenario: Zero denominator returns undefined with a reason
  Given a ratio indicator
  When 5 is divided by 0
  Then the result is UNDEFINED with a stated reason
  And it is not displayed as a successful zero

Scenario: Negative adjustment through an approved measure
  Given an approved adjustment measure or correction contract
  When a negative adjustment is submitted under it
  Then the adjustment is accepted for calculation

Scenario: Reject invalid inputs before calculation
  Given a submission of negative two participants
  When validation runs before calculation
  Then the value is rejected as invalid and not displayed as a successful zero
  And nonfinite inputs, impossible dates and incompatible sign conventions are also rejected

Scenario: Reject negative counts and automatic clipping
  Given a spreadsheet containing a refund-like negative value for an eligible count
  And no approved adjustment measure or correction contract applies
  When the data is calculated
  Then the eligible count does not become negative
  And a percentage outside its bounds is not automatically clipped without explicit valid semantics","Reject if invalid, nonfinite or negative inputs reach calculation, a zero denominator is shown as a successful zero, or out-of-bounds percentages are clipped automatically.",Impact Platform ledger,,,"Validation rejects nonfinite inputs, impossible dates and incompatible sign conventions before calculation. A ratio with zero denominator returns UNDEFINED and a reason. Negative adjustments require an approved adjustment measure or correction contract. An eligible count cannot become negative merely because a spreadsheet contains a refund-like value. Percentages outside bounds require explicit valid semantics, not automatic clipping.","Submit negative two participants and divide 5 by 0; the first is invalid and the second undefined, with neither displayed as a successful zero.",,,Backlog
FR-CAL-011,Corrections and recalculation,R1 Pilot,Calculations,Functional,Must,Partial,Data Steward,"As a Data Steward, I want an approved source correction to recalculate affected downstream results while published snapshots stay bound to their original version, so that live figures reflect the correction without silently altering what was already published.","Scenario: Correction updates live results but not published snapshots
  Given a ratio whose numerator comes from an imported value
  And a quarterly PDF report has been published from it
  When a correction to that numerator is approved
  Then the affected definitions, result periods, dashboards and unpublished reports are identified
  And recalculation creates a new result version and the current ratio updates
  And the published quarterly PDF remains the original version until restated

Scenario: Retry creates one new result per input version
  Given a recalculation is retried after an interruption
  When it completes
  Then exactly one intended new result exists per input version

Scenario: Reject a mixed official snapshot after a failed run
  Given a downstream recalculation run fails
  When affected results are viewed
  Then they show stale status
  And no partially recalculated mixed official snapshot is presented
  But the published report is not restated without a separate approved restatement","Reject if a failed recalculation presents a mixed official snapshot, a published snapshot changes without a separate approved restatement, or a retry creates more than one new result per input version.",Impact Platform ledger,,,"An approved source correction identifies downstream definitions, result periods, dashboards and unpublished reports. Recalculation creates new result versions and updates live bindings after completion. Published snapshots remain bound to their original manifest. A failed downstream run exposes stale status and does not partially present a mixed official snapshot. Restatement is a separate approved operation; retry preserves one intended new result per input version.",Correct one imported numerator and verify current ratio updates while the published quarterly PDF remains the original version until restated.,,,Backlog
FR-CAL-015,Reconciliation and explainability,R1 Pilot,Calculations,Functional,Must,Partial,Analyst,"As an Analyst, I want an explanation view for each result and a run comparison that classifies differences by cause, so that I can reconcile changes in figures before reports are approved.","Scenario: Explanation view shows how a result was produced
  Given a calculated result
  When the Analyst opens its explanation view
  Then it shows the rule version, source set, included and excluded counts, adjustments, coverage and approval

Scenario: Run comparison separates the effect of each change
  Given one source value and one filter have changed between two runs
  When the runs are compared
  Then the effect of the source change and the effect of the filter change are identified and classified separately
  And no single unexplained total difference is reported

Scenario: Reject inspection of restricted excluded records
  Given a viewer without access to some excluded records
  When they use reconciliation
  Then only permitted aggregates or withheld references are shown
  And the restricted excluded records cannot be inspected

Scenario: Reject report approval with unreconciled differences
  Given numerical differences that do not reconcile to stated causes
  When report approval is requested
  Then approval is blocked","Reject if reconciliation exposes restricted excluded records, reports one unexplained total difference, or allows report approval before differences reconcile to stated causes.",Impact Platform ledger,,,"The explanation view shows rule version, source set, included and excluded counts, adjustments, coverage and approval. Comparing runs classifies differences into source, rule, period, target, permission or disclosure changes. A viewer cannot use reconciliation to inspect restricted excluded records; show permitted aggregates or withheld references. Numerical differences must reconcile to stated causes before report approval.","Change one source value and one filter, compare runs and identify the separate effect of each rather than reporting one unexplained total difference.",,,Backlog
US-CM-04,Keep data when sponsorship ends,R1 Pilot,Commercial and billing,Functional,Must,Absent,Executive Director,"As an Executive Director, I want to keep all our data when sponsorship ends, so that we never lose our work.","Scenario: Data kept read-only after sponsorship ends
  Given an organisation whose sponsorship has ended
  When the Executive Director opens the workspace within 90 days of the end date
  Then all the organisation's data is available read-only

Scenario: One-step conversion to a direct subscription
  Given an organisation whose sponsorship has ended
  When the Executive Director converts to a direct subscription
  Then the conversion completes in one step
  And all the organisation's existing data is available under the direct subscription

Scenario: Reject data loss when sponsorship ends
  Given an organisation whose sponsorship ended fewer than 90 days ago
  When any retention or clean-up process runs
  Then none of the organisation's data is deleted or made unavailable","Reject if any data is deleted or unavailable within 90 days of sponsorship ending, or conversion to a direct subscription takes more than one step.",Imprana BRD,,FR-MIG-007,,Data kept read-only for at least 90 days; one-step conversion to a direct subscription,,,Backlog
US-CM-05,Visible AI usage credits and limits,R1 Pilot,Commercial and billing,Functional,Should,Partial,Operations Head,"As an Operations Head, I want to see AI usage credits and limits, so that there are no surprise costs.","Scenario: See AI credit balance and usage by user
  Given an organisation with AI usage credits
  When the Operations Head opens the AI usage view
  Then the remaining credit balance and the limit are shown
  And usage is shown by user

Scenario: Alerts at 80% and 100% of the limit
  Given an organisation's AI usage is approaching its limit
  When usage reaches 80% of the limit
  Then the Operations Head is alerted
  And when usage reaches 100% of the limit the Operations Head is alerted again

Scenario: Reject a threshold crossed without an alert
  Given an organisation's AI usage has reached 80% or 100% of its limit
  When the Operations Head has received no alert for that threshold
  Then the usage alerting counts as failed","Reject if balance or per-user usage is not visible, or usage reaches 80% or 100% of the limit without an alert.",Imprana BRD,,FR-AI-016; FR-OPS-002,,Balance and usage by user visible; alerts at 80% and 100%,5,,Backlog
US-CM-09,One contract and DPA for all deployed solutions,R1 Pilot,Commercial and billing,Functional,Must,Absent,Operations Head,"As an Operations Head, I want one contract and data processing agreement for every solution deployed through the platform, so that we avoid separate procurement.","Scenario: Partner terms flow down under the master agreement
  Given an organisation that has signed the master agreement
  When it deploys a partner's solution through the platform
  Then the partner's terms apply under the master agreement

Scenario: One data processing agreement per organisation
  Given an organisation with several solutions deployed through the platform
  When the Operations Head views its agreements
  Then a single data processing agreement covers all the deployed solutions

Scenario: Reject separate procurement
  Given an organisation that has signed the master agreement and its data processing agreement
  When another solution is deployed through the platform
  Then the organisation is not asked to sign a separate contract or a second data processing agreement",Reject if deploying a solution requires a separate contract or a second data processing agreement for the same organisation.,Imprana BRD,,FR-PRV-008,,Partner terms flow down under the master agreement; one DPA per organisation,,,Backlog
FR-ANA-002,Filters and drill down,R1 Pilot,Dashboards and analysis,Functional,Must,Partial,Analyst,"As an Analyst, I want filters that show their current values and drill down through permitted hierarchy levels and disclosure slices, so that I can explore results without revealing suppressed or restricted data.","Scenario: Filter by partner and drill to programme data
  Given a dashboard covering partner A and partner B
  When the Analyst selects partner A and drills down to programme data
  Then the filter shows its current value
  And drill down follows only permitted hierarchy levels and approved disclosure slices
  And the restricted participant level remains unavailable

Scenario: Non-applicable filter is visibly identified
  Given a filter that is not applicable to a widget
  When the filter is applied
  Then the widget is visibly identified as not affected by the filter

Scenario: Saved view handles a changed binding
  Given a saved view whose binding has changed
  When the Analyst opens the saved view
  Then it uses its pinned definitions or displays a reviewed migration notice

Scenario: Reject leakage through filtering and totals
  Given partner A is selected
  When the summary totals are displayed
  Then they do not leak partner B data
  And no suppressed cells or hidden source counts are revealed","Reject if filtering or drill down reveals suppressed cells, hidden source counts, restricted participant-level data or another partner's data through totals, or a non-applicable filter is silently ignored.",Impact Platform ledger,,,Filters show their current values and affect only declared compatible widgets. Drill down follows permitted hierarchy levels and approved disclosure slices. Saved views pin definitions or display a reviewed migration notice when a binding changes. Filtering cannot reveal suppressed cells or hidden source counts. A filter that is not applicable to a widget is visibly identified rather than silently ignored.,Select partner A and drill to programme data; a restricted participant level remains unavailable and the summary does not leak partner B through totals.,,,Backlog
FR-ANA-003,Actual target and baseline views,R1 Pilot,Dashboards and analysis,Functional,Must,Partial,Programme Manager,"As a Programme Manager, I want comparison views of actual, baseline and target that state direction, target version, period, scales and calculations, so that I can correctly judge whether performance is on track.","Scenario: Lower-is-better target shown correctly
  Given an indicator with a lower-is-better target of ten
  And an actual value of eight
  When the comparison widget is displayed
  Then it shows the correct status and declared deviation
  And it does not give an inverted success interpretation

Scenario: Labels, scales and overachievement are explicit
  Given a comparison widget bound to actual, baseline and a selected target version with direction and time semantic
  When it is displayed
  Then labels identify whether the target is original or revised and its applicable period
  And axis scales and percentage calculations are explicit
  And overachievement remains visible

Scenario: Reject comparing incompatible time semantics
  Given a cumulative actual curve and a monthly flow target
  When no approved conversion exists
  Then the comparison is blocked

Scenario: Reject an infinite trend from a zero baseline
  Given a baseline of zero
  When percentage change is calculated
  Then the result is undefined
  But no infinite trend is shown","Reject if a lower-is-better result is given an inverted success interpretation, a cumulative curve is compared to a monthly flow target without approved conversion, or a zero baseline yields an infinite trend.",Impact Platform ledger,,,"Comparison widgets bind actual, baseline and selected target version with direction and time semantic. Labels identify original or revised target and applicable period. Axis scales and percentage calculations are explicit; overachievement remains visible. A cumulative curve cannot be compared to a monthly flow target without an approved conversion. Zero baseline percentage change produces undefined, not an infinite trend.",Display lower-is-better target ten with actual eight and show the correct status and declared deviation without an inverted success interpretation.,,,Backlog
FR-ANA-004,Freshness and approval context,R1 Pilot,Dashboards and analysis,Functional,Must,Partial,Executive Director,"As an Executive Director, I want every result widget and export to show whether it is live approved, provisional or snapshot and how fresh it is, so that I do not make decisions on stale or unapproved data.","Scenario: Widget shows approval state and freshness context
  Given a dashboard with result widgets
  When the Executive Director views it
  Then each widget is labelled live approved, provisional or snapshot
  And its context shows last source success, approval cutoff, calculation time and coverage

Scenario: Failed refresh remains stale in an export
  Given a source refresh has failed
  When the dashboard is exported
  Then the exported result is marked stale with the last valid data time
  And the export embeds a concise version of the material context

Scenario: Reject treating a successful fetch as fresh data
  Given the source refresh has failed
  When the dashboard fetch succeeds
  Then the source is not shown as fresh

Scenario: Reject unlabelled provisional content
  Given a dashboard where some widgets are approved and one is provisional
  When it is viewed or exported
  Then the provisional widget remains labelled provisional","Reject if a successful dashboard fetch makes a failed source appear fresh, an export omits the stale marker and last valid data time, or provisional content loses its label.",Impact Platform ledger,,,"Every result widget distinguishes live approved, provisional or snapshot. Its context exposes last source success, approval cutoff, calculation time and coverage. A report or image export embeds a concise version of material context. A successful dashboard fetch does not make the source fresh. Provisional content remains labelled even if other widgets are approved.",Fail a source refresh and export the dashboard; the exported result remains marked stale with the last valid data time.,,,Backlog
FR-DAT-001,File ingestion,R1 Pilot,Data import and management,Functional,Must,Partial,Data Steward,"As a Data Steward, I want an import wizard where I choose file, sheet, encoding, delimiter, header row, locale, date pattern and source key and preview raw against interpreted values, so that data is interpreted exactly as intended before commit.","Scenario: Preview exact interpretation before commit
  Given a file containing 00123, a 20 digit ID, 03/04/2026 and a quoted comma
  When the Data Steward previews the import with an explicit date pattern
  Then raw and interpreted values are shown side by side for each value
  And 00123 and the 20 digit ID are kept as text with all digits and leading zeros preserved
  And the quoted comma remains within one field

Scenario: Formulas follow the declared mode
  Given a file containing formulas
  When it is imported
  Then formulas are imported as permitted values or rejected according to the declared mode

Scenario: Reject ambiguous or unsafe input
  Given a date such as 03/04/2026 with no explicit date pattern
  When the import is previewed
  Then an explicit pattern is required before commit
  And mixed-type values produce row errors
  And file safety checks run before any parsing","Reject if ambiguous dates are interpreted without an explicit pattern, leading zeros or long IDs are altered, mixed types pass without row errors, or parsing starts before file safety checks.",Impact Platform ledger,,,"The import wizard chooses file, sheet, encoding, delimiter, header row, locale, date pattern and source key. It previews raw and interpreted values side by side before applying conversions. Identifiers default to text; formulas are imported as permitted values or rejected by declared mode. Ambiguous dates require an explicit pattern. Mixed types produce row errors; leading zeros and long IDs are preserved. File safety checks precede parsing.","Import 00123, a 20 digit ID, 03/04/2026 and a quoted comma; show each exact interpretation before commit.",,,Backlog
FR-DAT-002,Mapping and preview,R1 Pilot,Data import and management,Functional,Must,Partial,Data Steward,"As a Data Steward, I want versioned mappings that bind source fields to destination fields, types, units and transformations, with a preview of gaps and errors, so that imports map correctly even when source columns move or change.","Scenario: Preview shows mapping issues
  Given a mapping version
  When the import is previewed
  Then unmatched required fields, dropped columns, conversion errors and sample outcomes are shown
  And AI suggestions remain unchecked proposals until individually accepted or edited

Scenario: Reordered columns keep known bindings
  Given a recurring source with an approved mapping
  When its columns are reordered and one numeric field is renamed
  Then known bindings are preserved
  And the unknown mapping is paused instead of shifting values

Scenario: Reject positional identity and stale previews
  Given a source column is renamed or changes type
  When the import runs
  Then reviewed remapping is required
  And column position alone is never used as stable identity
  And any existing preview expires when the source or mapping changes","Reject if values shift by column position, a renamed or type-changed column is mapped without review, AI suggestions apply without individual acceptance, or a stale preview is used after the source or mapping changes.",Impact Platform ledger,,,"A mapping version binds source field identity to destination field, type, unit and transformation. Preview shows unmatched required fields, dropped columns, conversion errors and sample outcomes. AI suggestions remain unchecked proposals until individually accepted or edited. A renamed or type changed source column requires reviewed remapping; positional column order alone is never stable identity. Preview expires when source or mapping changes.",Reorder columns and rename one numeric field; the system preserves known bindings and pauses the unknown mapping instead of shifting values.,,,Backlog
FR-DAT-004,Validation and quarantine,R1 Pilot,Data import and management,Functional,Must,Partial,Data Steward,"As a Data Steward, I want every imported row classified with an exact outcome under an atomic or partial mode chosen before execution, so that I can reconcile all rows and retry only those that failed.","Scenario: Partial mode reconciles all rows
  Given 100 rows with 90 valid, five duplicates and five invalid
  And partial mode was selected before execution
  When the import runs
  Then eligible rows are committed and the exact manifest is returned
  And all 100 outcomes reconcile as accepted insert, accepted update, unchanged duplicate, rejected, quarantined or unprocessed
  And only the five corrected rows are retried

Scenario: Atomic mode commits nothing on a blocking failure
  Given atomic mode was selected before execution
  When any blocking row fails
  Then no rows are committed

Scenario: Reject altered raw input or false rollback claims
  Given an import with rejected rows that is later cancelled
  When the results are reviewed
  Then rejected rows carry safe field errors and the raw input remains unchanged
  And the cancelled job identifies committed rows and never claims full rollback
  And an import cannot execute until its mode is selected","Reject if any row lacks a reconciled outcome, atomic mode commits rows after a blocking failure, raw input is altered, or a cancelled job claims full rollback.",Impact Platform ledger,,,"Validation classifies every input row as accepted insert, accepted update, unchanged duplicate, rejected, quarantined or unprocessed. Atomic mode commits no rows if any blocking row fails; partial mode commits eligible items and returns the exact manifest. Mode is selected before execution. Rejected rows carry safe field errors; raw input remains unchanged. Cancelled jobs identify committed rows and never claim full rollback.","Load 100 rows with 90 valid, five duplicates and five invalid in partial mode; reconcile all 100 outcomes and retry only the corrected five.",,,Backlog
FR-DAT-009,Data editing and amendments,R1 Pilot,Data import and management,Functional,Must,Partial,Data Steward,"As a Data Steward, I want amendments with reason and scope to create reviewed new revisions that keep earlier values where lawful, so that corrections are controlled, traceable and correctly reflected in indicators.","Scenario: Unit correction recalculates impacted indicators
  Given an approved value recorded in kilograms
  When an amendment correcting the unit to tonnes is approved
  Then a new revision is created and earlier values are retained where lawful
  And impacted indicators are recalculated under reviewed semantics
  And old reports remain frozen

Scenario: Bulk correction with itemised preview
  Given a bulk correction
  When it is previewed and applied
  Then an itemised preview and outcome receipts are produced

Scenario: Reject editing calculated actuals
  Given a calculated actual
  When a user tries to edit it through dataset correction
  Then the edit is refused
  And where deletion or minimisation policy applies, only a permitted change marker is kept instead of sensitive before and after values","Reject if calculated actuals can be edited through dataset correction, an amendment bypasses review, old reports change, or sensitive before and after values are kept where policy permits only a change marker.",Impact Platform ledger,,,"An amendment captures object revision, proposed values, reason and scope. Approved source changes retain earlier values where lawful and create a new revision requiring the relevant review. Bulk correction uses itemised preview and outcome receipts. A user cannot edit calculated actuals through dataset correction. Deletion or minimisation policy may retain only a permitted change marker instead of sensitive before and after values.","Correct an approved unit from kilograms to tonnes and verify impacted indicators are recalculated under reviewed semantics, with old reports frozen.",,,Backlog
FR-DQ-003,Duplicate detection,R1 Pilot,Data quality,Functional,Must,Partial,Data Steward,"As a Data Steward, I want exact and fuzzy duplicate detection with reviewed decisions to keep records distinct, merge them or investigate further, so that duplicates are resolved without wrongly combining different people or losing provenance.","Scenario: Detect exact duplicates by declared business keys
  Given business keys are declared for a record type
  When two records share the same business key values
  Then they are flagged as exact duplicates

Scenario: Same-name participants stay separate until reviewed evidence supports a merge
  Given two participants both named Asha
  When fuzzy matching proposes them as a candidate pair with permitted evidence and match rationale
  Then they remain separate until a Reviewer chooses distinct, merge or further investigation
  And a merge happens only when reviewed evidence supports identity equivalence
  And the merge maps both source identities to a canonical record, preserving provenance and source confidentiality

Scenario: Unmerge restores relationships and counts
  Given two records were merged into a canonical record
  When a Data Steward performs an unmerge or corrective split
  Then the affected relationships are restored
  And affected counts are recalculated

Scenario: Reject a merge based solely on a shared name
  Given two participants named Asha with no other supporting evidence
  When a merge is attempted solely on the shared name
  Then the merge is refused

Scenario: Reject silent reappearance of a rejected match
  Given a Reviewer has rejected a candidate match
  When duplicate detection runs again
  Then the rejected match does not silently reappear as confirmed","Reject if records are merged solely on a shared name, a rejected match silently reappears as confirmed, or an unmerge fails to restore relationships and recalculate counts.",Impact Platform ledger,,,"Exact duplicate detection uses declared business keys. Fuzzy matching generates candidate pairs with permitted evidence and match rationale. A reviewer chooses distinct, merge or further investigation; merge maps source identities to a canonical record and preserves provenance. Do not merge solely on a shared name. Unmerge or corrective split must restore affected relationships and recalculate counts; source confidentiality survives a merge.",Two participants named Asha remain separate until reviewed evidence supports identity equivalence; a rejected match does not silently reappear as confirmed.,,,Backlog
FR-DQ-006,Completeness and timeliness,R1 Pilot,Data quality,Functional,Must,Partial,MEL Manager,"As a MEL Manager, I want a completeness and timeliness view based on each period's obligation snapshot that distinguishes expected, received, valid, approved, late and excepted submissions, so that I see reliable reporting coverage with transparent numerators and denominators.","Scenario: Completeness view distinguishes submission states
  Given a period with an obligation snapshot
  When a MEL Manager opens the completeness view
  Then it distinguishes expected, received, valid, approved, late and excepted submissions
  And each percentage shows its numerator and denominator
  And lateness uses first valid receipt or approval according to the declared metric

Scenario: Retired partner keeps its historic obligations
  Given a partner with a missing June submission
  When the partner is retired in July
  Then the missing June submission remains counted
  And no August obligation is created for that partner

Scenario: Reject rewriting older obligation denominators
  Given past periods with obligation snapshots
  When current partner membership changes
  Then the older obligation denominators are not rewritten

Scenario: Reject an unapproved obligation cancellation
  Given an obligation in a period
  When it is cancelled without approved effective dates and a reason
  Then the cancellation is refused",Reject if a partner membership change rewrites older obligation denominators or an obligation is cancelled without approved effective dates and a reason.,Impact Platform ledger,,,"The completeness view uses the period's obligation snapshot and distinguishes expected, received, valid, approved, late and excepted. Each percentage exposes numerator and denominator; lateness uses first valid receipt or approval according to the declared metric. Changing current partner membership cannot rewrite older obligation denominators. Cancelled obligations require approved effective dates and reason.",Retire a partner in July and verify its missing June submission remains counted while no August obligation is created.,,,Backlog
FR-EVD-001,Evidence repository,R1 Pilot,Evidence,Functional,Must,Partial,MEL Manager,"As a MEL Manager, I want to upload evidence with its type, source, date, owner, sensitivity and retention and link specific versions to results, findings and decisions, so that every claim cites the exact evidence it relied on.","Scenario: Upload evidence with metadata and safety status
  Given a user uploading evidence
  When they provide type, source, date, owner, sensitivity and retention
  Then the evidence is stored and receives a safety status

Scenario: Earlier citation stays on its version
  Given version 1 of a survey is linked to an achievement
  When version 2 of the survey is uploaded
  Then the earlier achievement still cites version 1

Scenario: Search exposes only authorised evidence
  Given evidence with different permissions in the repository
  When a user searches the repository
  Then only authorised metadata and content are exposed

Scenario: Reject overwriting a published citation
  Given a file cited by a published result
  When the file is replaced
  Then a new version is created
  But the published citation is never overwritten

Scenario: Reject presenting a source URL as archived
  Given evidence recorded as a source URL
  When it is displayed
  Then it is shown as an external reference with its last checked status
  But it is not presented as an archived guarantee","Reject if replacing a file overwrites a published citation, a source URL is presented as an archived guarantee, or search exposes unauthorised evidence.",Impact Platform ledger,,,"Evidence upload collects type, source, date, owner, sensitivity and retention, then receives a safety status. Users link specific evidence versions to permitted results, findings and decisions. Repository search exposes only authorised metadata and content. A source URL remains an external reference with last checked status, not an archived guarantee. Replacing a file creates a new version; it never overwrites a published citation.","Link version 1 of a survey to an achievement, upload version 2 and verify the earlier achievement still cites version 1.",,,Backlog
FR-FRM-001,Form builder,R1 Pilot,Forms and collection,Functional,Must,Partial,MEL Manager,"As a MEL Manager, I want to build forms with stable field IDs, typed fields, groups and repeat groups, preview them on desktop and mobile, and submit them for review, so that collected data is structured consistently and changes are controlled.","Scenario: Build a household form with a repeat group
  Given a household form with a repeat group for members, an optional photo and a calculated age
  When three members are entered and the form is submitted
  Then every child response retains its parent and its stable field code

Scenario: Preview and submit for review
  Given a draft form
  When the MEL Manager previews it on desktop and mobile and submits it for review
  Then the preview displays the effective form version
  And submission locks the schema and starts the approval workflow

Scenario: Qualified form size is supported
  Given a form with 200 questions and a repeat group
  When a submission contains 100 repeat entries
  Then the form previews and the submission is accepted

Scenario: Reject unsupported structures before publishing
  Given a form whose groups are nested deeper than two levels or that uses another unsupported combination
  When it is submitted for publishing
  Then it is rejected before publishing
  And a submission exceeding the declared repeat instance limit is refused","Reject if child responses lose their parent or stable field code, the schema remains editable after submission for review, or nesting beyond two levels or other unsupported combinations reach publication.",Impact Platform ledger,,,"The builder assigns stable field IDs and selects type, label, help, classification and validation. Groups and repeat groups have explicit child schemas. Preview supports desktop and mobile and displays the effective form version. Submitting for review locks the schema and starts the approval workflow. Qualify 200 questions and 100 repeat entries; the declared limit applies to repeat instances per submission and nesting is limited to two levels in R1. Unsupported combinations are rejected before publishing.","Build a household form with three members, an optional photo and a calculated age; all child responses retain their parent and stable field codes.",,,Backlog
FR-FRM-002,Conditional logic and validation,R1 Pilot,Forms and collection,Functional,Must,Partial,MEL Manager,"As a MEL Manager, I want form relevance and required rules to use typed references, recalculate in dependency order and be enforced identically on the server, so that collected answers always respect the approved form logic.","Scenario: Newly irrelevant answers clear after confirmation
  Given a form whose pregnancy-dependent fields are relevant only when pregnancy is yes
  And those fields have been answered
  When the pregnancy answer changes from yes to no
  Then downstream state is recalculated in dependency order
  And after a visible confirmation the dependent fields are cleared under the declared policy

Scenario: Retained hidden values are excluded from calculations
  Given the schema explicitly retains a hidden value
  When calculations run
  Then the retained hidden value is excluded unless the approved schema says otherwise

Scenario: Reject a tampered payload
  Given a client payload containing answers the relevance rules disallow, including a hidden required answer
  When it is submitted
  Then the server checks the same versioned rules and rejects the payload

Scenario: Reject cyclic or inaccessible rule references
  Given a relevance or required rule that creates a cycle or references an inaccessible field
  When the rule is saved
  Then it is rejected","Reject if the server accepts answers that the versioned relevance rules disallow, or a rule with a cycle or an inaccessible field reference is saved.",Impact Platform ledger,,,Relevance and required rules use typed field references and a bounded expression catalogue. Changing an upstream answer recalculates downstream state in dependency order. Default behaviour clears newly irrelevant values after a visible confirmation; explicitly retained hidden values are excluded from calculations unless the approved schema says otherwise. Server checks the same versioned rules. Reject cycles and references to inaccessible fields. A client cannot submit a hidden required answer to bypass relevance policy.,Change pregnancy relevance from yes to no; dependent fields clear under the declared policy and a tampered payload containing disallowed answers is rejected.,,,Backlog
FR-FRM-003,Form lifecycle and compatibility,R1 Pilot,Forms and collection,Functional,Must,Partial,MEL Manager,"As a MEL Manager, I want forms to move through draft, isolated test, independent review and publication, with each version declaring compatibility and an acceptance cutoff, so that submissions keep the exact version used and incompatible ones are quarantined rather than altered.","Scenario: Older offline submission is quarantined after a mandatory change
  Given a form package is offline on an older version
  And a new version adding a mandatory question is published
  When the device reconnects and submits
  Then the original submission is preserved with the exact form and translation version used at capture
  And it is quarantined for reviewed mapping rather than having the answer invented

Scenario: Additive optional change accepts older versions
  Given a new version with only additive optional changes declared compatible with earlier versions
  When a submission on an older version arrives before the acceptance cutoff
  Then it is accepted

Scenario: Reject a revoked unsafe form
  Given a form version revoked as unsafe
  When it is used for live collection
  Then it is rejected as a live collection instrument","Reject if an older submission is silently mapped or given invented answers after a mandatory or semantic change, or a revoked unsafe form is accepted for live collection.",Impact Platform ledger,,,"A form moves through draft, isolated test, independent review and publication. A new published version declares compatibility with earlier versions and an acceptance cutoff. Submissions retain the exact form and translation version used at capture. Additive optional changes may accept older versions; changed mandatory or semantic rules quarantine older submissions for reviewed mapping. Revoked unsafe forms are rejected as live collection instruments.",Publish a new mandatory question while an older package is offline; reconnect preserves the original submission and quarantines it rather than inventing the answer.,,,Backlog
FR-FRM-005,Collection rounds and assignments,R1 Pilot,Forms and collection,Functional,Must,Partial,Programme Manager,"As a Programme Manager, I want to define collection rounds with an eligible frame, form version, dates and one stable assignment per sampled unit and visit, with tracked reassignment and replacement, so that field work and completion counts stay accurate and auditable.","Scenario: Round creates one stable assignment per sampled unit and visit
  Given a round with an eligible frame, form version, dates and expected assignments
  When tasks are created
  Then exactly one stable assignment exists per sampled unit and visit

Scenario: Reassignment keeps history without extra completions
  Given a household visit assigned to collector A
  When it is reassigned to collector B and B submits
  Then the assignee change is recorded in history
  And the old assignment cannot produce an extra eligible completed visit

Scenario: Sample replacement records original and substitute
  Given a sampled unit is replaced
  When the replacement is recorded
  Then the original and substitute are recorded with a reason
  And the original nonresponse remains recorded

Scenario: Reject silent expansion of the sample or denominator
  Given an assigned sample for a round
  When tasks are generated or a unit is replaced
  Then assignments are not automatically expanded to the full registry
  And the intended denominator does not increase silently","Reject if a reassigned visit can yield an extra eligible completion, assignments expand automatically to the full registry, or a replacement erases nonresponse or silently increases the denominator.",Impact Platform ledger,,,"A supervisor defines a round, eligible frame, form version, dates and expected assignments. Task creation produces one stable assignment per sampled unit and visit. Reassignment changes assignee with history; sample replacement records original and substitute with reason. No automatic expansion from assigned sample to full registry. Replacement does not erase nonresponse or increase the intended denominator silently.",Reassign a household visit from collector A to B; the old assignment cannot produce an extra eligible completed visit after B submits.,,,Backlog
FR-FRM-006,Save resume and correction,R1 Pilot,Forms and collection,Functional,Must,Partial,Field Data Collector,"As a Field Data Collector, I want to save drafts locally or on the server, resume the same submission, and submit with a receipt that survives interruptions, so that I never lose work or create duplicate submissions.","Scenario: Save and resume a draft
  Given a Field Data Collector has a form in progress
  When they save a draft and later resume it
  Then they see whether the draft was saved locally or on the server
  And the same submission identity and form version are restored

Scenario: Interrupted final submit resolves to one submission
  Given final submit is interrupted
  When the collector reopens the form and retries
  Then the receipt resolves to one submission
  And the local draft remains until server acceptance is confirmed

Scenario: Returned work starts a linked correction
  Given a submitted form is returned for correction
  When the collector opens it
  Then a linked correction revision is started

Scenario: Reject duplicate submissions and silent loss
  Given the collector taps submit repeatedly or the server times out
  When the submission is processed
  Then repeated taps reuse the same operation identity
  And a timeout enters confirmation pending rather than creating a new submission
  And closing the browser with unsaved changes shows a warning","Reject if repeated taps or a server timeout create a second submission, the local draft is removed before server acceptance, or unsaved changes are closed without a warning.",Impact Platform ledger,,,"The collector may save a local or server draft and sees which occurred. Resume restores the same submission identity and form version. Submit runs validation, confirms intended finality and returns a receipt; returned work starts a linked correction revision. Repeated taps reuse operation identity. Closing a browser with unsaved changes warns; a server timeout enters confirmation pending, not a new submission.","Interrupt during final submit, reopen and retry; the receipt resolves to one submission and the local draft remains until server acceptance is confirmed.",,,Backlog
US-FP-01,Enrol and manage a cohort,R1 Pilot,Funder portfolio,Functional,Must,Absent,Funder Portfolio Manager,"As a Funder Portfolio Manager, I want to enrol and manage a cohort, so that I can support many grantees at once.","Scenario: Bulk invite grantees to a cohort
  Given a Funder Portfolio Manager with a list of grantee organisations
  When they invite them to a cohort in one bulk action
  Then each organisation receives an invitation

Scenario: Cohort status view
  Given a cohort with invited grantees
  When the Funder Portfolio Manager opens the cohort status view
  Then the status of each grantee in the cohort is shown

Scenario: Reject organisations outside the cohort
  Given an organisation not enrolled in the Funder Portfolio Manager's cohort
  When they open the cohort status view
  Then that organisation is not shown","Reject if grantees cannot be invited in bulk, cohort status is not visible, or organisations outside the cohort are shown.",Imprana BRD,,FR-TEN-006,,Bulk invite; cohort status view,,,Backlog
US-FP-03,Portfolio impact report,R1 Pilot,Funder portfolio,Functional,Must,Partial,Funder Portfolio Manager,"As a Funder Portfolio Manager, I want a portfolio impact report, so that I can report to my board.","Scenario: Export a portfolio impact report
  Given a portfolio with shared grantee data
  When the Funder Portfolio Manager exports the impact report
  Then the report includes its methodology and data sources

Scenario: Reject a report without methodology or sources
  Given a portfolio impact report
  When its methodology or data sources are missing
  Then the report is not accepted",Reject if the report cannot be exported or omits its methodology or data sources.,Imprana BRD,,FR-RPT-006,,Exportable report with methodology and data sources,,,Backlog
FR-IAM-001,Invitations and onboarding,R1 Pilot,Identity and accounts,Functional,Must,Partial,Organisation Administrator,"As an Organisation Administrator, I want to invite people with a chosen role, scopes, expiry and intended identity and see their effective capabilities before sending, so that only the intended person gains exactly the intended membership.","Scenario: Preview and send an invitation
  Given an Organisation Administrator selects tenant, role template, explicit scopes, expiry and the intended verified identity
  When they preview the invitation
  Then the effective capabilities are shown before sending
  And the invitation expires in seven days by default

Scenario: Accept an invitation
  Given a valid invitation token and an inviter who still has authority
  When the invitee proves control of the nominated identity and accepts
  Then exactly one membership is created

Scenario: Report bulk invitation outcomes
  When the Organisation Administrator sends invitations in bulk
  Then outcomes are reported separately as created, duplicate, invalid and delivery failed
  And receiving the email alone is not treated as membership activation

Scenario: Reject forwarded, replayed or superseded invitations
  Given an invitation forwarded to a different signed in account, a token that has already been consumed, or a token invalidated by a resend
  When the token is used to accept
  Then acceptance fails
  And no protected tenant content is revealed","Reject if an invitation can be accepted by a different identity, with a consumed, superseded or expired token, or without current inviter authority, or if a failed acceptance reveals protected tenant content.",Impact Platform ledger,,,"The inviter selects tenant, role template, explicit scopes, expiry and intended verified identity. The preview shows effective capabilities before sending. Acceptance requires control of the nominated identity, token validity and current inviter authority; it creates one membership. Invites expire in seven days by default. Resend invalidates the old token. Bulk outcomes separate created, duplicate, invalid and delivery failed; receiving email alone does not prove membership activation.",Forward an invitation to a different signed in account and replay a consumed token; both fail without revealing protected tenant content.,,,Backlog
FR-IAM-002,Enterprise federation,R1 Pilot,Identity and accounts,Functional,Must,Partial,Organisation Administrator,"As an Organisation Administrator, I want to configure, test and enforce sign-in through our identity provider with safe certificate rotation, so that members sign in through our provider and no weaker path can bypass it.","Scenario: Configure and test federation before enforcing it
  Given an Organisation Administrator configures provider metadata, tenant binding and subject mapping
  When they test sign in with designated accounts
  Then federation can be enforced
  And login binds the issuer and stable subject to the intended tenant membership

Scenario: Rotate the provider certificate
  Given federation is enforced and the certificate expiry is shown
  When the Organisation Administrator performs a tested overlapping certificate rotation
  Then sign in continues under the new certificate

Scenario: Reject email-only linking and invalid assertions
  Given two different federation identities share a matching email
  When either signs in
  Then the matching email alone never joins the identities
  And an invalid assertion, wrong audience or missing assurance fails safely

Scenario: Reject local password bypass
  Given federation is enforced, the old certificate has expired and the provider is interrupted
  When a member attempts to sign in with an ordinary local password
  Then the sign in is refused
  And only separately enrolled, restricted and audited emergency local recovery remains available","Reject if a matching email alone links different federation identities, if invalid, wrong audience or under-assured assertions succeed, or if ordinary local passwords become an unreviewed bypass of enforced federation.",Impact Platform ledger,,,"An identity administrator configures provider metadata, tenant binding and subject mapping, then tests with designated accounts before enforcing federation. The product shows certificate expiry and supports a tested overlapping rotation. Login binds issuer and stable subject to the intended tenant membership. A matching email alone never joins different federation identities. Invalid assertion, wrong audience or missing assurance fails safely. Emergency local recovery remains separately enrolled, restricted and audited.","Enforce federation, expire the old certificate and interrupt the provider; ordinary local passwords cannot become an unreviewed bypass.",,,Backlog
FR-IAM-003,Multifactor and passkeys,R1 Pilot,Identity and accounts,Functional,Must,Partial,Organisation Administrator,"As an Organisation Administrator, I want to enrol a passkey or approved additional factor and confirm privileged and sensitive actions with a short-lived step-up challenge, so that my account and organisation stay protected even if a signed-in session is misused.","Scenario: Enrol a passkey
  Given an Organisation Administrator has verified their existing identity
  When they enrol a passkey or approved additional factor
  Then the factor is added to their enrolled assurance
  And the chosen authenticator discloses its device synchronisation behaviour

Scenario: Step up for a sensitive action
  Given an Organisation Administrator has signed in but not stepped up
  And a reviewed public publication is pending
  When they attempt the publication
  Then a step up challenge bound to them and to that action is required
  When they complete a valid challenge within the five minute freshness window
  Then only the reviewed pending action becomes eligible

Scenario: Reject removing the last privileged factor
  Given a privileged account with one qualifying factor
  When the member attempts to remove it without verified recovery replacing it
  Then the removal is blocked

Scenario: Reject weak or stale assurance
  Given a privileged role activation or sensitive action
  When the only factor presented is SMS, or the step up challenge has expired or is bound to a different action
  Then the activation or action is refused","Reject if a sensitive action proceeds without a fresh step up bound to the user and action, if SMS alone satisfies privileged MFA, or if the last qualifying factor on a privileged account can be removed without verified recovery.",Impact Platform ledger,,,Members enrol a passkey or approved additional factor after verifying the existing identity. Privileged role activation and sensitive actions check enrolled assurance. A step up challenge is bound to the user and intended action and expires after the proposed five minute freshness window. Removing the last qualifying factor from a privileged account is blocked unless verified recovery replaces it. SMS alone cannot satisfy privileged MFA. Device synchronisation behaviour must be disclosed by the chosen authenticator implementation.,"Attempt public publication after session login but before step up, then complete a valid challenge; only the reviewed pending action becomes eligible.",,,Backlog
FR-IAM-006,Session control,R1 Pilot,Identity and accounts,Functional,Must,Partial,Data Author,"As a Data Author, I want to see my active sessions and revoke one or all of them, with safe expiry and logout, so that a lost or shared device cannot keep access to protected data.","Scenario: View sessions
  When a Data Author views their sessions
  Then each shows a device label, approximate activity, creation and last use without unnecessary location detail

Scenario: Revoke sessions
  Given a Data Author has verified their identity
  When they revoke one session or all sessions
  Then the revoked sessions lose server authority even if a browser retains a stale screen image

Scenario: Warn before expiry
  Given a session approaching idle or absolute expiry as defined in FD04
  When the warning is shown
  Then permitted drafts are preserved before reauthentication

Scenario: Reject use of a revoked session
  Given a Data Author has two open sessions and revokes one
  When the revoked session uses browser back navigation or a queued export
  Then neither returns protected data

Scenario: Reject protected state after logout or on a shared device
  Given a Data Author has logged out or is using shared device mode
  When the browser is used to return to protected content
  Then sensitive in memory state and protected cached navigation have been cleared
  And no persistent unrestricted session is available","Reject if a revoked or logged out session can return protected data through back navigation, cached pages or queued exports, or if shared device mode allows a persistent unrestricted session.",Impact Platform ledger,,,"Members see session device label, approximate activity, creation and last use without unnecessary location detail. Revoke one or all sessions after verification. Idle and absolute expiry follow FD04; a warning preserves permitted drafts before reauthentication. Logout clears sensitive in memory state and protected cached navigation. Shared device mode disables persistent unrestricted sessions. Revocation invalidates server authority even if a browser retains a stale screen image.","Open two sessions, revoke one, then use browser back and a queued export from that session; neither returns protected data.",,,Backlog
FR-IAM-008,Membership status and expiry,R1 Pilot,Identity and accounts,Functional,Must,Partial,Organisation Administrator,"As an Organisation Administrator, I want each tenant membership to have its own active, suspended, expired or revoked status with scheduled expiry, so that access ends precisely in the right tenant without affecting other tenants or historical attribution.","Scenario: Show upcoming expiry
  Given a membership with a scheduled expiry at an absolute instant
  When the member or owner views the membership
  Then they see the upcoming expiry

Scenario: Expire a membership in one tenant only
  Given a Reviewer has memberships in tenants A and B
  When their tenant A membership expires
  Then their approvals in tenant A fail
  And their authorised work in tenant B continues
  And their account is not deleted

Scenario: Suspend a membership
  When the Organisation Administrator suspends a membership
  Then online revocation starts immediately
  And pending work is identified
  And historical attribution is unchanged

Scenario: Reject reactivation without review or revival of revoked items
  Given a suspended or expired membership
  When the Organisation Administrator reactivates it
  Then a current grant review and a new expiry where relevant are required
  But revoked links, old service secrets and independently expired delegations are not revived","Reject if expiry or suspension in one tenant affects another tenant or historical attribution, if membership expiry deletes the account, or if reactivation skips grant review or revives revoked links, old secrets or expired delegations.",Impact Platform ledger,,,"Memberships expose active, suspended, expired and revoked states independently in each tenant. A scheduled expiry uses an absolute instant; the member and owner see upcoming expiry. Suspension immediately starts online revocation and identifies pending work without changing historical attribution. Reactivation requires current grant review and new expiry where relevant. It cannot revive a revoked link, old service secret or independently expired delegation. Membership expiry is not account deletion.",Expire a reviewer in tenant A while retaining tenant B membership; A approvals fail and B authorised work continues.,,,Backlog
FR-IAM-009,Delegated user administration,R1 Pilot,Identity and accounts,Functional,Must,Partial,Organisation Administrator,"As an Organisation Administrator, I want to delegate member administration within a defined envelope with previews and independent approval for sensitive expansion, so that local administrators can manage their people without escalating privileges directly or indirectly.","Scenario: Invite or modify members within the delegation envelope
  Given a delegated administrator with a delegation envelope
  When they invite or modify a member within that envelope
  Then the grant preview shows the effective capability difference
  And any sensitive expansion is flagged for independent approval

Scenario: Recheck authority at approval
  Given a flagged grant awaiting independent approval
  When it is approved
  Then the issuer's current delegation authority is rechecked before the grant applies

Scenario: Reject indirect escalation through a group
  Given a project administrator
  When they create a group and attempt to add tenant administration through it
  Then the indirect escalation fails

Scenario: Reject delegating non-delegable rights and self elevation
  Given an administrator holds a right that is not delegable
  When they attempt to delegate it, elevate themselves, grant a role through a new group or expand scope through an import
  Then identical checks apply and the action is refused","Reject if a delegated administrator can act outside their envelope, delegate a non-delegable right, or escalate privileges through self elevation, a new group or an import.",Impact Platform ledger,,,"A delegated administrator can invite or modify members only within their delegation envelope. Grant preview computes the effective capability difference and flags sensitive expansion for independent approval. Approval rechecks the issuer's current delegation authority. An administrator cannot delegate a right they merely possess if it is not delegable. Self elevation, granting a role through a new group and scope expansion through an import use identical checks.",A project administrator creates a group and attempts to add tenant administration through it; the indirect escalation fails.,,,Backlog
FR-IAM-014,Departure and work reassignment,R1 Pilot,Identity and accounts,Functional,Must,Partial,Organisation Administrator,"As an Organisation Administrator, I want an offboarding process that revokes a leaver's access first and then reassigns, cancels or holds each item they owned, so that work continues under accountable successors without misusing the leaver's authority.","Scenario: Offboard a departing member
  When the Organisation Administrator runs the offboarding wizard for a departing member
  Then access is revoked first
  And owned sources, schedules, drafts, credentials and approval tasks are listed for an authorised successor
  And each item is reassigned, cancelled or held with an owner

Scenario: Remove a schedule owner with an export in progress
  Given a report schedule owner has an export in progress
  When they are removed
  Then receipts are preserved
  And export and delivery jobs reauthorise before any sensitive action
  And the successor decision is recorded

Scenario: Reject unapproved delivery and impersonation
  Given work from a departed member has been reassigned
  When the work continues
  Then it does not run under the departed person's orphaned human session
  And the departed person's approval decision is not transferred
  And content visibility follows the successor's explicit grants
  And unapproved delivery is prevented","Reject if access is not revoked first, if work continues under an orphaned human session, if a departed person's approval decision is transferred to a successor, or if delivery proceeds without reauthorisation.",Impact Platform ledger,,,"The offboarding wizard first revokes access, then lists owned sources, schedules, drafts, credentials and approval tasks for an authorised successor. Each item is reassigned, cancelled or held with an owner; export and delivery jobs reauthorise before any sensitive action. Reassignment is not impersonation and never transfers the departed person's approval decision. Work cannot continue under an orphaned human session. Content visibility follows the successor's explicit grants.",Remove a report schedule owner with an export in progress; the system preserves receipts but prevents unapproved delivery and records the successor decision.,,,Backlog
VF-IAM-001,Revocation time,R1 Pilot,Identity and accounts,Non-functional,Must,Absent,Organisation Administrator,"As an Organisation Administrator, I want suspensions, permission removals and credential revocations to take effect everywhere promptly, so that removed users and services lose access before they can misuse it.","Scenario: Revocation takes effect within 60 seconds across all channels
  Given an online user, grant or service credential
  When the Organisation Administrator suspends the user, removes the permission or revokes the credential
  Then access is blocked within 60 seconds across user interfaces, APIs, generated downloads, search and AI access

Scenario: Directory-initiated revocation is measured from platform receipt
  Given a revocation initiated from a directory
  When the platform receives it
  Then the 60-second bound is measured from that receipt

Scenario: Queued jobs reauthorise before sensitive actions
  Given a queued job pending a sensitive action for a revoked user or credential
  When the job is about to execute
  Then it reauthorises and does not perform the action

Scenario: Reject any protected access after 60 seconds
  Given a revocation was received by the platform more than 60 seconds ago
  When the revoked user or credential attempts protected access through any channel
  Then the access is refused
  And any successful protected access fails the gate, because 60 seconds is a maximum, not a percentile","Reject if any protected access succeeds more than 60 seconds after the platform receives a revocation, or a queued job performs a sensitive action without reauthorisation.",Impact Platform ledger,,,"Online user suspension, permission removal and credential revocation shall take effect within 60 seconds across user interfaces, APIs, generated downloads, search and AI access. Queued jobs shall reauthorise before sensitive action. Directory initiated revocation is measured from receipt by the platform. Revoke users, grants and service credentials while polling interface, API, search, AI, artifacts and pending sensitive jobs. Measure from platform receipt of the revocation.","The sixty-second bound is a maximum, not a percentile allowance. Any protected access after it fails the gate; execution reauthorisation remains mandatory.",,,Backlog
FR-IND-001,Complete indicator definition,R1 Pilot,Indicators,Functional,Must,Partial,MEL Manager,"As a MEL Manager, I want the indicator designer to require a complete measurement definition before approval, so that every approved indicator has an unambiguous meaning rather than just a label.","Scenario: Complete measurement contract shown for review
  Given a MEL Manager defining an indicator
  When they provide code, name, type, unit, population, inclusion and exclusion rules, method, source mode, time semantic, frequency, owner and limitations
  And the numerator, denominator, multiplier, direction and aggregation rule required by the type
  Then review displays a complete measurement contract

Scenario: Missing denominator blocks approval
  Given a percentage indicator with a numerator but no eligible denominator
  When the MEL Manager validates it
  Then validation links directly to the missing denominator meaning
  And approval remains unavailable

Scenario: Reject a label-only or defaulted definition
  Given an indicator with only a label, missing conditional fields, or an undefined population or unit
  When it is submitted
  Then submission is blocked
  And no undocumented default is supplied for the population or unit","Reject if an indicator can be submitted or approved with only a label, missing conditional fields, or undocumented default populations or units.",Impact Platform ledger,,,"The indicator designer requires code, name, type, unit, population, inclusion and exclusion rules, method, source mode, time semantic, frequency, owner and limitations. Conditional panels collect numerator, denominator, multiplier, direction and aggregation rule. Review displays a complete measurement contract. A label alone is never an approved definition. Missing conditional fields block submission; undefined populations or units cannot be supplied by an undocumented default.",Define a percentage with a numerator but no eligible denominator; validation links directly to the missing meaning and approval remains unavailable.,,,Backlog
FR-IND-002,Supported measurement types,R1 Pilot,Indicators,Functional,Must,Partial,MEL Manager,"As a MEL Manager, I want each measurement type to constrain the values and operations it allows, so that counts, percentages, rates, ordinal labels and imported scores are never combined in invalid ways.","Scenario: Measurement type constrains inputs
  Given a MEL Manager who selects a measurement type
  When values and operators are configured
  Then counts accept integral eligible quantities
  And percentages use compatible quantities and a multiplier of 100
  And rates declare their multiplier
  And ordinal labels retain ordered codes

Scenario: Import a reviewed external score
  Given a reviewed external composite score with external method metadata
  When it is imported
  Then its stated calculation source is retained

Scenario: Reject ordinal codes in an additive aggregate
  Given an ordinal indicator
  When a user enters an ordinal code into an additive aggregate
  Then the incompatibility is shown
  And the ordinal labels are not summed

Scenario: Reject out-of-range bounded percentages
  Given a bounded percentage without an approved alternative interpretation
  When a value outside zero to 100 is entered
  Then the value is rejected

Scenario: Reject composite scores without method metadata
  Given an imported composite score in R1 with no external method metadata
  When it is imported
  Then the import is refused","Reject if ordinal labels can be summed, a bounded percentage accepts values outside zero to 100 without approval, or a composite score is imported without external method metadata.",Impact Platform ledger,,,Selecting a measurement type constrains allowed inputs and operators. Counts accept integral eligible quantities; percentages use compatible quantities and a multiplier of 100; rates declare their multiplier; ordinal labels retain ordered codes. Imported composite scores in R1 require external method metadata. A bounded percentage rejects values outside zero to 100 unless the approved measure explicitly permits a different interpretation. Native weighted composition is R2; ordinal labels cannot be summed.,Enter an ordinal code into an additive aggregate and confirm incompatibility; import a reviewed external score and retain its stated calculation source.,,,Backlog
FR-IND-003,Baselines and targets,R1 Pilot,Indicators,Functional,Must,Partial,MEL Manager,"As a MEL Manager, I want to set versioned baselines and targets with a declared direction and interpretation, so that progress is calculated correctly for higher, lower, range and milestone targets.","Scenario: Record a baseline or target
  Given a MEL Manager defining a target
  When they set measurement date or period, target kind, value, unit, direction and version
  And choose higher, lower, within range or milestone interpretation
  Then progress uses the declared formula
  And shows whether the original or revised target is selected

Scenario: Overachievement against a higher target
  Given a higher target of 100
  When the actual is 120
  Then attainment displays 120 percent
  And it is not capped

Scenario: Lower target achieved
  Given a lower target of 10
  When the actual is 8
  Then the result shows achieved and the defined deviation

Scenario: Reject dividing by a zero target
  Given a zero target
  When progress is calculated
  Then milestone or reviewed difference logic is used rather than dividing by zero
  And an undefined target ratio displays as undefined","Reject if overachievement is capped, a zero target is used as a divisor, or an undefined ratio is shown as a number.",Impact Platform ledger,,,"Targets and baselines identify measurement date or period, target kind, value, unit, direction and version. The user chooses higher, lower, within range or milestone interpretation. Progress uses the declared formula and displays original or revised target selection. Do not cap overachievement. Undefined target ratios show undefined; a zero target uses milestone or reviewed difference logic rather than dividing by zero.",With an actual of 120 and higher target 100 display 120 percent attainment; with lower target 10 and actual 8 show achieved and the defined deviation.,,,Backlog
FR-IND-004,Target amendments,R1 Pilot,Indicators,Functional,Must,Partial,MEL Manager,"As a MEL Manager, I want to amend targets through reviewed versions with reason, effective date and affected periods, so that targets can change without rewriting reports that are already frozen.","Scenario: Review a target amendment
  Given a proposed target amendment with reason, effective date and affected periods
  When a Reviewer opens it
  Then the review compares original, currently effective and proposed values
  And approval retains all earlier versions and identifies any explicit restatement request

Scenario: Amend a target after lock
  Given a quarter target of 1000 and a locked report for that quarter
  When the target is changed to 800 and approved
  Then the original report remains against 1000
  And a restated comparison is distinctly labelled

Scenario: Reject retrospective changes to a frozen report
  Given a target amendment effective after a locked quarter
  When it is approved without a separately approved restatement
  Then it applies only prospectively
  And the frozen report is unchanged",Reject if a target amendment retrospectively changes a frozen report or discards earlier target versions.,Impact Platform ledger,,,"Target amendment creates a proposed version with reason, effective date and affected periods. The review compares original, currently effective and proposed values. Approval retains all earlier versions and identifies any explicit restatement request. A new target never retrospectively changes a frozen report. A target effective after a locked quarter applies only prospectively unless a separately approved restatement chooses another comparison.",Change a quarter target from 1000 to 800 after lock; the original report remains against 1000 and a restated comparison is distinctly labelled.,,,Backlog
FR-IND-005,Reporting periods,R1 Pilot,Indicators,Functional,Must,Partial,MEL Manager,"As a MEL Manager, I want observations assigned to reporting periods by event date and reporting zone, so that late uploads land in the correct period and are flagged rather than misplaced.","Scenario: Boundary event belongs to the new quarter
  Given quarters with inclusive start and exclusive end in the reporting zone
  When an event occurs exactly at midnight on the new quarter boundary and is uploaded two days later
  Then it belongs only to the new quarter

Scenario: Receipt time sets timeliness only
  Given a measurement contract that does not use receipt time
  When an observation is received late
  Then period membership follows the event date
  And the late entry is flagged

Scenario: Late entry for a locked period
  Given a locked period
  When a late observation for that period arrives
  Then it is routed to restatement review

Scenario: Reject summing overlapping windows as official periods
  Given overlapping analytical windows that reuse observations
  When a user sums them as disjoint official periods
  Then the sum is refused","Reject if an observation lands in the wrong or more than one official period, receipt time sets membership without contract approval, or overlapping windows are summed as disjoint official periods.",Impact Platform ledger,,,"The calendar assigns observations using the chosen event date and reporting zone, with inclusive start and exclusive end. Receipt time determines timeliness, not period membership, unless the measurement contract explicitly uses receipt time. Overlapping analytical windows may reuse observations but cannot be summed as disjoint official periods. Late entry is flagged and locked periods route to restatement review.","An event exactly at midnight on the new quarter boundary belongs only to the new quarter, even when uploaded two days later.",,,Backlog
FR-IND-006,Disaggregation dimensions,R1 Pilot,Indicators,Functional,Must,Partial,MEL Manager,"As a MEL Manager, I want to define versioned disaggregation dimensions with explicit missing, unknown and declined codes, so that breakdowns are accurate and overlapping categories never distort unique reach.","Scenario: Define a dimension
  Given a MEL Manager setting up a dimension
  When they define codes, labels, applicability, exclusivity and exhaustiveness
  Then missing, unknown and declined are available as explicit codes where appropriate
  And submissions store the dimension version and codes

Scenario: Multiselect categories keep unique totals
  Given one participant who selects two service types
  When results are aggregated
  Then both categories count the event as defined
  And the unique participant total remains one
  And the category sum is labelled nonadditive

Scenario: Changed scheme uses a crosswalk
  Given a category scheme that has changed
  When data across scheme versions is aligned
  Then a reviewed crosswalk is used

Scenario: Reject forcing overlapping categories to reconcile
  Given multiselect categories
  When a view tries to reconcile the category sum to unique reach
  Then the reconciliation is refused","Reject if multiselect category sums are presented as additive or forced to reconcile to unique reach, or a changed scheme is aligned without a reviewed crosswalk.",Impact Platform ledger,,,"Dimension setup defines codes, labels, applicability, exclusivity and exhaustiveness. Missing, unknown and declined are explicit codes where appropriate. The submission stores dimension version and codes; a changed category scheme uses a reviewed crosswalk. Multiselect categories can count an entity several times across categories, so category sum is labelled nonadditive. Do not force overlapping categories to reconcile to unique reach.",One participant selects two service types; both categories count the event as defined and the unique participant total remains one.,,,Backlog
FR-IND-007,Missing and exceptional values,R1 Pilot,Indicators,Functional,Must,Partial,Data Author,"As a Data Author, I want to record why a value is missing, not collected or not applicable separately from its number and status, so that blanks are never treated as zeros and every state is reported clearly.","Scenario: Record a reason for a non-numeric state
  Given a Data Author entering or importing a value
  When they mark it not collected or not applicable
  Then they must choose a reason
  And the value state is stored separately from numeric value, workflow status and disclosure status
  And eligibility rules govern whether it is removed from the denominator

Scenario: Export distinct value states
  Given rows that are zero, missing, not applicable, invalid and pending
  When they are exported
  Then each has a distinct machine code and matching human label
  And views apply the value state matrix in section 4.2

Scenario: Reject blanks as zero
  Given a blank cell in entry or import
  When it is saved
  Then it does not become zero

Scenario: Reject suppressed or pending values in results
  Given a suppressed value and a value pending approval
  When results are disclosed and official totals computed
  Then the suppressed numeric payload is removed from the disclosed result
  And the pending value is excluded from official totals","Reject if a blank becomes zero, value states share codes, a suppressed numeric payload is disclosed, or pending values enter official totals.",Impact Platform ledger,,,"Entry and import expose value state separately from numeric value, workflow status and disclosure status. Views use the matrix in section 4.2. Users must choose a reason for not collected or not applicable; eligibility rules govern denominator removal. A blank cell does not become zero. Suppression removes numeric payload from the disclosed result, while pending approval stays excluded from official totals.","Export zero, missing, not applicable, invalid and pending rows; each has a distinct machine code and matching human label.",,,Backlog
FR-IND-008,Definition versioning,R1 Pilot,Indicators,Functional,Must,Partial,MEL Manager,"As a MEL Manager, I want material definition edits to create a new version with a comparison report and a comparability decision, so that trends and totals are never combined across incompatible definitions.","Scenario: Material edit creates a child version
  Given an approved indicator definition
  When the MEL Manager makes a material edit
  Then a child version is created
  And a comparison report identifies unit, population, source, method, dimensions and aggregation changes
  And the Reviewer marks comparability as compatible, transformed by approved rule or broken

Scenario: Cosmetic label correction
  Given an indicator label with a cosmetic error
  When it is corrected
  Then semantic identity may be retained
  And the change is audited

Scenario: Reject combining broken versions
  Given a definition changed from households to people
  When a user requests a combined total
  Then the combined total is blocked until a justified conversion or separate series is selected
  And no continuous trend line or portfolio pool spans the broken versions without explicit qualified treatment","Reject if a trend line, total or portfolio pool spans broken definition versions without explicit qualified treatment, or a cosmetic change goes unaudited.",Impact Platform ledger,,,"A material definition edit creates a child version and a comparison report identifying unit, population, source, method, dimensions and aggregation changes. The reviewer marks comparability as compatible, transformed by approved rule or broken. No continuous trend line or portfolio pool across broken versions without explicit qualified treatment. Cosmetic label corrections may retain semantic identity but remain audited.",Change households to people; the application blocks a combined total until a justified conversion or separate series is selected.,,,Backlog
FR-IND-010,Manual and calculated results,R1 Pilot,Indicators,Functional,Must,Partial,MEL Manager,"As a MEL Manager, I want each result to declare whether it is entered, imported, calculated or aggregated, and manual overrides to keep the computed value beside the approved replacement, so that official figures stay transparent and traceable.","Scenario: Change of actual mode requires approval
  Given an indicator whose actual mode is calculated
  When a user changes it to entered
  Then a new approved measurement version or amendment is required

Scenario: Override a computed value
  Given a computed value of 94
  When an override to 90 is proposed with period and reason and approved by an independent Reviewer
  Then the report records the override and explanation
  And retains the calculation of 94
  And views show both values with the official selection

Scenario: Remove an override
  Given an approved override
  When it is removed through another attributable decision
  Then the approved calculation is restored

Scenario: Reject import or API overwrite of calculated results
  Given a calculated result field
  When an import or API client sends a value for it
  Then the write is refused","Reject if imports or API clients overwrite a calculated result, actual mode changes without an approved version, or an override loses the computed value or lacks independent approval.",Impact Platform ledger,,,"Actual mode is entered, imported, calculated or aggregated. Changing mode requires a new approved measurement version or amendment. A manual override records computed value, proposed replacement, period, reason and independent approval; views show both with the official selection. Import and API clients cannot overwrite a calculated result field. Removing an override restores the approved calculation through another attributable decision.",Computed value 94 is overridden to 90 after review; the report records the override and explanation while retaining the calculation of 94.,,,Backlog
FR-IND-012,Responsibility and collection schedule,R1 Pilot,Indicators,Functional,Must,Partial,Programme Manager,"As a Programme Manager, I want indicator schedules to create assigned obligations with a collector, independent reviewer, due time and escalation owner, so that collection never silently stalls when people change roles or leave.","Scenario: Schedule creates assigned obligations
  Given an indicator schedule with an active date range
  When it is instantiated
  Then obligations are created with a collector, independent reviewer, due time and escalation owner

Scenario: Preview an assignment change
  Given a collector with open work and future obligations
  When the Programme Manager changes the assignment
  Then the preview shows open work and future obligations separately

Scenario: Suspended collector creates reassignment work
  Given a collector suspended one day before due
  When the Programme Manager views the obligation
  Then it shows as unassigned
  And they can appoint an eligible replacement

Scenario: Reject silent routing on departure
  Given a collector whose account has been revoked
  When their obligations come due
  Then no task is sent to the revoked account
  And no obligation is marked complete
  And historic owners remain attributed","Reject if tasks are sent to a revoked account, obligations are marked complete on departure, or historic owners lose attribution.",Impact Platform ledger,,,"An indicator schedule instantiates obligations for the active date range and assigns a collector, independent reviewer, due time and escalation owner. Assignment change previews open work and future obligations separately. Departure creates reassignment work; it never silently sends tasks to a revoked account or marks obligations complete. Historic owners remain attributed.",Suspend the collector one day before due; the manager sees an unassigned obligation and can appoint an eligible replacement.,,,Backlog
FR-INT-001,Connector qualification,R1 Pilot,Integrations and connectors,Functional,Must,Absent,Data Steward,"As a Data Steward, I want each connector to declare a qualification profile of what it supports and to activate only after a passing fixture and approved mapping, so that I know exactly what will sync and nothing is deleted unexpectedly.","Scenario: Qualify a connector
  Given a connector with a qualification profile naming supported objects, direction, upstream version, keys, pagination, updates, deletions, attachments, limits and authoritative fields
  When create, update, delete, replay and attachment cases are exercised
  Then source and destination counts reconcile
  And every unsupported field is recorded in a qualification manifest
  And unsupported upstream capabilities are declared on the configuration screen

Scenario: Reject activation without a passing fixture or approved mapping
  Given a connector without a passing fixture or approved mapping for the selected scope
  When the Data Steward attempts to activate it
  Then activation is refused

Scenario: Reject destructive deletion propagation
  Given a record is deleted in the source system
  When no reviewed deletion contract exists
  Then the deletion is not propagated as a destructive action","Reject if a connector activates without a passing fixture and approved mapping, unsupported capabilities are not declared, or source deletions propagate destructively without a reviewed deletion contract.",Impact Platform ledger,,,"Each connector has a qualification profile naming supported objects, direction, upstream version, keys, pagination, updates, deletions, attachments, limits and authoritative fields. Activation requires a passing fixture and approved mapping for the selected scope. Unsupported upstream capabilities are declared in the configuration screen. Source deletions are not propagated as destructive actions without the reviewed deletion contract.","Exercise create, update, delete, replay and attachment cases; reconcile source and destination counts and every unsupported field in a qualification manifest.",,,Backlog
FR-INT-002,Connection lifecycle,R1 Pilot,Integrations and connectors,Functional,Must,Absent,Data Steward,"As a Data Steward, I want to connect existing systems through a protected credential flow with bounded scope, a safe test and recorded ownership, so that data is entered once and connections stop cleanly when authorisation is revoked.","Scenario: Set up and activate a connection
  Given the Data Steward is the connection owner
  When they enter credentials through the protected flow, select a bounded scope and test the connection
  Then the test uses a minimal sample and displays safe identity and permission results
  And activation records expiry, cadence, mapping and a responsible backup owner

Scenario: Reject continuing a queued run after revocation
  Given a run is queued
  When upstream authorisation is revoked
  Then the run reports credential unavailable
  And it does not continue under another person's token or any hidden fallback account
  And future jobs stop and the old credentials are invalidated

Scenario: Reject reading back stored secrets
  Given credentials have been entered for a connection
  When anyone attempts to view them
  Then the secrets are not displayed","Reject if secrets can be read after entry, or a revoked connection keeps running under another person's token or a hidden fallback account.",Impact Platform ledger + BRD,US-DP-01,,"The connection owner enters credentials through a protected flow and selects bounded scope. Testing uses a minimal sample and displays safe identity and permission results. Activation records expiry, cadence, mapping and responsible backup owner. Secrets are write only after entry. Revocation stops future jobs and invalidates old credentials; no hidden fallback account is used.",Revoke upstream authorisation while a run is queued; the run reports credential unavailable and does not continue under another person's token.,,,Backlog
FR-INT-003,Reliable job execution,R1 Pilot,Integrations and connectors,Functional,Must,Absent,Data Steward,"As a Data Steward, I want integration runs to checkpoint progress, retry transient failures, pause on permanent failures and quarantine problem items, so that interrupted or failing runs resume without losing or duplicating data.","Scenario: Resume an interrupted run
  Given a run of 100 records is interrupted after 60
  When the run resumes
  Then the first 60 records are recognised
  And exactly 40 remaining intended effects occur

Scenario: Transient failures follow the default retry schedule
  Given a run encounters a transient failure
  When retries are attempted
  Then they follow the default schedule of one, five, fifteen and sixty minutes
  And the item then goes to manual review

Scenario: Permanent failures pause and poison items are quarantined
  Given a run encounters a poison item or a permanent schema or policy failure
  When the run processes it
  Then a poison item is quarantined while permitted partial processing continues and reconciles outcomes
  And a permanent schema or policy failure pauses the run

Scenario: Reject advancing the checkpoint past unapplied items
  Given required items in a run have not been applied
  When the run attempts to commit its checkpoint
  Then the checkpoint is not advanced past those items unless a recoverable exception manifest exists","Reject if a resumed run duplicates or skips records, or a committed checkpoint advances past unapplied required items without a recoverable exception manifest.",Impact Platform ledger,,,"A run has source checkpoint, mapping version, item identities and attempts. Transient failures use bounded retries; permanent schema or policy failures pause. Poison items are quarantined while permitted partial processing continues and reconciles outcomes. Do not advance a committed checkpoint past unapplied required items without a recoverable exception manifest. Default transient retry schedule is one, five, fifteen and sixty minutes, then manual review.",Interrupt after 60 of 100 records and resume; the first 60 are recognised and exactly 40 remaining intended effects occur.,,,Backlog
FR-MIG-007,Full tenant export,R1 Pilot,Migration and exit,Functional,Must,Absent,Executive Director,"As an Executive Director, I want a full machine-readable export of our tenant's records, relationships, files, dictionaries, versions, permitted decisions and configuration with a manifest, so that we own our data and can rebuild it outside the platform.","Scenario: Reconstruct relationships outside the application
  Given a full tenant export package
  When it is used outside the application
  Then programme-to-indicator-to-result-to-report relationships can be reconstructed
  And sample file integrity is verified

Scenario: Manifest describes the export
  Given a completed tenant export
  When the manifest is inspected
  Then it records counts, integrity references, exclusions and restoration instructions independent of internal infrastructure

Scenario: Reject silent omission of secrets
  Given configuration containing secret values
  When the export is built
  Then secret values are excluded
  And they are listed in the manifest as requiring reconfiguration

Scenario: Reject bypassing sensitive content policy on exit
  Given an owner initiates exit
  When the export reaches sensitive content
  Then access to that content remains policy governed","Reject if the export cannot reconstruct core relationships outside the application, includes secret values, or leaves excluded secrets unlisted in the manifest.",Impact Platform ledger + BRD,NFR-02,,"Tenant export builds a machine readable object and relationship package, files, dictionaries, versions, permitted decisions and configuration. The manifest records counts, integrity references, exclusions and restoration instructions independent of internal infrastructure. An owner may initiate exit but sensitive content access remains policy governed. Secret values are excluded and listed as requiring reconfiguration, not silently omitted from the manifest.",Reconstruct programme-to-indicator-to-result-to-report relationships and verify sample file integrity outside the application using the export package.,,,Backlog
VF-AIQ-001,Evaluation set quality,R1 Pilot,NFR AI quality,Non-functional,Must,Absent,Product Owner,"As a Product Owner, I want each enabled AI use case evaluated on a representative held-out set that includes difficult cases, so that quality claims reflect real use across released languages and sectors.","Scenario: Held-out set meets size and difficulty requirements
  Given an enabled AI use case
  When its held-out evaluation set is reviewed
  Then it has at least 200 representative cases where feasible
  And at least 20 percent are boundary, unsupported or adversarial cases
  And it is separate from tuning

Scenario: Language and sector coverage is evidenced
  Given a released language and sector
  When evaluation coverage is reviewed
  Then explicit coverage evidence exists for it

Scenario: Reject unjustified small sets or paraphrase padding
  Given a specialist evaluation set below the required case count
  When it has no documented justification, named risk decision and scope limitation
  Then the set is rejected
  And duplicated paraphrases are not counted as representative task coverage","Reject if a small specialist set lacks a named risk decision and scope limitation, difficult cases fall below 20 percent, or duplicated paraphrases substitute for representative coverage.",Impact Platform ledger,,,"Each enabled use case shall have a held out evaluation set with at least 200 representative cases where feasible, including at least 20 percent boundary, unsupported or adversarial cases. Small specialist sets require documented justification and risk review. Each released language and sector must have explicit coverage evidence. Review each held out set for at least the required case count where feasible, twenty percent difficult or adversarial cases, language and sector coverage and separation from tuning.",Specialist small sets need a named risk decision and scope limitation. Duplicated paraphrases do not substitute for representative task coverage.,,,Backlog
VF-AIQ-002,Evidence and numeric accuracy,R1 Pilot,NFR AI quality,Non-functional,Must,Absent,MEL Manager,"As a MEL Manager, I want AI evidence answers to be factually supported, correctly cited and numerically exact against official results, so that I can rely on them in reporting.","Scenario: Factual support and citation accuracy meet thresholds
  Given the approved evaluation set
  When factual claims and citation locations are scored with separate denominators
  Then at least 95 percent of factual claims are supported
  And at least 98 percent of citation locations are correct

Scenario: Official numeric values match tool results
  Given an answer presents a numeric value as an official result
  When it is compared to the authoritative tool result
  Then the values match

Scenario: Reject release on a critical unsupported claim or wrong official number
  Given average factual and citation scores that meet the thresholds
  When a critical unsupported consequential claim or one wrong official numeric value is found
  Then the affected release fails","Reject if any critical unsupported consequential claim or wrong official numeric value appears regardless of average scores, or supported claims fall below 95 percent or correct citations below 98 percent.",Impact Platform ledger,,,Evidence question answering shall achieve at least 95 percent supported factual claims and at least 98 percent correct citation locations on the approved set. Every numeric value presented as an official result shall match the authoritative tool result. A critical unsupported consequential claim blocks release regardless of the average score. Score factual claims and citation locations with separate denominators; compare every official numeric value to its tool result. Review consequential unsupported claims individually.,A critical unsupported claim or one wrong official numeric value fails the affected release regardless of average citation performance.,,,Backlog
VF-AIQ-004,Leakage and action safety,R1 Pilot,NFR AI quality,Non-functional,Must,Absent,Platform Operator,"As a Platform Operator, I want AI features shown to resist cross-tenant leakage, secret disclosure and unauthorised actions under adversarial testing, so that manipulated inputs cannot expose data or act without permission.","Scenario: Adversarial suite shows zero successful attacks
  Given synthetic tenant leakage, indirect prompt injection, stale source access, conversation copying, secret request and tool escalation scenarios with traceable markers
  When the adversarial suite is run
  Then there are zero successful cross-tenant disclosures
  And zero unauthorised tool actions
  And zero secret disclosures

Scenario: Pass is reported as a test criterion
  Given the adversarial suite passes
  When the result is reported
  Then it is stated as a test acceptance criterion, not proof of zero real-world risk

Scenario: Reject a capability after any observed success
  Given any observed successful disclosure or unauthorised action
  When the affected capability is assessed
  Then the capability is blocked until the failure is resolved","Reject if any successful cross-tenant disclosure, secret disclosure or unauthorised tool action is observed in the defined adversarial suite.",Impact Platform ledger,,,"Adversarial qualification shall show zero successful cross tenant disclosures, unauthorised tool actions or secret disclosures in the defined test suite. This is a test acceptance criterion, not proof that real world risk is zero. Any observed failure blocks the affected capability until resolved. Run synthetic tenant leakage, indirect prompt injection, stale source access, conversation copying, secret requests and tool escalation scenarios with traceable markers.","Zero observed successful disclosures or unauthorised actions is a test criterion, not proof of zero real-world risk. Any success blocks the capability.",,,Backlog
VF-AUD-001,Audit coverage and retention,R1 Pilot,NFR audit,Non-functional,Must,Partial,Organisation Administrator,"As an Organisation Administrator, I want all security and business audit events captured, searchable and retained without secrets or unnecessary personal data, so that I can investigate activity and demonstrate accountability.","Scenario: Every audit event class is captured and searchable
  Given every defined audit event class is executed, including denied operations, restricted reads and privileged actions
  When an authorised reviewer searches the audit log
  Then each event is found
  And command receipts reconcile to immutable events and a permitted audit export

Scenario: Retention defaults are applied and verified separately
  Given security event metadata and business audit events
  When retention is applied
  Then security event metadata expires by default after 365 days
  And longer business audit retention follows tenant policy and is verified separately

Scenario: Reject secrets or unnecessary personal payloads in audit events
  Given captured audit events
  When they are inspected
  Then any secret value fails the check
  And any unnecessary personal payload fails the check","Reject if any defined audit event class is missing or unsearchable, default and business retention are not verified separately, or events contain secrets or unnecessary personal payloads.",Impact Platform ledger,,,"All defined security and business audit event classes shall be captured and searchable by authorised reviewers. Default security event metadata retention shall be 365 days; longer business audit retention shall follow tenant policy. Secret values and unnecessary personal payloads shall not be logged. Execute every audit event class in section 35, including denied operations, restricted reads and privileged actions. Reconcile command receipts to immutable events and a permitted audit export.",Verify default metadata expiry and longer governed business retention separately. Inspect events for secrets and unnecessary personal payloads.,,,Backlog
VF-AVL-001,Core availability,R1 Pilot,NFR availability,Non-functional,Must,Absent,Data Author,"As a Data Author, I want sign-in, record access, submission, approval and published reports to be reliably available, so that I can do my work whenever I need to.","Scenario: Each critical journey meets 99.9 percent monthly availability
  Given synthetic journeys for authentication, read, submission, approval and report access
  When monthly availability is measured
  Then each journey achieves at least 99.9 percent availability for each material tenant cohort

Scenario: Planned maintenance counts against the objective
  Given planned maintenance or a platform-dependent outage affects a critical journey
  When monthly bad minutes are calculated
  Then those minutes count against the 99.9 percent internal objective

Scenario: Reject a single aggregate availability figure
  Given monthly availability results
  When only a single aggregate availability number is reported
  Then the evidence is rejected as insufficient
  And excluding planned maintenance or platform-dependent outages from bad minutes is rejected","Reject if any critical journey or material tenant cohort falls below 99.9 percent monthly availability, planned maintenance is excluded, or only a single aggregate figure is reported.",Impact Platform ledger + BRD,NFR-12,,"The internal core service objective shall be at least 99.9 percent monthly availability for supported authentication, record access, submission, approval and access to published reports. Measure each critical journey and material tenant cohort. Planned maintenance affecting these journeys counts against this internal objective. Define successful synthetic journeys for authentication, read, submission, approval and report access; measure monthly bad minutes and failed-request evidence per material cohort.",Planned maintenance and platform-dependent outages count for this internal objective. A single aggregate availability number is insufficient.,,,Backlog
VF-AVL-002,Dependency degradation,R1 Pilot,NFR availability,Non-functional,Must,Partial,Data Author,"As a Data Author, I want failures in AI, email, external data collection or BI to be isolated and clearly flagged, so that I can keep doing core manual work and know what is stale or queued.","Scenario: Core manual workflows continue when an independent dependency fails
  Given AI, email, the survey connector or BI retrieval has failed independently
  When a Data Author performs manual entry, deterministic calculations and access to existing approved reports
  Then those core workflows remain available

Scenario: Affected function, stale data and queued actions are shown
  Given a dependency has failed
  When a Data Author uses the platform
  Then the affected function is identified
  And stale data and queued actions are labelled

Scenario: Reject false isolation claims
  Given a failed dependency that is actually required for the tested journey
  When isolation results are reported
  Then isolation is not claimed for that journey
  And the dependency is declared and the affected cohort is reported","Reject if isolation is claimed for a journey that actually requires the failed dependency, or core manual workflows fail while their independent dependencies are healthy.",Impact Platform ledger,,,"AI, email, external data collection and BI failures shall be isolated where possible. Users shall see the affected function, stale data and queued actions. Core manual workflows shall remain available when their independent dependencies are healthy. Independently fail AI, email, survey connector and BI retrieval. Complete manual entry, deterministic calculations and existing approved report access while inspecting queued work and status labels.",Do not claim isolation when the failed dependency is actually required for the tested journey; declare that dependency and report the affected cohort.,,,Backlog
VF-DIN-001,Calculation correctness,R1 Pilot,NFR data integrity,Non-functional,Must,Partial,MEL Manager,"As a MEL Manager, I want every official calculation to match independently prepared expected results exactly, so that published results can be trusted.","Scenario: Golden corpus passes exactly before release
  Given the approved deterministic golden corpus CAL01 through CAL20 with version, correction, missingness and permission variants
  When it is run against independently prepared expected results
  Then every case passes exactly at the defined precision
  And raw and displayed decimals and report bindings match

Scenario: Corpus covers the required calculation semantics
  Given the approved golden corpus
  When its coverage is reviewed
  Then it covers pooled ratios, distinct counts, period semantics, dimensions, corrections, rounding, missingness, cycles and permissions

Scenario: Reject release with an unexplained discrepancy
  Given an unexplained difference between an official result and its expected result
  When the release gate is evaluated
  Then the release is blocked
  But a numerical tolerance is applied only where the approved calculation contract defines it","Reject if any unexplained official result discrepancy exists, or a numerical tolerance is applied that the approved calculation contract does not define.",Impact Platform ledger,,,"The entire approved deterministic golden corpus shall pass exactly at the defined precision before release. It shall cover pooled ratios, distinct counts, period semantics, dimensions, corrections, rounding, missingness, cycles and permissions. There shall be zero unexplained official report reconciliation differences. Run CAL01 through CAL20 and their version, correction, missingness and permission variants against independently prepared expected results. Compare raw and displayed decimals and report bindings.",Any unexplained official result discrepancy blocks release. Numerical tolerance applies only when the approved calculation contract defines it.,,,Backlog
VF-DIN-002,Concurrent change integrity,R1 Pilot,NFR data integrity,Non-functional,Must,Partial,Data Author,"As a Data Author, I want concurrent edits, approvals and retries to be handled safely, so that no update is silently lost, no achievement is duplicated and no stale version is approved.","Scenario: Concurrent edits do not silently overwrite each other
  Given two Data Authors edit the same record at the same time
  When both save
  Then one save completes with recorded effects
  And the stale save is rejected explicitly rather than silently overwriting the other

Scenario: Repeated commands and interrupted jobs do not duplicate results
  Given an import command is repeated or a bulk job is interrupted
  When processing finishes
  Then no achievement is duplicated
  And the operation either completes with recorded effects or returns an explicit recoverable partial outcome with complete per-item receipts

Scenario: Approvals apply only to the reviewed version
  Given a Reviewer approved an earlier version of a record
  And a new candidate version has since been submitted
  When approval is applied
  Then the earlier decision is not used to approve the new candidate

Scenario: Reject silent overwrite, duplicate result or stale approval
  Given racing edits, racing approvals, repeated imports and interrupted bulk jobs
  When outcomes are verified
  Then any silent last-write overwrite fails
  And any duplicate intended result fails
  And any approval of a new candidate using an old decision fails","Reject if any silent last-write overwrite, duplicate intended result or approval of a new candidate using an old decision occurs.",Impact Platform ledger,,,"Concurrent edits and retries shall not silently lose updates, duplicate achievements or approve stale versions. Business transactions shall either complete with recorded effects or return a recoverable explicit partial outcome where the operation permits one. Race two edits, two approvals, repeated import commands and interrupted bulk jobs. Verify declared atomic boundaries, stale rejection and complete per-item receipts.","No silent last-write overwrite, duplicate intended result or approval of a new candidate using an old decision is acceptable.",,,Backlog
VF-OBS-001,Operational diagnosability,R1 Pilot,NFR observability,Non-functional,Must,Partial,Platform Operator,"As a Platform Operator, I want failures traceable across user actions, jobs and integrations, and critical failures alerted quickly without exposing secrets, so that I can diagnose and fix problems for the right tenant fast.","Scenario: Failure is traced with one correlation reference
  Given failures injected at report receipt, calculation, rendering and delivery
  When the Platform Operator traces a failure
  Then one safe correlation reference links the user action, background jobs and integration events across the authorised stages
  And logs support tenant-scoped diagnosis while keeping audit separate

Scenario: Critical failure alert is raised within 5 minutes
  Given a critical service failure meets its defined detection condition
  When the alert is generated
  Then it is created within 5 minutes of the detection condition

Scenario: Reject missing context, secrets or late alerts
  Given diagnostics and alerts from the injected failures
  When they are inspected
  Then missing tenant context fails the gate
  And any secret payload in diagnostics fails the gate
  And a critical alert delayed beyond 5 minutes fails the gate","Reject if diagnostics lack tenant context or contain secret payloads, or a critical alert is created more than 5 minutes after its detection condition.",Impact Platform ledger,,,"Failures shall have correlation references linking user actions, background jobs and integration events without exposing secrets. Critical service failure alerts shall be generated within 5 minutes of detection conditions. Logs shall support tenant scoped diagnosis and audit separation. Inject failures at report receipt, calculation, rendering and delivery. Trace one safe correlation reference across the authorised stages and measure alert creation after the defined detection condition.","Missing tenant context, secret payloads in diagnostics or critical alert delay beyond five minutes fails the relevant gate.",,,Backlog
VF-PER-001,Interactive response,R1 Pilot,NFR performance,Non-functional,Must,Partial,Data Author,"As a Data Author, I want ordinary reads, list views, saves and approvals to respond quickly under normal load, so that I can work without waiting.","Scenario: Interactive actions meet response targets
  Given the standard workload with concurrent background work
  And action start, usable response and durable confirmation are instrumented separately for reads, 100-row lists, saves and approvals
  When the complete peak and soak profile is run
  Then each action class completes at p95 within 2 seconds and p99 within 5 seconds from user action to usable confirmed response
  And per-tenant p95, p99, timeout and error counts are reported

Scenario: Long jobs are excluded only when asynchronous
  Given a long job
  When it is excluded from the interactive targets
  Then it is explicitly routed asynchronously

Scenario: Reject any action class or tenant cohort outside its bound
  Given the measured results
  When any action class or material tenant cohort exceeds p95 2 seconds or p99 5 seconds
  Then the verification fails
  But fast reads are not combined with slow approvals to hide a failure","Reject if any action class or material tenant cohort exceeds p95 2 seconds or p99 5 seconds, or results are combined across classes to hide a failure.",Impact Platform ledger,,,"Under the standard workload, ordinary record reads, list views with up to 100 returned rows, saves and approval actions shall complete at p95 within 2 seconds and p99 within 5 seconds measured from user action to usable confirmed response. Long jobs are excluded only if explicitly routed asynchronously. Instrument action start, usable response and durable confirmation for reads, 100-row lists, saves and approvals separately. Run the complete peak and soak profile with concurrent background work; report per tenant p95, p99, timeout and error counts.",Fail any action class or material tenant cohort outside its bound; do not combine fast reads with slow approvals to hide a failure.,,,Backlog
VF-PER-006,Data freshness,R1 Pilot,NFR performance,Non-functional,Must,Partial,Programme Manager,"As a Programme Manager, I want live dashboards to show newly approved results quickly, with collection and review delays shown separately, so that I can trust I am seeing current figures.","Scenario: Dashboard reflects a new approved result within 60 seconds at p95
  Given a submission has been approved
  And its bounded calculation has finished
  When the Programme Manager views the live dashboard
  Then the new approved result is shown within 60 seconds at p95 of calculation completion
  And version identifiers prove the new result is the one displayed

Scenario: Collection and review delays are shown separately
  Given source receipt, validation, approval and calculation completion times are recorded
  When data freshness is reported
  Then external source cadence and human review delay are displayed separately from the 60-second propagation metric

Scenario: Reject hidden delays or slow propagation
  Given a data freshness measurement
  When collection or human review delay is hidden inside the propagation metric
  Then the measurement is rejected
  And propagation taking longer than 60 seconds at p95 from calculation completion fails the target","Reject if dashboards take longer than 60 seconds at p95 after calculation completion to show the new approved result, or collection and human review delays are hidden in the metric.",Impact Platform ledger,,,"After a submission is approved and its bounded calculation finishes, live dashboards shall reflect the new approved result within 60 seconds at p95. External source cadence and human review delays shall be displayed separately rather than hidden in this metric. Record source receipt, validation, approval, calculation completion and first visible updated dashboard result. Use version identifiers to prove the new result is actually shown.","Measure the sixty-second propagation from calculation completion, while separately exposing collection and human review delay.",,,Backlog
VF-PRT-001,Portability and exit quality,R1 Pilot,NFR portability,Non-functional,Must,Absent,Organisation Administrator,"As an Organisation Administrator, I want a complete, documented export of my organisation's data and attachments, so that we can leave or reuse our data without losing relationships or meaning.","Scenario: Standard tenant export is delivered within 24 hours
  Given a standard tenant with up to one million structured rows and 10 GB of attachments
  When the Organisation Administrator requests a tenant export under the agreed service process
  Then a complete asynchronous package with a documented manifest and machine-readable relationships is delivered within 24 hours
  And completeness, integrity, permissions and exclusions are verified within that time

Scenario: Package is usable outside the product
  Given the delivered export package
  When representative relationships and selected reports are reconstructed using only the package documentation
  Then the reconstruction succeeds

Scenario: Larger exports show an estimate and progress
  Given a tenant larger than the standard size
  When an export is requested
  Then a visible estimate and progress are shown

Scenario: Reject a collection of unlabelled files
  Given an export made up of unlabelled CSV files
  When it is assessed
  Then it is not accepted as a complete tenant export","Reject if the export lacks a documented manifest and machine-readable relationships, is just a collection of unlabelled CSV files, or a standard tenant package is not complete and verified within 24 hours.",Impact Platform ledger,,,Tenant exports shall include a documented manifest and machine readable relationships. A standard tenant with up to one million structured rows and 10 GB of attachments shall receive a complete asynchronous package within 24 hours under the agreed service process. Larger exports require a visible estimate and progress. Export a qualified tenant with one million rows and ten GB attachments. Reconstruct representative relationships and selected reports outside the product using only package documentation.,"Verify completeness, integrity, permissions and exclusions within twenty-four hours; a collection of unlabelled CSV files is not a complete tenant export.",,,Backlog
VF-DR-001,Disaster recovery,R1 Pilot,NFR recovery,Non-functional,Must,Absent,Platform Operator,"As a Platform Operator, I want to recover the service from a catastrophic incident with minimal data loss and downtime within permitted regions, so that organisations' records, files and governance are restored intact.","Scenario: Recovery meets recovery point and recovery time objectives
  Given a simulated regional disaster has been declared for the standard qualified deployment
  When the service is restored
  Then the recovery point is at most 15 minutes
  And service is recovered within 4 hours of incident declaration

Scenario: Recovery stays in permitted regions and is complete
  Given a restore is in progress
  When recovery completes
  Then it has occurred only in a permitted region
  And files, configuration and governance state are restored
  And records and attachments are reconciled against the latest accepted receipts

Scenario: Reject reopening with mismatched governance
  Given a restored environment with mismatched governance or missing deletion restrictions
  When reopening is requested
  Then the service is not reopened

Scenario: Reject a recovery report based only on backup timestamps
  Given recovery is complete
  When the recovery report is produced
  Then it states the actual lost interval and the affected accepted writes
  But a report showing only backup timestamps is rejected","Reject if the service reopens with mismatched governance or missing deletion restrictions, recovery exceeds a 15-minute recovery point or 4-hour recovery time, or the actual lost interval and affected writes are not reported.",Impact Platform ledger,,,"For the standard qualified deployment, catastrophic recovery shall target a recovery point objective of at most 15 minutes and recovery time objective of at most 4 hours from incident declaration. Recovery shall occur only within permitted regions and include files, configuration and governance state. Declare a simulated regional disaster, restore only in an allowed region and time service recovery. Reconcile records and attachments against the latest accepted receipts and identify any permitted recovery point gap.","Do not reopen with mismatched governance or missing deletion restrictions. Report actual lost interval and affected accepted writes, not only backup timestamps.",,,Backlog
VF-DR-002,Ordinary failure durability,R1 Pilot,NFR recovery,Non-functional,Must,Absent,Data Author,"As a Data Author, I want a server-confirmed save to mean my record is durably kept, with offline saves clearly distinct, so that I can trust confirmed work is not lost.","Scenario: Server acknowledgement survives an ordinary single component failure
  Given a Data Author saves a record and receives a server receipt
  When a qualified individual component is interrupted during or around the write
  Then the recovered record, its child relationships and files match the receipt

Scenario: Offline local saves are clearly distinct
  Given a Data Author saves a record while offline
  When the save completes locally
  Then it is clearly shown as a local save, distinct from a server acknowledgement

Scenario: Reject silent loss of an acknowledged save
  Given a successful server receipt for a saved record
  When an ordinary qualified single component failure occurs
  Then the record does not silently disappear
  And any uncertain client outcome is reconciled by operation identity",Reject if a record with a successful server receipt silently disappears after an ordinary qualified single component failure.,Impact Platform ledger,,,"A server acknowledgement of a saved record shall represent durable acceptance under the qualified ordinary single component failure model. Offline local saves shall be clearly distinct. Catastrophic recovery exposure remains governed by NFR-DR-001. Interrupt qualified individual components during writes and compare client receipts to recovered records, child relationships and files. Repeat around acknowledgement boundaries.",A successful server receipt must not silently disappear under the ordinary qualified failure model; uncertain client outcomes are reconciled by operation identity.,,,Backlog
VF-DR-003,Recovery testing and backups,R1 Pilot,NFR recovery,Non-functional,Must,Partial,Platform Operator,"As a Platform Operator, I want backups protected from tampering, restores tested regularly and backup retention kept to the default window, so that recovery works when needed and data is not kept longer than allowed.","Scenario: Backups are protected against alteration
  Given backups of tenant data
  When unauthorised alteration or use of compromised credentials is attempted
  Then the backups cannot be altered

Scenario: Restores and disaster recovery are tested on schedule
  Given the backup schedule
  When the monthly representative restore and quarterly disaster exercise are run
  Then protected backup access, attachment integrity, snapshot consistency, key recovery and deletion replay are tested before reopening

Scenario: Default backup retention is no more than 35 days
  Given no approved contract or hold requires a different schedule
  When backups age
  Then they are retained for no more than 35 days

Scenario: Reject an archive download as a completed restore
  Given a backup archive has been downloaded successfully
  When the restore test is assessed
  Then it is not recorded as a completed restore

Scenario: Reject silent extension of backup retention
  Given a backup retention exception
  When the default window would be extended
  Then the exception and its owner are recorded
  But the default window is never extended silently","Reject if a successful archive download is treated as a completed restore, scheduled restore tests are missed, or backup retention exceeds 35 days without a recorded exception and owner.",Impact Platform ledger,,,"Backups shall be protected against unauthorised alteration and credential compromise. Representative restores shall be tested monthly and disaster recovery at least quarterly. Default backup retention shall be no more than 35 days unless an approved contract or hold requires a different schedule. Run monthly representative restores and quarterly disaster exercises. Test protected backup access, attachment integrity, snapshot consistency, key recovery and deletion replay before reopening.",A successful archive download is not a completed restore. Record retention exceptions and their owner instead of extending the default window silently.,,,Backlog
VF-SUP-001,Support and service readiness,R1 Pilot,NFR support,Non-functional,Must,Absent,Executive Director,"As an Executive Director, I want published support hours, response targets and escalation channels, with continuous cover for critical incidents, so that my organisation gets timely help when something goes wrong.","Scenario: Support terms are published for each service plan
  Given each service plan
  When an Executive Director views its support terms
  Then normal support hours, response targets and escalation channels are published

Scenario: Critical incidents have continuous on-call coverage
  Given a critical incident readiness exercise
  When it is run
  Then continuous on-call ownership responds
  And the runbook and escalation route are verified

Scenario: Every critical capability has an owner, runbook and tested recovery
  Given readiness exercises for critical incident, identity recovery, failed import, privacy deletion and report correction
  When they are completed
  Then each critical capability has an accountable operational owner, a runbook and a rehearsed recovery path

Scenario: Reject production exposure without readiness
  Given a critical capability without an accountable operational owner or a rehearsed recovery path
  When it is proposed for production exposure
  Then the exposure is blocked","Reject if any critical capability reaches production without an accountable operational owner and rehearsed recovery path, or continuous critical on-call coverage is missing.",Impact Platform ledger,,,"Critical incident response shall have continuous on call coverage. Normal support hours, response targets and escalation channels shall be published for each service plan. An operational owner, runbook and tested recovery path shall exist for every critical capability. Run readiness exercises for critical incident, identity recovery, failed import, privacy deletion and report correction. Verify continuous critical on-call ownership, runbook and escalation route.",Every critical capability needs an accountable operational owner and rehearsed recovery path before production exposure.,,,Backlog
NFR-08,Recommendations independent of commercial ties,R1 Pilot,Non-functional,Non-functional,Must,Partial,Executive Director,"As an Executive Director, I want recommendations independent of commercial relationships, so that I can trust them.","Scenario: Fit-scoring logic documented
  Given the fit scoring used for recommendations
  When the Executive Director looks up how options are scored
  Then the fit-scoring logic is documented

Scenario: Annual independent review
  Given the documented fit-scoring logic
  When a year has passed since the last review
  Then an independent review of the logic has been completed

Scenario: Reject commercial influence on recommendations
  Given a solution with a commercial relationship
  When it is fit-scored and recommended
  Then the commercial relationship does not change its score or recommendation

Scenario: Reject a missed annual review
  Given the fit-scoring logic
  When more than a year passes without an independent review
  Then the recommendations are not treated as independent","Reject if fit-scoring logic is undocumented, the annual independent review is missed, or a commercial relationship affects a recommendation.",Imprana BRD,,,,Fit-scoring logic documented; annual independent review,,,Backlog
US-OP-01,Advisor case queue by stage and next action,R1 Pilot,Operators,Functional,Must,Partial,Imprana Advisor,"As an Imprana Advisor, I want a case queue showing each organisation's stage and next action, so that I can manage many clients.","Scenario: Case queue shows stage and next action
  Given an Imprana Advisor managing several organisations
  When they open the case queue
  Then each organisation's stage and next action are shown

Scenario: Filter the queue
  Given the case queue
  When the Imprana Advisor filters by stage, cohort or urgency
  Then only matching organisations are shown

Scenario: Reject non-matching results
  Given a filter applied to the case queue
  When the queue is shown
  Then no organisation that does not match the filter is listed","Reject if the queue omits stage or next action, or cannot be filtered by stage, cohort and urgency.",Imprana BRD,,FR-WFL-006,,"Queue filterable by stage, cohort and urgency",,,Backlog
US-OP-02,Advisor time logging per stage,R1 Pilot,Operators,Functional,Should,Absent,Imprana Advisor,"As an Imprana Advisor, I want to log time spent per stage, so that we know where expert effort goes and what to automate next.","Scenario: Log time per stage
  Given an Imprana Advisor working with an organisation
  When they log time
  Then the time is recorded against a stage

Scenario: Monthly report
  Given time logged during a month
  When the monthly report is produced
  Then it shows the time spent per stage

Scenario: Reject time without a stage
  Given an Imprana Advisor logging time
  When no stage is chosen
  Then the entry is refused",Reject if time can be logged without a stage or the monthly report is missing.,Imprana BRD,,,,Time logged per stage; monthly report,,,Backlog
US-PT-05,Standard partner terms under the master agreement,R1 Pilot,Partners,Functional,Must,Absent,Solution Partner Manager,"As a Solution Partner Manager, I want standard terms that flow down under the master agreement, so that clients sign one contract.","Scenario: Standard partner agreement
  Given a Solution Partner Manager whose solution is to be listed
  When they review the partner agreement
  Then it is the standard agreement covering data processing and service levels
  And it flows down under the master agreement

Scenario: Clients sign one contract
  Given an organisation deploying the partner's solution under the master agreement
  When the deployment is contracted
  Then the organisation signs no separate contract with the partner

Scenario: Reject incomplete partner terms
  Given a partner agreement
  When it does not cover data processing or service levels
  Then it is not accepted as the standard partner agreement","Reject if the partner agreement omits data processing or service levels, or clients must sign a separate contract.",Imprana BRD,,,,Standard partner agreement covering data processing and service levels,,,Backlog
US-PL-03,Production email provider,R1 Pilot,Platform,Transition,Must,Partial,Data Author,"As a Data Author, I want invitations and notices to arrive by real email, so that I don't miss them.","Scenario: Invitations and notices arrive by real email
  Given a production email provider configured with SPF and DKIM
  When the platform sends a Data Author an invitation or notice
  Then the email arrives in their inbox

Scenario: Bounces handled and sending limits monitored
  Given email sent through the production provider
  When an email bounces
  Then the bounce is handled
  And sending against the provider's limits is monitored

Scenario: Reject unauthenticated or unmonitored sending
  Given the production environment
  When email is sent without SPF and DKIM, bounces are not handled, or sending limits are not monitored
  Then the email setup is not accepted for production","Reject if production email lacks SPF/DKIM, bounces are not handled, or sending limits are not monitored.",Imprana BRD,,,,Production email provider configured with SPF/DKIM; bounces handled; sending limits monitored,,,Backlog
FR-PRV-001,Data inventory and classification,R1 Pilot,Privacy,Functional,Must,Absent,Privacy Officer,"As a Privacy Officer, I want every new data field and source classified with purpose, owner and retention, inheriting the stricter source classification, so that sensitive data is handled correctly everywhere it flows.","Scenario: New fields are classified
  Given a new data field or source
  When it is added
  Then it receives classification, purpose, owner and retention
  And it inherits the stricter source classification by default

Scenario: Reclassification is reviewed
  Given a request to reclassify a field
  When it is submitted
  Then it requires review
  And it shows the affected forms, exports, indexes and AI policies

Scenario: Restricted field stays out of ordinary channels
  Given a restricted participant field
  When its values are collected
  Then they are absent from ordinary logs, analyst views, exports and unapproved model inputs

Scenario: Reject downgrades and unclassified collection
  Given derived data or an unclassified sensitive field
  When derived data attempts to downgrade its own classification or production collection starts
  Then the downgrade is refused
  And unclassified sensitive production collection is blocked
  And credentials are handled as secrets, not as ordinary content","Reject if derived data downgrades its own classification, unclassified sensitive data is collected in production, or restricted values reach ordinary logs, analyst views, exports or unapproved model inputs.",Impact Platform ledger,,,"Every new data field and source receives classification, purpose, owner and retention. Default inheritance uses the stricter source classification; explicit reclassification requires review and shows affected forms, exports, indexes and AI policies. Derived data cannot downgrade itself. Credentials are excluded from ordinary content classification and handled as secrets. Unclassified sensitive production collection is blocked.","Add a restricted participant field and verify its values are absent from ordinary logs, analyst views, exports and unapproved model inputs.",,,Backlog
FR-PRV-002,Minimisation and purpose controls,R1 Pilot,Privacy,Functional,Must,Absent,Privacy Officer,"As a Privacy Officer, I want programme setup to record why each personal field is needed and which uses are allowed, with any new use needing a separate purpose review, so that personal data is handled in line with the DPDP Act and GDPR.","Scenario: Necessity and allowed uses are recorded
  Given a programme being set up
  When personal fields are defined
  Then the reason each is necessary and its allowed uses are recorded
  And optional fields remain optional in collection

Scenario: New use requires a purpose review
  Given a proposed research, linkage or model improvement use
  When it is requested
  Then a separate purpose review and data scope selection is created

Scenario: Reject transfer outside the purpose
  Given service delivery identities collected under a monitoring purpose
  When someone attempts to send them for shared model training
  Then policy denies the transfer before transmission

Scenario: Reject purpose bypass
  Given a rejected purpose
  When someone copies the dataset, changes its label or relies on broad project permission
  Then the purpose is not enabled","Reject if personal data is used for a purpose that was not approved, including through broad project permission, a copied dataset or a changed label.",Impact Platform ledger + BRD,NFR-01,,"Programme setup records why each personal field is necessary and which uses are allowed. New research, linkage or model improvement creates a separate purpose review and data scope selection. Optional fields remain optional in collection. A broad project permission does not authorise every reuse. Rejected purposes cannot be enabled by copying the dataset or changing its label.",Attempt to send service delivery identities for shared model training under a monitoring purpose; policy denies the transfer before transmission.,,,Backlog
FR-PRV-003,Hosting and transfer policy,R1 Pilot,Privacy,Functional,Must,Absent,Privacy Officer,"As a Privacy Officer, I want the tenant policy to list permitted regions and destinations for primary data, recovery, support and models and have every transfer checked against it, so that our data never moves to a destination we have not approved.","Scenario: Transfer is checked against permitted destinations
  Given a tenant policy listing permitted regions and destinations for primary data, recovery, support and models
  When processing requests a transfer to a destination
  Then destination eligibility is checked before the transfer proceeds

Scenario: Adding a destination requires approval and an impact notice
  Given a Privacy Officer proposes a new destination for the tenant policy
  When the destination is submitted
  Then it is not permitted until the applicable approval is recorded
  And an impact notice is issued

Scenario: Reject recovery in a prohibited region
  Given the primary region has failed
  When recovery is requested in a region the tenant policy prohibits
  Then recovery is blocked because failover cannot override residency
  And the incident records the approved alternative or a continued controlled outage with the restriction communicated
  But no data is moved silently","Reject if failover or any transfer moves data to a region or destination not permitted by the tenant policy, or data is moved silently instead of maintaining a controlled outage.",Impact Platform ledger + BRD,NFR-03,,"The tenant policy lists permitted regions and destinations for primary data, recovery, support and models. Adding a destination requires the applicable approval and impact notice. Processing checks destination eligibility before transfer. Failover cannot override residency. If no permitted recovery destination is available, maintain a controlled outage and communicate the restriction rather than moving data silently.",Fail the primary region and request recovery in a prohibited region; recovery is blocked and the incident records the approved alternative or continued outage.,,,Backlog
FR-PRV-004,Retention schedules,R1 Pilot,Privacy,Functional,Must,Partial,Privacy Officer,"As a Privacy Officer, I want retention policies that specify data class, purpose, trigger, duration, expiry action and owner, with a preview of affected objects and holds, so that each class of data expires on its own accountable schedule.","Scenario: Each data class expires on its own schedule
  Given a retention policy of 90 days for diagnostic logs
  And a separate approved retention term for evidence
  When each schedule reaches its expiry
  Then each class expires through its own schedule
  And any exceptions are recorded with an accountable owner

Scenario: Preview shows affected objects and holds
  Given a Privacy Officer drafting a retention policy with data class, purpose, trigger, duration, expiry action and owner
  When they preview the policy
  Then the preview calculates the affected objects and holds

Scenario: Collection activation requires approved policies
  Given a collection without approved record and evidence retention policies
  When a Programme Manager tries to activate the collection
  Then activation is blocked until those policies are approved
  And operational defaults inherit the BRD bounds

Scenario: Reject a generic retention value covering every class
  Given a single generic tenant retention value
  When it would apply to every data class without a class-specific policy
  Then it is refused as a policy for every class

Scenario: Reject a policy change that hides impact or drops holds
  Given an approved retention policy with valid holds
  When the Privacy Officer changes the policy
  Then the earlier or later deletion impact is disclosed before approval
  And valid holds are preserved","Reject if one generic retention value silently covers every data class, or a policy change hides its earlier or later deletion impact or releases valid holds.",Impact Platform ledger,,,"Retention policies specify data class, purpose, trigger, duration, expiry action and owner. A preview calculates affected objects and holds. Collection activation requires approved record and evidence policies; operational defaults inherit the BRD bounds. A generic tenant retention value cannot accidentally cover every class. Policy changes must disclose earlier or later deletion impact and preserve valid holds.",Configure 90 day diagnostic logs and a separate approved evidence term; each expires through its own schedule with accountable exceptions.,,,Backlog
FR-PRV-005,Deletion restriction and holds,R1 Pilot,Privacy,Functional,Must,Partial,Privacy Officer,"As a Privacy Officer, I want an authorised deletion request to restrict content, find every copy and record each store's outcome, holds and completion, so that deletion is genuinely complete and any held items are explicitly accounted for.","Scenario: Delete a participant record with a held attachment
  Given a participant record with one attachment under a hold
  When a Privacy Officer executes an authorised deletion request
  Then the active data disappears within the target
  And the case explicitly reports the held item and its review date

Scenario: Deletion enumerates copies and records per-store outcomes
  Given an authorised deletion request
  When it executes
  Then eligible content is first restricted where needed
  And primary records, derivatives, indexes, generated artifacts and disclosures are enumerated
  And each store's outcome, hold, retry and completion time is recorded
  And any anonymisation is verified as a separate transformation

Scenario: Reject completion while accessible copies remain
  Given a deletion request where an active accessible copy still exists
  When the handler tries to mark the deletion complete
  Then completion is refused

Scenario: Reject general operational use of held content
  Given content held for an approved purpose
  When a user attempts general operational use of it
  Then access is refused because held content is isolated to the approved purpose","Reject if a deletion is marked complete while active accessible copies remain, or held content is available for general operational use.",Impact Platform ledger,,,"An authorised request first restricts eligible content where needed, then enumerates primary records, derivatives, indexes, generated artifacts and disclosures. Execution records per store outcome, hold, retry and completion time. Anonymisation is a separately verified transformation. Deletion cannot be marked complete while active accessible copies remain. Held content is isolated for the approved purpose; a hold is not general continued operational use.",Delete a participant record with one held attachment; active data disappears within the target and the case explicitly reports the held item and review date.,,,Backlog
FR-PRV-006,Backup deletion handling,R1 Pilot,Privacy,Functional,Must,Absent,Privacy Officer,"As a Privacy Officer, I want deletion instructions and current grants reapplied and verified before any restored backup is reopened, so that deleted participants and revoked access never come back through a restore.","Scenario: Restored backup keeps a deleted participant unavailable
  Given a participant deleted after a backup was taken
  When a Platform Operator restores that backup
  Then the restore stays closed to ordinary users until deletion instructions and current grants are reapplied and verified
  And the participant is unavailable before any user or AI query is admitted

Scenario: Deletion ledger holds only what is needed
  Given a completed deletion
  When the deletion ledger is inspected
  Then it records only the minimal object identifiers and restriction instructions needed to prevent restoration
  And backup expiry is recorded separately

Scenario: Reject reopening revoked access through a restored grant
  Given a backup containing a historic grant that has since been revoked
  When the backup is restored
  Then the historic grant does not reopen access

Scenario: Reject a claim of instant erasure from immutable backups
  Given backups that support only bounded expiry
  When the deletion outcome is reported
  Then it does not claim instant physical erasure from those backups","Reject if a restored backup exposes a deleted participant or reopens revoked access before instructions are reapplied, or the outcome claims instant erasure from immutable backups.",Impact Platform ledger,,,The deletion ledger records minimal object identifiers and restriction instructions needed to prevent restoration. Restore remains closed to ordinary users until these instructions and current grants are reapplied and verified. Backup expiry is recorded separately. Do not claim instant physical erasure from immutable backups when only bounded expiry is supported. A restored historic grant cannot reopen revoked access.,Restore a backup from before a deletion and verify the participant is still unavailable before any user or AI query is admitted.,,,Backlog
FR-PRV-007,Data subject request handling,R1 Pilot,Privacy,Functional,Must,Partial,Privacy Officer,"As a Privacy Officer, I want to handle each data subject request as a privacy case with verified subject scope, deadline policy and an authorised handler, so that the person receives only their own permitted information and the outcome is recorded.","Scenario: Household member access request
  Given a privacy case for one household member's access request with verified subject scope
  When the authorised handler prepares the response
  Then only that member's permitted information is delivered
  And another household member's confidential answers are excluded

Scenario: Case outcome is recorded with reason
  Given a privacy case with request type, verified subject scope, deadline policy and authorised handler
  When the handler closes the case
  Then the outcome is recorded as completed, partially completed, rejected or on hold with a reason and review evidence

Scenario: Reject a single hardcoded response deadline
  Given privacy cases under different jurisdictions
  When the response deadline is set
  Then it comes from the selected deadline policy
  But no single jurisdiction's deadline is applied as universal

Scenario: Reject a public participant lookup
  Given subject verification for a privacy case
  When verification evidence is collected
  Then only minimal evidence is requested
  And no public participant lookup is created","Reject if a response includes other persons' information, one jurisdiction's deadline is hardcoded as universal, or verification creates a public participant lookup.",Impact Platform ledger,,,"A privacy case selects request type, verified subject scope, deadline policy and authorised handler. Search and response preparation exclude other persons' information. Outcome may be completed, partially completed, rejected or on hold with reason and review evidence. Do not hardcode one jurisdiction's response deadline as universal. Verification collects minimal evidence and never creates a public participant lookup.","Process one household member's access request and deliver only their permitted information, excluding another member's confidential answers.",,,Backlog
FR-PRV-009,Privacy review and country policy,R1 Pilot,Privacy,Functional,Must,Absent,Privacy Officer,"As a Privacy Officer, I want a new jurisdiction or high-sensitivity use to trigger a policy review covering handling basis, transfers, notices, incident commitments, vulnerable populations and safeguards, so that the use only goes live once qualified policy decisions are approved.","Scenario: Approval records qualified policy inputs
  Given a new jurisdiction or high-sensitivity use has created a policy review
  When the review is approved
  Then the approval records qualified policy inputs
  But no application-generated legal conclusion is recorded

Scenario: Unautomated obligations receive owners
  Given approved policy obligations
  When the policy is activated
  Then product controls enforce the expressible restrictions
  And each unautomated obligation receives an owner and an evidence task

Scenario: Reject activation without mandatory decisions
  Given a children's location programme without a guardian or safe-contact decision
  When a Programme Manager tries to enable the use case
  Then activation is blocked
  And the use case stays inactive until approved policy is supplied",Reject if a new jurisdiction or high-sensitivity use activates while mandatory policy decisions are absent.,Impact Platform ledger,,,"New jurisdiction or high sensitivity use creates a policy review covering handling basis, transfers, notices, incident commitments, vulnerable populations and safeguards. Approval records qualified policy inputs rather than an application-generated legal conclusion. Activation is blocked when mandatory decisions are absent. Product controls enforce expressible restrictions; unautomated obligations receive owners and evidence tasks.",Enable a children's location programme without a guardian or safe-contact decision; the use case stays inactive until approved policy is supplied.,,,Backlog
FR-PRV-010,Telemetry and analytics privacy,R1 Pilot,Privacy,Functional,Must,Absent,Privacy Officer,"As a Privacy Officer, I want telemetry and product analytics to exclude or redact personal and sensitive content and follow tenant opt-in or approved policy, so that operational logs never become a store of personal data.","Scenario: Synthetic personal markers do not reach general logs
  Given import and AI failures containing synthetic personal markers
  When the failures are logged
  Then none of the markers appears in general traces or analytics events

Scenario: Telemetry is limited to permitted fields
  Given the telemetry schema
  When telemetry events are emitted
  Then they contain only correlation, error category, timings and bounded operational metadata
  And sensitive payload fields, credentials and unrestricted document text are excluded or redacted before general logging

Scenario: Product analytics follow tenant opt-in or approved policy
  Given a tenant without analytics opt-in or an approved policy
  When product analytics would be collected
  Then no product analytics are collected for that tenant

Scenario: Reject diagnostics or evaluation samples taken from routine logging
  Given routine operational logging is enabled
  When support diagnostics or model evaluation samples are needed
  Then support diagnostics are provided only as a separate controlled export with expiry
  And model evaluation samples do not inherit permission from routine operational logging","Reject if any personal marker, credential or unrestricted document text appears in general traces or analytics, or diagnostics and evaluation samples bypass their separate controls.",Impact Platform ledger,,,"Telemetry schemas allow correlation, error category, timings and bounded operational metadata. Sensitive payload fields, credentials and unrestricted document text are excluded or redacted before general logging. Product analytics obey tenant opt-in or approved policy. Support diagnostics are a separate controlled export with expiry. Model evaluation samples do not inherit permission from routine operational logging.",Trigger import and AI failures containing synthetic personal markers and confirm none appears in general traces or analytics events.,,,Backlog
VF-PRV-001,Deletion propagation,R1 Pilot,Privacy,Non-functional,Must,Partial,Privacy Officer,"As a Privacy Officer, I want authorised deletions to propagate promptly to all active copies, with backups and external recipients tracked, so that deletion is honoured completely.","Scenario: Active stores are cleared within 24 hours
  Given an authorised deletion has become executable and no hold applies
  When 24 hours have passed
  Then primary records, caches, indexes, search, AI and platform-generated derivatives are removed or effectively restricted

Scenario: Backup expiry and external recipients are tracked separately
  Given the active-store deletion is complete
  When backup and external status is reviewed
  Then backup expiry follows the approved schedule, normally within 35 days
  And external recipient actions are tracked separately

Scenario: Reject labelling a partial deletion complete
  Given a deletion with a partial hold or a failed derivative store
  When the deletion manifest is produced
  Then the manifest is not labelled complete

Scenario: Reject exposing restored content before deletion is verified
  Given an old backup containing deleted data is restored
  When restored content would be exposed
  Then deletion is verified before any restored content is exposed","Reject if active copies remain accessible more than 24 hours after an executable deletion with no hold, a partial manifest is labelled complete, or restored backups expose deleted data.",Impact Platform ledger,,,"After an authorised deletion becomes executable and no hold applies, active primary records, caches, indexes and platform generated derivatives shall be removed or effectively restricted within 24 hours. Backup expiry follows the approved schedule, normally within 35 days. External recipient actions shall be tracked separately. Run a deletion with no hold, one with a partial hold and one with a failed derivative store. Query primary records, search, AI, caches and generated artifacts after the active-store deadline.",A partial manifest cannot be labelled complete. Restore an old backup and verify deletion before exposing restored content.,,,Backlog
VF-PRV-002,Retention defaults and proof,R1 Pilot,Privacy,Non-functional,Must,Absent,Privacy Officer,"As a Privacy Officer, I want approved retention policies in place before collection and short default retention for logs and AI content, so that data is kept no longer than justified and I can prove it.","Scenario: Retention policies are approved before collection
  Given a production tenant
  When real data collection is about to start
  Then approved record and evidence retention policies are already in place

Scenario: Default retention periods are applied
  Given synthetic objects in each retention class
  When qualified expiry conditions are advanced
  Then diagnostic logs are kept for 90 days or less by default
  And retained AI prompt and response content is kept for 30 days or less unless a justified policy specifies otherwise
  And scheduled action receipts, holds and exceptions are recorded

Scenario: Reject shared schedules or hidden copies
  Given AI content, diagnostic logs, security metadata and business evidence
  When retention schedules are inspected
  Then each class has its own distinct schedule
  And any hidden orphan copy fails the gate","Reject if collection starts before retention policies are approved, retention classes share one schedule, defaults are exceeded without a justified policy, or hidden orphan copies remain.",Impact Platform ledger,,,"Production tenants shall have approved record and evidence retention policies before collection. Diagnostic logs shall default to 90 days or less; retained AI prompt and response content shall default to 30 days or less unless a justified policy specifies otherwise. Minimal governed approval evidence may have a separate schedule. Create synthetic objects in each retention class, advance qualified expiry conditions and inspect scheduled action receipts, holds and exceptions. Confirm policy approval precedes real collection.","AI content, diagnostic logs, security metadata and business evidence require distinct schedules; hidden orphan copies fail the gate.",,,Backlog
FR-PRG-001,Programme and project registry,R1 Pilot,Programmes,Functional,Must,Partial,Programme Manager,"As a Programme Manager, I want a programme and project registry with unique identities and dated portfolio memberships, so that a project can appear in several portfolios without being duplicated.","Scenario: Create a programme with validated details
  Given a Programme Manager creating a programme
  When they enter a code, title, dates, owner, geography and reporting calendar
  Then the code is validated as unique within the tenant
  And the programme is created

Scenario: One project in two portfolios
  Given project P
  When it is added to two thematic portfolios with effective dates
  Then the organisation registry contains one project identity and two memberships

Scenario: Registry respects access
  Given a user with access to only some projects
  When they filter the registry
  Then access is applied before counts are shown
  And archive or reopen is available only through lifecycle actions

Scenario: Reject a duplicate code
  Given an existing programme code in the tenant
  When another programme is created with the same code
  Then creation is refused

Scenario: Reject ordinary submissions to an archived project
  Given an archived project
  When a user attempts an ordinary new submission
  Then the submission is refused
  But authorised auditors can still find the project in search","Reject if a project identity is duplicated across portfolios, a duplicate tenant code is accepted, counts include inaccessible projects, or an archived project accepts ordinary new submissions.",Impact Platform ledger,,,"Programme creation validates a tenant unique code, title, dates, owner, geography and reporting calendar. Users add portfolio memberships with effective dates. Registry filters apply access before counts and allow archive or reopen only through lifecycle actions. A project may appear in several views without duplicating its underlying identity. Archived projects remain searchable to authorised auditors but cannot receive ordinary new submissions.",Create project P in two thematic portfolios and confirm the organisation registry contains one project identity and two memberships.,,,Backlog
FR-PRG-006,Partner responsibilities,R1 Pilot,Programmes,Functional,Must,Partial,Programme Manager,"As a Programme Manager, I want to assign partners explicit collection, activity or reporting responsibilities and preview transfers between partners, so that work moves cleanly without exposing unrelated records or reattributing past submissions.","Scenario: Assign and accept a responsibility
  Given a Programme Manager assigning a partner
  When they assign collection, activity or reporting responsibility with dates, acceptance and explicit scope
  Then the Partner Organisation User can accept it or request correction

Scenario: Transfer reporting between partners
  Given partner X holds reporting responsibility and has an approved quarter
  When the Programme Manager transfers next quarter's reporting from X to Y
  Then the preview lists open tasks, historic submissions and new access needs
  And X's approved quarter stays intact and attributed to X
  And Y sees only the assignments and evidence needed for future work

Scenario: Reject access to unrelated historical records
  Given partner Y has received a new responsibility
  When Y tries to open unrelated historical participant records
  Then access is denied

Scenario: Reject reattribution of approved submissions
  Given approved submissions by the original partner
  When responsibility is transferred
  Then the submissions remain attributed to the original contributor",Reject if a new responsibility grants access to unrelated historical participant records or approved submissions are reattributed away from the original contributor.,Impact Platform ledger,,,"A manager assigns a partner to collection, activity or reporting responsibility with dates, acceptance and explicit scope. The partner accepts or requests correction. Transfer preview lists open tasks, historic submissions and new access needs. New responsibility does not confer access to unrelated historical participant records. Existing approved submissions remain attributed to the original contributor.",Transfer next quarter's reporting from X to Y; X's approved quarter stays intact and Y sees only the assignments and evidence needed for future work.,,,Backlog
FR-RPT-003,Frozen reporting packages,R1 Pilot,Reporting,Functional,Must,Partial,MEL Manager,"As a MEL Manager, I want each report built from a locked snapshot with numeric fields bound to immutable results, so that regenerating an old report reproduces exactly what was authorised and later corrections appear as separate versions.","Scenario: Regenerate an old quarter after a live correction
  Given a report for an old quarter was created from a locked snapshot
  And the live source data has since been corrected
  When the MEL Manager regenerates the old quarter report
  Then its authorised numeric content stays unchanged
  And the later correction is a separate report version

Scenario: Regeneration uses the same versions
  Given a report created from a locked snapshot
  When the report is regenerated
  Then it uses the same definition, target, result, evidence and configuration versions
  And the rendering version is recorded separately from the content version

Scenario: Reject reconstructing lawfully deleted evidence
  Given evidence in a report has been lawfully deleted
  When the report is regenerated or accessed
  Then the withheld evidence is disclosed as withheld or the artifact is withdrawn as required
  But the deleted content is not reconstructed to preserve visual identity
  And numeric history is retained only where lawful","Reject if regenerating an old report changes its authorised numbers, a live correction alters a prior report instead of creating a separate version, or lawfully deleted evidence is reconstructed.",Impact Platform ledger,,,"Report creation selects a locked snapshot containing definitions, targets, results, evidence and relevant configuration. Numeric fields bind to immutable result references. Regeneration uses the same versions and records rendering version separately from content version. If lawful deletion makes evidence unavailable, disclose withheld evidence or withdraw the artifact as required; do not reconstruct deleted content to preserve visual identity. Numeric history remains only where lawful.",Correct live source data and regenerate the old quarter; its authorised numeric content stays unchanged and the later correction is a separate report version.,,,Backlog
FR-RPT-007,Publication control,R1 Pilot,Reporting,Functional,Must,Partial,MEL Manager,"As a MEL Manager, I want to publish an approved report to a defined audience only after previewing its version, audience, disclosure checks and expiry, so that unpublished content is never exposed and only eligible recipients can access it.","Scenario: Publish an approved version to a funder
  Given a report version has been approved and any required privacy review is complete
  And the MEL Manager is an authorised publisher with current assurance
  When the MEL Manager reviews the preview of version, audience, disclosure checks and expiry and confirms publication to a funder
  Then a disclosure record and a stable versioned reference are created
  And only the eligible funder can access the published artifact

Scenario: Reject access to a draft by guessed URL
  Given a draft report that has not been published
  When someone guesses its URL or filename
  Then the draft content is not accessible
  And it is not exposed through search indexing

Scenario: Reject broadening the audience by a link toggle
  Given a report published to a funder
  When a user attempts to make it available to a broader audience by toggling a link
  Then the change is refused until a new disclosure decision is made","Reject if unpublished content is reachable through draft routes, predictable filenames or search indexing, publication occurs before approval and required privacy review, or an audience is broadened without a new disclosure decision.",Impact Platform ledger,,,"Publication preview shows the exact artifact version, audience, disclosure checks and expiry. An authorised publisher with current assurance confirms after report approval and required privacy review. Publication creates a disclosure record and stable versioned reference. Draft routes, predictable filenames and search indexing cannot expose unpublished content. A broader audience requires a new disclosure decision, not a simple link toggle.","Guess the URL of a draft report, then publish its approved version to a funder; only the eligible funder can access the published artifact.",,,Backlog
FR-RPT-009,Amend withdraw and supersede,R1 Pilot,Reporting,Functional,Must,Partial,MEL Manager,"As a MEL Manager, I want to withdraw or supersede a published report with a recorded reason, authority and impact review, so that recipients are directed to the correct version while the record of who received the old one is kept.","Scenario: Supersede report v1 with v2
  Given report v1 has been published and distributed
  And a separately approved replacement v2 exists
  When the MEL Manager supersedes v1 with v2
  Then old links to v1 expose only the permitted supersession status
  And the distribution log identifies the v1 recipients

Scenario: Withdraw a published report
  Given a published report
  When the MEL Manager withdraws it with a reason, authority and impact review
  Then the live publication becomes unavailable or displays an approved withdrawal notice without protected content

Scenario: Reject withdrawal without reason or authority
  Given a published report
  When a user attempts to withdraw it without a reason, current authority or impact review
  Then the withdrawal is refused

Scenario: Reject claims of recalling downloaded copies
  Given recipients have already downloaded v1
  When v1 is withdrawn or superseded
  Then the downloaded copies remain recorded as external disclosures
  And notices refer to the obsolete version and corrective action
  But the system never claims recall of already downloaded bytes","Reject if old links expose protected content after withdrawal or supersession, the distribution log loses the v1 recipients, or the system claims recall of already downloaded copies.",Impact Platform ledger,,,"Withdrawal requires reason, authority and impact review. The live publication becomes unavailable or displays an approved withdrawal notice without protected content. Supersession links to a separately approved replacement and records affected recipients. Downloaded copies remain external disclosures. Notices refer to the obsolete version and corrective action; the system never claims recall of already downloaded bytes.",Supersede report v1 with v2 and verify old links expose only permitted supersession status while the distribution log identifies v1 recipients.,,,Backlog
FR-RPT-010,Reporting reconciliation,R1 Pilot,Reporting,Functional,Must,Partial,Reviewer,"As a Reviewer, I want every number in a report candidate reconciled against its snapshot and version changes separated by cause, so that no unexplained official figure passes review.","Scenario: Identify every location affected by a metric change
  Given one approved metric used in a report has changed
  When preapproval reconciliation runs on the new report candidate
  Then every affected narrative and chart location is identified before approval

Scenario: Version comparison separates change types
  Given two versions of a report
  When the Reviewer compares them
  Then source, definition, target, calculation, period and narrative changes are shown separately

Scenario: Reject unexplained official numeric differences
  Given a report candidate with an official number that differs from the snapshot without explanation
  When the Reviewer attempts to approve it
  Then approval is blocked

Scenario: Reject unbound manually written numbers
  Given a manually written number in a report candidate
  When it has neither an explicit source binding nor a reviewed non-result classification such as a date or section number
  Then the candidate cannot pass review","Reject if an unexplained official numeric difference passes review, or a manually written number has neither an explicit source binding nor a reviewed non-result classification.",Impact Platform ledger,,,"Preapproval reconciliation compares all metric bindings, tables, chart labels and factual narrative numbers against the snapshot. Version comparison separates source, definition, target, calculation, period and narrative changes. No unexplained official numeric difference may pass review. A manually written number requires an explicit source binding or a reviewed non-result classification such as a date or section number.",Change one approved metric and identify every affected narrative and chart location before approving the new report candidate.,,,Backlog
FR-PLN-001,Results hierarchy,R1 Pilot,Results planning,Functional,Must,Partial,MEL Manager,"As a MEL Manager, I want to build the results framework in a table or relationship view that both edit the same nodes, so that I can structure programme results in the way that suits me without creating duplicates or inconsistencies.","Scenario: Create framework nodes in either view
  When the MEL Manager creates typed framework nodes in the table or relationship view
  Then both views edit the same stable node identities and version
  And activities may be linked to output nodes
  And relationship links are kept distinct from numeric aggregation links

Scenario: Rename a node in one view
  Given an output with indicator bindings in a draft
  When the MEL Manager renames the output in the table
  Then the graph and indicator bindings update within the same draft
  And no duplicate node is created

Scenario: Validate nodes before review
  When the MEL Manager submits the draft for review
  Then each node is validated for title, description, owner and intended result level

Scenario: Reject invalid structural changes
  When the MEL Manager creates a containment cycle, leaves an orphaned parent reference or deletes a referenced approved node
  Then the change is rejected","Reject if the two views create duplicate or divergent nodes, if containment cycles or orphaned parent references are accepted, if a referenced approved node can be deleted, or if a node missing title, description, owner or result level passes review validation.",Impact Platform ledger,,,"The planner creates typed framework nodes in a table or relationship view. Both views edit the same stable node identities and version. Required node title, description, owner and intended result level are validated before review; activities may link to output nodes. Reject cycles in containment, orphaned parent references and deletion of a referenced approved node. Relationship links and numeric aggregation links are distinct objects.",Rename one output in the table and verify the graph and indicator bindings update within the same draft without creating a duplicate node.,,,Backlog
FR-PLN-003,Framework baselines,R1 Pilot,Results planning,Functional,Must,Partial,MEL Manager,"As a MEL Manager, I want to submit a framework for review with its completeness report and change comparison and freeze an approved baseline, so that later changes are dated drafts and past reports keep the framework they were approved under.","Scenario: Submit and approve a framework baseline
  When the MEL Manager submits a framework candidate with its completeness report and change comparison
  Then review shows impacted indicators, targets, activities, templates and obligations
  And approval freezes a baseline version

Scenario: Change an approved framework
  Given an approved baseline
  When the MEL Manager revises an outcome in July
  Then a child draft with an effective date is started

Scenario: Reject rewriting historical reports
  Given a March report was approved against the earlier baseline
  When the March report is regenerated after the July revision
  Then it retains its approved hierarchy and language

Scenario: Reject deleting approved history
  Given an obsolete draft
  When it is deleted
  Then approved history and source citations are not deleted","Reject if changes to an approved framework alter the frozen baseline instead of a dated child draft, if a regenerated historical report picks up later framework changes, or if deleting a draft removes approved history or source citations.",Impact Platform ledger,,,"Submit a framework candidate with its completeness report and change comparison. Review shows impacted indicators, targets, activities, templates and obligations. Approval freezes a baseline version; subsequent changes start a child draft with effective date. A previously approved reporting snapshot references its original baseline. Deleting an obsolete draft does not delete approved history or source citations.",Revise an outcome in July and regenerate the March report; March retains its approved hierarchy and language.,,,Backlog
FR-PLN-006,Measurement plan,R1 Pilot,Results planning,Functional,Must,Partial,MEL Manager,"As a MEL Manager, I want activating a measurement plan to check that every active indicator has its source, method, collector, reviewer, calendar, coverage and evidence rule, so that indicators only go live when they can actually be collected and reviewed.","Scenario: Completeness check creates remediation items
  Given a measurement plan in which an active indicator lacks source mode, method, collection owner, reviewer, calendar, coverage or evidence rule
  When the MEL Manager runs activation
  Then the completeness check lists each gap
  And an assigned remediation item is created for each gap

Scenario: Activation shows the exact missing fields
  Given a measurement plan with an unassigned reviewer and a missing denominator method
  When the MEL Manager attempts to move the plan from Ready to Active
  Then both exact fields are shown
  And the plan cannot move from Ready to Active until both are resolved

Scenario: Reject an ineligible or non-independent collector and reviewer
  Given an indicator where collector and reviewer independence is required
  When an ineligible person, or the collector, is assigned as reviewer
  Then the assignment is refused

Scenario: Reject a default zero series for a missing source binding
  Given an active indicator with no source binding
  When activation runs
  Then no default zero series is substituted
  And the missing binding is reported as a gap","Reject if a plan becomes Active with missing required fields, an ineligible or non-independent collector and reviewer, or a default zero series in place of a missing source binding.",Impact Platform ledger,,,"The measurement plan matrix requires source mode, method, collection owner, reviewer, calendar, coverage and evidence rule for each active indicator. Activation runs completeness checks and creates assigned remediation items for gaps. Collector and reviewer must be eligible and independent where required. A missing source binding cannot be replaced by a default zero series.",Attempt activation with an unassigned reviewer and missing denominator method; show both exact fields and prevent Ready to Active until resolved.,,,Backlog
FR-PLN-010,Framework completeness review,R1 Pilot,Results planning,Functional,Must,Partial,MEL Manager,"As a MEL Manager, I want a framework completeness review that lists each issue with severity, rule and an assigned resolver, so that frameworks are approved only when gaps are fixed or covered by permitted documented exceptions.","Scenario: Completeness view lists issues
  Given a submitted results framework
  When the MEL Manager opens the completeness view
  Then it checks orphan nodes, unmeasured outcomes, missing owners, invalid sources, unreviewed assumptions and conflicting reporting obligations
  And each issue shows severity, object, rule and assigned resolver

Scenario: Unmeasured output is excepted or blocks approval
  Given a framework submitted with an unmeasured output
  When approval is requested
  Then approval proceeds only with a permitted exception documented with reason and review date
  And otherwise approval remains blocked with an assigned action

Scenario: Reject exceptions for structural invalidity
  Given a framework with a structural invalidity or unsupported official arithmetic
  When a user requests an exception
  Then the exception is refused
  And approval remains blocked

Scenario: Reject warning acceptance by anyone but the named authority
  Given a warning with a named accepting authority
  When another user tries to accept it
  Then the acceptance is refused
  And once accepted by the named authority, the warning remains visible in baseline evidence","Reject if structural invalidity or unsupported official arithmetic can be excepted, or a warning is accepted by anyone other than the named authority.",Impact Platform ledger,,,"The completeness view checks orphan nodes, unmeasured outcomes, missing owners, invalid sources, unreviewed assumptions and conflicting reporting obligations. Each issue has severity, object, rule and assigned resolver. Eligible exceptions require reason and review date. Structural invalidity and unsupported official arithmetic cannot be excepted. A warning can be accepted only by the named authority and remains visible in baseline evidence.",Submit a framework with an unmeasured output; approval either includes a permitted documented exception or remains blocked with an assigned action.,,,Backlog
FR-SEC-001,Security threat assessment,R1 Pilot,Security,Functional,Must,Absent,Platform Operator,"As a Platform Operator, I want each release review to record threat scenarios linked to controls, owners, tests and residual decisions, so that critical attack paths across modules are verified rather than hidden under a general security sign-off.","Scenario: Threats are recorded and linked
  Given a release review
  When threats are recorded
  Then they cover identity, tenant boundaries, source data, files, offline devices, publication, AI and support
  And each links to a functional control, owner, test and residual decision

Scenario: Chained abuse paths are verified
  Given a document injection leading to export and a support access escalation
  When the review assesses them
  Then independent controls and verification evidence are identified for both paths

Scenario: Material changes trigger an impact review
  Given a material feature change
  When it is proposed
  Then an impact review is triggered

Scenario: Reject hidden critical paths
  Given an unresolved critical threat path
  When a general security signoff is given
  Then the critical path is not hidden or treated as resolved
  And tests that cover only isolated input checks without chained abuse across modules are insufficient","Reject if an unresolved critical path is hidden by a general security sign-off, a threat lacks a linked control, owner, test and residual decision, or tests omit chained abuse across modules.",Impact Platform ledger,,,"The release review records threat scenarios for identity, tenant boundaries, source data, files, offline devices, publication, AI and support. Each threat links to a functional control, owner, test and residual decision. Material feature changes trigger an impact review. An unresolved critical path cannot be hidden by a general security signoff. Tests must include chained abuse across modules, not only isolated input checks.",Review a document injection leading to export and a support access escalation; identify the independent controls and verification evidence for both paths.,8,Sprint 1,In review
FR-SEC-002,Encryption and key governance,R1 Pilot,Security,Functional,Must,Partial,Platform Operator,"As a Platform Operator, I want an encryption inventory covering every data location and transport, with visible key ownership, status, expiry and rotation evidence, so that keys can be governed and rotated without exposing key material or losing authorised access.","Scenario: Inventory covers every location
  Given the security inventory
  When it is reviewed
  Then it covers every permitted data location and transport, including temporary artifacts, backups and offline packages

Scenario: Key status is visible without key material
  Given operational interfaces for keys
  When the Platform Operator views a key
  Then its ownership, status, expiry and rotation evidence are shown
  And no key material is displayed

Scenario: Key rotation preserves authorised access
  Given a test data protection key
  When it is rotated
  Then approved records and backups remain accessible only through authorised paths
  And no key values are exposed

Scenario: Reject plaintext fallback on key loss
  Given a required key is lost or revoked
  When data protected by it is requested
  Then a controlled unavailable state is returned
  But no plaintext fallback is used","Reject if loss or revocation of a required key falls back to plaintext, key values are exposed, or rotation breaks authorised recoverability.",Impact Platform ledger,,,"The security inventory covers every permitted data location and transport, including temporary artifacts, backups and offline packages. Operational interfaces expose key ownership, status, expiry and rotation evidence without displaying key material. HLD selects qualified cryptography and key custody. Loss or revocation of a required key returns controlled unavailable state, never a plaintext fallback. Rotation preserves authorised recoverability.","Rotate a test data protection key and verify approved records and backups remain accessible only through authorised paths, with no exposed key values.",,,Backlog
FR-SEC-003,Tenant isolation verification,R1 Pilot,Security,Functional,Must,Partial,Platform Operator,"As a Platform Operator, I want every release affecting tenancy to run isolation fixtures across records, attachments, jobs, caches, search, AI and support, so that no tenant's data can reach another tenant through any path.","Scenario: Isolation fixtures run for tenancy changes
  Given a release affecting tenancy
  When release checks run
  Then isolation fixtures cover records, attachments, async jobs, caches, search, AI and support
  And each fixture uses distinct synthetic tenant markers and principals with differing roles

Scenario: Cross tenant access attempts return nothing
  Given another tenant's artifact carrying a synthetic marker
  When a user guesses its reference, requests it through a background job and asks AI for its contents
  Then no path returns the synthetic marker

Scenario: Reject release on isolation failure
  Given an isolation fixture that exposes another tenant's data
  When the release is evaluated
  Then the finding records the specific exposed path
  And the affected release is blocked even if ordinary workflows succeed
  And shared infrastructure or reused cache entries do not imply shared authorisation","Reject if any path returns another tenant's synthetic marker, or a release with an isolation failure proceeds because ordinary workflows succeed.",Impact Platform ledger + BRD,NFR-05,,"Every release affecting tenancy runs isolation fixtures across records, attachments, async jobs, caches, search, AI and support. Each fixture uses distinct synthetic tenant markers and principals with differing roles. Findings record the specific exposed path. Shared infrastructure or reused cache entries cannot imply shared authorisation. Isolation failure blocks the affected release regardless of a successful ordinary workflow.","Guess another tenant's artifact, request it through a background job and ask AI for its contents; no path returns the synthetic marker.",,,Backlog
FR-SEC-004,Application and API protection,R1 Pilot,Security,Functional,Must,Partial,Platform Operator,"As a Platform Operator, I want the application and API to validate input, render text safely, protect mutations and verify outbound destinations under one authorisation model, so that common attacks are refused at the right boundary with evidence mapped to ASVS 5.0.","Scenario: Hostile inputs are handled at the boundary
  Given script-like text, a cross tenant object reference and an internal network URL
  When each is submitted
  Then each is safely rendered or rejected at the relevant boundary

Scenario: Shared authorisation and error contracts
  Given public and authenticated surfaces
  When a request is processed
  Then both use the same domain authorisation and safe error contracts
  And authenticated mutations are protected and outbound destinations are verified

Scenario: Verification maps to ASVS
  Given security verification for a release
  When it is reviewed
  Then applicable ASVS 5.0 controls through Level 2, including Level 1, are mapped
  And tests cover uploads, rich text, links, filtering, exports and API references

Scenario: Reject assertions in place of evidence
  Given a release that asserts broad immunity without passing test evidence and independent review
  When it is assessed
  Then the assertion is not accepted as security verification","Reject if hostile input is executed or accepted at a boundary, public and authenticated surfaces apply different authorisation, or a broad assertion of immunity replaces passing test evidence and independent review.",Impact Platform ledger + BRD,NFR-04,,"The product validates bounded typed input, safely renders text, protects authenticated mutations and verifies outbound destinations. Public and authenticated surfaces share domain authorisation and safe error contracts. Security verification maps applicable ASVS 5.0 controls through Level 2 including Level 1. Security tests cover uploads, rich text, links, filtering, exports and API references. No broad assertion of immunity replaces passing evidence and independent review.","Submit script-like text, a cross tenant object reference and an internal network URL; each is safely rendered or rejected at the relevant boundary.",,,Backlog
FR-SEC-005,File and content safety,R1 Pilot,Security,Functional,Must,Partial,Platform Operator,"As a Platform Operator, I want uploaded files identified by actual content type, held in quarantine until checked and previewed without active content, so that malicious or misleading files never reach users or count as evidence.","Scenario: Files are quarantined until checks complete
  Given a received file
  When it is processed
  Then its actual content type, size, expansion limits and permitted processing are identified
  And it remains quarantined until checks complete
  And previews execute no active content

Scenario: Hostile uploads are blocked
  Given a misleading extension, a malicious document and an archive expansion fixture
  When each is uploaded
  Then none reaches normal preview
  And none satisfies mandatory evidence requirements

Scenario: External fetches are validated
  Given an external fetch
  When it is requested
  Then the destination is validated before the request and after redirects

Scenario: Reject excluded and unscannable files
  Given an executable, a macro enabled document or a password protected unscannable file in R1
  When it is uploaded
  Then executables and macro enabled documents are rejected
  And password protected unscannable files remain quarantined or are rejected
  And archives are accepted only under a specifically qualified bounded profile","Reject if a misleading, malicious, executable, macro enabled or unscannable file reaches normal preview or satisfies evidence requirements, or an external fetch skips destination validation before the request or after redirects.",Impact Platform ledger,,,"File receipt identifies actual content type, size, expansion limits and permitted processing. Files remain quarantined until checks complete. Previews execute no active content. External fetches validate destination before request and after redirects. R1 excludes executables and macro enabled documents. Password protected unscannable files remain quarantined or are rejected; archives need a specifically qualified bounded profile.","Upload a misleading extension, malicious document and archive expansion fixture; none reaches normal preview or satisfies mandatory evidence requirements.",,,Backlog
FR-SEC-006,Secrets management,R1 Pilot,Security,Functional,Must,Partial,Organisation Administrator,"As an Organisation Administrator, I want secrets stored as credential references with explicit, audited rotation and revocation, so that credentials never appear in views, reports, diagnostics or exported configuration.","Scenario: Secret entry returns only a reference
  Given an Organisation Administrator entering a connector secret
  When it is saved
  Then only a credential reference and safe fingerprint are returned

Scenario: Rotation and revocation are audited operations
  Given a stored connector credential
  When it is rotated or revoked
  Then the operation records owner, scope and audit
  And the old credential is rejected after rotation

Scenario: Configuration export omits secrets
  Given a connection configuration
  When it is exported and then imported
  Then secret values are omitted from the export
  And the import marks required reconfiguration

Scenario: Reject secret exposure
  Given a rotated connector credential
  When its configuration export and permitted logs are inspected
  Then neither the old nor the new secret is present
  And secrets do not appear in ordinary admin views, client storage, generated reports or diagnostics","Reject if a secret appears in admin views, client storage, generated reports, diagnostics, logs or exports, or an old credential still works after rotation.",Impact Platform ledger,,,"Secret entry returns only a credential reference and safe fingerprint. Rotation and revocation are explicit operations with owner, scope and audit. Configuration export omits values and marks required reconfiguration on import. Secrets cannot appear in ordinary admin views, client storage, generated reports or diagnostics. An export of a connection never exports a reusable credential.","Rotate a connector credential, export its configuration and inspect permitted logs; the old credential is rejected and neither secret is present in the artifacts.",,,Backlog
FR-SEC-007,Tamper evident audit,R1 Pilot,Security,Functional,Must,Partial,Executive Director,"As an Executive Director, I want audit events that record who did what, in which capacity, on which version and with what outcome, and that cannot be edited or erased, so that approvals and privileged actions remain attributable.","Scenario: Audit events are complete
  Given an action covered by the event catalogue, including privileged reads and decisions
  When it occurs
  Then an audit event records real actor, delegated capacity, tenant, action, object version, outcome, time and correlation

Scenario: Audit access is scoped
  Given a user searching or exporting audit events
  When they run the search or export
  Then results are restricted to their authorised audit scopes

Scenario: Corrections are additional events
  Given an audit event that needs correction
  When it is corrected
  Then the correction is recorded as an additional event
  And the original event is unchanged

Scenario: Reject editing past audit history
  Given an approval event
  When an administrator attempts to change or erase it through ordinary administration
  Then the attempt fails
  And both the attempt and the original decision remain attributable","Reject if an administrator can edit or erase past audit events, a correction overwrites history instead of adding an event, or audit search and export exceed authorised scopes.",Impact Platform ledger + BRD,NFR-15,,"Audit events follow the event catalogue and contain real actor, delegated capacity, tenant, action, object version, outcome, time and correlation. Privileged reads and decisions are covered. Search and export are restricted to authorised audit scopes. Audit correction is an additional event, not an edit of past history. Retention and lawful minimisation are governed processes; administrators cannot erase inconvenient entries.","Attempt to change an approval event through ordinary administration; it fails, and the attempt plus original decision remain attributable.",,,Backlog
FR-SEC-009,Vulnerability management,R1 Pilot,Security,Functional,Must,Absent,Platform Operator,"As a Platform Operator, I want each reported vulnerability tracked as a restricted case with severity, affected versions, owner and timing targets through separate mitigation, fix, retest and closure milestones, so that serious exposures are contained on time.","Scenario: Intake creates a restricted case
  Given a vulnerability report
  When it is received
  Then a restricted case records reported scope, severity, affected versions, owner and timing targets
  And triage distinguishes confirmed exposure from suspected risk

Scenario: Milestones are recorded against targets
  Given a simulated credential exposure
  When it is handled
  Then report, acknowledgement, containment, rotation, fix and retest times are recorded against the applicable targets
  And mitigation, fix, independent retest and closure are separate milestones

Scenario: Reject silent downgrade and missed release block
  Given a critical or high finding affecting confidentiality, integrity or access
  When an exception is requested or a release is attempted
  Then the BRD release block and timing targets still apply
  And the severity is not silently downgraded","Reject if a critical or high finding affecting confidentiality, integrity or access bypasses the BRD release block or timing targets, or an exception silently downgrades its severity.",Impact Platform ledger,,,"Vulnerability intake creates a restricted case with reported scope, severity, affected versions, owner and timing targets. Triage distinguishes confirmed exposure from suspected risk; mitigation, fix, independent retest and closure are separate milestones. Critical and high findings affecting confidentiality, integrity or access follow the BRD release block and timing targets. Exceptions never silently downgrade severity.","Simulate a credential exposure and record report, acknowledgement, containment, rotation, fix and retest times against the applicable targets.",,,Backlog
FR-SEC-011,Detection and incident response,R1 Pilot,Security,Functional,Must,Absent,Platform Operator,"As a Platform Operator, I want detection rules to raise restricted incident records for suspicious activity and track containment and recovery, so that compromises are contained quickly without spreading sensitive payloads.","Scenario: Detection raises a restricted incident
  Given detection rules for suspicious identity changes, bulk extraction, service misuse and failed controls
  When a rule fires
  Then a restricted incident record is created
  And on call receives safe context and correlation references

Scenario: Compromised service identity is handled
  Given a simulated compromised service identity
  When detection triggers
  Then the identity is revoked
  And the incident identifies affected jobs and potential disclosures
  And general alerts contain no payloads

Scenario: Incident handling is recorded
  Given an open incident
  When it is handled
  Then containment, affected tenants, evidence preservation, recovery and communications decisions are recorded

Scenario: Reject invented deadlines and uncontrolled access
  Given an incident requiring notification or investigation
  When notifications are sent or investigators access data
  Then notifications follow the approved legal and contractual policy, not an invented universal deadline
  And investigation access follows exceptional support controls","Reject if general alerts expose payloads, notifications ignore the approved legal and contractual policy, or investigation access bypasses exceptional support controls.",Impact Platform ledger,,,"Detection rules generate restricted incident records for suspicious identity changes, bulk extraction, service misuse and failed controls. On call receives safe context and correlation references. Incident handling records containment, affected tenants, evidence preservation, recovery and communications decisions. Notifications use the approved legal and contractual policy, not an invented universal deadline. Investigation access follows exceptional support controls.",A simulated compromised service identity triggers detection and revocation; the incident identifies affected jobs and potential disclosures without exposing payloads in general alerts.,,,Backlog
FR-SEC-012,Environment separation,R1 Pilot,Security,Functional,Must,Partial,Platform Operator,"As a Platform Operator, I want clearly identified environments with distinct credentials and synthetic data by default, so that test activity can never reach production and copied configurations cannot trigger real actions.","Scenario: Environment identity is visible
  Given a Platform Operator or Integration Developer
  When they work in any environment
  Then the environment identity is visible

Scenario: Lower environments use synthetic data
  Given a lower environment
  When it is provisioned
  Then synthetic data is the default
  And any exceptional production sample requires approved minimisation and expiry

Scenario: Reject cross environment credentials and copied schedules
  Given a test credential and a sandbox with copied configuration
  When the credential is used against production and copied report schedules are activated in the sandbox
  Then both are prevented
  And the copied configuration omits production secrets, external recipients and active schedules

Scenario: Reject hidden bypasses
  Given the production environment
  When its accounts and roles are reviewed
  Then no hidden production test users or bypass roles exist","Reject if a test credential authenticates in production, copied configuration carries production secrets, external recipients or active schedules, or hidden production test users or bypass roles exist.",Impact Platform ledger + BRD,US-PL-01,,"Environment identity is visible to operators and integration developers. Test and production credentials are distinct and cannot cross authenticate. Synthetic data is the default for lower environments; exceptional production samples require approved minimisation and expiry. No hidden production test users or bypass roles. A copied configuration omits production secrets, external recipients and active schedules.",Use a test credential against production and attempt to activate copied report schedules in a sandbox; both are prevented.,,,Backlog
FR-SEC-013,Privileged operations,R1 Pilot,Security,Functional,Must,Absent,Platform Operator,"As a Platform Operator, I want to request time-limited elevation scoped to a named task and exact capability, so that I can perform privileged work without standing broad access to customer content.","Scenario: Request scoped elevation
  Given a Platform Operator with a named incident or maintenance task
  When they request elevation
  Then the request states the exact capability scope and duration
  And a distinct reviewer approves where required

Scenario: Emergency activation is reviewed afterwards
  Given an emergency elevation
  When it is activated
  Then a mandatory retrospective review is created

Scenario: Sessions keep the real actor and expire
  Given an elevated session
  When it is used
  Then the real actor is retained
  And the session expires automatically

Scenario: Reject actions after expiry
  Given an operator elevated for recovery diagnostics whose grant has expired
  When they attempt further reads or a queued sensitive operation runs
  Then all are denied
  And no expired job credential can continue a privileged operation","Reject if reads or queued sensitive operations continue after elevation expires, operators hold standing broad content access by default, or emergency activation skips retrospective review.",Impact Platform ledger,,,"Operators request elevation for a named incident or maintenance task, exact capability scope and duration. A distinct reviewer approves where required; emergency activation creates mandatory retrospective review. Sessions retain real actor and expire automatically. Standing broad content access is prohibited by default. A privileged operation rechecks current elevation and cannot continue from an expired job credential.","Elevate an operator for recovery diagnostics, expire the grant and verify further reads and queued sensitive operations are denied.",,,Backlog
FR-SEC-014,Resilience to abusive traffic,R1 Pilot,Security,Functional,Must,Absent,Data Author,"As a Data Author, I want abuse controls on login, public collection, search, exports and AI applied by tenant and credential, so that an abusive source elsewhere cannot lock my organisation out and I always get a safe wait or recovery route.","Scenario: Separate controls with safe recovery
  Given abuse controls for login, public collection, search, exports and AI
  When a user is limited
  Then they see a safe wait or recovery route
  And accessible challenges and assisted recovery are available where needed

Scenario: Burst on one form is contained
  Given a burst of traffic on one public form
  When limits apply
  Then rejection is bounded to that form
  And other tenants continue collecting and approving records

Scenario: Reject indiscriminate lockout and disclosure
  Given an abusive source
  When denial controls respond
  Then unrelated organisations are not locked out
  And responses do not expose account existence or participant lookup results","Reject if abuse against one source locks out unrelated organisations, limited users get no safe wait or recovery route, or denial responses reveal account existence or participant lookup results.",Impact Platform ledger,,,"Abuse controls separately govern login, public collection, search, exports and AI. Affected users see a safe wait or recovery route. Limits use tenant and credential context so one abusive source does not indiscriminately lock out unrelated organisations. Accessible challenges and assisted recovery are available where needed. Denial controls cannot expose account existence or participant lookup results.",Apply a burst to one public form and verify bounded rejection there while other tenants continue collecting and approving records.,,,Backlog
VF-SEC-001,Release security threshold,R1 Pilot,Security,Non-functional,Must,Absent,Platform Operator,"As a Platform Operator, I want releases blocked until baseline security controls pass and no unmitigated critical or high vulnerability remains, so that production never ships known exposures.","Scenario: Release proceeds with complete security evidence
  Given passing evidence for all applicable baseline security controls
  And independent assessment, retest evidence and scoped mitigation records
  When the release gate is evaluated
  Then the release may proceed

Scenario: Finding with an effective verified mitigation does not block release
  Given a critical or high vulnerability with an effective verified mitigation
  When the release gate is evaluated
  Then that finding does not block the release

Scenario: Reject release with an unmitigated exposure
  Given an unresolved critical or high vulnerability affecting confidentiality, integrity or access without an effective verified mitigation
  When the release gate is evaluated
  Then the release is blocked
  And neither a product priority waiver nor functional parity can override the gate","Reject if any unmitigated critical or high vulnerability affecting confidentiality, integrity or access would enter production, including through a product priority waiver.",Impact Platform ledger,,,"All applicable baseline security controls shall have passing evidence. No unresolved critical or high vulnerability affecting confidentiality, integrity or access shall enter production without an effective verified mitigation. Functional parity shall not override this gate. Assemble applicable control results, independent assessment, retest evidence and scoped mitigation records. Exercise the release gate with intentionally unresolved critical and high findings.","Any unmitigated exposure affecting confidentiality, integrity or access blocks release; a product priority waiver cannot override this gate.",,,Backlog
VF-SEC-002,Incident and remediation timing,R1 Pilot,Security,Non-functional,Must,Absent,Platform Operator,"As a Platform Operator, I want critical incidents and vulnerabilities acknowledged, contained and fixed within set times, so that exposure is limited and organisations stay protected.","Scenario: Critical incident is acknowledged and contained on time
  Given a simulated critical production incident is detected
  When on call is alerted
  Then an accountable responder acknowledges within 15 minutes
  And containment work begins within 30 minutes
  And legal and contractual notices follow the approved incident policy

Scenario: Confirmed vulnerabilities are remediated on time
  Given a confirmed vulnerability
  When remediation is timed from confirmation
  Then a critical vulnerability is mitigated within 24 hours with a permanent fix targeted within 72 hours
  And a high vulnerability is addressed within 7 days

Scenario: Reject acknowledgement without an accountable responder
  Given a notification has been sent for a critical incident
  When no accountable responder has acknowledged it
  Then the acknowledgement target is not satisfied
  And missed targets, escalation and continuing protection are recorded","Reject if a critical incident is not acknowledged by an accountable responder within 15 minutes or containment does not begin within 30 minutes, or vulnerability targets are missed without recorded escalation.",Impact Platform ledger,,,"For critical production incidents, on call acknowledgement shall occur within 15 minutes and containment work shall begin within 30 minutes. Confirmed critical vulnerabilities require mitigation within 24 hours and a permanent fix target within 72 hours; high vulnerabilities within 7 days. Legal and contractual notices follow the approved incident policy. Time a simulated critical incident from detection to acknowledgement and containment start, and a confirmed vulnerability from confirmation to mitigation and permanent fix.","Record missed targets, escalation and continuing protection. A notification without an accountable responder does not satisfy acknowledgement.",,,Backlog
FR-OPS-001,Service administration console,R1 Pilot,Service operations,Functional,Must,Absent,Platform Operator,"As a Platform Operator, I want one operations console showing tenant identity, lifecycle, plan, health and limits without programme content, so that I can run high-impact tenant actions safely with a clear preview and receipt.","Scenario: Suspend the intended tenant after preview
  Given a synthetic tenant selected in the operations console
  When the Platform Operator previews suspension and confirms it with a reason and the required assurance
  Then the preview shows the exact tenant and effect
  And only that tenant's permitted lifecycle effects occur
  And an operation receipt is recorded

Scenario: Console shows operational data without programme content
  Given a tenant in the operations console
  When the Platform Operator opens it
  Then tenant identity, lifecycle, plan, health and limits are shown
  But no programme content is shown

Scenario: Reject participant names in metadata search
  Given operational metadata search in the console
  When the Platform Operator searches using a participant's name
  Then no participant name is revealed

Scenario: Reject cross-tenant effects of suspension
  Given two active tenants
  When one tenant is suspended
  Then the other tenant's access and jobs are unchanged","Reject if the console reveals participant names or programme content, or suspending one tenant affects another tenant's access or jobs.",Impact Platform ledger + BRD,US-OP-03,,"The operations console exposes tenant identity, lifecycle, plan, health and limits without programme content. High impact actions show exact tenant and effect, require reason and appropriate assurance, and record an operation receipt. Searching operational metadata cannot reveal participant names. Suspending one tenant does not change another tenant's access or jobs.",Suspend the intended synthetic tenant after preview and verify only its permitted lifecycle effects occur.,,,Backlog
FR-OPS-005,Monitoring and service visibility,R1 Pilot,Service operations,Functional,Must,Partial,Platform Operator,"As a Platform Operator, I want health views that separate core service, connectors, asynchronous processing and AI and track journey success, latency, backlog, freshness and quota pressure, so that incidents are reported accurately against the affected function and owner.","Scenario: Connector fails while the core is healthy
  Given the core service is healthy
  When a connector fails
  Then the health view shows integration delay and stale results
  But programme operations are not declared unavailable

Scenario: Incidents link function and owner
  Given an incident is raised
  When it is recorded
  Then it links the affected function and owner
  And health is monitored by permitted tenant cohort

Scenario: Reject misleading health status
  Given one model provider has failed
  When health status is computed
  Then a core outage is not reported solely because of that failure
  And healthy data freshness is not reported solely because the web interface is responsive

Scenario: Reject irrelevant incident details in tenant views
  Given an incident affecting another tenant
  When an Organisation Administrator views their tenant's status
  Then only incident details relevant to their tenant are shown","Reject if one provider or connector failure is reported as a core outage, a responsive interface is reported as fresh data, or tenant views show irrelevant incident details.",Impact Platform ledger,,,"Health views separate core service, connectors, asynchronous processing and AI. Monitor journey success, latency, backlog, freshness and quota pressure by permitted tenant cohort. Incidents link affected function and owner. Do not report core outage solely because one model provider failed, or healthy data freshness because the web interface is responsive. Tenant views expose only relevant incident details.",Fail a connector while the core remains healthy; show integration delay and stale results without falsely declaring all programme operations unavailable.,,,Backlog
FR-OPS-006,Backup and recovery operations,R1 Pilot,Service operations,Functional,Must,Partial,Platform Operator,"As a Platform Operator, I want to restore a tenant from a mutually consistent checkpoint covering records, files, configuration, definitions, approvals, snapshots, audit and deletion instructions, so that normal access reopens only after recovery is verified complete.","Scenario: Recover a representative tenant
  Given a representative tenant with a recovery inventory
  When the Platform Operator recovers it
  Then structured records, attachment integrity, report snapshots and effective grants are compared
  And normal access is allowed only after the comparison passes

Scenario: Restore reapplies restrictions and reconciles writes
  Given a restore from a validated mutually consistent checkpoint
  When the restore runs
  Then current restrictions are reapplied
  And accepted writes are reconciled before controlled reopening

Scenario: Reject declaring an incomplete restore
  Given a restore missing required evidence files or governance state
  When the Platform Operator attempts to declare it complete
  Then the declaration is refused

Scenario: Reject recovery outside region or key policy
  Given the tenant's recovery region and key policy
  When recovery targets a region or key outside that policy
  Then the recovery is blocked","Reject if a restore is declared complete with missing evidence files or governance state, reopens before verification, or breaches recovery region or key policy.",Impact Platform ledger + BRD,US-PL-02,,"Recovery inventory includes records, files, configuration, definitions, approvals, snapshots, audit and deletion instructions. Restore validates a mutually consistent checkpoint, reapplies current restrictions and reconciles accepted writes before controlled reopening. Missing required evidence files or governance state prevents declaring a complete restore. Recovery region and key policy remain enforced.","Recover a representative tenant and compare structured records, attachment integrity, report snapshots and effective grants before allowing normal access.",,,Backlog
FR-OPS-007,Safe release and rollback,R1 Pilot,Service operations,Functional,Must,Absent,Platform Operator,"As a Platform Operator, I want each release validated for compatibility, data migration, required gates and a rehearsed rollback or roll-forward path, with controlled exposure, so that a failed release stops expanding and recovers without losing accepted work.","Scenario: Failed release keeps accepted submissions
  Given valid submissions were accepted under a new release
  When the release fails
  Then expansion stops
  And the rehearsed recovery path executes
  And the accepted submissions remain accounted for under the recovery plan

Scenario: Controlled exposure is recorded
  Given release preparation has validated compatibility, data migration, required gates and the rollback or roll-forward path
  When the release is exposed to a cohort
  Then the cohort and feature configuration are recorded

Scenario: Reject rollback that discards writes or reverts deletions
  Given accepted writes and a completed privacy deletion since the last release
  When rollback executes
  Then no accepted write is silently discarded
  And the privacy deletion is not reverted

Scenario: Reject irreversible migration without forward recovery
  Given a release containing an irreversible migration
  When it has no approved forward recovery procedure
  Then release preparation fails","Reject if a rollback silently discards accepted writes or reverts a privacy deletion, or an irreversible migration ships without an approved forward recovery procedure.",Impact Platform ledger,,,"Release preparation validates compatibility, data migration, required gates and rollback or roll-forward path. Controlled exposure records cohort and feature configuration. Failure stops expansion and executes the rehearsed recovery path. Rollback cannot silently discard accepted writes or revert a privacy deletion. Irreversible migration needs an approved forward recovery procedure, not a fictitious rollback switch.",Fail a release after valid submissions were accepted and verify they remain accounted for under the recovery plan.,,,Backlog
FR-TEN-001,Tenant lifecycle,R1 Pilot,Tenancy and organisation,Functional,Must,Partial,Platform Operator,"As a Platform Operator, I want to create, activate, suspend, reactivate and close tenants through a controlled lifecycle, so that each organisation's workspace is set up safely and can be paused or exited without losing recorded data or affecting other tenants.","Scenario: Create and activate a requested tenant
  Given a requested tenant with an owner invitation and a selected policy profile
  When the Platform Operator activates the tenant
  Then activation checks for a verified owner, recovery contact, region, retention and identity settings
  And the tenant becomes active only when those checks pass

Scenario: Suspend a tenant with work in progress
  Given tenant A has a running import and a report schedule
  And tenant B is active
  When the Platform Operator reviews the preview of scheduled writes and suspends tenant A
  Then rows already accepted by the import remain recorded
  And future writes stop at the cancellation boundary
  And policy permitted support and exit access is preserved
  And tenant B continues normally

Scenario: Reject automatic replay of queued writes on reactivation
  Given tenant A was suspended with queued writes
  When the Platform Operator reactivates tenant A
  Then expired grants and source credentials are rechecked
  But the queued writes are not replayed automatically

Scenario: Reject closure that skips holds
  Given tenant A is subject to a hold
  When the Platform Operator attempts to close tenant A outside the exit workflow or without resolving the hold
  Then the closure is refused","Reject if suspending one tenant affects another tenant or loses accepted rows, if reactivation replays queued writes automatically, or if closure bypasses the exit workflow or skips holds.",Impact Platform ledger,,,"An operator creates a requested tenant with an owner invitation and selected policy profile. Activation checks verified owner, recovery contact, region, retention and identity settings. Suspension previews scheduled writes, then pauses them while preserving policy permitted support and exit access. Reactivation rechecks expired grants and source credentials; it does not replay queued writes automatically. Closure follows the exit workflow and cannot skip holds.","Suspend tenant A with a running import and a report schedule; accepted rows remain recorded, future writes stop at the cancellation boundary and tenant B continues normally.",,,Backlog
FR-TEN-002,Organisation structures,R1 Pilot,Tenancy and organisation,Functional,Must,Partial,Organisation Administrator,"As an Organisation Administrator, I want to create organisational units and move units or projects with a preview of the effects and an effective date, so that our structure stays accurate without silently changing access or rewriting historical reports.","Scenario: Create a unit
  Given an Organisation Administrator
  When they create a unit with a stable code and an optional parent
  Then the unit is created with that code and parent

Scenario: Move a project with a preview and effective date
  Given project P belongs to office East
  When the Organisation Administrator previews moving project P to office West effective 1 July
  Then the preview shows the reporting membership, every explicit access grant that would change and future obligations
  When they confirm the move
  Then the change applies from 1 July and the old parent East is recorded
  And June reporting retains East as its organisational context

Scenario: Reject self parenting and descendant cycles
  Given unit U has a descendant unit D
  When the Organisation Administrator sets U as its own parent or sets D as the parent of U
  Then the change is rejected

Scenario: Reject implicit changes to existing grants
  Given a confirmed move would affect existing access grants
  When the move is applied
  Then existing grants change only through an explicit reviewed access change
  And historical reports retain their original organisational context","Reject if a unit can become its own parent or form a descendant cycle, if a move silently changes existing grants, or if historical reports lose their original organisational context.",Impact Platform ledger,,,"An organisation administrator creates a unit with a stable code and optional parent. Moving a unit or project produces a preview of reporting membership, explicit grants and future obligations. Confirming applies the effective dated change and records the old parent. Reject self parenting and descendant cycles. Existing grants change only through an explicit reviewed access change; historical reports retain their original organisational context.",Move project P from office East to West on 1 July; June retains East and the preview identifies every access grant that would change.,,,Backlog
FR-TEN-003,Multiple memberships,R1 Pilot,Tenancy and organisation,Functional,Must,Partial,Reviewer,"As a Reviewer with memberships in more than one tenant, I want to switch between tenants with each tab staying bound to its own tenant, so that my rights and data in one organisation can never be used or exposed in another.","Scenario: List memberships and open a second tenant
  Given a Reviewer with active memberships in tenants A and B
  When they open the tenant selector
  Then it lists their active memberships and display identities
  When they open tenant B in a new tab
  Then existing tabs remain bound to tenant A

Scenario: Switch tenant in the same tab
  Given a Reviewer is working in tenant A in a tab
  When they switch that tab to tenant B
  Then tenant A scoped recent items and unsent AI context are cleared

Scenario: Reject reuse of a permission from another tenant
  Given a Reviewer holds reviewer rights in tenant A and collector rights in tenant B
  And they approve an item from a tenant A tab
  When the tenant B tab attempts to reuse that permission or source reference
  Then the command is rejected because the resource belongs to another tenant

Scenario: Reject restoring protected cached content on back navigation
  Given a Reviewer has left a protected page
  When they use browser back navigation to return to it
  Then the historic page is reauthorised
  And protected cached content is not restored without reauthorisation","Reject if a command carrying one tenant's context acts on a resource in another tenant, or if switching tenants or navigating back exposes another tenant's recent items, AI context or cached protected content.",Impact Platform ledger,,,The tenant selector lists active memberships and their display identities. Opening a second tenant leaves existing tabs bound to their original tenant. Each command carries the originating tenant context and is rejected if the selected resource belongs elsewhere. Clear tenant scoped recent items and unsent AI context when switching the same tab. Browser back navigation reauthorises the historic page rather than restoring protected cached content.,Hold reviewer rights in A and collector rights in B; approve from an A tab and verify the B tab cannot reuse that permission or source reference.,,,Backlog
FR-TEN-010,Ownership continuity,R1 Pilot,Tenancy and organisation,Functional,Must,Partial,Executive Director,"As an Executive Director, I want to hand over workspace ownership to a verified successor and have a controlled recovery path if the last owner is unavailable, so that the organisation never loses custody of its workspace and every transfer is traceable.","Scenario: Transfer ownership between two actors
  Given the Executive Director is the current owner
  When they nominate an active eligible successor
  Then the system previews the commercial and administrative responsibilities
  When the successor verifies identity and accepts custody after step up
  Then ownership transfers and both actors are recorded in a complete custody history

Scenario: Recover an unavailable last owner
  Given the last owner is unavailable
  When recovery of ownership is requested
  Then it proceeds only through a verified case with distinct approval

Scenario: Reject removing the sole owner
  Given the Executive Director is the final eligible owner
  When someone attempts to revoke or suspend them through ordinary member administration without a successor or approved closure path
  Then the action fails

Scenario: Reject automatic participant identity access
  Given an ownership transfer has completed
  When the new owner attempts to view participant identities
  Then access is not granted by the transfer itself","Reject if the final eligible owner can be removed or suspended without a successor or approved closure path, if a transfer completes without successor verification and step up, or if ownership transfer automatically grants participant identity access.",Impact Platform ledger,,,"The current owner nominates an active eligible successor, who verifies identity and accepts custody after step up. The system previews commercial and administrative responsibilities and records both actors. Recovery of an unavailable last owner follows a verified case with distinct approval. Do not remove or suspend the final eligible owner through ordinary member administration without a successor or approved closure path. Transfer does not automatically grant participant identity access.","Attempt to revoke the sole owner, then complete a two actor transfer; the first action fails and the second preserves a complete custody history.",,,Backlog
FR-UX-001,Role relevant workspaces,R1 Pilot,User experience,Functional,Must,Partial,Field Data Collector,"As a Field Data Collector, I want to land in a workspace matched to my role and recent permitted context and switch among my permitted workspaces, so that I can reach my assigned work quickly without dealing with technical administration.","Scenario: New enumerator opens an assigned form
  Given a new Field Data Collector with an assigned form
  When they open their landing workspace
  Then they can open the assigned form in two primary navigation actions
  And they see its due time, save status and sync requirement

Scenario: Landing workspace follows effective role
  Given users with different effective roles
  When each user signs in
  Then collectors see assignments, reviewers see queues, managers see obligations and viewers see disclosed results
  And each user can switch among their permitted workspaces

Scenario: Reject technical administration as a prerequisite for collection
  Given a Field Data Collector with an assigned form
  When they start collecting data
  Then no technical administration step is required or shown as a prerequisite

Scenario: Reject stale private links after a role change
  Given a user whose role has changed
  When navigation is recomposed
  Then no stale private links from the previous role remain","Reject if a field user must pass through technical administration to collect data, or navigation keeps stale private links after a role change.",Impact Platform ledger,,,"The landing workspace is selected by effective role and recent permitted context: collectors see assignments, reviewers see queues, managers see obligations and viewers see disclosed results. Users can switch among their permitted workspaces. Do not expose technical administration to a field user as a prerequisite for collecting data. Role changes recompose navigation without stale private links.","A new enumerator opens an assigned form in two primary navigation actions and sees its due time, save status and sync requirement.",,,Backlog
FR-UX-003,Error recovery and work preservation,R1 Pilot,User experience,Functional,Must,Partial,Data Author,"As a Data Author, I want errors to explain what failed, what was saved and what I can do next, with drafts and operation IDs kept across recoverable failures, so that I never lose work or repeat an action by accident.","Scenario: Recover an import receipt after a timeout
  Given an import confirmation that timed out
  When the Data Author reconnects
  Then the existing job receipt is recovered
  And no additional load is created

Scenario: Destructive actions preview and reversible changes offer an inverse
  Given a destructive action
  When the Data Author starts it
  Then the affected objects are previewed
  And reversible changes offer an explicit inverse operation where business semantics support it

Scenario: Reject undo that rewrites history
  Given a change that was audited, downloaded externally or lawfully deleted
  When undo is used
  Then the audit is not erased
  And externally downloaded copies are not treated as unpublished
  And lawfully deleted data is not restored

Scenario: Reject repeating a request with an unknown outcome
  Given a request whose outcome is unknown
  When the Data Author tries to repeat it
  Then receipt reconciliation is required before the repeat proceeds","Reject if a recoverable failure loses drafts or creates a duplicate load, undo erases audit or restores lawfully deleted data, or an unknown outcome is repeated without reconciliation.",Impact Platform ledger,,,"Errors explain failed action, saved state and permitted next step. Drafts and operation IDs persist across recoverable failures. Destructive actions preview affected objects; reversible changes offer an explicit inverse operation where business semantics support it. Undo cannot erase audit, unpublish externally downloaded copies or restore lawfully deleted data. An unknown request outcome requires receipt reconciliation before repeat.","Time out an import confirmation, reconnect and recover the existing job receipt without creating another load.",,,Backlog
FR-UX-004,Accessible interaction,R1 Pilot,User experience,Functional,Must,Partial,Data Author,"As a Data Author, I want every supported control to work with keyboard and screen reader, with labels, visible focus, understandable errors and announced status changes, so that I can complete my work regardless of disability.","Scenario: Complete core work with keyboard and screen reader
  Given a Data Author using a keyboard and a qualified screen reader
  When they complete collection, correction and approval
  And they encounter an invalid field and a stale revision conflict
  Then every step is completed with accessible labels, visible focus and understandable errors

Scenario: Alternatives for drag actions, charts and async changes
  Given a drag action, a chart and an asynchronous state change
  When they are used without a mouse or sight
  Then the drag action offers buttons or ordered lists
  And the chart offers a table
  And the state change is announced without unexpectedly moving focus

Scenario: Reject inaccessible authentication
  Given a Data Author signing in
  When authentication presents a challenge
  Then password managers are supported
  And an accessible alternative to the challenge is available

Scenario: Reject waiving conformance because of user content
  Given user-supplied content with accessibility limitations
  When conformance is assessed
  Then the limitations are reported
  But product process conformance is not waived","Reject if any supported control lacks keyboard operation, accessible label, visible focus or understandable errors, or authentication blocks password managers or accessible alternatives.",Impact Platform ledger,,,"All supported controls have accessible labels, keyboard operation, visible focus and understandable errors. Drag actions provide buttons or ordered lists. Charts offer tables, and async state changes are announced without unexpectedly moving focus. Authentication supports password managers and accessible alternatives to challenges. User supplied content limitations are reported; they do not waive product process conformance.","Complete collection, correction and approval with keyboard and a qualified screen reader, including an invalid field and a stale revision conflict.",,,Backlog
FR-UX-005,Responsive operation,R1 Pilot,User experience,Functional,Must,Partial,Field Data Collector,"As a Field Data Collector, I want core screens to work on a 360 CSS pixel wide mobile display with readable fields and reachable actions, so that I can complete my work from a phone in the field.","Scenario: Complete core tasks on the supported mobile profile
  Given the supported mobile profile at 360 CSS pixel width
  When a user completes a form, reviews evidence and returns a submission
  Then ordinary fields do not depend on horizontal scrolling

Scenario: Wide tables and dense configuration on mobile
  Given a wide analysis table and a dense configuration screen
  When they are opened on mobile
  Then the table offers labelled scrolling or a simplified view without hiding critical meaning
  And the configuration screen declares its desktop requirement before editing begins

Scenario: Reject hover-only or clipped actions
  Given any core mobile screen
  When it is used on the supported mobile profile
  Then no essential action is hover-only
  And no submit button is clipped

Scenario: Reject state loss on orientation change
  Given a draft in progress with a pending confirmation
  When the device orientation changes
  Then the draft, focus context and confirmation state are preserved","Reject if ordinary fields need horizontal scrolling at 360 CSS pixels, an essential action is hover-only or clipped, or orientation change loses drafts, focus or confirmation state.",Impact Platform ledger + BRD,NFR-09,,"Core mobile layouts support 360 CSS pixel width with readable fields and reachable actions. Wide analysis tables offer labelled scrolling or a simplified view without hiding critical meaning. Dense configuration declares its desktop requirement before editing begins. No hover-only essential action or clipped submit button. Orientation changes preserve drafts, focus context and confirmation state.","Complete a form, review evidence and return a submission on the supported mobile profile without horizontal dependence for ordinary fields.",,,Backlog
FR-UX-006,Language and locale,R1 Pilot,User experience,Functional,Should,Absent,Data Author,"As a Data Author, I want to work in my own display language and locale while source locale and programme reporting zone govern interpretation, so that changing language never changes the meaning of dates, amounts or periods.","Scenario: Decimal-comma value survives locale changes
  Given an import of 1,25 under a decimal-comma locale
  When it is viewed in a decimal-point locale and then exported
  Then the underlying value stays 1.25

Scenario: Unicode content survives export and search
  Given Unicode labels, names and codes
  When they are exported and searched
  Then they are preserved unchanged

Scenario: Reject ambiguous imports without explicit handling
  Given an import with ambiguous date or decimal formats
  When no explicit handling has been chosen
  Then the import does not proceed

Scenario: Reject recalculation on display language change
  Given recorded dates, amounts and period membership
  When the Data Author changes display language
  Then none of them is recalculated
  And stable codes remain separate from translated labels","Reject if changing display language alters dates, amounts or period membership, ambiguous imports proceed without explicit handling, or stored values change across locales.",Impact Platform ledger + BRD,"US-DX-06, NFR-11",,"Profile locale controls display, while source locale and programme reporting zone govern interpretation. Import requires explicit ambiguous date and decimal handling. Unicode labels, names and codes survive export and search. Changing display language cannot recalculate dates, amounts or period membership. Stable codes remain separate from translated labels.","Import 1,25 under a decimal-comma locale, view in decimal-point locale and export; the underlying value stays 1.25.",,,Backlog
FR-UX-009,Status and trust cues,R1 Pilot,User experience,Functional,Must,Partial,Data Author,"As a Data Author, I want consistent status labels distinguishing local save, received, validating, approved, published, stale, partial, suppressed and AI proposed, so that I always know the true state of my work.","Scenario: Large file shows separate processing stages
  Given a Data Author submits a large file
  When it is processed
  Then separate receipt, validation, review and calculation stages are shown
  And no published result appears prematurely

Scenario: Job receipt shows the current stage
  Given a background job in progress
  When the Data Author views its receipt
  Then the receipt names the current stage
  And it shows complete only after the actual completion event

Scenario: Reject success cues that overstate status
  Given an action that was saved but not approved or externally delivered
  When its outcome is shown
  Then a generic green success banner does not imply approval or external delivery
  And numeric badges include text equivalents and uncertainty states","Reject if a status shows complete or published before the actual event, or a generic success cue implies approval or external delivery.",Impact Platform ledger,,,"Status labels consistently distinguish local save, received, validating, approved, published, stale, partial, suppressed and AI proposed. A background job receipt names the current stage and does not display complete until its actual completion event. A generic green success banner cannot imply approval or external delivery. Numeric badges include text equivalents and uncertainty states.","Submit a large file and observe separate receipt, validation, review and calculation stages with no premature published result.",,,Backlog
VF-UX-001,Accessibility conformance,R1 Pilot,User experience,Non-functional,Must,Partial,Data Author,"As a Data Author, I want all core journeys to be fully accessible, so that I can complete my work using a keyboard or assistive technology.","Scenario: Core journeys meet WCAG 2.2 Level AA
  Given a supported core journey, including complete processes, third-party authentication flows under product control and generated standard templates
  When it is reviewed with automated checks and manual keyboard, screen reader, focus and error tests
  Then it meets WCAG 2.2 Level AA

Scenario: Material issues are recorded with evidence
  Given a material accessibility issue is found
  When it is recorded
  Then the environment, user-content boundaries and remediation evidence are captured

Scenario: Reject a clean automated scan alone
  Given a journey passes automated accessibility checks
  When manual keyboard and assistive technology review has not been completed
  Then the journey does not pass",Reject if a core journey fails WCAG 2.2 Level AA or conformance is claimed from a clean automated scan alone.,Impact Platform ledger + BRD,NFR-10,,"All supported core journeys shall meet WCAG 2.2 Level AA through automated checks and manual keyboard and assistive technology review. Complete processes, third party authentication flows under product control and generated standard templates shall be included in the scope. Review complete processes against WCAG 2.2 AA with automated checks plus manual keyboard, screen reader, focus, error and generated-template tests.","A clean automated scan alone does not pass. Record environment, user-content boundaries and remediation evidence for each material issue.",,,Backlog
FR-WFL-001,Configurable approvals,R1 Pilot,Workflow and review,Functional,Must,Partial,Organisation Administrator,"As an Organisation Administrator, I want to design versioned approval workflows with stages, reviewer eligibility, mandatory reviewers, quorum, thresholds and deadlines, so that reviews follow our rules without disrupting work already in progress.","Scenario: Publish a workflow version
  Given a workflow defining object type, sequential or parallel stages, reviewer eligibility, mandatory reviewers, quorum, thresholds and deadlines
  When the Organisation Administrator publishes it
  Then the workflow version is pinned
  And new instances use it

Scenario: Running instance keeps its original route
  Given a candidate is underway in a two-stage review
  When the two-stage review is changed
  Then the candidate retains its original route

Scenario: Migrate a running instance
  Given a candidate underway on an earlier workflow version
  When an authorised migration is applied
  Then the affected stages restart
  And affected decisions are invalidated with the impact shown

Scenario: Reject a workflow without an independent reviewer
  Given a workflow being designed
  When it would leave no independent reviewer
  Then publishing the workflow is refused

Scenario: Reject a quorum bypassing mandatory review
  Given a workflow with a mandatory privacy or security review
  When the quorum is reached without that review
  Then the approval does not complete","Reject if a workflow has no independent reviewer, a quorum bypasses a mandatory privacy or security review, or a running instance changes route without an authorised migration.",Impact Platform ledger,,,"The workflow designer defines object type, sequential or parallel stages, reviewer eligibility, mandatory reviewers, quorum, thresholds and deadlines. Publishing pins a workflow version. New instances use it; running instances complete on their original version unless explicitly migrated. At least one independent reviewer remains required. Migration invalidates affected decisions and shows impact; a quorum cannot bypass a mandatory privacy or security review.",Change a two-stage review while one candidate is underway; it retains its original route unless an authorised migration restarts the affected stages.,,,Backlog
FR-WFL-002,Reviewer independence and authority,R1 Pilot,Workflow and review,Functional,Must,Partial,Reviewer,"As a Reviewer, I want to approve an immutable candidate with its change summary and evidence, with my authority and independence rechecked at commit, so that approvals apply only to exactly what I reviewed.","Scenario: Approve a current candidate
  Given a Reviewer opens an immutable candidate with its change summary and evidence
  When they approve it
  Then the approval submits the candidate revision and the Reviewer's current identity
  And commit rechecks membership, scope, independence, assurance and workflow stage

Scenario: Reject approval of a stale candidate
  Given a Reviewer has opened a submission
  When the submission or its evidence changes before they approve
  Then their old approve command fails
  And a fresh review is required

Scenario: Reject independent approval after a Reviewer edits content
  Given a Reviewer edits content in a candidate
  When they try to approve the resulting revision
  Then the edit is recorded as a new revision authored by them
  And they are not eligible to independently approve that revision","Reject if an approval succeeds on a stale candidate or changed evidence, or a Reviewer independently approves a revision they edited.",Impact Platform ledger,,,"The review screen loads the immutable candidate, change summary and evidence. Approve submits candidate revision and current reviewer identity. Commit rechecks membership, scope, independence, assurance and workflow stage. Stale candidate or changed evidence invalidates the decision attempt. Editing content as reviewer creates a new authored revision and removes eligibility for independent approval of that revision.",Change a submission after the reviewer opens it; their old approve command fails and requires fresh review.,,,Backlog
FR-WFL-003,Return reject and resubmit,R1 Pilot,Workflow and review,Functional,Must,Partial,Reviewer,"As a Reviewer, I want to return work with actionable comments or reject it with a permitted final disposition and reason, and see each resubmission as a new compared version, so that every correction cycle is clear and decided afresh.","Scenario: Return work with actionable comments
  Given a Reviewer reviewing a submission
  When they return it with actionable comments tied to fields or issues
  Then the submission is returned to its author with those comments

Scenario: Inspect two correction cycles
  Given a submission that has gone through two correction cycles
  When its history is inspected
  Then each cycle shows its distinct reasons, revisions, authors and decision times
  And each resubmission is a new candidate version compared to the returned one with a fresh decision sequence

Scenario: Reject a return or rejection without required reasons
  Given a Reviewer deciding on a submission
  When they return it without actionable comments or reject it without a policy permitted final disposition and reason
  Then the decision is refused

Scenario: Reject reuse of previous approvals
  Given a resubmitted candidate whose earlier version had approvals
  When the new candidate is decided
  Then the previous approvals remain historical
  But they do not satisfy the new candidate unless the workflow explicitly revalidates unchanged independent stages under a qualified rule","Reject if a return lacks actionable comments, a rejection lacks a permitted disposition and reason, or earlier approvals satisfy a resubmitted candidate without qualified revalidation.",Impact Platform ledger,,,Return requires actionable comments tied to fields or issues. Reject requires policy permitted final disposition and reason. Resubmission creates a new candidate version with a comparison to the returned one and a fresh decision sequence. Previous approvals remain historical but do not satisfy the new candidate unless the workflow explicitly revalidates unchanged independent stages under a qualified rule.,"Complete two correction cycles and inspect distinct reasons, revisions, authors and decision times for each.",,,Backlog
FR-WFL-007,Period close and lock,R1 Pilot,Workflow and review,Functional,Must,Partial,MEL Manager,"As a MEL Manager, I want to preview a period close and have it independently locked as a fixed snapshot once all required checks pass, so that reported figures stay stable while late data is handled separately.","Scenario: Preview a period close
  Given a period ready to close
  When the MEL Manager runs the close preview
  Then the expected obligation set is frozen
  And the preview lists approved values, missing work, quality blockers and proposed exclusions

Scenario: Lock a quarter and receive late data
  Given a quarter with three approved mandatory obligations
  And all required checks pass and source revisions are unchanged
  When an independent decision locks the snapshot
  And a late optional record is then received
  Then the snapshot stays fixed
  And current views label the new data separately

Scenario: Reject a lock after inputs change or with failing checks
  Given a close preview
  When inputs change before the lock or a required check has not passed
  Then the lock is refused
  And a new preview is required if inputs changed

Scenario: Reject ordinary edits to locked results
  Given a locked snapshot
  When a user tries to alter a locked result through ordinary editing
  Then the edit is refused","Reject if a lock proceeds with failing checks or inputs changed since the preview, late data enters the snapshot, or ordinary editing alters locked results.",Impact Platform ledger,,,"Close preview freezes the expected obligation set and lists approved values, missing work, quality blockers and proposed exclusions. An independent decision locks a snapshot only after all required checks pass and source revisions remain unchanged. If inputs change between preview and lock, require a new preview. Late data remains outside the snapshot; ordinary editing cannot alter locked results.","Lock a quarter with three approved mandatory obligations, then receive a late optional record; the snapshot stays fixed and current views label the new data separately.",,,Backlog
FR-WFL-008,Reopen and restate,R1 Pilot,Workflow and review,Functional,Must,Partial,MEL Manager,"As a MEL Manager, I want to reopen a locked period for a scoped, time-bounded correction and restate it through a reviewed comparison, so that corrected results become a new approved version without overwriting what was previously reported.","Scenario: Restate Q1 and regenerate year-to-date
  Given Q1 has a locked snapshot and a distributed report
  When the MEL Manager starts a restatement from the Q1 snapshot with a correction reason, changed sources, affected totals and previously distributed artifacts
  And a Reviewer compares the old and proposed new snapshots and approves
  Then a new locked Q1 version is created
  And correction notices are created for eligible recipients
  And the old Q1 remains available marked as superseded

Scenario: Annual package points to the new approved version
  Given Q1 has been restated and the new version approved
  When year-to-date and annual totals are regenerated
  Then the annual package points to the new approved Q1 version
  And the annual totals identify which Q1 version they use

Scenario: Reject overwriting the original snapshot or report
  Given a restatement of Q1 has been approved
  When the original Q1 snapshot and report are accessed
  Then they are unchanged
  But they are marked as superseded

Scenario: Reject changes outside the reopened scope or time bound
  Given Q1 has been reopened for correction with a defined scope and time bound
  When a user attempts a change outside that scope or after the time bound has passed
  Then the change is refused","Reject if restatement overwrites the original snapshot or report, reopening is not scoped and time bounded, or annual totals do not identify which quarter version they use.",Impact Platform ledger,,,"Restatement starts from a locked snapshot and specifies correction reason, changed sources, affected totals and previously distributed artifacts. Review compares old and proposed new snapshots. Approval creates a new locked version and correction notices for eligible recipients. Original snapshot and report are not overwritten. Reopening for correction is scoped and time bounded; subsequent annual totals must identify which quarter version they use.",Restate Q1 and regenerate year-to-date; old Q1 remains available as superseded and the annual package points to the new approved version.,,,Backlog
FR-WFL-010,Decisions and signoff,R1 Pilot,Workflow and review,Functional,Must,Partial,Reviewer,"As a Reviewer, I want my signoff to record my identity, acting capacity, authority, the exact candidate version, decision, time and evidence, so that approval history is accountable and exportable without overstating its legal standing.","Scenario: Signoff records accountable decision details
  Given a Reviewer with current authority approves a report candidate
  When the signoff is recorded
  Then it records the Reviewer's real identity, acting capacity, current authority, candidate version, decision, time and evidence
  And any delegation or emergency context is included explicitly

Scenario: Export decisions for one report
  Given a report has been approved by several reviewers
  When the decision history for that report is exported within scope
  Then the export identifies the exact candidate version approved by each reviewer
  And ordinary approvals are labelled as accountable product decisions

Scenario: Reject unqualified electronic signature claims
  Given no separately qualified electronic signature integration and approved contract exists
  When the approval history is displayed or exported
  Then no approval is attributed to a legally recognised electronic signature standard","Reject if the export cannot identify the exact candidate each reviewer approved, or an approval is presented as a legally recognised electronic signature without a qualified integration and approved contract.",Impact Platform ledger,,,"Signoff records real identity, acting capacity, current authority, candidate version, decision, time and evidence. The approval history is exportable within scope. Delegation and emergency context are included explicitly. The UI labels ordinary approval as an accountable product decision. Legally recognised electronic signature claims require a separately qualified integration and approved contract.",Export the decisions for one report and identify the exact candidate approved by each reviewer without attributing a signature standard the product has not qualified.,,,Backlog
FR-AI-002,Proposal and logframe extraction,R2 Scale,AI capabilities,Functional,Should,Absent,MEL Manager,"As a MEL Manager, I want AI to extract proposed programme entities and fields from permitted proposal and logframe files with source references and classification, so that I can selectively accept them without unsupported dates, targets or population commitments entering the results framework.","Scenario: Extraction returns traceable proposals
  Given permitted proposal and logframe files selected for extraction
  When extraction runs
  Then each proposed entity and field shows source version, page or section and evidence span
  And each is classified as extracted, inferred or suggested

Scenario: Selective acceptance in the review panel
  Given extraction results in the review panel
  When the MEL Manager accepts some proposals
  Then only the accepted proposals are applied
  And unresolved ambiguities are retained

Scenario: Conflicting and missing values are flagged
  Given a proposal with two end dates and no population
  When it is extracted
  Then both end dates are presented separately and flagged
  And the population field remains missing and flagged
  And activation remains blocked until they are reviewed

Scenario: Reject unsupported commitments
  Given a date, target or population commitment with no direct source support
  When extraction completes
  Then the value stays missing unless a human adds it explicitly
  And contradictory sources are not merged into a single value","Reject if dates, targets or population commitments are filled without direct source support or explicit human addition, contradictory sources are merged, missing values are invented, or activation proceeds before flagged items are reviewed.",Impact Platform ledger,,,"Extraction selects permitted files and returns proposed entities and fields with source version, page or section, evidence span and classification as extracted, inferred or suggested. The review panel supports selective acceptance and retains unresolved ambiguities. Dates, targets and population commitments require direct source support or an explicit human addition. Missing values remain missing; contradictory sources are presented separately.","Extract a proposal with two end dates and no population; both dates and the missing field are flagged, and activation remains blocked until reviewed.",,,Backlog
FR-AI-003,Indicator design assistance,R2 Scale,AI capabilities,Functional,Should,Absent,MEL Manager,"As a MEL Manager, I want the assistant to propose a complete draft indicator from approved library definitions and programme context and highlight its gaps, so that I can accept selected fields into a draft that passes the same checks as manual authoring.","Scenario: Assistant proposes a complete draft measurement contract
  Given approved library definitions and the current programme context
  When the MEL Manager asks the assistant for an indicator
  Then it proposes a complete draft measurement contract
  And it highlights missing denominator, unsuitable proxy, population ambiguity and evidence requirements

Scenario: Completion percentage requires essential fields
  Given the assistant suggests a completion percentage indicator
  When the MEL Manager accepts selected fields into a draft
  Then the draft requires an eligible denominator, reporting period and evidence method before review submission

Scenario: Reject approval by model confidence
  Given an AI drafted indicator
  When it fails the schema and method checks used for manual authoring, or is supported only by model confidence
  Then it cannot be submitted or approved
  And no unsupported standard mapping is created","Reject if an AI drafted indicator bypasses schema and method checks, model confidence approves an indicator, or an unsupported standard mapping is created.",Impact Platform ledger,,,"The assistant receives approved library definitions and the current programme context and proposes a complete draft measurement contract. It highlights missing denominator, unsuitable proxy, population ambiguity and evidence requirements. The user accepts selected fields into a draft. The draft passes the same schema and method checks as manual authoring. Model confidence cannot approve an indicator or create an unsupported standard mapping.","Suggest a completion percentage and verify the proposal requires eligible denominator, reporting period and evidence method before review submission.",,,Backlog
FR-AI-004,Import and cleaning assistance,R2 Scale,AI capabilities,Functional,Should,Absent,Data Steward,"As a Data Steward, I want AI to propose source-to-destination mappings and deterministic transformations with affected sample rows, so that I can accept individual proposals after seeing the exact mapping diff while raw rows, identities and approved actuals stay protected.","Scenario: Review mapping proposals with a diff
  Given an import with mapping assistance enabled
  When the assistant returns proposals
  Then each shows the proposed link or deterministic transformation with affected sample rows
  And the Data Steward sees the exact mapping diff before accepting

Scenario: Apply only approved deterministic changes
  Given a date normalisation suggestion and a name-based participant merge suggestion
  When the Data Steward accepts the date normalisation and rejects the merge
  Then only the date conversion is applied, as a mapping draft or reviewed transformation version

Scenario: Reject destructive AI actions
  Given AI mapping assistance
  When it attempts to delete raw rows, merge identities or overwrite approved actuals
  Then the action is refused

Scenario: Reject auto-selection of ambiguous mappings
  Given a low confidence or ambiguous mapping proposal
  When proposals are presented
  Then it remains unselected until explicitly resolved","Reject if AI deletes raw rows, merges identities, overwrites approved actuals, applies an unapproved suggestion, or auto-selects a low confidence or ambiguous mapping.",Impact Platform ledger,,,"Mapping assistance returns proposed source-to-destination links and deterministic transformations with affected sample rows. The steward accepts individual proposals and sees the exact mapping diff. Application creates a mapping draft or reviewed transformation version. AI cannot delete raw rows, merge identities or overwrite approved actuals. Low confidence or ambiguous mapping remains unselected and requires explicit resolution.",Accept a date normalisation suggestion but reject a name-based participant merge; only the approved deterministic conversion is applied.,,,Backlog
FR-AI-005,Evidence based questions,R2 Scale,AI capabilities,Functional,Should,Absent,Programme Manager,"As a Programme Manager, I want to ask questions within my authorised scope and get answers that cite their evidence and show missing or contradictory evidence, so that I can rely on answers without exposing data I cannot access.","Scenario: Supported question returns a cited answer
  Given a Programme Manager asks a question with authorised scope, period and source mode
  When the answer is returned
  Then it uses only permitted evidence and results
  And material claims cite their source locations
  And missing or contradictory evidence is shown

Scenario: Ambiguous scope asks for clarification
  Given a question with ambiguous scope
  When it is submitted
  Then a clarification state is returned
  And no official number is guessed

Scenario: Reject inaccessible question without leakage
  Given a question about a partner the Programme Manager cannot access
  When it is submitted
  Then a bounded abstention is returned
  And no hidden record detail is revealed and the protected resource's existence is not confirmed
  And no quotations, citations or document titles are fabricated","Reject if an answer reveals or confirms the existence of inaccessible records, guesses an official number for an ambiguous scope, or fabricates quotations, citations or document titles.",Impact Platform ledger,,,"A question specifies authorised scope, period and source mode. Retrieval obtains only permitted evidence and results; answers attach citations to material claims and show missing or contradictory evidence. If scope is ambiguous, return a clarification state without guessing an official number. Unsupported or unauthorised questions receive a bounded abstention without confirming protected resource existence. No fabricated quotations, citations or document titles.",Ask a supported programme question and an inaccessible partner question; the first cites source locations and the second reveals no hidden record detail.,,,Backlog
FR-AI-006,Governed numerical analysis,R2 Scale,AI capabilities,Functional,Must,Absent,Analyst,"As an Analyst, I want numeric questions answered by an authorised deterministic tool following a constrained analysis plan, so that every official number in the answer matches an approved calculation rather than the model's own arithmetic.","Scenario: Numeric question runs as a typed analysis plan
  Given an Analyst asks a numeric question
  When it is processed
  Then it is translated into a plan with measure, compatible sources, filters, period, dimensions and permitted operation
  And an authorised deterministic tool executes the plan
  And the answer embeds the returned values and result references without model recomputation

Scenario: Pooled percentage uses the approved calculation
  Given results of 50/100 and 1/10
  When the Analyst asks for the pooled value
  Then the answer presents 46.36 percent with 51/110
  And it includes the approved calculation receipt

Scenario: Reject arbitrary queries
  Given a numeric question
  When answering it would require arbitrary SQL, code execution or an unrestricted user supplied query
  Then the request is refused

Scenario: Reject mismatched figures
  Given drafted numeric text that does not match the tool value
  When the answer is about to be delivered
  Then delivery of the official claim is blocked","Reject if a numeric answer relies on arbitrary SQL, code execution or an unrestricted user supplied query, or an official figure is delivered that differs from the tool's value.",Impact Platform ledger,,,"Numeric questions are translated into a constrained typed analysis plan: measure, compatible sources, filters, period, dimensions and permitted operation. An authorised deterministic tool executes it. The answer embeds returned values and result references without model recomputation. No arbitrary SQL, code execution or user supplied unrestricted query. A mismatch between drafted numeric text and tool value blocks delivery of the official claim.",Ask for pooled 50/100 and 1/10; the answer presents 46.36 percent with 51/110 and the approved calculation receipt.,,,Backlog
FR-AI-010,Action proposal and approval,R2 Scale,AI capabilities,Functional,Must,Absent,Programme Manager,"As a Programme Manager, I want AI write proposals to show the exact change, scope, before and after values and consequences and to need my separate confirmation, so that no AI change is applied without current authority.","Scenario: Proposal shows the exact change
  Given an AI write proposal
  When the Programme Manager reviews it
  Then it shows the exact domain command, object scope, before and after values, affected versions, policy context and consequences
  And confirmation is a separate step from generation

Scenario: Confirmed proposal executes through the ordinary command
  Given a confirmed proposal
  When it executes
  Then current authority and revisions are rechecked
  And the ordinary domain command is called

Scenario: Reject stale proposal after permission is revoked
  Given a proposal generated before the user's permission is revoked
  When it is confirmed after revocation
  Then execution fails
  And no stale changes are applied

Scenario: Reject protected direct writes
  Given an AI proposal
  When it targets approved results, permission grants, publication, privacy deletion or independent decisions directly
  Then the write is refused
  And a source or policy change marks the proposal stale so that regeneration requires review","Reject if an AI proposal executes without separate confirmation and a recheck of current authority, applies stale changes, or writes directly to approved results, permission grants, publication, privacy deletion or independent decisions.",Impact Platform ledger,,,"An AI write proposal contains exact domain command, object scope, before and after values, affected versions, policy context and consequences. Confirmation is separate from generation. Execution rechecks current authority and revisions, then calls the ordinary domain command. No direct write to approved results, permission grants, publication, privacy deletion or independent decisions. A source or policy change makes the proposal stale; regeneration requires review.",Revoke permission after proposal generation and before confirmation; execution fails without applying any stale changes.,,,Backlog
FR-ACC-007,Export and bulk access,R2 Scale,Access control,Functional,Must,Absent,Analyst,"As an Analyst, I want to preview exports and receive downloads that stay tied to current authorisation, so that I can extract the data I am entitled to while exports stop working once access is revoked.","Scenario: Preview an export
  When an Analyst prepares an export
  Then the preview lists selected fields, filters, classification, row estimate and intended format

Scenario: Authorise at each stage
  When the export is requested, starts execution, generates sensitive output and is downloaded
  Then authorisation is checked at each of those points
  And the receipt identifies the export owner and expiry

Scenario: Reject download after revocation
  Given an export has been generated
  When the requester is revoked before download
  And retrieval is attempted from the original URL
  Then no bytes are served after the revocation bound

Scenario: Reject reliance on an old signature
  Given a generated download link
  When it is used after the policy grant has ended
  Then access is refused because downloads must be authenticated or bound to a current approved disclosure","Reject if any export bytes are served after the requester is revoked beyond the revocation bound, or if a download link outlives the policy grant by relying on an old signature alone.",Impact Platform ledger,,,"Export preview lists selected fields, filters, classification, row estimate and intended format. Authorisation is checked when requested, when execution starts, when sensitive output is generated and when the result is downloaded. The receipt identifies the export owner and expiry. Generated download access is authenticated or otherwise bound to a current approved disclosure. A link cannot outlive the policy grant by relying on an old signature alone.","Generate an export, revoke its requester before download and attempt retrieval from the original URL; no bytes are served after the revocation bound.",,,Backlog
FR-ACC-008,Privileged support access,R2 Scale,Access control,Functional,Must,Absent,Support Agent,"As a Support Agent, I want time-bound, case-scoped elevated access under my own identity, so that I can diagnose a tenant's problem with their consent while every action is attributable and the tenant can end access at any time.","Scenario: Open a support session
  Given a support case tied to the tenant consent policy, requested objects, purpose and duration
  When the Support Agent accesses the tenant using their real identity and an active elevation grant
  Then every sensitive read and mutation is attributed to them

Scenario: Tenant ends support access
  Given an active support session
  When the Organisation Administrator ends access
  Then the Support Agent's access ends immediately

Scenario: Reject operations outside the approved scope
  Given a support session approved for one failed import
  When the Support Agent reads the import diagnostics and then attempts an owner transfer
  Then the diagnostic read succeeds
  And the owner transfer is denied

Scenario: Reject hidden or excessive support access
  Given a support session without explicit download or participant identity scope
  When the Support Agent attempts to download data, view participant identities, impersonate a user or use a universal support account
  Then each attempt is refused","Reject if support access works without a consented case and active elevation, uses hidden impersonation or a universal account, performs excluded operations, or downloads or views participant identities without explicit additional scope.",Impact Platform ledger,,,"Support access begins with a case tied to tenant consent policy, requested objects, purpose and duration. The operator uses their real identity and an active elevation grant; every sensitive read and mutation is attributable. The tenant may end access immediately. No hidden impersonation or universal support account. Excluded operations remain blocked. Download rights and participant identity access require explicit additional scope.",Approve a support session for one failed import and attempt owner transfer; the diagnostic read succeeds and transfer is denied.,,,Backlog
FR-ACC-009,Privacy preserving aggregates,R2 Scale,Access control,Functional,Must,Absent,Privacy Officer,"As a Privacy Officer, I want to configure and test suppression rules for published aggregates, so that totals, cross tables and filters cannot be combined to reveal small groups.","Scenario: Configure and test disclosure rules
  When the Privacy Officer selects a minimum cell threshold, complementary suppression and allowed fixed slices
  Then the preview tests totals, cross tables and filter combinations for reconstruction
  And the default threshold of five is applied as a minimum rule

Scenario: Return the same suppressed output everywhere
  When the aggregate is retrieved through public APIs or downloads
  Then the same suppressed representation is returned without hidden raw values

Scenario: Reject reconstruction by differencing
  Given groups of two and eight with a total of ten
  When the aggregate is published
  Then the eight and ten combination is not exposed if it reveals the suppressed two

Scenario: Reject slices that cannot be bounded
  Given complementary suppression or differencing cannot be bounded for a slice
  When publication is attempted
  Then the affected slice is withheld or only a reviewed fixed artifact is exposed","Reject if published totals, cross tables or filter combinations allow a suppressed cell to be reconstructed, or if APIs or downloads return anything other than the suppressed representation.",Impact Platform ledger,,,"The disclosure reviewer selects minimum cell threshold, complementary suppression and allowed fixed slices. Preview tests totals, cross tables and filter combinations for reconstruction. Public APIs and downloads return the same suppressed representation without hidden raw values. Default threshold five is a minimum rule, not a guarantee. If complementary suppression or differencing cannot be bounded, withhold the affected slice or expose only a reviewed fixed artifact.",Publish groups of two and eight with a total of ten; do not expose the eight and ten combination if it reveals the suppressed two.,,,Backlog
FR-ACC-010,Partner limited collaboration,R2 Scale,Access control,Functional,Must,Absent,Programme Manager,"As a Programme Manager, I want partner organisations to see only the obligations and artifacts assigned to them across every list, search and preview, so that partners can collaborate without learning anything about other partners' data.","Scenario: Apply partner scope everywhere
  Given a partner organisation is assigned to specified obligations and shared artifacts
  When a Partner Organisation User views lists, comments, mentions, lookup suggestions, task counts or previews
  Then only items within that scope are shown

Scenario: Provide funder access through approved views
  When a Funder Portfolio Manager views partner results
  Then access is through separately approved result views

Scenario: Reject leaks through search and guessed URLs
  Given a Partner Organisation User
  When they search for another partner's participant name or request a guessed report URL
  Then neither reveals existence, snippet or count

Scenario: Reject access through author identity or unapproved summaries
  Given a Partner Organisation User authored content in a shared programme
  When they attempt to open another partner's contributor record or view shared summary status without an approved definition
  Then access is denied","Reject if any list, search, comment, mention, suggestion, count, preview or guessed URL reveals the existence or content of another partner's data, or if shared summary status is disclosed without an approved definition.",Impact Platform ledger,,,"Partner assignment binds a partner organisation to specified obligations and shared artifacts. All lists, comments, mentions, lookup suggestions, task counts and previews apply that scope. Funder access uses separately approved result views. A partner's author identity does not grant access to another partner's contributor record. Shared summary status may be disclosed only through an approved definition.","Search another partner's participant name and request its guessed report URL; neither leaks existence, snippet or count.",,,Backlog
US-AD-03,Short mobile lessons in local language,R2 Scale,Adoption: Adopt,Functional,Should,Partial,Field Data Collector,"As a Field Data Collector, I want short, mobile-friendly lessons in my language, so that I can learn on the go.","Scenario: Short lessons in my language on mobile
  Given a Field Data Collector on a mobile device
  When they open a lesson
  Then the lesson takes 5 minutes or less
  And it is in their language

Scenario: Usable on low bandwidth
  Given a Field Data Collector on a low-bandwidth connection
  When they open and complete a lesson
  Then the lesson is usable

Scenario: Reject long or bandwidth-heavy lessons
  Given a lesson
  When it takes more than 5 minutes or cannot be used on low bandwidth
  Then it is not published to Field Data Collectors",Reject if a lesson takes more than 5 minutes or is unusable on low bandwidth.,Imprana BRD,,,,Lessons of 5 minutes or less; usable on low bandwidth,,,Backlog
US-AD-04,Nudges when usage drops,R2 Scale,Adoption: Adopt,Functional,Could,Absent,Programme Manager,"As a Programme Manager, I want colleagues nudged when their usage drops, so that new habits form.","Scenario: Configure nudge rules
  Given a Programme Manager
  When they configure a nudge rule for when usage drops
  Then the rule is saved

Scenario: Colleague nudged when usage drops
  Given a nudge rule
  When a colleague's usage drops and matches the rule
  Then the colleague receives a nudge

Scenario: Reject nudging a user who opted out
  Given a colleague who has opted out of nudges
  When their usage drops and matches a nudge rule
  Then they receive no nudge",Reject if nudge rules cannot be configured or a user who opted out is nudged.,Imprana BRD,,FR-WFL-006,,Configurable nudge rules; users can opt out,,,Backlog
US-AS-02,Side-by-side comparison of options,R2 Scale,Adoption: Assess,Functional,Should,Partial,Operations Head,"As an Operations Head, I want to compare options side by side, so that the choice is transparent.","Scenario: Compare options side by side on agreed criteria
  Given options for an opportunity and agreed comparison criteria
  When the Operations Head opens the comparison
  Then the options are shown side by side against the agreed criteria

Scenario: Export the comparison
  Given a side-by-side comparison
  When the Operations Head exports it
  Then the export contains the same options and criteria as the comparison

Scenario: Reject a comparison off the agreed criteria
  Given a side-by-side comparison
  When it omits an agreed criterion or adds one that was not agreed
  Then the comparison is not accepted",Reject if the comparison departs from the agreed criteria or cannot be exported.,Imprana BRD,,,,Comparison on agreed criteria; exportable,,,Backlog
US-DP-04,Reusable workflow templates,R2 Scale,Adoption: Deploy,Functional,Should,Absent,MEL Manager,"As a MEL Manager, I want reusable workflow templates for common use cases, so that setup is faster.","Scenario: Choose from reusable workflow templates
  Given a MEL Manager setting up a workflow
  When they browse the workflow templates
  Then at least 5 templates are available
  And one of them covers donor reporting

Scenario: Reject too few templates or no donor reporting
  Given the workflow template library
  When fewer than 5 templates are available or none covers donor reporting
  Then the template library is not accepted",Reject if fewer than 5 templates are available or none covers donor reporting.,Imprana BRD,,FR-TEN-005,,"At least 5 templates, including donor reporting",,,Backlog
US-IM-04,Suggest the next opportunity,R2 Scale,Adoption: Improve,Functional,Should,Absent,Executive Director,"As an Executive Director, I want suggestions for our next opportunity, so that we keep improving.","Scenario: Suggest the next opportunity
  Given an organisation in the Improve stage
  When the Executive Director views suggestions for the next opportunity
  Then suggestions are shown

Scenario: A suggestion starts a new Diagnose cycle
  Given a suggested next opportunity
  When the Executive Director takes it up
  Then a new Diagnose cycle starts

Scenario: Reject skipping diagnosis
  Given a suggested next opportunity
  When the Executive Director takes it up
  Then it does not skip the new Diagnose cycle",Reject if taking up a suggestion does not start a new Diagnose cycle.,Imprana BRD,,,,Suggestions start a new Diagnose cycle,,,Backlog
US-IM-05,Anonymised evidence base on what works,R2 Scale,Adoption: Improve,Functional,Should,Absent,Platform Operator,"As a Platform Operator, I want anonymised outcomes aggregated, so that recommendations improve over time.","Scenario: Aggregate consented outcomes
  Given organisations that have consented to share their outcomes
  When anonymised outcomes are aggregated
  Then only those organisations' outcomes are included

Scenario: Reject outcomes without consent
  Given an organisation that has not consented
  When anonymised outcomes are aggregated
  Then its outcomes are excluded

Scenario: Reject figures from fewer than 5 organisations
  Given an aggregated figure based on fewer than 5 organisations
  When it would be displayed
  Then it is not shown",Reject if outcomes are aggregated without consent or any figure is shown from fewer than 5 organisations.,Imprana BRD,,FR-ACC-009,,Only with organisation consent; no figure shown from fewer than 5 organisations,,,Backlog
US-VC-04,"Low, expected and high scenarios",R2 Scale,Adoption: Value case,Functional,Should,Absent,Operations Head,"As an Operations Head, I want low, expected and high scenarios, so that we understand the risk.","Scenario: Low, expected and high scenarios
  Given a value case
  When the Operations Head views it
  Then low, expected and high scenarios are shown

Scenario: Edit scenario assumptions
  Given the three scenarios
  When the Operations Head edits an assumption in one scenario
  Then that scenario's results are recalculated

Scenario: Reject missing scenarios or fixed assumptions
  Given a value case
  When fewer than three scenarios are shown or their assumptions cannot be edited
  Then the value case is not accepted",Reject if any of the three scenarios is missing or its assumptions cannot be edited.,Imprana BRD,,FR-PLN-008,,Three scenarios with editable assumptions,,,Backlog
FR-CAL-004,Population overlap,R2 Scale,Calculations,Functional,Must,Absent,Analyst,"As an Analyst, I want unique reach computed from permitted identity matches with the overlap recorded, so that reach is not overstated and aggregate-only figures are clearly shown as gross.","Scenario: Unique reach with matched identities
  Given a unique reach definition declaring entity type, population, time window and approved identity matching scope
  And two approved sets of 100 with 20 shared authorised identities
  When unique reach is computed
  Then the result is 180
  And the matched overlap is recorded

Scenario: Aggregate-only inputs
  Given the same totals as aggregate-only inputs with no valid external deduplication method
  When reach is computed
  Then the result is gross 200 with unknown overlap

Scenario: Reject matching by similar names
  Given records in different projects or tenants with similar names
  When unique reach is computed
  Then they are not matched

Scenario: Reject unreviewed fuzzy resolution
  Given a fuzzy match candidate without reviewed evidence and permission
  When unique reach is computed
  Then unique counts do not change","Reject if records are matched across projects or tenants by similar names, fuzzy matches change counts without reviewed evidence and permission, or aggregate-only inputs report a known overlap.",Impact Platform ledger,,,"Unique reach declares entity type, population, time window and approved identity matching scope. Compute a union over permitted stable pseudonyms and record matched overlap. Aggregate-only inputs produce gross reach with overlap unknown unless a valid external deduplication method exists. No cross project or tenant matching merely because names are similar. Fuzzy candidate resolution requires reviewed evidence and permission before changing unique counts.",Two approved sets of 100 with 20 shared authorised identities produce 180; the same aggregate-only inputs produce gross 200 with unknown overlap.,,,Backlog
FR-CAL-006,Hierarchical aggregation,R2 Scale,Calculations,Functional,Must,Absent,Analyst,"As an Analyst, I want hierarchical aggregation to follow declared edge rules and detect cycles and repeated sources, so that parent totals count each contribution correctly across many reporting levels.","Scenario: Edges declare their rules
  Given an aggregation hierarchy
  When an edge is defined
  Then it identifies contribution, combination rule and attribution scope
  And aggregation is qualified across at least ten reporting levels

Scenario: Deduplicate a repeated source
  Given a source contributing 7 through two intermediate totals
  When a unique parent is evaluated
  Then 7 is included once

Scenario: Reject a cyclic edge
  Given the existing hierarchy
  When a reverse edge is added
  Then it is rejected as cyclic

Scenario: Reject ambiguous duplication
  Given a repeated path where the contract does not define a unique union
  When the parent is evaluated
  Then additive duplication is blocked
  And the value is not silently halved
  And weighted allocations require explicit weights and reconciliation","Reject if a hierarchy accepts a cycle, double counts or silently halves a repeated source, or applies weighted allocation without explicit weights and reconciliation.",Impact Platform ledger,,,"Every aggregation edge identifies contribution, combination rule and attribution scope. Validation detects cycles and repeated source identities along multiple paths. Parent evaluation deduplicates eligible contributions where the contract defines a unique union, or blocks ambiguous additive duplication. A repeated path cannot be resolved by silently halving a value. Weighted allocations require explicit weights and reconciliation. At least ten reporting levels are qualified.",A source contributes 7 through two intermediate totals; a unique parent includes 7 once and a newly added reverse edge is rejected as cyclic.,,,Backlog
FR-CAL-007,Dimension alignment,R2 Scale,Calculations,Functional,Must,Absent,Data Steward,"As a Data Steward, I want category crosswalks that record versions, mapping type and information loss, so that data aligned across dimension schemes never claims more precision than it has.","Scenario: Record a crosswalk
  Given source and target dimension versions
  When the Data Steward creates a crosswalk
  Then it records source and target versions, mapping type and information loss
  And exact mapping, many to one pooling and approved proportional allocation are distinct

Scenario: Preview shows gaps
  Given a crosswalk
  When the Data Steward previews it
  Then unmapped and suppressed contributions are reported

Scenario: Reject splitting a broad band without data
  Given one aggregate for ages 0 to 17
  When a user attempts to convert it into 0 to 14
  Then exact transformation is blocked
  And the unresolved coverage remains visible

Scenario: Reject silently remapping unknown
  Given values coded unknown
  When a crosswalk is applied
  Then unknown is not silently mapped to another category","Reject if a broad band is split into narrower exact bands without underlying ages or a declared estimation method, or unknown is silently mapped to another category.",Impact Platform ledger,,,"A category crosswalk records source and target versions, mapping type and information loss. Exact mapping, many to one pooling and approved proportional allocation are distinct. Preview reports unmapped and suppressed contributions. Do not split a broad age band into narrower exact bands without underlying ages or a declared estimation method. Unknown does not silently map to another category.",Attempt to convert ages 0 to 17 into 0 to 14 from one aggregate; exact transformation is blocked and the unresolved coverage remains visible.,,,Backlog
FR-CAL-012,Formula authoring and validation,R2 Scale,Calculations,Functional,Must,Absent,MEL Manager,"As a MEL Manager, I want to author indicator formulas from typed references and a bounded function catalogue and preview them for permissions, cycles, units and sample outputs, so that only safe, valid formulas reach review and activation.","Scenario: Preview validates a formula before review
  Given a formula using typed references and catalogue functions such as sum and ratio
  When the MEL Manager previews it
  Then permissions, dependency cycles and units are validated
  And sample outputs are shown before it is submitted for review

Scenario: Reject inaccessible, circular and external references
  Given formulas that reference an inaccessible field, a circular indicator and an external URL call
  When each is validated
  Then each is rejected before activation

Scenario: Reject scripts and unsupported functions
  Given a formula containing an unsupported function, an arbitrary script, a filesystem reference or a dynamically broadened query
  When it is validated
  Then it fails validation","Reject if a formula with an inaccessible field, circular indicator, external URL call, script, filesystem reference or unsupported function passes validation or is activated.",Impact Platform ledger,,,"Formula authoring uses typed references and a bounded function catalogue: arithmetic, approved filters, count, sum, min, max, ratio and eligible distinct count in R1. Preview validates permissions, dependency cycles, units and sample outputs before review. No arbitrary scripts, network access, filesystem references or dynamically broadened queries. Division and missingness follow the calculation contract; unsupported functions fail at validation.","Enter a formula referencing an inaccessible field, a circular indicator and an external URL call; each is rejected before activation.",,,Backlog
FR-CAL-014,Cross portfolio attribution,R2 Scale,Calculations,Functional,Must,Absent,Funder Portfolio Manager,"As a Funder Portfolio Manager, I want projects to appear in every portfolio they belong to while organisation-wide totals count each unique project once, with attribution shares applied only in approved allocation views, so that results are never double counted or over-attributed.","Scenario: Project in multiple portfolios is counted once organisation-wide
  Given project P belongs to the health and education portfolios
  When each portfolio and the organisation-wide count are viewed
  Then each portfolio may show P
  And the organisation unique project count stays one

Scenario: Allocation view applies approved attribution shares
  Given separately approved attribution shares with a declared basis and remainder policy
  When the allocation view is displayed
  Then results are allocated according to those shares

Scenario: Reject shares exceeding the source total
  Given attribution shares that exceed the source total
  When the allocation view is saved
  Then it is rejected unless the view is explicitly nonadditive and labelled
  And a funding share is never presented as causal impact ownership","Reject if a project in several portfolios is counted more than once organisation-wide, or attribution shares exceed the source total in a view not explicitly labelled nonadditive.",Impact Platform ledger,,,Portfolio membership is a view relation. Organisation-wide counting uses the unique underlying project or result identity. An allocation view applies separately approved attribution shares with a declared basis and remainder policy. Funding share does not imply causal impact ownership. Shares that exceed the source total are rejected unless the view is explicitly nonadditive and labelled.,"Project P belongs to health and education portfolios; each may show P, while the organisation unique project count stays one.",,,Backlog
US-CM-02,Funder-sponsored access for a cohort,R2 Scale,Commercial and billing,Functional,Must,Absent,Funder Portfolio Manager,"As a Funder Portfolio Manager, I want to sponsor access for a named cohort of grantees, so that they can use the platform at no cost to them.","Scenario: Funder Portfolio Manager sponsors a named cohort
  Given a Funder Portfolio Manager setting up sponsored access for a named cohort of grantees
  When they enrol the grantee organisations and set the duration and budget
  Then the sponsorship is saved with the enrolled organisations, duration and budget

Scenario: Grantee gets access when it accepts
  Given a grantee organisation enrolled in the sponsored cohort
  When the grantee accepts the sponsorship
  Then the organisation gets access to the platform for the sponsored duration
  And the organisation is not charged for that access

Scenario: Reject access before acceptance or without terms
  Given a grantee organisation enrolled in the sponsored cohort that has not accepted
  When anyone from that organisation tries to use the sponsored access
  Then access is not granted
  But a sponsorship with no duration or no budget cannot be saved","Reject if a grantee gets sponsored access before accepting, or a sponsorship can be saved without a duration and budget.",Imprana BRD,,FR-OPS-002,,Funder enrols organisations and sets duration and budget; grantees get access when they accept,,,Backlog
US-CM-03,Combine sponsored and direct entitlements,R2 Scale,Commercial and billing,Functional,Should,Absent,Executive Director,"As an Executive Director, I want sponsored and direct entitlements to combine, so that support from several funders adds up.","Scenario: Sponsored and direct entitlements add up
  Given an organisation with a direct subscription and sponsorship from more than one funder
  When the Executive Director views the organisation's entitlements
  Then the entitlements from every source are shown combined
  And the source of each entitlement is visible

Scenario: Reject duplicate charges
  Given an entitlement covered by both a sponsorship and the direct subscription
  When the organisation is invoiced
  Then the same entitlement is not charged twice
  And no entitlement is shown without its source",Reject if any entitlement is charged twice or an entitlement's source is not visible.,Imprana BRD,,FR-OPS-002,,No duplicate charges; the source of each entitlement is visible,,,Backlog
US-CM-06,Fixed-fee service packages on the same invoice,R2 Scale,Commercial and billing,Functional,Must,Absent,Operations Head,"As an Operations Head, I want to buy fixed-fee service packages alongside the subscription, so that deployment support sits on one contract.","Scenario: Service packages listed with scope and price
  Given fixed-fee service packages are offered
  When the Operations Head views the service packages
  Then each package is listed with its scope and price

Scenario: Package added to the subscription invoice
  Given an organisation with a subscription
  When the Operations Head buys a fixed-fee service package
  Then the package is added to the same invoice as the subscription

Scenario: Reject a separate invoice or an unpriced package
  Given an organisation with a subscription
  When a service package is bought
  Then no separate invoice is raised for the package
  But a package without a stated scope or price is not offered","Reject if a package is offered without scope or price, or is billed on an invoice separate from the subscription.",Imprana BRD,,,,Packages listed with scope and price; added to the same invoice,,,Backlog
US-CM-07,Partner revenue-share tracking,R2 Scale,Commercial and billing,Functional,Should,Absent,Platform Operator,"As a Platform Operator, I want to track revenue sourced through each partner, so that revenue share is settled accurately.","Scenario: Monthly statement per partner
  Given revenue was sourced through a partner during a month
  When the monthly statements are produced
  Then a statement is produced for that partner showing the revenue sourced through it that month

Scenario: Statement reconciled to invoices
  Given a partner's monthly statement
  When the Platform Operator reconciles it
  Then every amount on the statement matches the related invoices

Scenario: Reject an unreconciled statement
  Given a partner statement whose amounts do not match the related invoices
  When the Platform Operator tries to settle the revenue share
  Then the statement is not used for settlement until it is reconciled",Reject if any partner lacks a monthly statement or a statement does not reconcile to invoices.,Imprana BRD,,,,"Monthly statement per partner, reconciled to invoices",,,Backlog
US-CM-08,Local-currency invoices with GST,R2 Scale,Commercial and billing,Functional,Must,Absent,Operations Head,"As an Operations Head, I want invoices in local currency with the right taxes, so that we can pay and account for them easily.","Scenario: Invoice in INR with GST at launch
  Given an organisation invoiced in INR at launch
  When an invoice is issued
  Then the invoice is in INR
  And GST is applied and shown on the invoice

Scenario: Other currencies added per market
  Given a new market has been added with its local currency
  When an invoice is issued to an organisation in that market
  Then the invoice is in that market's local currency

Scenario: Reject an INR invoice without GST
  Given an organisation invoiced in INR
  When an invoice is issued without GST
  Then the invoice is not accepted
  And no invoice is issued in a currency whose market has not been added","Reject if an INR invoice is issued without GST, or an invoice uses a currency for a market not yet added.",Imprana BRD,,,,INR with GST at launch; other currencies added per market,,,Backlog
FR-ANA-001,Dashboard authoring,R2 Scale,Dashboards and analysis,Functional,Should,Absent,Analyst,"As an Analyst, I want to author dashboards from permitted widgets and preview them on desktop, mobile and as an accessible table before publishing, so that every audience sees the same values with their quality context.","Scenario: Build and preview a ten-widget dashboard at mobile width
  Given the Analyst has built a dashboard with ten permitted widgets, each declaring binding, view mode, period, dimensions and disclosure context
  When the Analyst opens the preview at mobile width
  Then each chart has a readable labelled tabular equivalent
  And the tabular values are identical to the chart values

Scenario: Dashboard copy starts as a private draft
  Given an existing dashboard
  When the Analyst copies it
  Then the copy begins as a private draft

Scenario: Reject layout changes that hide quality context
  Given a widget with required quality context
  When the Analyst changes the dashboard layout
  Then the required quality context cannot be hidden

Scenario: Reject stale values for unavailable bindings
  Given a widget whose binding is unsupported or has been revoked
  When the dashboard is viewed
  Then the widget shows unavailable
  But no stale private value is displayed","Reject if a layout change hides required quality context, an unsupported or revoked binding shows a stale private value, or a chart lacks a readable labelled equivalent with identical values.",Impact Platform ledger,,,"Dashboard authoring selects permitted metric, table, trend, target, narrative and evidence widgets. Each widget declares binding, view mode, period, dimensions and disclosure context. Preview renders desktop, mobile and an accessible tabular alternative before publication. Changing layout cannot hide required quality context. Unsupported or revoked bindings show unavailable rather than a stale private value. A dashboard copy begins as a private draft.","Build a ten-widget dashboard, open it at mobile width and verify each chart has a readable labelled equivalent with identical values.",,,Backlog
FR-ANA-007,Portfolio comparison,R2 Scale,Dashboards and analysis,Functional,Should,Absent,Funder Portfolio Manager,"As a Funder Portfolio Manager, I want to compare grantees only on compatible indicator definitions, periods and coverage thresholds, so that comparisons and rankings across my portfolio are fair and not misleading.","Scenario: Compatible measures grouped and mismatches flagged
  Given the Funder Portfolio Manager selects indicator definitions, periods and coverage thresholds for a portfolio comparison
  When the comparison is displayed
  Then compatible measures are grouped
  And mismatches are flagged

Scenario: Reviewed comparability required before a league table
  Given two completion rates with different eligible populations
  When the Funder Portfolio Manager requests a ranking
  Then an unqualified league table is presented only after comparability has been reviewed
  And otherwise the ranking carries a clear qualified comparison method

Scenario: Reject a raw ranking of non-equivalent measures
  Given measures with different denominators, currencies or observation windows
  When a ranking is requested without an approved comparable set
  Then no raw ranking treating them as equivalent is produced

Scenario: Reject exposing hidden portfolio members
  Given some portfolio members are outside the Funder Portfolio Manager's permissions
  When the results are permission filtered
  Then the visible scope is stated
  But hidden members are not exposed","Reject if a raw ranking mixes different denominators, currencies or observation windows as if equivalent, or permission filtered results expose hidden members.",Impact Platform ledger,,,"Portfolio comparison chooses compatible indicator definitions, periods and coverage thresholds. The view groups compatible measures and flags mismatches. Ranking is enabled only for an approved comparable set or carries a clear qualified comparison method. No raw ranking that mixes different denominators, currencies or observation windows as if equivalent. Permission filtered results state the visible scope without exposing hidden members.",Compare two completion rates with different eligible populations; require reviewed comparability before presenting an unqualified league table.,,,Backlog
FR-ANA-008,Dashboard governance,R2 Scale,Dashboards and analysis,Functional,Must,Absent,MEL Manager,"As a MEL Manager, I want dashboard publication to pin layout, bindings, audience and expiry and copies to carry no new data grants, so that shared dashboards only show data each audience is approved to see.","Scenario: Publication pins dashboard configuration
  Given a dashboard ready for publication
  When the MEL Manager publishes it
  Then its layout, bindings, audience and expiry are pinned
  And any change of owner requires current authority

Scenario: Copy to a funder workspace keeps restricted widgets unavailable
  Given an internal dashboard with restricted widgets
  When the MEL Manager copies it to a funder workspace
  Then the copy is a draft with no new data grants
  And the sharing preview calculates the recipient's view and identifies unavailable bindings
  And restricted widgets remain unavailable until explicitly bound to approved disclosed metrics

Scenario: Reject public dashboards on live private queries
  Given a public dashboard
  When its widgets are bound
  Then they reference only disclosure-approved artifacts
  But not unrestricted live private queries

Scenario: Reject continued publication after a sensitivity change
  Given a published dashboard
  When the sensitivity of one of its sources changes
  Then the affected publication is suspended until revalidated","Reject if a copied dashboard gains data grants or shows restricted widgets before approved binding, a public dashboard uses unrestricted live private queries, or publication continues after a source sensitivity change.",Impact Platform ledger,,,"Dashboard publication pins layout, bindings, audience and expiry. Owner changes require current authority. Copy creates a draft with no new data grants; sharing preview calculates the recipient's view and identifies unavailable bindings. Public dashboards reference disclosure-approved artifacts, not unrestricted live private queries. Changes to source sensitivity suspend affected publication until revalidated.",Copy an internal dashboard to a funder workspace; restricted widgets remain unavailable until explicitly bound to approved disclosed metrics.,,,Backlog
FR-DAT-003,Import mode and identity,R2 Scale,Data import and management,Functional,Must,Absent,Data Steward,"As a Data Steward, I want to choose append, keyed update or controlled replacement with a declared source namespace and stable key and preview every effect, so that repeated imports update data without duplicating achievements or deleting records unintentionally.","Scenario: Keyed reloads do not duplicate achievements
  Given a keyed file
  When it is loaded twice and then loaded a third time with one row revised
  Then the second run creates no new achievement
  And the third run creates one correction revision

Scenario: Preview and commit record every effect
  Given an import mode, source namespace and stable key are selected
  When the import is previewed and committed
  Then the preview computes inserts, revisions, unchanged duplicates and removals
  And commit records original and resulting revision references for every effect

Scenario: Reject unsafe append and implied deletion
  Given an append without reliable keys or a replacement without explicit scope
  When it is previewed
  Then the append warns that deduplication cannot establish entity uniqueness
  And the replacement is refused until explicit scope and deletion impact are approved
  And records absent from a partial file are not deleted","Reject if reloading a keyed file creates new achievements, a replacement proceeds without explicit scope and deletion impact approval, or absence from a partial file deletes records.",Impact Platform ledger,,,"The user selects append, keyed update or controlled replacement and identifies the source namespace and stable key. Preview computes inserts, revisions, unchanged duplicates and removals. Commit records original and resulting revision references for every effect. Append without reliable keys warns that deduplication cannot establish entity uniqueness. Replacement needs explicit scope and deletion impact approval; absence from a partial file never implies deletion.","Load a keyed file twice, then revise one row; the second run has no new achievement and the third creates one correction revision.",,,Backlog
FR-DAT-005,Immutable raw source,R2 Scale,Data import and management,Functional,Must,Absent,Data Steward,"As a Data Steward, I want raw source values kept separately from derived values, with receipt details and lineage to file, sheet or payload and row key, so that every result can be traced back to its unchanged source.","Scenario: Trace a corrected date to its raw source
  Given an imported date whose interpretation was corrected
  When the Data Steward traces the result
  Then lineage resolves to the source file, sheet and row key with the unchanged raw text
  And the mapping version that produced each interpretation is shown

Scenario: Receipt records source details
  Given a source file
  When it is received
  Then its integrity reference, receipt time, source owner and import settings are recorded

Scenario: Reject broad access or retention exemptions for raw data
  Given raw values subject to privacy deletion or retention
  When the policy applies
  Then raw storage is not exempt
  And restricted previews inherit the source classification and access
  And original files are not broadly downloadable","Reject if raw source values are altered by corrections, raw storage escapes privacy deletion or retention, or previews and original files are available beyond the source classification and access.",Impact Platform ledger,,,"Receipt records the source file integrity reference, receipt time, source owner and import settings. Raw values are retained under the chosen policy separately from derived values. Lineage resolves a result to source file, sheet or payload and row key. Raw storage is not an exemption from privacy deletion or retention. Restricted previews inherit source classification and access; original files are not broadly downloadable.",Correct an interpreted date and trace the result back to the unchanged raw text and the mapping version that produced each interpretation.,,,Backlog
FR-DAT-006,Governed transformations,R2 Scale,Data import and management,Functional,Should,Absent,Data Steward,"As a Data Steward, I want to author bounded, typed recode, derive, filter, join and reshape transformations with previews of counts, unmatched keys, duplicates and join cardinality, so that transformations do not silently inflate or distort results.","Scenario: Join preview prevents reach inflation
  Given one participant linked to three visits
  When a one to many join is previewed
  Then the preview shows three output rows and a distinct participant count of one
  And it reports input and output counts, unmatched keys and duplicates

Scenario: Publishing pins versions
  Given a previewed transformation
  When it is published
  Then its rule and source versions are pinned

Scenario: Reject undeclared joins and code execution
  Given a join without declared one to one, one to many or many to one intent
  When it is saved
  Then it is rejected
  And a many to many join without explicit reviewed justification is rejected
  And expressions cannot execute unrestricted code","Reject if a join runs without declared cardinality intent, a many to many join lacks reviewed justification, or an expression allows unrestricted code execution.",Impact Platform ledger,,,"Transformation authoring supports bounded recode, derive, filter, join and reshape operations with typed schemas. Preview reports input and output counts, unmatched keys, duplicates and join cardinality. Publishing pins rule and source versions. R1 joins require declared one to one, one to many or many to one intent; many to many needs explicit reviewed justification. No unrestricted code execution through expressions.","Join one participant to three visits; preview shows three output rows and distinct participant count one, preventing accidental unique reach inflation.",,,Backlog
FR-DAT-007,Schema drift,R2 Scale,Data import and management,Functional,Must,Absent,Data Steward,"As a Data Steward, I want recurring loads compared against the approved source contract and paused for review when fields go missing or change, so that incompatible source changes never silently corrupt results.","Scenario: Added optional field is ignored with notice
  Given a recurring load with an added optional field
  When it is compared with the approved source contract
  Then the field may be ignored and a notice is shown

Scenario: Type change pauses dependent processing
  Given a numerator column changes from decimal to free text
  When the recurring load runs
  Then affected processing pauses for review
  And dependent result freshness becomes failed or stale until a reviewed mapping resolves it

Scenario: Reject silent coercion
  Given a load with missing required, renamed, type changed or unit changed fields
  When it is processed
  Then incompatible text is not treated as zero
  And a new date locale is not silently inferred
  And unaffected validated data proceeds only when partial mode was approved","Reject if incompatible text is treated as zero, a new date locale is silently inferred, affected processing continues without review, or unaffected data proceeds without approved partial mode.",Impact Platform ledger,,,"Recurring loads compare the incoming schema with the approved source contract. Added optional fields may be ignored with notice; missing required, renamed, type changed or unit changed fields pause affected processing for review. Do not treat incompatible text as zero or silently infer a new date locale. Unaffected validated data may proceed only when partial mode was approved.",Change a numerator column from decimal to free text; dependent result freshness becomes failed or stale until a reviewed mapping resolves it.,,,Backlog
FR-DAT-008,Data catalogue and lineage,R2 Scale,Data import and management,Functional,Should,Partial,Data Steward,"As a Data Steward, I want a catalogue showing each permitted dataset's owner, purpose, schema, coverage, classification, quality and freshness, with authorised lineage traversal, so that I can assess impact before correcting or retiring data.","Scenario: Identify affected reports for a stale dataset
  Given a stale dataset consumed by authorised reports and by a restricted programme
  When the Data Steward inspects its impact
  Then the affected authorised reports are identified
  And the restricted programme is not exposed

Scenario: Catalogue entries show permitted metadata
  Given a dataset the user may access
  When it appears in catalogue results
  Then its permitted name, owner, purpose, schema, coverage, classification, quality and freshness are shown

Scenario: Reject disclosure through lineage edges
  Given a hidden source in a lineage path
  When lineage is traversed
  Then the hidden source name and counts are not revealed
  But a permitted derivative may show a withheld source reference under its disclosure contract","Reject if catalogue or lineage reveals hidden source names, counts or restricted programmes to a user not authorised to see them.",Impact Platform ledger,,,"Catalogue results contain permitted name, owner, purpose, schema, coverage, classification, quality and freshness. Lineage traversal follows authorised source, transformation, result and report dependencies. A user can inspect impact before correction or retirement. Do not reveal hidden source names or counts through lineage edges. A permitted derivative may show a withheld source reference under its disclosure contract.",Select a stale dataset and identify affected authorised reports without exposing a restricted programme that also consumes the source.,,,Backlog
FR-DAT-010,Refresh scheduling and freshness,R2 Scale,Data import and management,Functional,Should,Absent,Data Steward,"As a Data Steward, I want each source to record its cadence and when data was last received, validated and approved, with dashboards showing the relevant freshness stage, so that a successful fetch is never mistaken for usable data.","Scenario: Source records schedule and freshness stages
  Given a scheduled source
  When its health is viewed
  Then cadence, zone, next run, last received, last validated and last approved data times are shown
  And schedule changes preview the affected runs

Scenario: Fetch succeeds but validation fails
  Given a refresh where the fetch succeeds and validation fails
  When source health and dependent dashboards are viewed
  Then source health distinguishes the successful fetch from the failed validation
  And dependent dashboards do not show a fresh approved result

Scenario: Reject clearing the last known result on failure
  Given a missed or failed refresh
  When dependent results are viewed
  Then the last known result is not cleared
  And it is labelled stale with a link to the authorised failure owner
  And overlapping scheduled runs follow one declared checkpoint sequence","Reject if a successful fetch is shown as fresh approved data, a missed or failed refresh clears the last known result, or stale results are not labelled.",Impact Platform ledger,,,"Each source records cadence, zone, next run, last received, last validated and last approved data times. Schedule changes preview affected runs. Dashboards display the relevant freshness stage rather than equating a successful fetch with usable data. Missed or failed refresh does not clear the last known result. It labels it stale and links to the authorised failure owner. Overlapping scheduled runs follow one declared checkpoint sequence.",Fetch succeeds but validation fails; source health distinguishes the two and dependent dashboards do not show a fresh approved result.,,,Backlog
FR-DAT-011,Data exports and portability,R2 Scale,Data import and management,Functional,Must,Absent,Analyst,"As an Analyst, I want to export authorised rows and fields with their semantic metadata in a safe format, so that exported data stays accurate, portable and secure when opened in other tools.","Scenario: Export includes semantic metadata
  Given authorised rows and fields are selected
  When the Analyst exports them
  Then the export includes stable IDs, type dictionary, code lists, units, time zone, source versions and value states
  And large exports follow job and revocation controls

Scenario: Formula-like text and leading-zero IDs are safe
  Given data containing text beginning with an equals sign and a leading-zero ID
  When the exported file is opened
  Then no formula executes
  And the ID remains text
  And the safe export encoding is documented

Scenario: Reject leaking unselected or private data
  Given an export of selected columns
  When the file and its metadata are inspected
  Then no hidden unselected columns or private raw values are present
  And formula-like text is neutralised without silently changing its represented meaning","Reject if exported formula-like text executes or changes meaning, a leading-zero ID loses its text form, or the export contains unselected columns or private raw values.",Impact Platform ledger,,,"Export selects authorised rows and fields, format and semantic metadata. Include stable IDs, type dictionary, code lists, units, time zone, source versions and value states. Large exports follow job and revocation controls. Neutralise spreadsheet formula-like text without silently changing its represented meaning; document the safe export encoding. No hidden unselected columns or private raw values in metadata.",Export text beginning with an equals sign and a leading-zero ID; opening the file does not execute a formula and the ID remains text.,,,Backlog
FR-DAT-012,Data retention and dependency review,R2 Scale,Data import and management,Functional,Must,Absent,Privacy Officer,"As a Privacy Officer, I want dataset archival or deletion to start with a dependency and retention review and produce an itemised manifest, so that deleted data cannot be recovered from any copy while lawful holds remain controlled.","Scenario: Review dependencies before deletion
  Given a dataset selected for archival or deletion
  When the review preview opens
  Then it separates live inputs, retained snapshots, indexes, AI references and external disclosures

Scenario: Deletion produces an itemised manifest
  Given an eligible source is deleted
  When execution completes
  Then an itemised restriction or deletion manifest lists holds and retryable failures
  And search, AI and generated private exports cannot recover the source
  And held evidence appears only in the authorised hold inventory

Scenario: Reject orphaned or unlabelled retained artifacts
  Given deletion has executed
  When remaining artifacts are checked
  Then no readable orphan artifacts remain
  And any lawful retained snapshot is explicitly restricted and labelled
  And a historical publication whose continued exposure is no longer permitted can be withdrawn","Reject if deleted data remains recoverable through search, AI, exports or orphan artifacts, or a lawfully retained snapshot is not explicitly restricted and labelled.",Impact Platform ledger,,,"Dataset archival or deletion starts with dependency and retention review. The preview separates live inputs, retained snapshots, indexes, AI references and external disclosures. Execution produces an itemised restriction or deletion manifest with holds and retryable failures. Do not leave readable orphan artifacts. A lawful retained snapshot is explicitly restricted and labelled, while historical publication may be withdrawn if its continued exposure is no longer permitted.","Delete an eligible source and verify search, AI and generated private exports cannot recover it; held evidence appears only in the authorised hold inventory.",,,Backlog
FR-DQ-001,Quality rule catalogue,R2 Scale,Data quality,Functional,Must,Absent,Data Steward,"As a Data Steward, I want to define quality rules with a rule type, target fields, scope, severity, owner and effective version and preview their failures on a permitted sample before activation, so that data checks are consistent, traceable and safe to switch on.","Scenario: Define and preview a quality rule before activation
  Given a Data Steward in the quality editor
  When they define a rule with rule type, target fields, scope, severity, owner and effective version
  And they preview it against a permitted sample
  Then the preview reports the failures the rule would raise before the rule is activated

Scenario: Inspect a failing record for a date cross-field check
  Given a Data Steward has activated a ""visit date after birth date"" check
  When a record has a visit date that is not after its birth date
  Then the failing record shows the exact rule version that failed
  And it shows a safe field message

Scenario: Rule updates apply prospectively
  Given an active quality rule
  When the Data Steward updates the rule without requesting a reviewed revalidation job
  Then the updated rule applies prospectively only
  And existing records are revalidated only when a reviewed revalidation job is requested

Scenario: Reject a rule reading a field outside its authorised scope
  Given a Data Steward defining a quality rule
  When the rule targets a field outside its authorised processing scope
  Then the system refuses to let the rule read that field",Reject if a rule can read a field outside its authorised processing scope or a rule update changes past outcomes without a reviewed revalidation job.,Impact Platform ledger,,,"The quality editor selects rule type, target fields, scope, severity, owner and effective version. Supported checks cover requiredness, uniqueness, range, references, dates, cross field logic and control totals. Preview reports failures against a permitted sample before activation. Rule updates apply prospectively unless a reviewed revalidation job is requested. A rule cannot read a field outside its authorised processing scope.",Activate a visit date after birth date check and inspect the failing record's exact rule version and safe field message.,,,Backlog
FR-DQ-002,Blocking and warning behaviour,R2 Scale,Data quality,Functional,Must,Absent,Data Steward,"As a Data Steward, I want blocking errors to prevent progression, review warnings to require an explicit disposition and informational findings not to block, with correction, revalidation and exception kept as separate actions, so that quality issues are handled according to their severity.","Scenario: Blocking error stays blocked until corrected
  Given a submission with a blocking duplicate event
  When a Reviewer attempts to approve it
  Then the approval is blocked
  And it stays blocked until the duplicate is corrected

Scenario: Permitted warning proceeds only with its recorded exception
  Given a submission with a review warning that policy permits to be excepted
  When an exception request is recorded with the rule, affected revision, reason, authority and expiry
  Then the submission can proceed with that exception recorded
  But it cannot proceed without an explicit disposition of the warning

Scenario: Informational findings do not block
  Given a submission with only informational findings
  When it is progressed
  Then the findings do not block progression

Scenario: Reject dismissing a notification as a resolution
  Given a submission with a blocking error or review warning
  When a user dismisses the notification about it
  Then the underlying issue remains unresolved

Scenario: Reject waiving non-waivable conditions
  Given a finding caused by a security restriction, an impossible calculation or self approval
  When an exception is requested for it
  Then the exception is refused","Reject if dismissing a notification resolves an issue, a blocking error progresses without correction, or a security restriction, impossible calculation or self approval is waived.",Impact Platform ledger,,,"A blocking error prevents progression; a review warning requires explicit disposition; informational findings do not block. Exception requests include rule, affected revision, reason, authority and expiry. Revalidation, correction and exception are separate actions. Dismissing a notification never resolves the underlying issue. Security restrictions, impossible calculations and self approval are nonwaivable.","Attempt approval with a blocking duplicate event; it stays blocked until corrected, while a permitted warning can proceed only with its recorded exception.",,,Backlog
FR-DQ-004,Reconciliation checks,R2 Scale,Data quality,Functional,Must,Absent,Data Steward,"As a Data Steward, I want reconciliation rules that declare the expected equation and category semantics, so that totals are checked correctly for both exclusive and overlapping breakdowns.","Scenario: Exclusive components reconcile to the total
  Given a reconciliation rule for an exclusive exhaustive breakdown
  And a total of ten with components six and four
  When the check compares the component sum to the total at the stated precision
  Then the check passes

Scenario: Overlapping categories are not forced to sum to the total
  Given a reconciliation rule for overlapping service categories
  And a total of ten with two overlapping service categories of six and seven
  When the check runs
  Then the categories are not required to sum to ten
  And the check compares distinct entities or uses a labelled nonadditive check

Scenario: Missing components make the check incomplete
  Given an exclusive breakdown with a missing component
  When the check runs
  Then the check is marked incomplete
  But it is not automatically marked failed or passed

Scenario: Reject exposing suppressed values in public reconciliation detail
  Given a reconciliation that involves suppressed values
  When the reconciliation detail is published
  Then the suppressed values may have been evaluated privately
  But they are never exposed in the public reconciliation detail","Reject if overlapping categories are forced to sum to the total, missing components cause an automatic pass or fail, or suppressed values appear in public reconciliation detail.",Impact Platform ledger,,,"Reconciliation rules declare the expected equation and category semantics. For exclusive exhaustive breakdowns, compare component sum to total at the stated precision. For overlapping categories, compare distinct entities or use a labelled nonadditive check. Suppressed values may be evaluated privately but never exposed in public reconciliation detail. Missing components make the check incomplete rather than automatically failed or passed.",A total of ten with exclusive components six and four passes; two overlapping service categories six and seven are not incorrectly required to sum to ten.,,,Backlog
FR-DQ-005,Quality issue workflow,R2 Scale,Data quality,Functional,Must,Absent,Data Steward,"As a Data Steward, I want each quality issue to track the failing revision, rule, severity, owner and due time through correction, revalidation and evidenced closure, so that issues are resolved traceably and unresolved material issues stay visible on dependent results.","Scenario: Trace a malformed date from import rejection to accepted revision
  Given an imported record is rejected for a malformed date
  And a quality issue binds the failing revision, rule, severity, owner and due time
  When a correction opens a linked revision
  And revalidation confirms the new outcome
  Then closure records its evidence
  And the reporting delay and final accepted revision remain traceable

Scenario: Unresolved material issue stays attached to dependent results
  Given an unresolved material quality issue
  When a dependent result is viewed
  Then the issue remains attached to that result

Scenario: Recurrence links to prior history
  Given a quality issue that was previously fixed
  When the issue recurs
  Then the new recurrence links to the prior history
  And the earlier fix is not erased

Scenario: Reject closing an issue by changing owner or resolving a comment
  Given an open quality issue
  When its owner is changed or a comment on it is marked resolved
  Then the issue remains open","Reject if changing the owner or resolving a comment closes a quality issue, or a recurrence erases the earlier fix.",Impact Platform ledger,,,"A quality issue binds the failing object revision, rule, severity, owner and due time. Correction opens a linked revision; revalidation confirms the new outcome. Closure records evidence, while an unresolved material issue remains attached to dependent results. Changing owner or marking a comment resolved cannot close the issue. A new recurrence links to prior history without erasing the earlier fix.",Follow a malformed date from import rejection through correction and revalidation; the reporting delay and final accepted revision remain traceable.,,,Backlog
FR-DQ-008,Quality disclosure,R2 Scale,Data quality,Functional,Must,Absent,MEL Manager,"As a MEL Manager, I want every result to carry its required quality disclosures through dashboards, report templates, exports and AI drafting, so that readers always see material caveats such as partial coverage.","Scenario: Partial coverage disclosed in chart and narrative exports
  Given a report generated from three of five approved submissions
  When the chart and the narrative are exported
  Then both exports retain the partial coverage disclosure
  And both show 60 percent approval completeness

Scenario: Shortened disclosure uses approved wording
  Given a result with a required quality disclosure
  When an author shortens the disclosure
  Then only an approved equivalent wording template can be used

Scenario: Restricted detail withheld while the limitation stays visible
  Given a disclosure that references restricted detail
  When the result is shown to a user without access to that detail
  Then the restricted detail is withheld
  And the material limitation remains visible

Scenario: Reject hiding partial coverage
  Given a result with a partial coverage disclosure
  When an author removes a widget, exports a bare number, or applies dashboard styling, a report template or AI drafting
  Then the material partial coverage caveat is still preserved with the result","Reject if partial coverage or another material caveat can be hidden by removing a widget, exporting a bare number, or through styling, templates or AI drafting.",Impact Platform ledger,,,"Every result carries required quality disclosures from its sources and approval exceptions. Dashboard styling, report templates and AI drafting must preserve material caveats. A disclosure may be shortened only through an approved equivalent wording template. Do not let authors hide partial coverage by removing a widget or exporting a bare number. Restricted detail may be withheld while the material limitation remains visible.",Generate a report from three of five approved submissions; both chart and narrative export retain partial coverage and 60 percent approval completeness.,,,Backlog
FR-EVA-004,Causal claims and uncertainty,R2 Scale,Evaluation,Functional,Must,Absent,MEL Manager,"As a MEL Manager, I want every finding or report claim classified as observed change, association, contribution or causal claim, so that reports and AI drafts only attribute impact where an approved method and independent review support it.","Scenario: Classify a claim
  Given a finding or report claim
  When it is authored
  Then it is classified as observed change, association, contribution or causal claim

Scenario: Approve a causal claim
  Given a claim classified as causal
  When it is approved
  Then it has an approved method reference and an independent reviewer judgement

Scenario: AI response without a reviewed evaluation
  Given no reviewed evaluation supports attribution for an outcome
  When a user asks why the outcome increased after launch
  Then the AI response describes the observed change and the evidence limits
  And it carries the claim's uncertainty

Scenario: Reject automatic causal attribution from a trend
  Given a trend or before-after difference
  When a report is drafted
  Then a causal attribution statement is not automatically populated from it
  And unsupported causal language is flagged during report review","Reject if a causal claim lacks an approved method and independent reviewer judgement, or a trend or before-after difference automatically produces a causal attribution statement.",Impact Platform ledger,,,"Every finding or report claim selects observed change, association, contribution or causal claim. A causal claim requires an approved method reference and an independent reviewer judgement. AI drafting reads this claim classification and carries uncertainty. A trend or before-after difference alone cannot automatically populate a causal attribution statement. Unsupported language is flagged during report review.",Ask why an outcome increased after launch; the response describes observed change and evidence limits unless a reviewed evaluation supports attribution.,,,Backlog
FR-EVD-002,Evidence verification and provenance,R2 Scale,Evidence,Functional,Must,Absent,MEL Manager,"As a MEL Manager, I want evidence verification recorded with reviewer, method, source checks, limitations and status, and disputes traced to every dependent claim, so that claims rely only on evidence whose credibility has been checked.","Scenario: Record evidence verification
  Given a Reviewer verifying evidence
  When they complete the verification
  Then the reviewer, method, source checks, limitations and verified or disputed status are recorded
  And integrity identity is displayed separately from authenticity

Scenario: Dispute previously verified evidence
  Given a verified attendance sheet supports unpublished claims and published reports
  When it is marked disputed
  Then every dependent claim is identified and review tasks are initiated
  And affected unpublished claims require resolution
  And published reports enter correction review

Scenario: Reject treating a scan or hash as proof of truth
  Given evidence with a passed malware scan and a file hash
  When no verification has been recorded
  Then the evidence is not treated as verified

Scenario: Reject unqualified publication with disputed mandatory evidence
  Given mandatory evidence with an unresolved dispute
  When unqualified publication of a dependent claim is attempted
  Then publication is blocked","Reject if a malware scan or file hash is treated as establishing truth, or a claim relying on disputed mandatory evidence is published without qualification.",Impact Platform ledger,,,"Verification records reviewer, method, source checks, limitations and verified or disputed status. The system displays integrity identity separately from authenticity. A dispute identifies every dependent claim and initiates review tasks. A passed malware scan or file hash cannot establish truth. Mandatory evidence with unresolved dispute blocks unqualified publication.",Mark a previously verified attendance sheet disputed; affected unpublished claims require resolution while published reports enter correction review.,,,Backlog
FR-EVD-003,Search and knowledge retrieval,R2 Scale,Evidence,Functional,Should,Absent,Analyst,"As an Analyst, I want to search evidence by source, type, date and permitted classification with permission and purpose filters applied first, so that I find relevant knowledge without seeing anything I am not authorised to access.","Scenario: Search with filters
  Given indexed evidence
  When an Analyst searches using source, type, date and permitted classification filters
  Then permission and purpose filters are applied before result counts and snippets are produced
  And indexed text shows its source version and extraction status
  And unsupported content shows metadata only

Scenario: Reject revealing restricted content in search
  Given a phrase that appears only in a restricted report
  When an unprivileged user searches for that phrase
  Then they receive no matching snippet or citation
  And no count or facet reveals the restricted report

Scenario: Reject access after revocation or deletion
  Given a document whose access was revoked or which was deleted
  When users search, view suggested queries or use AI retrieval
  Then the document is not reachable through the index, snippets, suggested queries or AI retrieval","Reject if restricted, revoked or deleted documents surface through snippets, citations, counts, facets, suggested queries or AI retrieval.",Impact Platform ledger,,,"Search applies permission and purpose filters before result counts and snippets. Indexed text records source version and extraction status. Filters include source, type, date and permitted classification; unsupported content shows metadata only. Revocation and deletion remove access to index, snippets, suggested queries and AI retrieval. Unauthorised documents do not contribute visible counts or facets.","Search a phrase present only in a restricted report; an unprivileged user receives no matching snippet, citation or revealing count.",,,Backlog
FR-EVD-004,Document versioning and annotations,R2 Scale,Evidence,Functional,Should,Absent,Analyst,"As an Analyst, I want annotations anchored to a specific document version and location, with reviewed migration to new versions, so that comments and citations always point to the passage they were made on.","Scenario: Annotate a document version
  Given a document version
  When an Analyst adds an annotation
  Then it references that version and a stable page, section, timestamp or excerpt anchor
  And later comment edits retain the author and permitted history

Scenario: Replace a report where pages shift
  Given a published citation to a page of a report
  When the report is replaced by a new version in which pages shift
  Then the old published citation still resolves to the old page
  And migrating an annotation to the new version requires verified remapping with ambiguities flagged

Scenario: Reject attaching an unmatched anchor to a similar passage
  Given an annotation anchor that cannot be matched in the new version
  When anchor migration runs
  Then the annotation is marked unresolved
  But it is not attached to a similar passage",Reject if an unmatched anchor is attached to a similar passage or a published citation moves off its original version.,Impact Platform ledger,,,"Annotations reference a specific document version and a stable page, section, timestamp or excerpt anchor. A new version may offer reviewed anchor migration with ambiguity flags. Comment edits retain author and permitted history. If an anchor cannot be matched, mark it unresolved rather than attaching it to a similar passage. Published citations remain pinned to their original version.",Replace a report where pages shift; the old published citation still resolves to the old page and a new annotation requires verified remapping.,,,Backlog
FR-EVD-007,Quotations and disclosure,R2 Scale,Evidence,Functional,Must,Absent,Privacy Officer,"As a Privacy Officer, I want external quotations and stories checked for permission, audience, consent and identifiers and redacted into a separate previewed artifact before disclosure approval, so that published stories cannot reveal participants' identities.","Scenario: Prepare an external quotation
  Given a quote prepared for an external story
  When it is prepared for disclosure
  Then source permission, intended audience, consent scope and identifiers are checked
  And redaction produces a separate artifact that removes hidden text and metadata
  And the artifact must be previewed before disclosure approval

Scenario: Export a redacted case story
  Given a case story with an approved quote and a redacted participant identity
  When it is exported
  Then copied text, metadata and embedded files cannot reveal the redacted identity
  And source citations may be retained privately while public references omit identifying detail

Scenario: Reject visual-only redaction
  Given text covered only by a black rectangle
  When the document is submitted for disclosure approval
  Then it is not accepted as redacted","Reject if redaction only covers text visually, or exported text, metadata or embedded files can reveal a redacted identity.",Impact Platform ledger,,,"External quotation or story preparation checks source permission, intended audience, consent scope and identifiers. Redaction produces a separate artifact, removes hidden text and metadata, and requires preview before disclosure approval. A black rectangle over text is not sufficient redaction. Source citations may be retained privately while public references omit identifying detail.","Export a case story with an approved quote and verify copied text, metadata and embedded files cannot reveal the redacted participant identity.",,,Backlog
FR-FIN-001,Funding and grant context,R2 Scale,Finance,Functional,Should,Absent,Finance Officer,"As a Finance Officer, I want to record each funding agreement with its funder, programme links, amount, currency, dates, amendments and reporting obligations, so that grant context is complete while each funder sees only what they are approved to see.","Scenario: Record a funding agreement
  Given a new funding agreement
  When the Finance Officer records it
  Then it captures agreement identity, funder, programme links, amount, currency, dates, amendments and reporting obligations
  And confidential clauses and attachments use separate field permissions
  And any subgrant relationship preserves its own agreement version

Scenario: Two donors linked to one project see only their own view
  Given two donors are linked to one project
  When each donor's external user accesses the project
  Then each sees only their approved report view
  And neither has automatic access to the other's agreement

Scenario: Reject access or ownership created by a funder relation
  Given a funder is linked to a project
  When the relation is saved
  Then no user grant or ownership share in outcomes is created

Scenario: Reject amount changes without amendment history
  Given a recorded funding agreement
  When its amount is changed without an amendment
  Then the change is refused","Reject if a funder relation creates a user grant or ownership share in outcomes, one donor can see another donor's agreement, or an amount changes without amendment history.",Impact Platform ledger,,,"Funding records capture agreement identity, funder, programme links, amount, currency, dates, amendments and reporting obligations. Confidential clauses and attachments use separate field permissions. Subgrant relationships preserve their own agreement version. A funder relation does not create a user grant or ownership share in outcomes. Amount changes require amendment history.",Link two donors to one project; each external user sees only their approved report view and no automatic access to the other's agreement.,,,Backlog
FR-FIN-004,Currency treatment,R2 Scale,Finance,Functional,Must,Absent,Finance Officer,"As a Finance Officer, I want currency conversions to record source and reporting currency, rate, rate source, effective date and direction and to be pinned in report snapshots, so that historical publications never change when rates change.","Scenario: Convert and pin a rate
  Given a transaction of USD 100 and a rate of 83 INR per USD
  When the Finance Officer converts it to INR
  Then the converted value is INR 8300
  And the report snapshot pins the rate, source, effective date and rate direction
  And the original transaction remains in USD

Scenario: A later rate creates a new view
  Given a published report shows INR 8300 converted at 83
  When a later rate of 84 is applied
  Then a new analytical view or restatement is created
  And the published historical value remains 8300

Scenario: Reject silent current-rate conversion of history
  Given a historical publication with pinned conversion values
  When the current rate changes
  Then the publication is not silently converted at the current rate

Scenario: Reject zero or parity for missing rates
  Given no rate exists for the required currency pair and date
  When conversion is requested
  Then the converted value is unavailable
  But it is not shown as zero or assumed parity","Reject if a historical publication is silently converted at a current rate, the original transaction currency is lost, or a missing rate produces zero or assumed parity instead of unavailable.",Impact Platform ledger,,,"Currency conversion requires source and reporting currency, rate, source, effective date and rate direction. A report snapshot pins these values. Original transactions remain in original currency; a new rate creates a new analytical view or restatement. No silent current-rate conversion of historical publications. Missing rates produce unavailable converted values rather than zero or assumed parity.",Convert USD 100 at 83 INR per USD to INR 8300; a later rate of 84 creates a new view while the published historical value remains 8300.,,,Backlog
FR-FIN-008,Finance permissions and audit,R2 Scale,Finance,Functional,Must,Absent,Finance Officer,"As a Finance Officer, I want separate permission checks for financial lines, attachments, approval and export with audited access, so that others can see approved summaries while transaction details and confidential terms stay restricted.","Scenario: Programme viewer sees the approved summary
  Given a published budget total on a programme dashboard
  When a programme viewer opens it
  Then the approved summary disclosure is visible
  And the audit record identifies the financial read without logging secret values

Scenario: Reject retrieving restricted financial detail
  Given a programme viewer who can see a published budget total
  When they attempt to retrieve transaction rows or confidential clauses through drill down, API or export
  Then the request is refused

Scenario: Reject self-approval of a budget revision
  Given a finance approver who authored a budget revision
  When they attempt to approve it
  Then the approval is blocked

Scenario: Reject ledger access through connection administration
  Given a user with connection administration rights only
  When they attempt to access ledger fields
  Then access to every ledger field is not granted","Reject if a summary viewer can retrieve transaction rows or confidential clauses by any route, connection administration grants access to every ledger field, or an approver can approve a budget revision they authored.",Impact Platform ledger,,,"Financial capability checks apply to lines, attachments, approval and export separately. A programme dashboard may display an approved summary disclosure while transaction details remain restricted. Audit records identify financial reads and mutations without logging secret values. Connection administration does not grant access to every ledger field. A finance approver cannot approve a budget revision they authored.","A programme viewer opens a published budget total but cannot retrieve transaction rows or confidential clauses through drill down, API or export.",,,Backlog
FR-FRM-004,Multilingual instruments,R2 Scale,Forms and collection,Functional,Should,Partial,MEL Manager,"As a MEL Manager, I want each form field and choice to keep a stable code with separately reviewed language-specific labels, so that responses in any approved language map to the same codes and consent is always shown in an approved translation.","Scenario: Same choice in different languages maps to one code
  Given a form released with an approved English and Hindi language set
  When the same choice is submitted once in English and once in Hindi
  Then both map to one stable response code
  And each retains the language presented to the respondent

Scenario: Translator sees gaps and proposals
  Given a form with untranslated and machine-proposed labels
  When the translator opens a language version
  Then missing and machine-proposed translations are shown
  And the language version is approved through review separately

Scenario: Reject collection without approved consent translation
  Given critical consent text lacks an approved translation in the selected collection language
  When collection in that language is started
  Then collection in that language is blocked

Scenario: Reject fallback that changes choice codes
  Given fallback text is used for a missing label
  When a response is recorded
  Then the fallback is shown explicitly
  And the choice code is unchanged","Reject if fallback text changes a choice code, the same choice maps to different codes by language, or collection proceeds in a language without approved consent text.",Impact Platform ledger,,,Each field and choice has a stable code and language specific labels. The translator sees missing and machine proposed translations. Review approves a language version separately; a released form records its approved language set. Fallback text is explicit and cannot silently change choice codes. Critical consent text requires approved translation in the selected collection language; otherwise collection in that language is blocked.,Submit the same choice in English and Hindi; both map to one stable response code and retain the language presented to the respondent.,,,Backlog
FR-FRM-007,Media and location evidence,R2 Scale,Forms and collection,Functional,Should,Absent,Privacy Officer,"As a Privacy Officer, I want media and location capture to show necessity, consent and size limits, record GPS refusal, and strip prohibited embedded metadata before disclosure, so that evidence is collected and shared without exposing protected information.","Scenario: Capture shows necessity, consent and limits
  Given a form field requiring media capture
  When the collector starts recording
  Then necessity, consent and size limits are displayed before recording
  And each attachment shows upload progress, safety state and evidence requirement

Scenario: Optional GPS refusal is recorded
  Given an optional GPS field
  When location is unavailable or declined
  Then the field records unavailable or declined
  And mandatory justified GPS follows the explicit exception path

Scenario: Reject disclosure of prohibited location metadata
  Given a photo with embedded coordinates and location disclosure is prohibited
  When the photo is disclosed externally
  Then the external artifact contains no recoverable coordinate metadata
  And permitted source provenance is retained

Scenario: Reject incomplete or unsafe files as evidence
  Given an attachment whose scanning is incomplete or that is found unsafe
  When evidence completeness or approval is assessed
  Then the evidence is not complete and approval is prevented","Reject if an externally disclosed artifact contains recoverable prohibited metadata such as coordinates, or an unscanned or unsafe file counts towards evidence completeness or approval.",Impact Platform ledger,,,"Media capture displays necessity, consent and size limits before recording. Each attachment has upload progress, safety state and evidence requirement. Optional GPS refusal records unavailable or declined; mandatory justified GPS follows an explicit exception path. Strip prohibited embedded metadata before approved disclosure while retaining permitted source provenance. Scanning incomplete or unsafe files prevents evidence completeness and approval.",Upload a photo with embedded coordinates while location disclosure is prohibited; the external artifact contains no recoverable coordinate metadata.,,,Backlog
FR-FRM-010,Instrument testing and reuse,R2 Scale,Forms and collection,Functional,Should,Absent,MEL Manager,"As a MEL Manager, I want to test forms with synthetic submissions covering branches, boundaries, translations and devices, and reuse pinned question library versions, so that instruments are proven before publication without polluting official data.","Scenario: Testing reports branch coverage
  Given a form with skip branches and a repeat group
  When two skip branches and one repeat boundary are exercised with synthetic submissions
  Then results identify any unvisited logic branches and validation failures

Scenario: Synthetic responses stay out of production after publishing
  Given synthetic test responses exist for a form
  When the form is published
  Then none of the synthetic responses appear in production counts or official datasets
  And no real respondent messages are triggered

Scenario: Reuse a pinned question library version
  Given a question library
  When questions are copied into a form
  Then the selected library version is pinned
  And permitted local adaptation is allowed

Scenario: Reject publishing without passing checks
  Given mandatory path checks have not passed or independent instrument review is incomplete
  When publishing is attempted
  Then publishing is blocked","Reject if any test submission enters official datasets or triggers real respondent messages, or a form is published without passing mandatory path checks and independent instrument review.",Impact Platform ledger,,,"Form testing uses synthetic submissions, branch coverage, boundary answers, translations and device previews. Results identify unvisited logic branches and validation failures. Copying a question library pins the selected version and allows permitted local adaptation. No test submission may enter official datasets or trigger real respondent messages. Publish requires passing mandatory path checks and independent instrument review.","Exercise two skip branches and one repeat boundary, publish the form and verify all synthetic responses remain outside production counts.",,,Backlog
US-FP-02,"Portfolio progress, adoption and ROI across grantees",R2 Scale,Funder portfolio,Functional,Must,Absent,Funder Portfolio Manager,"As a Funder Portfolio Manager, I want to see portfolio progress, adoption and ROI, so that I know the capacity investment is working.","Scenario: Portfolio view aggregated by default
  Given a cohort of grantees who share metrics
  When the Funder Portfolio Manager opens the portfolio view
  Then progress, adoption and ROI are shown aggregated across grantees by default

Scenario: Reject metrics grantees have not agreed to share
  Given a grantee who has not agreed to share a metric
  When the Funder Portfolio Manager views the portfolio
  Then that metric is not shown for that grantee
  And it is not included in any aggregate","Reject if any metric a grantee has not agreed to share is shown, or the view is not aggregated by default.",Imprana BRD,,FR-ANA-007; FR-ACC-009,,Shows only metrics grantees agree to share; aggregated by default,,,Backlog
US-FP-04,Grantee controls what the funder sees,R2 Scale,Funder portfolio,Functional,Must,Partial,Executive Director,"As an Executive Director, I want to control exactly what my funder sees, so that I can trust the platform.","Scenario: Set sharing per metric
  Given an Executive Director of a grantee organisation
  When they set sharing on or off for each metric
  Then the funder sees only the metrics set to shared

Scenario: Log of what was shared and when
  Given metrics have been shared with the funder
  When the Executive Director opens the sharing log
  Then it shows each metric that was shared and when

Scenario: Reject showing a metric that is not shared
  Given a metric set to not shared
  When the funder views the grantee's data
  Then the metric is not visible","Reject if the funder sees any metric not set to shared, or sharing is not logged with what and when.",Imprana BRD,,FR-ACC-010; FR-PRV-008,,Sharing settings per metric; log of what was shared and when,,,Backlog
FR-IAM-004,Local account security,R2 Scale,Identity and accounts,Functional,Must,Absent,Data Author,"As a Data Author with a local account, I want clear password rules that work with password managers and a safe single-use reset, so that I can secure and recover my account without exposing my password or whether an address is registered.","Scenario: Set a local password
  Given a Data Author is setting up a local account
  When they paste a password from a password manager
  Then the paste is accepted
  And the effective password policy is displayed
  And the password is checked against known compromised values

Scenario: Reset a password
  When a Data Author requests a password reset
  Then a neutral acknowledgement is returned
  And a single use recovery link with a 30 minute expiry is issued
  When they complete a successful reset
  Then prior recovery tokens and sessions are revoked according to policy

Scenario: Reject token replay and secret leakage
  Given a reset token has already been used
  When the same token is submitted again
  Then the replay fails
  And after a failed password attempt neither the password nor the token is recoverable from logs or diagnostics

Scenario: Reject account enumeration and unbounded retries
  When a reset is requested for an address that is not registered
  Then the response does not reveal whether the address is registered
  And repeated attempts are subject to bounded retry and abuse controls
  And password text is never exposed to telemetry or normal administrators","Reject if a reset token works twice or after 30 minutes, if a response reveals whether an address is registered, or if password or token text is recoverable from telemetry, logs or by normal administrators.",Impact Platform ledger,,,"Local account setup displays the effective password policy, permits paste and password managers and checks known compromised values. Reset returns a neutral acknowledgement and a short lived single use recovery link. Successful reset revokes prior recovery tokens and sessions according to policy. Proposed reset expiry is 30 minutes. Never reveal whether a supplied address is registered. Apply bounded retry and abuse controls without exposing password text to telemetry or normal administrators.",Submit the same reset token twice and inspect logs after a failed password attempt; the replay fails and neither password nor token is recoverable from diagnostics.,,,Backlog
FR-IAM-007,Recovery and identity changes,R2 Scale,Identity and accounts,Functional,Must,Absent,Data Author,"As a Data Author, I want changes to my sign-in identity and recovery of lost factors to require strong verification and notify me, so that someone with a stolen session or a persuasive story cannot take over my account.","Scenario: Change identity after step up
  Given a Data Author has completed a recent step up
  When they change their identity contact and verify the new channel
  Then the change is applied
  And both permitted old and new contacts are notified without disclosing secrets

Scenario: Recover a lost factor
  Given a Data Author has lost a factor
  When they verify enrolled recovery evidence
  Then one recovery code is consumed
  And a security notice is triggered

Scenario: Reject identity change from a stolen session
  Given an attacker holds a stolen ordinary session
  When they attempt to replace the recovery email
  Then the change is blocked until stronger verification succeeds

Scenario: Reject support resets based on conversation alone
  Given a Support Agent receives an identity reset request
  When the only evidence is a conversation or knowledge questions
  Then the Support Agent cannot reset the identity
  And a disputed change enters a restricted recovery case where existing broad privileges are not restored until verification completes","Reject if an identity or recovery contact can be changed without recent step up and verification of the new channel, or if a Support Agent can reset an identity based only on a conversation or knowledge questions.",Impact Platform ledger,,,"Identity changes require recent step up and verification of the new channel. Notify both permitted old and new contacts without disclosing secrets. Lost factor recovery verifies enrolled recovery evidence, consumes one recovery code and triggers a security notice. A support agent cannot reset identity based only on a conversation or knowledge questions. Disputed changes enter a restricted recovery case; existing broad privileges are not restored until verification completes.",Use a stolen ordinary session to replace the recovery email; the change is blocked until stronger verification succeeds.,,,Backlog
FR-IAM-010,Group management,R2 Scale,Identity and accounts,Functional,Should,Partial,Organisation Administrator,"As an Organisation Administrator, I want to manage groups with dated, scoped and owned grants and inspect the effective permissions they produce, so that group access is clear and removing someone reliably removes everything they derived from the group.","Scenario: Maintain groups and inspect effective permissions
  Given a group editor maintains members and scoped grants with effective dates and ownership
  When effective permissions are inspected for a member
  Then all valid grant paths are expanded

Scenario: Remove a member from a group
  Given an Analyst is a member of a reporting group
  When they are removed from the group
  Then their existing report links, AI citations and scheduled exports are denied within the defined bound

Scenario: Delete a group
  When a group is deleted
  Then its future grants are retired
  And its audit history is retained

Scenario: Reject group permissions overriding restrictive policy
  Given an explicit restrictive policy applies to a member
  When a group grants a conflicting permission
  Then the restrictive policy still applies

Scenario: Reject unqualified nested groups
  Given cycle detection, visible ancestry and identical revocation behaviour have not been qualified for nested groups
  When an administrator attempts to nest one group inside another
  Then nesting is not available and groups remain flat","Reject if removing a member leaves any derived permission working beyond the defined bound, if a group grant overrides an explicit restrictive policy, if group deletion loses audit history, or if nested groups are enabled before they are qualified.",Impact Platform ledger,,,"Group editors maintain members and scoped grants with effective dates and ownership. Effective permission inspection expands all valid grant paths. R1 uses flat groups; R2 may enable nested groups only after cycle detection, visible ancestry and identical revocation behaviour are qualified. Removing membership invalidates each derived permission. Group deletion retires future grants but retains audit history. Explicit restrictive policies still override group permissions.","Remove an analyst from a reporting group; existing report links, AI citations and scheduled exports are denied within the defined bound.",,,Backlog
FR-IAM-012,Service identities,R2 Scale,Identity and accounts,Functional,Must,Absent,Integration Developer,"As an Integration Developer, I want to create scoped, expiring service identities with show-once secrets and overlapping rotation, so that integrations run securely without human logins or broader access than the integration needs.","Scenario: Create a service identity
  When an Integration Developer creates a machine identity with purpose, allowed resources, operations and expiry
  Then the secret is shown once at issue
  And afterwards only a safe reference to it is shown

Scenario: Rotate during a retried connector run
  Given a connector run is being retried
  When the Integration Developer rotates the secret
  Then the previous credential remains valid only for the bounded overlap
  And one intended row effect is recorded
  And the expired secret fails on its next request

Scenario: Flag on owner departure
  Given the owner of a service identity departs
  When the departure is recorded
  Then the credential is flagged for reassignment or suspension

Scenario: Reject human use and scope broadening
  Given a service identity
  When it is used for an ordinary login or a human approval, or to act beyond the scope of the owning integration
  Then the request is refused","Reject if a service identity can log in or approve like a human, if its secret is retrievable after issue, if the old secret works after the overlap, if rotation duplicates row effects, or if it exceeds the owning integration's scope.",Impact Platform ledger,,,"A service owner creates a machine identity with purpose, allowed resources, operations and expiry. A secret is shown once at issue and later only as a safe reference. Rotation permits a bounded overlap, after which the previous credential is revoked. No ordinary login or human approval using a service identity. Owner departure flags the credential for reassignment or suspension. Credentials cannot broaden the scope of the owning integration.",Rotate during a retried connector run; one intended row effect is recorded and the expired secret fails on its next request.,,,Backlog
FR-IAM-013,User profile and preferences,R2 Scale,Identity and accounts,Functional,Should,Partial,Data Author,"As a Data Author, I want to set my display name, language, reporting preferences, time zone and accessibility choices, so that the platform suits how I work without changing stored data or who is recorded as having acted.","Scenario: Change profile preferences
  When a Data Author changes their display name, interface language, reporting preferences, time zone or accessibility choices
  Then a preview shows the resulting date and number display
  And stored values are not changed

Scenario: Show directory-controlled fields as read only
  Given a profile field controlled by the directory
  When the Data Author views their profile
  Then the field is read only and labelled with its source

Scenario: Keep attribution stable
  Given a member recorded an approval
  When they change their display name and time zone
  Then the approval still resolves to the same actor and original absolute timestamp

Scenario: Reject preferences that suppress notices or override calendars
  When a Data Author sets a preference that would suppress mandatory security notices or override the organisation reporting calendar
  Then the preference does not take effect","Reject if changing display name or time zone alters stored values or audit attribution, if directory-controlled fields can be edited, or if preferences suppress mandatory security notices or override the organisation reporting calendar.",Impact Platform ledger,,,"The profile screen permits display name, interface language, reporting preferences, time zone and accessibility choices. Directory controlled fields are read only with a source label. A change previews date and number display without changing stored values. Immutable identity and audit attribution never depend on display name. Preferences cannot suppress mandatory security notices or override an organisation reporting calendar.",Change the display name and zone after an approval; the approval still resolves to the same actor and original absolute timestamp.,,,Backlog
FR-IND-009,Indicator library reuse,R2 Scale,Indicators,Functional,Should,Partial,MEL Manager,"As a MEL Manager, I want projects to pin a library indicator version and preview the impact before adopting a new version, so that portfolio comparisons stay honest when projects use different versions.","Scenario: Instantiate a library indicator
  Given a library indicator
  When the MEL Manager instantiates it in a project
  Then the parent definition version is pinned
  And local applicability, collection roles and permitted overrides are recorded

Scenario: Mixed versions are flagged
  Given two projects pinned to version 1
  When only one adopts version 2 with a changed denominator after previewing comparability and reporting impact
  Then the portfolio flags the mixed comparison

Scenario: Reject local changes that claim exact equivalence
  Given a project instance of a library indicator
  When a locked semantic field is changed locally
  Then a distinct reviewed definition is created
  And the instance does not claim exact standard equivalence","Reject if a local change to a locked semantic field still claims exact library equivalence, or a mixed-version portfolio comparison is not flagged.",Impact Platform ledger,,,"Instantiating a library indicator pins the parent definition version and records local applicability, collection roles and permitted overrides. Adoption of a new library version previews comparability and reporting impact for each instance. Local changes to locked semantic fields create a distinct reviewed definition rather than pretending to retain exact standard equivalence.","Two projects pin version 1; only one adopts version 2 with a changed denominator, and the portfolio flags the mixed comparison.",,,Backlog
FR-IND-011,Evidence requirements,R2 Scale,Indicators,Functional,Must,Absent,Reviewer,"As a Reviewer, I want approval to check that required evidence has been received, is safe, verified and still available, so that achievements are approved only on trustworthy evidence.","Scenario: Evidence checks at submission and approval
  Given an evidence rule with permitted types, minimum count, source qualification and verification
  When a Data Author submits an achievement
  Then submission checks attachment receipt and scan state
  And approval checks provenance and current availability
  And external evidence shows last checked status and version reference

Scenario: Quarantined evidence blocks approval
  Given an achievement submitted with one required survey file still quarantined
  When the submission is received
  Then source receipt succeeds
  But approval stays blocked until the evidence is safe and verified

Scenario: Reject dead or quarantined evidence
  Given a mandatory evidence rule
  When the evidence is a dead URL or quarantined file
  Then the rule is not satisfied
  And approval proceeds only under a policy permitted evidence exception with an independent decision and a visible caveat","Reject if a dead URL or quarantined file satisfies a mandatory evidence rule, or approval proceeds without a policy permitted exception, independent decision and visible caveat.",Impact Platform ledger,,,"An evidence rule specifies permitted types, minimum count, source qualification and verification needed for approval. Submission checks attachment receipt and scan state; approval checks provenance and current availability. External evidence has last checked status and version reference. A dead URL or quarantined file does not satisfy a mandatory rule. Only a policy permitted evidence exception may proceed, with independent decision and visible caveat.",Submit achievement with one required survey file still quarantined; source receipt succeeds but approval stays blocked until the evidence is safe and verified.,,,Backlog
FR-IND-013,Status and thresholds,R2 Scale,Indicators,Functional,Should,Absent,Programme Manager,"As a Programme Manager, I want indicator status to evaluate data freshness and coverage before thresholds, so that stale or partial results are never shown as success.","Scenario: Status rules evaluate adequacy first
  Given status rules declaring direction, thresholds, tolerance, target reference and minimum freshness and coverage
  When status is evaluated
  Then data adequacy is evaluated first
  And boundary equality follows the published rule

Scenario: Achieved but stale
  Given a lower-is-better measure at 8 against target 10 with a missed refresh
  When status is evaluated
  Then it is achieved
  And it also displays stale
  And it cannot trigger an unqualified success alert

Scenario: Qualitative status needs a reviewer assessment
  Given a qualitative indicator
  When its status is set
  Then a recorded Reviewer assessment is required

Scenario: Reject green for missing results
  Given a missing result
  When status is displayed
  Then it is not coloured green

Scenario: Reject status detail for unauthorised viewers
  Given a viewer not authorised for the full result
  When they view status
  Then they receive only the permitted status context","Reject if missing results show green, stale or partial data triggers an unqualified success alert, or an unauthorised viewer sees more than permitted status context.",Impact Platform ledger,,,"Status rules declare direction, thresholds, tolerance, target reference and minimum freshness and coverage. Evaluate data adequacy first; stale or partial state remains visible even when a numeric threshold is achieved. Qualitative status requires a recorded reviewer assessment. Do not colour missing results green. Boundary equality follows the published rule, and an unauthorised viewer receives only permitted status context.","A lower-is-better measure at 8 against target 10 is achieved, but a missed refresh also displays stale and cannot trigger an unqualified success alert.",,,Backlog
FR-IND-014,Retirement and replacement,R2 Scale,Indicators,Functional,Must,Absent,MEL Manager,"As a MEL Manager, I want to retire an indicator with an effective date, replacement and continuity statement after previewing its dependencies, so that new obligations stop without breaking historical results or silently breaking future calculations.","Scenario: Preview retirement impact
  Given an indicator proposed for retirement with an effective date, replacement and continuity statement
  When the MEL Manager previews it
  Then future obligations, calculations, dashboard bindings and report templates are identified

Scenario: Approved retirement stops new obligations
  Given an approved retirement
  When the effective date passes
  Then no new obligations are created
  And historical results remain available for lookup

Scenario: Retire an indicator feeding a portfolio total
  Given an indicator feeding a portfolio total
  When it is retired
  Then the next period calculation blocks until its replacement rule is reviewed
  And last year's report remains intact

Scenario: Reject hard deletion and unmanaged dependants
  Given a used indicator definition with dependent future formulas
  When retirement is processed
  Then the definition is not hard deleted
  And each dependent future formula is migrated or explicitly left unavailable with an accountable remediation item","Reject if retirement hard deletes a used definition, breaks historical results, or leaves dependent future formulas neither migrated nor marked unavailable with a remediation item.",Impact Platform ledger,,,"Retirement proposes an effective date, replacement and continuity statement. Preview identifies future obligations, calculations, dashboard bindings and report templates. Approval stops new obligations after the date while preserving historical result lookup. A used definition cannot be hard deleted through retirement. Dependent future formulas must be migrated or explicitly left unavailable with an accountable remediation item.","Retire an indicator feeding a portfolio total; next period calculation blocks until its replacement rule is reviewed, while last year's report remains intact.",,,Backlog
FR-IND-015,Reference sheets and dictionary export,R2 Scale,Indicators,Functional,Should,Absent,MEL Manager,"As a MEL Manager, I want to export indicator reference sheets and a machine readable data dictionary for selected versions, so that evaluators can understand each measure without access to our private settings.","Scenario: Export reference sheets
  Given selected indicator versions
  When the MEL Manager exports reference sheets
  Then the export includes human readable definitions and a machine readable dictionary
  And it covers units, eligibility, dimensions, time semantic, formula, source, roles, missingness rules and version references

Scenario: Evaluator understands a ratio
  Given an evaluator who receives a ratio reference sheet
  When they read it
  Then they can identify numerator population, denominator, multiplier and period without consulting the application's private settings

Scenario: Reject leaking restricted content or losing precision
  Given an export scope that excludes restricted definitions or source names
  When the export is produced
  Then those items are redacted and marked withheld
  And display rounding does not replace calculation precision metadata","Reject if an export reveals restricted definitions or source names outside its scope, or display rounding replaces calculation precision metadata.",Impact Platform ledger,,,"Reference sheet export selects indicator versions and produces human readable definitions plus a machine readable dictionary. Include units, eligibility, dimensions, time semantic, formula, source, roles, missingness rules and version references. Restricted definitions or source names are redacted according to export scope and marked withheld. Display rounding must not replace calculation precision metadata.","An evaluator receives a ratio sheet and can identify numerator population, denominator, multiplier and period without consulting the application's private settings.",,,Backlog
FR-INT-004,API completeness and consistency,R2 Scale,Integrations and connectors,Functional,Should,Partial,Integration Developer,"As an Integration Developer, I want complete, consistent business APIs with stable IDs, revisions, pagination, filters and field projection that enforce the same rules as the interface, so that integrations behave predictably and cannot bypass governance.","Scenario: API responses are consistent
  Given a resource in the business API catalogue
  When the Integration Developer retrieves or lists it
  Then responses include stable ID, revision, business state and permitted metadata
  And lists support stable pagination, documented filters and explicit projection of allowed fields

Scenario: Reject self-approval through the API
  Given the Integration Developer has created a draft indicator through the API and submitted it
  When they attempt direct approval as its author
  Then the same independence rule as the interface blocks the approval

Scenario: Reject bypassing interface checks
  Given an API request
  When it attempts to bypass interface validation, hidden fields, workflow or publication checks
  Then the request is refused

Scenario: Reject cross tenant signals in bulk requests
  Given a bulk request that references items from another tenant
  When it is processed
  Then each item returns a safe per item outcome
  And no cross tenant existence is signalled","Reject if the API bypasses interface validation, hidden fields, workflow or publication checks, lets an author approve their own submission, or bulk responses signal cross tenant existence.",Impact Platform ledger,,,"Business APIs expose the resource and command catalogue in the interface section. Responses include stable ID, revision, business state and permitted metadata. Lists support stable pagination, documented filters and explicit projection of allowed fields. The API cannot bypass interface validation, hidden fields, workflow or publication checks. Bulk requests return safe per item outcomes and no cross tenant existence signals.","Create a draft indicator through the API, submit it and attempt direct approval as its author; the same independence rule blocks it.",,,Backlog
FR-INT-005,API version and compatibility,R2 Scale,Integrations and connectors,Functional,Should,Partial,Integration Developer,"As an Integration Developer, I want versioned API contracts with documented compatibility rules and advance deprecation notice, so that my existing integrations keep working across releases.","Scenario: Prior client works against a candidate release
  Given a supported prior client
  When it runs against a candidate release
  Then its saved queries, validation semantics and error codes still behave as documented

Scenario: Deprecation notice provides overlap
  Given a contract version is being deprecated
  When the deprecation notice is issued
  Then it includes the effective date and a migration guide
  And at least twelve months of overlap is provided unless a documented security emergency requires an exception

Scenario: Reject additive fields that change existing meaning
  Given an additive optional field is introduced
  When existing clients use the API
  Then the meaning of existing fields is unchanged

Scenario: Reject unclassified breaking changes
  Given a change that removes an enum value or changes units
  When the change is classified
  Then it is treated as a breaking change even if the transport shape stays the same","Reject if a supported prior client's saved queries, validation semantics or error codes change, an additive field changes existing meaning, removed enum values or changed units are not treated as breaking, or deprecation overlap is under twelve months without a documented security emergency.",Impact Platform ledger,,,"A contract version identifies fields, enum semantics, error codes and compatible evolution rules. Deprecation notices include effective date, migration guide and at least twelve months of overlap unless a documented security emergency requires an exception. An additive optional field must not change existing field meaning. Removed enum values or changed units are breaking changes, even if transport shape stays the same.","Run a supported prior client against a candidate release and verify its saved queries, validation semantics and error codes still behave as documented.",,,Backlog
FR-INT-007,Limits and tenant fairness,R2 Scale,Integrations and connectors,Functional,Must,Absent,Integration Developer,"As an Integration Developer, I want to see limits per tenant, credential and job class before activation and get safe retry guidance when a limit is exceeded, so that one tenant's bulk work cannot starve other tenants' saves and approvals.","Scenario: Limits are visible before activation
  Given an Integration Developer preparing to activate a connection
  When they review the connection before activation
  Then the limits for the tenant, credential and job class are displayed

Scenario: Exceeded admission limit returns safe retry guidance
  Given a connector that has reached its admission limit
  When it submits another job
  Then the request is refused with LIMIT_EXCEEDED and safe retry guidance
  And jobs already approved show their queue position class and a cancellation option

Scenario: Unrelated tenants are unaffected by one tenant's full bulk queue
  Given one tenant's bulk queue has been exceeded
  When unrelated tenants save records and submit approvals
  Then those saves and approvals continue within their qualified targets
  And interactive approvals keep their own capacity protection

Scenario: Reject unlimited pending jobs and early retries
  Given a noisy connector that has exceeded its limit
  When it keeps submitting jobs or retries earlier than the indicated window
  Then it cannot accumulate unlimited pending jobs
  And the early retry neither expands its quota nor starves other tenants","Reject if a connector can queue unlimited pending jobs, expand its quota by retrying early, or delay other tenants' record saves and approvals beyond their qualified targets.",Impact Platform ledger,,,"Limits are displayed per tenant, credential and job class before activation. When an admission limit is exceeded, return LIMIT_EXCEEDED with safe retry guidance. Approved jobs show queue position class and cancellation; interactive approvals retain their own capacity protection. A noisy connector cannot consume unlimited pending jobs. Retrying earlier than the indicated window cannot expand its quota or starve other tenants.",Exceed one tenant's bulk queue and verify unrelated tenants' record saves and approvals continue within their qualified targets.,,,Backlog
FR-INT-009,Integration diagnostics,R2 Scale,Integrations and connectors,Functional,Should,Absent,Data Steward,"As a Data Steward, I want connection health and safe error details for each integration, so that I can diagnose failures, publish a reviewed mapping fix and replay only the failed records.","Scenario: Connection health is displayed
  Given a connected integration
  When the Data Steward opens its connection health
  Then it shows last contact, last successful validated run, backlog, source drift and per item counts
  And error details use safe field references and correlation IDs

Scenario: Fix a renamed column and replay only failed records
  Given a run that failed because a source column was renamed
  When the Data Steward diagnoses the drift, publishes the mapping fix and replays the failures
  Then only the failed records are replayed
  And the original failure manifest is retained

Scenario: Reject unsafe diagnostic exposure
  Given a failed integration run
  When a user views its diagnostics
  Then tokens, unrestricted raw payloads and other tenants' source identities are never displayed
  And a bounded diagnostic sample is shown only to a user with appropriate content rights

Scenario: Reject retry without the resolving mapping version
  Given failed records awaiting retry
  When a retry is requested without the reviewed mapping version that resolved the issue
  Then the retry is refused","Reject if diagnostics display tokens, unrestricted raw payloads or another tenant's source identity, a diagnostic sample is shown without content rights, or failed records are retried without the reviewed mapping version that resolved the issue.",Impact Platform ledger,,,"Connection health displays last contact, last successful validated run, backlog, source drift and per item counts. Error details use safe field references and correlation IDs. A bounded diagnostic sample requires appropriate content rights. Never display tokens, unrestricted raw payloads or another tenant's source identity. Retrying requires the reviewed mapping version that resolved the issue.","Diagnose a renamed column, publish the mapping fix and replay only the failed records while retaining the original failure manifest.",,,Backlog
FR-MIG-001,Source discovery and mapping,R2 Scale,Migration and exit,Functional,Must,Absent,Data Steward,"As a Data Steward, I want to inventory a source system and classify every element as preserved, transformed, excluded or unavailable with owner, method and expected reconciliation, so that migration limitations are explicit before production load.","Scenario: Discovery inventories the source
  Given a source system to migrate
  When discovery runs
  Then source entities, keys, volumes, semantics, attachments, users, grants and reports are inventoried

Scenario: Unknown historic formula is recorded as a limitation
  Given an indicator with an unknown historic formula
  When the Data Steward maps it
  Then the limitation is identified explicitly
  But no deterministic approval history is invented

Scenario: Reject production load with undocumented unsupported semantics
  Given a source element with unsupported semantics and no documented decision
  When production load is requested
  Then the load is blocked until the decision is documented
  And mapping does not assume TolaData export provides every historical event or field","Reject if unsupported source semantics reach production load without a documented decision, or missing history is invented rather than flagged as a limitation.",Impact Platform ledger,,,"Discovery inventories source entities, keys, volumes, semantics, attachments, users, grants and reports. Mapping classifies each element as preserved, transformed, excluded or unavailable and identifies owner, method and expected reconciliation. No assumption that TolaData provides every historical event or field through export. Unsupported source semantics require a documented decision before production load.",Map an indicator with unknown historic formula and identify the limitation explicitly rather than inventing a deterministic approval history.,,,Backlog
FR-MIG-002,Trial migrations,R2 Scale,Migration and exit,Functional,Must,Absent,Data Steward,"As a Data Steward, I want to run repeatable trial migrations in an isolated tenant with external side effects disabled, so that I can compare outcomes safely before the production migration.","Scenario: Two identical trials are compared
  Given the same source snapshot and mapping version
  When the Data Steward runs two identical trials into a clean or keyed trial
  Then intended records, errors and totals are compared
  And no duplicate achievements occur
  And no real recipient receives a message

Scenario: Reject side effects from trial data
  Given a trial migration in an isolated tenant context
  When trial data would trigger a live notification, payment action, connector write or public report
  Then the action is blocked

Scenario: Reject trial credentials in production
  Given credentials issued for a trial
  When they are used against production
  Then access is refused","Reject if a trial produces live notifications, payment actions, connector writes, public reports or duplicate achievements, or trial credentials can access production.",Impact Platform ledger,,,"A trial uses isolated tenant context, synthetic destinations and disabled external side effects. The same source snapshot and mapping version can be replayed into a clean or keyed trial with outcome comparison. No live notifications, payment actions, connector writes or public reports from trial data. Trial credentials cannot access production.","Run two identical trials and compare intended records, errors and totals; no duplicate achievements or real recipient messages occur.",,,Backlog
FR-MIG-003,Semantic reconciliation,R2 Scale,Migration and exit,Functional,Must,Absent,Data Steward,"As a Data Steward, I want migration reconciliation to compare counts, keys, units, periods, targets, ratios, overlap, attachments and representative reports and record each variance with a decision, so that cutover happens only when results mean the same thing.","Scenario: Pooled percentage and cumulative series are recomputed
  Given a migrated pooled percentage and a migrated cumulative series
  When both are independently recomputed
  Then semantic differences are resolved before signoff

Scenario: Each variance is recorded with a decision
  Given a variance found during reconciliation
  When it is recorded
  Then it captures source value, destination value, cause, severity and decision
  And accepted differences remain visible in migration metadata and, where material, in user-facing limitations

Scenario: Reject cutover with critical unexplained differences
  Given a critical unexplained result difference
  When cutover is requested
  Then cutover is blocked
  But record count agreement alone does not satisfy reconciliation",Reject if cutover proceeds with a critical unexplained result difference or reconciliation relies on record count agreement alone.,Impact Platform ledger,,,"Reconciliation compares counts, keys, units, periods, targets, ratios, overlap, attachments and representative reports. Each variance records source value, destination value, cause, severity and decision. Critical unexplained result differences block cutover. Record count agreement alone is insufficient. Accepted differences remain visible in migration metadata and user-facing limitations where material.","Migrate a pooled percentage and cumulative series, independently recompute both and resolve semantic differences before signoff.",,,Backlog
FR-MIG-004,Historical provenance,R2 Scale,Migration and exit,Functional,Must,Absent,Data Steward,"As a Data Steward, I want imported history to keep original event values, source origin, available evidence and migration receipt separately and label unverified decisions as imported assertions, so that migrated records never pass off reconstructed history as real.","Scenario: Identify the nature of a migrated approval
  Given a migrated report approval
  When the Data Steward inspects it
  Then it is identified as a preserved source record, verified evidence or a new destination decision

Scenario: Destination decisions carry real actors
  Given a decision made in the destination after migration
  When it is recorded
  Then it carries the real current actor and timestamp
  And unverified source decisions are labelled imported assertions

Scenario: Reject fabricated history
  Given source history with a missing approval
  When it is migrated
  Then no approval is fabricated
  And migration time is not used as the original event date
  And the missing history is represented as unavailable","Reject if migration fabricates an old approval, uses migration time as the original event date, or silently reconstructs missing history.",Impact Platform ledger,,,"Imported history stores original event values, source origin, available evidence and migration receipt separately. Unverified source decisions are labelled imported assertions; destination decisions have real current actors and timestamps. Never fabricate old approvals or use migration time as the original event date. Missing history is represented as unavailable rather than silently reconstructed.","Inspect a migrated report approval and identify whether it is a preserved source record, verified evidence or a new destination decision.",,,Backlog
FR-MIG-005,Cutover and rollback,R2 Scale,Migration and exit,Functional,Must,Absent,Data Steward,"As a Data Steward, I want a cutover runbook that sets the authoritative system, freeze instant or delta method, final reconciliation, owners and rollback trigger, so that late source changes are captured and only one system publishes official results.","Scenario: Late source update is captured
  Given the final transfer is in progress
  When one source record is updated
  Then the update receives a stable key
  And it is captured in the final delta or reported as a controlled exclusion requiring resolution

Scenario: Rollback identifies destination writes
  Given destination writes have begun after authority switched
  When the rollback trigger fires
  Then destination writes needing safe replay or reconciliation are identified

Scenario: Reject destination writes before the authority switch
  Given authority has not yet switched to the destination
  When a destination write is attempted
  Then the write is refused

Scenario: Reject both systems publishing the same period
  Given the source and destination systems during cutover
  When both attempt to publish the same official period independently
  Then the duplicate publication is prevented","Reject if a late source update is silently lost, destination writes begin before authority switches, or both systems publish the same official period.",Impact Platform ledger,,,"The cutover runbook selects authoritative system, freeze instant or delta method, final reconciliation, owners and rollback trigger. Late source updates receive stable keys and a final delta reconciliation. Destination writes begin only after authority switches. Prevent both systems from independently publishing the same official period. Rollback identifies destination writes needing safe replay or reconciliation.",Update one source record during the final transfer; the cutover captures it in the delta or reports a controlled exclusion requiring resolution.,,,Backlog
FR-MIG-006,User enablement,R2 Scale,Migration and exit,Functional,Should,Absent,Organisation Administrator,"As an Organisation Administrator, I want onboarding to assign role-specific practice tasks on safe sample programmes and record task outcomes, so that staff are ready for their roles without training granting production access.","Scenario: Enumerator and reviewer complete practice tasks
  Given a Field Data Collector and a Reviewer enrolled in onboarding with safe sample programmes
  When the Field Data Collector completes offline practice
  And the Reviewer returns and then approves a correction
  Then each task outcome is recorded as completion evidence
  And neither can access real participant records in training

Scenario: Administrators verify scopes and help explains concepts
  Given role-specific practice tasks assigned to users
  When the Organisation Administrator verifies their scopes
  Then each user completes setup, collection, correction, review or viewing tasks relevant to their role
  And help links explain both actions and measurement concepts

Scenario: Reject training that grants access or counts attendance
  Given a user who has finished training
  When their access and completion are evaluated
  Then no production access is granted by default
  And attendance alone is not recorded as completion evidence","Reject if training grants production access by default, exposes real participant records, or records attendance instead of task outcomes as completion.",Impact Platform ledger,,,"Onboarding assigns role specific practice tasks using safe sample programmes. Administrators verify scopes and users complete setup, collection, correction, review or viewing tasks relevant to their role. Help links explain both actions and measurement concepts. Training does not grant production access by default. Completion evidence identifies task outcomes rather than mere attendance.","An enumerator completes offline practice, a reviewer returns and approves a correction, and neither can access real participant records in training.",,,Backlog
FR-MIG-008,Closure and deletion evidence,R2 Scale,Migration and exit,Functional,Must,Absent,Executive Director,"As an Executive Director, I want tenant closure to confirm retrieval window, export status, integrations, credentials, jobs, holds and deletion schedule and give me an outcome record, so that I have evidence of what was terminated, deleted and lawfully retained.","Scenario: Close a tenant after confirmed export
  Given a tenant with a confirmed export and one held item
  When the tenant is closed
  Then live credentials and deliveries stop
  And the outcome record identifies the held item and its review date

Scenario: Outcome record shows closure evidence
  Given a closed tenant
  When the Executive Director opens the outcome record
  Then it shows access termination, completed deletion, backup expiry and outstanding lawful retention

Scenario: Reject a closure shortcut that bypasses holds or the window
  Given a tenant with a hold or unexported data within the agreed retrieval window
  When a closure shortcut is attempted
  Then the hold is not bypassed
  And unexported data is not erased before the agreed window ends

Scenario: Reject ordinary reopen after irreversible deletion
  Given irreversible deletion has completed for a closed tenant
  When reactivation is requested
  Then it is not offered as an ordinary reopen","Reject if closure bypasses a hold, erases unexported data before the agreed window, or offers ordinary reopen after irreversible deletion.",Impact Platform ledger,,,"Closure confirms retrieval window, export status, active integrations, credentials, jobs, holds and deletion schedule. The owner receives an outcome record showing access termination, completed deletion, backup expiry and outstanding lawful retention. No closure shortcut can bypass a hold or silently erase unexported data before the agreed window. Reactivation after irreversible deletion is not offered as ordinary reopen.",Close a tenant after confirmed export; live credentials and deliveries stop while the record identifies one held item and its review date.,,,Backlog
VF-AIQ-003,Extraction and abstention,R2 Scale,NFR AI quality,Non-functional,Should,Absent,Data Author,"As a Data Author, I want AI document extraction to be accurate and the assistant to abstain or ask when a question cannot be answered, so that I can trust extracted data and avoid made-up answers.","Scenario: Extraction meets precision and recall targets
  Given independently labelled source documents
  When fields are extracted
  Then field-level precision is at least 95 percent
  And recall on mandatory fields is at least 90 percent
  And results are calculated by field type and language

Scenario: Unanswerable questions are correctly abstained
  Given designated unanswerable questions
  When they are asked
  Then the system abstains or requests clarification in at least 95 percent of cases

Scenario: False abstention on answerable questions stays low
  Given designated answerable questions
  When they are asked
  Then incorrect abstention is at or below 10 percent

Scenario: Reject scoring only emitted fields
  Given an extraction evaluation run
  When results are scored
  Then missing mandatory fields and correction time are reported
  But scoring only the fields the model chose to emit is rejected","Reject if extraction is scored only on fields the model emitted, missing mandatory fields and correction time are not reported, or precision, recall or abstention targets are missed.",Impact Platform ledger,,,"Document extraction shall target at least 95 percent field level precision and 90 percent recall on mandatory fields. The system shall correctly abstain or request clarification for at least 95 percent of designated unanswerable cases, while incorrect abstention on answerable cases remains at or below 10 percent. Label source fields and designated answerable or unanswerable questions independently. Calculate field precision and recall by type and language, correct abstention and false abstention.",Report missing mandatory fields and correction time; do not score only fields the model chose to emit.,,,Backlog
VF-AIQ-005,Change monitoring and rollback,R2 Scale,NFR AI quality,Non-functional,Must,Absent,Platform Operator,"As a Platform Operator, I want AI model, prompt, retrieval and policy changes evaluated, rolled out in a controlled way and reversible, with production quality monitored, so that a degraded change can be caught and undone safely.","Scenario: Degraded candidate is identified by versioned evaluation
  Given a deliberately degraded candidate configuration
  When its versioned evaluation is compared to the approved version
  Then differences in quality, latency and cost are identified

Scenario: Controlled exposure can be stopped and rolled back
  Given a candidate configuration in controlled rollout
  When the rollout is stopped and rolled back
  Then the approved version is restored
  And affected artifacts are identified

Scenario: Production quality is monitored
  Given an AI configuration in production
  When it is monitored
  Then failures, reviewer corrections, refusals, latency, cost and language-specific quality are tracked with minimised content retention

Scenario: Reject a rollback that reinstates a prohibited provider
  Given a provider that is now prohibited by policy
  When a rollback targets a configuration that used that provider
  Then the provider is not reinstated
  And only the approved policy-compatible destination and tool set is restored",Reject if a rollback reinstates a now-prohibited provider or fails to restore the approved policy-compatible destination and tool set.,Impact Platform ledger,,,"Model, prompt, retrieval and policy changes shall have versioned evaluation, controlled rollout and rollback. Production monitoring shall track failures, reviewer corrections, refusals, latency, cost and language specific quality with minimised content retention. Introduce a deliberately degraded candidate configuration and compare quality, latency and cost to the approved version. Exercise controlled exposure, stop and rollback while identifying affected artifacts.",A rollback must restore the approved policy-compatible destination and tool set; it cannot reinstate a now-prohibited provider.,,,Backlog
VF-CAP-001,Supported object limits,R2 Scale,NFR capacity,Non-functional,Should,Absent,Data Steward,"As a Data Steward, I want the platform to support large forms, files and imports up to clearly published limits, so that I know before starting work what will be accepted.","Scenario: Form limits are qualified at their boundaries
  Given forms with 199, 200 and 201 questions and with 99, 100 and 101 repeat entries
  When they are tested
  Then forms with 200 questions and 100 repeat entries are supported
  And existing drafts are preserved

Scenario: File and import limits are qualified
  Given source files at the 100 MB boundary, media files at the 25 MB boundary and an import of one million rows
  When they are processed
  Then source files up to 100 MB and media files up to 25 MB are accepted
  And the one million-row import completes through an asynchronous path

Scenario: Limits are visible before work begins
  Given a Data Steward is about to start a form, upload or import
  When the work is set up
  Then the limits and supported combinations are visible before work begins

Scenario: Reject undocumented units or frontend constraints
  Given the advertised object limits
  When qualification is assessed
  Then it fails if decimal versus binary file size units were not documented beforehand
  And it fails if an undocumented frontend constraint reduces any advertised limit","Reject if file size units are not documented before qualification, or an undocumented frontend constraint reduces an advertised limit.",Impact Platform ledger,,,"The baseline shall qualify forms with 200 questions and 100 repeat entries, source files up to 100 MB, media files up to 25 MB and import jobs up to one million rows through an appropriate asynchronous path. Limits and supported combinations shall be visible before work begins. Test 199, 200 and 201 questions; 99, 100 and 101 repeat entries; each file boundary and one million-row async import. Exercise representative combinations and preservation of existing drafts.",Document decimal versus binary file size units before qualification. Advertised limits must not be reduced by an undocumented frontend constraint.,,,Backlog
VF-CAP-002,Scaling and workload isolation,R2 Scale,NFR capacity,Non-functional,Must,Absent,Platform Operator,"As a Platform Operator, I want the service to admit, queue or limit work predictably as demand rises and keep tenant workloads isolated, so that one tenant's large import or AI job does not degrade service for others.","Scenario: Burst load is handled predictably and recovers
  Given the baseline workload
  When a five-minute twofold arrival burst is applied
  Then work is admitted, queued or limited predictably
  And queues stay bounded and the service recovers to baseline after the burst

Scenario: Noisy tenant does not cause other tenants to miss targets
  Given a noisy tenant running a large bulk import or AI job
  And representative other tenants saving and approving records
  When the workloads run together
  Then the unrelated tenants continue to meet core service targets
  And queue depth, rejections and recovery to baseline are measured

Scenario: Reject unbounded queues, starvation or hidden violations
  Given results from the burst and noisy-tenant tests
  When the results are reviewed
  Then unbounded queue growth fails the test
  And unexplained starvation fails the test
  And target violations hidden by service-wide averages fail the test","Reject if queues grow without bound, any tenant is starved without explanation, or target violations are hidden by service-wide averages.",Impact Platform ledger + BRD,NFR-13,,"The service shall admit, queue or limit work predictably as demand rises. A large tenant import or AI job shall not cause unrelated tenants to miss core service targets during the baseline workload. Bursts shall recover without unbounded queues. Apply the five-minute twofold arrival burst and a noisy tenant bulk workload while representative other tenants save and approve. Measure queue depth, rejections and recovery to baseline.","Fail unbounded queue growth, unexplained starvation or target violations hidden by service-wide averages.",,,Backlog
VF-CMP-001,Browser and device support,R2 Scale,NFR compatibility,Non-functional,Should,Absent,Field Data Collector,"As a Field Data Collector, I want the product to work on qualified browsers and devices and to warn me clearly on unsupported ones, so that my work is never silently lost or corrupted.","Scenario: Current and previous browser versions are qualified
  Given the current and previous major versions of Chrome, Edge, Firefox and Safari at release and the stated mobile OS and client profiles
  When federation, file handling, accessibility, capture and recovery are tested in each declared supported combination
  Then each combination passes
  And the actual browser versions and qualified desktop, mobile and offline profiles are recorded

Scenario: Browser changes trigger regression checks
  Given a supported browser releases a change
  When the change is identified
  Then regression checks are run

Scenario: Reject silent acceptance of work on unsupported clients
  Given an unsupported browser or device
  When a Field Data Collector tries to work on it
  Then clear guidance is shown
  But the client does not silently accept work it cannot preserve
  And offline support is not promised for a browser merely because online viewing works","Reject if an unsupported client silently accepts work it cannot preserve, or offline support is promised for a browser only because online viewing works.",Impact Platform ledger,,,"The product shall qualify current and previous major versions of Chrome, Edge, Firefox and Safari at release, with stated mobile OS and client support. Browser changes shall trigger regression checks. Unsupported environments shall receive clear guidance rather than silent data corruption. At release, record actual current and previous major browser versions and qualified desktop, mobile and offline profiles. Test federation, file handling, accessibility, capture and recovery in each declared supported combination.",Do not promise offline on every browser merely because online viewing works. Unsupported clients must not silently accept work they cannot preserve.,,,Backlog
VF-L10-001,Localisation integrity,R2 Scale,NFR localisation,Non-functional,Should,Absent,Data Steward,"As a Data Steward, I want text, numbers, dates and time zones handled correctly in every locale, so that stored values and period assignments stay accurate whatever language people use.","Scenario: Locale-sensitive data survives the full data path
  Given Unicode, decimal-comma, decimal-point, ambiguous date, daylight-saving and right-to-left fixtures where released
  When they are ingested, searched, calculated and exported
  Then stored values, period membership, filters and exported text are preserved correctly

Scenario: Released translations cover blocking workflow text
  Given a released language
  When its workflows are reviewed
  Then translations cover all blocking workflow text

Scenario: Reject a display locale that changes results
  Given a stored value and its event period assignment
  When the display locale is changed
  Then any change to the stored value, arithmetic or event assignment fails the check

Scenario: Reject a language release with missing blocking translations
  Given a language release
  When any blocking workflow text is untranslated
  Then that language release fails","Reject if changing the display locale changes stored values, arithmetic or event assignment, or a language release is missing blocking translations.",Impact Platform ledger,,,"Unicode, locale specific number and date handling and explicit time zones shall survive ingestion, search, calculations and export. Released translations shall cover all blocking workflow text. Display locale shall not change stored values or period assignment. Run Unicode, decimal-comma, decimal-point, date ambiguity, daylight-saving and right-to-left fixtures where released. Compare stored values, period membership, filters and exported text.",Changing display locale cannot change arithmetic or event assignment. Missing blocking translations fail the corresponding language release.,,,Backlog
VF-MNT-001,Maintainable contracts,R2 Scale,NFR maintainability,Non-functional,Should,Absent,Product Owner,"As a Product Owner, I want business rules, APIs, policies and data dictionaries documented, version controlled and traceable, with routine configuration needing no customer-specific code, so that the product stays maintainable as it changes.","Scenario: Different programmes are configured through supported settings
  Given two different programme templates
  When they are configured
  Then ordinary supported settings are sufficient without a customer-specific code fork

Scenario: Rule changes are traceable to requirements and tests
  Given a material rule amendment
  When it is traced
  Then it links through requirements, the data dictionary, the interface contract and regression evidence
  And each of these is documented and version controlled

Scenario: Reject code forks and unmanaged breaking changes
  Given a routine tenant configuration need
  When it can only be met by a customer-specific code fork
  Then the requirement is not satisfied
  And a breaking change that bypasses the published compatibility process is rejected","Reject if routine tenant configuration requires a customer-specific code fork, a change lacks traceability to requirements and tests, or a breaking change bypasses the published compatibility process.",Impact Platform ledger,,,"Business rules, supported APIs, configurable policies and data dictionaries shall be documented and version controlled. Changes shall retain traceability to requirements and tests. Routine tenant configuration shall not require a customer specific code fork. Configure two different programme templates through ordinary supported settings and trace a material rule amendment through requirements, dictionary, interface contract and regression evidence.",A customer-specific code fork does not satisfy routine configuration. Breaking changes follow the published compatibility process.,,,Backlog
VF-PER-002,Dashboard response,R2 Scale,NFR performance,Non-functional,Should,Absent,Analyst,"As an Analyst, I want standard dashboards to become usable quickly while showing freshness and calculation status, so that I can explore results without waiting or misreading stale data.","Scenario: Ten-widget dashboard meets response targets
  Given a standard dashboard of up to ten widgets with approved bounded calculations
  And imports and report jobs are running
  When initial opening, filter change and drill down are measured with cold and warm caches as separate populations
  Then the dashboard becomes usable at p95 within 5 seconds and p99 within 10 seconds
  And cached and uncached results are reported separately
  And data bindings, freshness and calculation status remain visible and correct

Scenario: Reject placeholders as usable completion
  Given a widget showing a placeholder or partially loaded chart
  When completion is timed
  Then it is not counted as usable completion
  And failed widgets are recorded rather than excluded from the samples

Scenario: Reject dashboards outside the bound
  Given the measured results
  When p95 exceeds 5 seconds or p99 exceeds 10 seconds
  Then the verification fails","Reject if dashboards exceed p95 5 seconds or p99 10 seconds, placeholders count as usable, or failed widgets are excluded from the samples.",Impact Platform ledger,,,"A standard dashboard of up to ten widgets with approved bounded calculations shall become usable at p95 within 5 seconds and p99 within 10 seconds. Cached and uncached results shall be reported separately. Freshness and calculation status shall remain visible. Measure initial opening, filter change and drill down for ten-widget dashboards with cold and warm caches as separate populations. Verify data bindings and freshness while imports and report jobs run.",A placeholder or partially loaded chart is not usable completion. Record failed widgets rather than excluding their samples.,,,Backlog
VF-PER-003,Search response,R2 Scale,NFR performance,Non-functional,Should,Absent,Data Author,"As a Data Author, I want searches to return the first page of permitted results quickly without revealing restricted information, so that I can find what I need safely.","Scenario: Search meets response targets
  Given a synthetic corpus under the standard profile
  When permission-filtered metadata and indexed document searches retrieve the first 50 permitted results
  Then results return at p95 within 3 seconds and p99 within 8 seconds
  And timing covers the complete first usable page including policy filtering

Scenario: Restricted, multilingual and empty searches stay confidential
  Given restricted, multilingual and empty-result queries
  When counts, suggestions and snippets are inspected
  Then no hidden marker appears

Scenario: Reject permission leakage regardless of latency
  Given a search that meets its latency targets
  When any count, suggestion or snippet reveals a hidden marker
  Then the verification fails

Scenario: Reject searches outside the bound
  Given the measured results including policy filtering
  When p95 exceeds 3 seconds or p99 exceeds 8 seconds
  Then the verification fails","Reject if any search leaks restricted information through counts, suggestions or snippets, or the first usable page exceeds p95 3 seconds or p99 8 seconds.",Impact Platform ledger,,,"Permission filtered metadata and indexed document searches shall return the first 50 results at p95 within 3 seconds and p99 within 8 seconds under the standard profile. Empty, restricted and multilingual searches shall follow the same confidentiality rules. Search a synthetic corpus with restricted, multilingual and empty-result queries and retrieve the first fifty permitted results. Inspect counts, suggestions and snippets for hidden markers.","Latency success cannot compensate for permission leakage. Time the complete first usable page, including policy filtering.",,,Backlog
VF-PER-004,Import and recalculation throughput,R2 Scale,NFR performance,Non-functional,Should,Absent,Data Steward,"As a Data Steward, I want large imports and the recalculations they trigger to complete quickly and predictably, so that new data is validated, ingested and reflected in indicators without long waits.","Scenario: Standard import completes validation and ingestion within 10 minutes at p95
  Given a standard import of 100000 rows and 30 simple fields with configured deterministic checks
  And the import contains updates, duplicates and rejected rows
  When the import is run repeatedly
  Then validation and ingestion complete within 10 minutes at p95
  And human approval and external source transfer time are excluded from the measurement

Scenario: Resulting recalculation completes within 5 additional minutes at p95
  Given eligible ingestion of the standard import has finished
  When the resulting bounded 1000-indicator recalculation runs
  Then it completes within 5 additional minutes at p95
  And the duration of each stage is recorded separately

Scenario: Reject a throughput result that excludes queuing or retries
  Given a standard 100000-row, 30-field import run
  When throughput results are reported
  Then human approval and external transfer are reported separately as exclusions
  But validation, internal queuing and ordinary retries are not excluded from the measured time
  And the target fails if measured validation and ingestion exceed 10 minutes at p95","Reject if validation and ingestion of a standard 100000-row, 30-field import exceed 10 minutes at p95, the 1000-indicator recalculation needs more than 5 further minutes, or internal queuing and retries are excluded from the measurement.",Impact Platform ledger,,,"A standard import of 100000 rows and 30 simple fields with configured deterministic checks shall complete validation and ingestion at p95 within 10 minutes, excluding human approval and external source transfer. A resulting bounded 1000 indicator recalculation shall complete within 5 additional minutes at p95. Run repeated 100000-row, thirty-field imports containing updates, duplicates and rejected rows. Start the bounded 1000-indicator calculation after eligible ingestion and record each stage separately.","Human approval and external transfer are separately reported exclusions; validation, internal queuing and ordinary retries remain measured.",,,Backlog
VF-PER-005,Export and report generation,R2 Scale,NFR performance,Non-functional,Should,Absent,Analyst,"As an Analyst, I want large data exports and reports to generate quickly with visible progress and the option to cancel, so that I can produce outputs without waiting blindly or tying up work.","Scenario: Standard export or report completes within 5 minutes at p95
  Given the service is under mixed load
  When an Analyst requests a 100000-row data export or a 50-page report with up to 20 charts
  Then the finished artifact is available within 5 minutes at p95
  And its content is validated as complete

Scenario: Job acknowledges receipt, shows progress and can be cancelled
  Given an Analyst has submitted an export or report job
  When the job is received
  Then receipt is acknowledged within 2 seconds
  And progress is visible while the job runs
  And the Analyst can cancel the job at any stage

Scenario: Larger jobs show estimated class and explicit limits
  Given a job larger than the standard export or report
  When the Analyst requests it
  Then the estimated class and explicit limits are shown

Scenario: Reject a ready link to an incomplete artifact
  Given an export or report job whose artifact is incomplete
  When the job status is shown
  Then no ready link is offered
  And a ready link to an incomplete artifact counts as a failure

Scenario: Reject download after permission revocation
  Given an export completed within the performance targets
  And the Analyst's permission is revoked before download
  When the Analyst tries to retrieve the artifact
  Then retrieval is refused","Reject if a ready link points to an incomplete artifact, a user whose permission was revoked can still retrieve the output, or a standard export or report exceeds 5 minutes at p95.",Impact Platform ledger,,,"A standard 100000 row data export or 50 page report with up to 20 charts shall complete at p95 within 5 minutes. Jobs shall acknowledge receipt within 2 seconds, expose progress and support cancellation. Larger jobs shall show estimated class and explicit limits. Generate 100000-row exports and fifty-page reports with twenty charts under mixed load. Measure acknowledgement and finished artifact times, validate content and cancel jobs at several stages.",A ready link to an incomplete artifact fails. Permission revocation before download must prevent retrieval even when performance targets passed.,,,Backlog
VF-PER-007,AI responsiveness,R2 Scale,NFR performance,Non-functional,Should,Absent,MEL Manager,"As a MEL Manager, I want AI evidence questions to be acknowledged quickly and answered within predictable times, with long tasks run as visible jobs I can cancel, so that I can rely on the assistant during interactive work.","Scenario: Interactive evidence question meets response targets
  Given a representative supported question set for a use case and model configuration
  When the MEL Manager asks an interactive evidence question
  Then the question is acknowledged within 2 seconds
  And a first useful response arrives within 15 seconds at p95
  And a completed standard answer arrives within 45 seconds at p95, including policy checks and numeric tools

Scenario: Long tasks run as visible asynchronous jobs
  Given a long extraction or reporting task
  When the MEL Manager starts it
  Then it runs as a visible asynchronous job
  And the job can be cancelled and has a declared timeout

Scenario: Reject a generic waiting message as a useful response
  Given an interactive evidence question is in progress
  When only a generic waiting message is shown
  Then it does not count as a first useful response

Scenario: Reject losing the question or an unapproved fallback on provider timeout
  Given the AI provider times out on a question
  When the failure is handled
  Then the question is preserved and the manual route is offered
  But no unapproved fallback is used","Reject if a generic waiting message is counted as a useful response, response targets are missed at p95, or a provider timeout loses the question or triggers an unapproved fallback.",Impact Platform ledger,,,"For interactive evidence questions, the system shall acknowledge within 2 seconds and target a first useful response at p95 within 15 seconds and a completed standard answer within 45 seconds. Long extraction and reporting tasks shall use visible asynchronous jobs with cancellation and a declared timeout. Run representative supported question sets by use case and model configuration. Measure acknowledgement, first useful response and completed answer, including policy checks and numeric tools.",A generic waiting message is not useful response. Provider timeout must preserve the question and offer the manual route without unapproved fallback.,,,Backlog
FR-OFF-001,Offline task packages,R2 Scale,Offline collection,Functional,Must,Absent,Field Data Collector,"As a Field Data Collector, I want to download a package containing only my assigned work, after previewing its forms, reference fields, media size and expiry, so that I can collect offline without carrying unnecessary participant data.","Scenario: Package assigned work for offline use
  Given an authenticated Field Data Collector with three assigned households
  When they preview and download the package
  Then the preview lists form versions, minimal reference fields, media size and expiry
  And the package is bound to the actor, tenant, device workspace and policy version
  And successful local preparation is confirmed before field departure

Scenario: Complete assigned forms offline
  Given the package is downloaded and the device is offline
  When the collector opens their work
  Then they can complete forms for the three assigned households

Scenario: Reject access beyond assigned work
  Given the collector is offline with a package of three assigned households
  When they try to browse a fourth unassigned household
  Then it is not available
  And no full project registry was downloaded by default

Scenario: Reject expired assignments and offline renewal
  Given an assignment has expired but is still visible in an old task list
  When a package is prepared or renewed
  Then the expired assignment is excluded
  And renewal requires online policy verification","Reject if an offline package includes unassigned households, the full project registry or expired assignments, or is renewed without online policy verification.",Impact Platform ledger,,,"An authenticated collector selects assigned work to package. Preview lists form versions, minimal reference fields, media size and expiry. The download binds actor, tenant, device workspace and policy version; successful local preparation is confirmed before field departure. No full project registry download by default. Package renewal needs online policy verification. Expired assignments are excluded even if still visible in an old task list.",Download three assigned households and go offline; the collector can complete those forms but cannot browse a fourth unassigned household.,,,Backlog
FR-OFF-002,Durable local capture,R2 Scale,Offline collection,Functional,Must,Absent,Field Data Collector,"As a Field Data Collector, I want every local save confirmed with a device receipt and recovered after a restart, with warnings before storage becomes unsafe, so that I do not lose captured data or mistake a local save for server receipt.","Scenario: Local save returns a device receipt
  Given a collector capturing data offline
  When they save
  Then a device receipt and safe status are shown
  And drafts, stable IDs and attachment references persist

Scenario: Restart during an attachment save
  Given the device restarts during an attachment save
  When the app reopens
  Then the saved answers survive and recovered work is listed
  And the incomplete file is flagged
  And no false server received status appears

Scenario: Storage warning before capture becomes unsafe
  Given device storage is running low
  When capture continues
  Then a storage warning appears before capture becomes unsafe

Scenario: Reject sensitive offline capture without qualified secure storage
  Given secure durable storage cannot be qualified on a client
  When sensitive offline collection is attempted
  Then it is disabled and the supported alternative is shown
  And a local acknowledgement is never presented as server durability","Reject if a local save is shown as server received, a restart loses saved answers or hides incomplete files, or sensitive offline collection runs without qualified secure storage.",Impact Platform ledger,,,"Every local save returns a device receipt and safe status. The client persists drafts, stable IDs and attachment references within the qualified device profile. Restart recovery lists recovered work and any incomplete local writes; storage warnings appear before capture becomes unsafe. A local acknowledgement is not server durability. If secure durable storage cannot be qualified on a client, disable sensitive offline collection and show the supported alternative.","Restart during an attachment save and confirm the saved answers survive, the incomplete file is flagged and no false server received status appears.",,,Backlog
FR-OFF-003,Idempotent synchronisation,R2 Scale,Offline collection,Functional,Must,Absent,Field Data Collector,"As a Field Data Collector, I want synchronisation to resume after interruptions and report each item's outcome, so that every intended submission is stored exactly once and incomplete media stays visible.","Scenario: Per-item sync outcomes
  Given a batch of submissions with identity, base revision, form version, grant context and media manifest
  When it is synchronised
  Then the server returns accepted, duplicate, conflict, quarantined or rejected for each item

Scenario: Interrupted batch resolves to one identity per submission
  Given the same batch is interrupted five times
  When synchronisation completes
  Then each intended submission has one identity
  And media chunks resume independently
  And missing media remains visibly incomplete

Scenario: Reject duplicate server objects or premature completion
  Given an identical submission is repeated after ordinary interactive operation receipts have expired
  When it is synchronised
  Then it resolves to the same server object
  And the local receipt is retained until server reconciliation completes
  And the submission is not marked complete until required files and checks finish","Reject if a retried or repeated submission creates a second server object, the local receipt is removed before reconciliation, or a submission with missing media is marked complete.",Impact Platform ledger,,,"Sync uploads the submission identity, base revision, form version, grant context and media manifest. The server responds per item with accepted, duplicate, conflict, quarantined or rejected. Media chunks resume independently; final completeness waits for required files and checks. Retain local receipt until server reconciliation completes. Repeat identical submissions resolve to the same server object even after ordinary interactive operation receipts expire.",Interrupt the same batch five times; each intended submission has one identity and missing media remains visibly incomplete.,,,Backlog
FR-OFF-004,Conflict handling,R2 Scale,Offline collection,Functional,Must,Absent,Data Steward,"As a Data Steward, I want concurrent offline edits preserved as candidate revisions that can be compared and resolved with a reason, so that no field data or approved data is silently overwritten.","Scenario: Both candidates are visible to the resolver
  Given two devices alter the same visit
  And one of them used an obsolete form
  When the edits are synchronised
  Then the common base is identified
  And both candidate revisions remain visible to the resolver with their distinct versions

Scenario: Resolve and resubmit
  Given an authorised resolver comparing permitted fields
  When they choose values or create a merged revision and supply a reason
  Then the resolution is resubmitted through validation and approval

Scenario: Reject last-device-wins and overwrites
  Given conflicting edits from two devices
  When they are synchronised
  Then neither is applied automatically as last device wins
  And identity duplicates, reassigned tasks and obsolete forms receive specific conflict categories
  And existing approved data is not overwritten","Reject if conflicting edits resolve automatically as last device wins, a candidate revision is lost, or existing approved data is overwritten.",Impact Platform ledger,,,"On concurrent edits, the server preserves both candidate revisions and identifies the common base. An authorised resolver compares permitted fields, chooses values or creates a merged revision, supplies reason and resubmits through validation and approval. No automatic last device wins. Identity duplicates, reassigned tasks and obsolete forms use specific conflict categories; existing approved data is not overwritten.",Two devices alter the same visit and one uses an obsolete form; both candidates remain visible to the resolver with their distinct versions.,,,Backlog
FR-OFF-005,Device protection and expiry,R2 Scale,Offline collection,Functional,Must,Absent,Organisation Administrator,"As an Organisation Administrator, I want offline access to require local authentication, expire with its grant and apply revocation on reconnect, so that revoked or expired collectors cannot keep viewing or submitting protected data.","Scenario: Offline unlock and expiry
  Given a collector with an offline grant
  When they unlock the device offline and later the grant expires
  Then unlocking requires the qualified local authentication policy
  And after expiry further protected viewing or capture under that grant is prevented

Scenario: Removal and wipe outcomes are reported
  Given a package removal or remote wipe request
  When its status is viewed
  Then it reports requested, confirmed or unknown

Scenario: Reject a revoked collector after expiry
  Given a disconnected collector is revoked
  And time advances beyond the grant expiry
  When the collector reconnects
  Then viewing is blocked locally
  And uploads are rejected or explicitly quarantined
  But quarantined uploads never become approved data automatically

Scenario: Reject clock rollback
  Given the device clock is rolled back
  When the collector tries to continue offline work
  Then the verified authority window is not extended","Reject if a revoked or expired collector can still view or capture protected data, clock rollback extends the authority window, or expired or revoked uploads become approved data automatically.",Impact Platform ledger,,,"Offline unlock requires the qualified local authentication policy. Expiry prevents further protected viewing or capture under that grant; reconnect applies current revocation before accepting new work. Package removal and remote wipe requests report requested, confirmed or unknown outcomes. Client clock rollback must not extend the verified authority window. Expired or revoked uploads enter restricted quarantine only under an approved recovery policy; they never become approved data automatically.","Revoke a disconnected collector, advance beyond the grant expiry and reconnect; viewing is blocked locally and uploads are rejected or explicitly quarantined.",,,Backlog
FR-OFF-006,Shared device operation,R2 Scale,Offline collection,Functional,Must,Absent,Field Data Collector,"As a Field Data Collector, I want my own protected workspace on a shared device, so that the next collector cannot see my unsynchronised answers or take over my authorship.","Scenario: Switching accounts protects the previous workspace
  Given collector A leaves two unsynchronised forms on a shared device
  When collector B signs in
  Then A's workspace is closed and its unsynchronised count is shown without content
  And B sees neither the answers nor participant names
  And A's authorship remains unchanged

Scenario: Handover requires eligible actors
  Given pending work needs to be handed over
  When the handover is performed
  Then both eligible actors are online or a separately qualified secure supervisor procedure is used

Scenario: Reject authorship transfer or silent deletion
  Given collector A has pending work on the device
  When collector B continues on the device or A logs out
  Then author identity is never transferred to B
  And pending work may be locked for later recovery
  But it is deleted only after an explicit loss warning and permitted confirmation","Reject if another collector can see a previous collector's answers or participant names, authorship is transferred, or pending work is deleted without an explicit loss warning and permitted confirmation.",Impact Platform ledger,,,Each person uses a distinct protected local workspace. Switching accounts closes the previous workspace and displays its unsynchronised count without exposing content. Handover requires both eligible actors online or a separately qualified secure supervisor procedure. Never transfer author identity to the next collector. Logout may lock pending work for later recovery; deleting it requires an explicit loss warning and permitted confirmation.,Collector B signs in after A leaves two unsynced forms; B sees neither answers nor participant names and A's authorship remains unchanged.,,,Backlog
FR-OFF-007,Sync and quality supervisor view,R2 Scale,Offline collection,Functional,Should,Absent,Programme Manager,"As a Programme Manager, I want a sync and quality view showing each device's last reported status with timestamps, so that I can follow up or reassign work without assuming knowledge of unseen offline activity.","Scenario: Timestamped device status
  Given devices within the Programme Manager's scope
  When the supervisor view is opened
  Then it shows last contact, last reported pending count, package version, expiry, known failures and unresolved conflicts
  And each value is timestamped

Scenario: Disconnected device shows last-known state
  Given a device reported two pending forms and then disconnected
  When the Programme Manager views it
  Then the view shows two pending at last contact and current state unknown
  And no live count is shown

Scenario: Request follow up or reassignment
  Given a device with unknown current progress
  When the Programme Manager requests follow up or reassignment
  Then the request is recorded without claiming knowledge of unseen offline activity

Scenario: Reject treating unknown progress as zero or wiped
  Given a disconnected device
  When its status is shown
  Then it is not recorded as zero completed or guaranteed wiped
  And counts and locations outside the supervisor's scope are not shown","Reject if a disconnected device is shown with a live count, zero completed or guaranteed wiped, or the view shows counts or locations outside the supervisor's scope.",Impact Platform ledger,,,"The supervisor view shows last contact, last reported pending count, package version, expiry, known failures and unresolved conflicts. Each value is timestamped. Supervisors can request follow up or reassignment without claiming knowledge of unseen offline activity. A disconnected device has unknown current progress. It is not recorded as zero completed or guaranteed wiped. Counts and locations remain within supervisor scope.","Disconnect a device after it reported two pending forms; the view says two at last contact and unknown current state, not a live count.",,,Backlog
FR-OFF-008,Constrained connectivity,R2 Scale,Offline collection,Functional,Must,Absent,Field Data Collector,"As a Field Data Collector, I want to prepare languages, reference lists and form logic before departure and sync text first over weak connections, so that I can complete work reliably in low-bandwidth areas without false completion.","Scenario: Complete a form on a weak connection
  Given approved languages, reference lists and form logic were downloaded before departure
  And the connection is under 1 Mbps with intermittent loss
  When the collector completes a form
  Then the answers persist
  And permitted delayed media upload does not create a false complete submission

Scenario: Manual text-first sync
  Given policy permits deferred media transfer
  When the collector syncs manually
  Then text is uploaded first and media transfer is deferred

Scenario: Reject automatic large downloads on constrained connections
  Given a constrained connection and large media available for download
  When the client prepares downloads
  Then large media is not downloaded automatically
  And large downloads require size disclosure and user control

Scenario: Reject online-only logic shown as offline capable
  Given form logic that requires a live external lookup
  When the form is packaged for offline use
  Then it is labelled online only and not presented as offline capable","Reject if large media auto-downloads on a constrained connection, online-only logic is presented as offline capable, or a submission with deferred media is marked complete.",Impact Platform ledger,,,"Before field departure, clients download approved languages, reference lists and form logic. Manual sync and text first upload are supported; media transfer may be deferred if policy permits. Large downloads require size disclosure and user control. Do not auto-download large media on constrained connections. Form logic that requires a live external lookup is labelled online only and cannot masquerade as offline capable.",Complete a form under 1 Mbps and intermittent loss; answers persist and permitted delayed media upload does not create a false complete submission.,,,Backlog
VF-OFF-001,Offline authority window,R2 Scale,Offline collection,Non-functional,Must,Absent,Privacy Officer,"As a Privacy Officer, I want offline data packages to expire within set authority windows unless reauthorised, so that participant data on field devices is not usable indefinitely.","Scenario: Default offline package expires within 24 hours
  Given a default offline package on a device
  When 24 hours pass without renewed authorisation
  Then the package expires
  And expiry holds across restart, clock rollback, account switching, prolonged disconnection and revoked reconnect

Scenario: Restricted participant package expires within 8 hours by default
  Given a restricted participant package on a device with approved device controls
  When 8 hours pass without renewed authorisation
  Then the package expires

Scenario: Longer windows need a recorded risk exception
  Given a low sensitivity package
  When a window longer than the default is configured
  Then a recorded risk exception is required
  But sensitive data may be prohibited from offline use entirely

Scenario: Reject sensitive offline use on a device that cannot enforce the window
  Given a device that cannot reliably enforce the authority window
  When sensitive offline use is assessed for that device
  Then sensitive offline use is not qualified
  And remote wipe is recorded as best effort only","Reject if offline packages stay usable beyond their authority window without renewed authorisation, or sensitive offline use is qualified on a device that cannot reliably enforce the window.",Impact Platform ledger,,,"Default offline packages shall expire within 24 hours without renewed authorisation. Restricted participant packages shall default to at most 8 hours and require approved device controls. Longer low sensitivity windows require a recorded risk exception; sensitive data may be prohibited from offline use entirely. Qualify local expiry, restart, clock rollback, account switching, prolonged disconnection and revoked reconnect. Test ordinary and restricted packages under the chosen device controls.","If the device cannot enforce the authority window reliably, do not qualify sensitive offline use. Remote wipe is recorded as best effort.",,,Backlog
FR-PAR-001,Optional registries,R2 Scale,Participants,Functional,Should,Absent,Programme Manager,"As a Programme Manager, I want to set up a programme as aggregate-only or registry-enabled and configure only the entity types and attributes it needs, so that personal records exist only where the programme genuinely requires them.","Scenario: Only the registry-enabled programme exposes a registry workspace
  Given a Programme Manager creates an aggregate-only education programme
  And creates a registry-enabled participant programme
  When they open each programme
  Then only the participant programme exposes the configured registry workspace

Scenario: Configure registry entities without national identifiers
  Given a registry-enabled programme
  When the Programme Manager selects entity types and necessary attributes
  Then the system issues a programme pseudonym
  And participants, households, groups, institutions, facilities and sites can be registered without mandatory national identifiers
  And entity types and relationships are explicit

Scenario: Reject switching to a registry without privacy review
  Given an aggregate-only programme
  When a switch to registry-enabled mode is attempted without privacy review and field configuration
  Then the switch is refused
  And no empty personal records are created","Reject if a programme switches to a registry without privacy review and field configuration, or an aggregate-only setup silently creates personal records.",Impact Platform ledger,,,"Programme setup chooses aggregate-only or registry-enabled mode. Registry configuration selects entity types and necessary attributes. The system issues a programme pseudonym and supports participants, households, groups, institutions, facilities and sites without mandatory national identifiers. Switching to a registry requires privacy review and field configuration; aggregate-only setup cannot silently create empty personal records. Entity type and relationships are explicit.",Create an aggregate-only education programme and a participant programme; only the latter exposes the configured registry workspace.,,,Backlog
FR-PAR-002,Purpose limited identity,R2 Scale,Participants,Functional,Must,Absent,Privacy Officer,"As a Privacy Officer, I want direct identity fields controlled separately from analytical attributes and pseudonyms scoped to an approved programme or matching agreement, so that analysts can follow participants over time without seeing names or linking across programmes.","Scenario: Analyst joins visits by pseudonym without seeing identity
  Given an Analyst without direct identity capability
  When they join two visits for one participant using the programme pseudonym
  Then the join succeeds
  But they cannot resolve the person's name
  And they cannot resolve the person's participation in another programme

Scenario: Reject cross-project linkage without separate approval
  Given participant records in two projects
  When a user attempts to link them without a separately approved purpose, a matching contract and authority to both scopes
  Then the linkage is refused

Scenario: Reject using a pseudonym as a universal identifier
  Given a pseudonym scoped to one approved programme
  When it is used to identify the person outside that programme or matching agreement
  Then it does not resolve to the person","Reject if an ordinary Analyst can resolve names from pseudonyms or records are linked across projects without an approved purpose, matching contract and authority to both scopes.",Impact Platform ledger,,,"Direct identity fields use separate capabilities from analytical attributes. Pseudonyms are scoped to the approved programme or matching agreement. Longitudinal joins use those identifiers while hiding names from ordinary analysts. Cross project linkage requires a separately approved purpose, matching contract and authority to both scopes. A pseudonym is not a universal public identifier.",An analyst joins two visits for one participant using a pseudonym but cannot resolve the person's name or participation in another programme.,,,Backlog
FR-PAR-003,Notice consent and lawful handling,R2 Scale,Participants,Functional,Must,Absent,Privacy Officer,"As a Privacy Officer, I want collection to present the applicable notice and record its version, language, purpose, handling basis, recorder and consent decisions, with optional purposes chosen independently, so that each use of participant data follows its own lawful basis.","Scenario: Record notice and consent at collection
  Given a Field Data Collector collecting participant data
  When the applicable notice is presented
  Then the notice version, language, purpose, handling basis, recorder and consent decision are recorded where relevant
  And optional purposes such as photography are selected independently

Scenario: Withdraw public image permission
  Given a participant has given public image permission and is under lawful service monitoring
  When they withdraw public image permission
  Then photo publication is blocked
  And lawful service monitoring is retained
  And eligible analytic observations remain governed by their own basis
  And downstream review is triggered

Scenario: Reject blocking a service record when optional media is refused
  Given a participant refuses optional photography
  When a service record is created for them
  Then the service record is not blocked unless policy justifies that dependency

Scenario: Reject treating consent as blanket authorisation
  Given a participant's recorded consent
  When their data is requested for research, model training or public disclosure
  Then the consent is not assumed to authorise that use","Reject if refusing optional media blocks a service record without policy justification, or consent is assumed to authorise research, model training or public disclosure.",Impact Platform ledger,,,"Collection presents the applicable notice and records version, language, purpose, handling basis, recorder and consent decision where relevant. Optional purposes such as photography are independently selected. Withdrawal updates only the affected permitted uses and triggers downstream review. Refusal of optional media must not block a service record unless policy justifies that dependency. Consent is not assumed to authorise research, model training or public disclosure.",Withdraw public image permission while retaining lawful service monitoring; photo publication is blocked and eligible analytic observations remain governed by their own basis.,,,Backlog
FR-PAR-004,Service and participation events,R2 Scale,Participants,Functional,Should,Absent,MEL Manager,"As a MEL Manager, I want service events recorded with stable identity, subject, type, date, provider or site and evidence, so that reports count services or distinct people correctly according to each indicator definition.","Scenario: Count services and unique people
  Given three distinct visits recorded for one participant
  When indicators are reported
  Then the service count is three
  And the approved unique person count is one

Scenario: Corrections create revisions
  Given a recorded service event
  When a Data Author corrects it
  Then a new revision of the event is created

Scenario: Reject duplicate ingestion of the same event
  Given a service event that is already recorded
  When the same event is ingested again
  Then no additional visit is added

Scenario: Reject silent removal on cancellation or reversal
  Given a recorded service event
  When it is cancelled or reversed
  Then the cancellation or reversal is recorded explicitly
  But the original receipt is not removed",Reject if re-ingesting the same event adds another visit or a cancellation or reversal silently removes the original receipt.,Impact Platform ledger,,,"A service event captures stable event identity, subject, event type, date, provider or site and evidence. Corrections create revisions. Reporting selects event counts or distinct subjects according to the indicator definition. Repeated ingestion of the same event does not add another visit. Cancellation or reversal is explicit and cannot silently remove the original receipt.",Record three distinct visits for one participant; service count is three and approved unique person count is one.,,,Backlog
FR-PAR-007,Safeguarding and vulnerable people,R2 Scale,Participants,Functional,Must,Absent,Programme Manager,"As a Programme Manager, I want sensitive programmes configured with guardian and notice rules, safe contact channels, restricted fields and evidence policy, and safeguarding concerns routed only to designated staff, so that vulnerable people are protected.","Scenario: Configure a sensitive programme
  Given a Programme Manager setting up a sensitive programme
  When they complete the programme setup
  Then guardian and notice rules, safe contact channels, restricted fields and evidence policy are selected

Scenario: Safeguarding concern routed only to designated staff
  Given a Field Data Collector flags a safeguarding concern
  When the restricted case is created
  Then only the assigned safeguarding officer can open its content
  And the Programme Manager sees only a restricted follow up status
  And ordinary workspaces show only a minimal reference

Scenario: Reject sensitive details in general notifications
  Given a safeguarding concern has been raised
  When general notifications about it are sent
  Then they do not include the concern narrative, precise location or the child's identity

Scenario: Reject access through ordinary programme membership
  Given a user who is an ordinary programme member but not designated safeguarding staff
  When they try to open the safeguarding case
  Then access is refused","Reject if safeguarding content reaches anyone other than designated staff, including through general notifications or ordinary programme membership.",Impact Platform ledger,,,"Sensitive programme setup selects guardian and notice rules, safe contact channels, restricted fields and evidence policy. A safeguarding concern creates a restricted case with minimal reference in ordinary workspaces and routes only to designated staff. Do not put the concern narrative, precise location or child's identity in general notifications. Ordinary programme membership does not imply safeguarding access.",An enumerator flags a concern; only the assigned safeguarding officer can open its content while the manager sees a restricted follow up status.,,,Backlog
FR-PAR-008,Participant requests and corrections,R2 Scale,Participants,Functional,Must,Absent,Privacy Officer,"As a Privacy Officer, I want verified participant correction requests handled as scoped cases in which the reviewer previews downstream effects before applying a resolution, so that participants' records are corrected without exposing other people's information.","Scenario: Open and resolve a scoped correction case
  Given a correction request from a Programme Participant
  When the subject is verified through permitted evidence
  Then a scoped case is opened
  And the Reviewer can resolve it as wrong identity, attribute correction, restriction or merge
  And the downstream effects are previewed before the resolution is applied

Scenario: Correct a wrongly linked visit
  Given a visit wrongly linked to a participant
  When the Reviewer applies the correction
  Then both participants' histories are recalculated
  And the erroneous private association is not retained in ordinary views
  And minimal attribution is preserved while disallowed personal values are deleted where required

Scenario: Reject exposing household members' information
  Given a correction request from a participant who belongs to a household
  When the request is verified and responded to
  Then no household member's information is exposed","Reject if household members' information is exposed during verification or response, or an erroneous association remains visible in ordinary views after correction.",Impact Platform ledger,,,"A verified correction request identifies the subject through permitted evidence and opens a scoped case. The reviewer resolves wrong identity, attribute correction, restriction or merge and previews downstream effects before application. Do not expose household members' information during verification or response. Corrections preserve minimal attribution while deleting disallowed personal values where required.",Correct a wrongly linked visit and recalculate both participants' histories without retaining the erroneous private association in ordinary views.,,,Backlog
US-PT-01,Solution partners apply to be listed,R2 Scale,Partners,Functional,Must,Absent,Solution Partner Manager,"As a Solution Partner Manager, I want to apply to list our solution, so that we reach qualified organisations.","Scenario: Apply to list a solution
  Given a Solution Partner Manager
  When they submit the application form for their solution
  Then the application is recorded for vetting

Scenario: Vetted with a decision within 30 days
  Given a submitted application
  When it is vetted
  Then it is assessed against the published criteria
  And the Solution Partner Manager receives a decision within 30 days of submission

Scenario: Reject listing without vetting or a late decision
  Given a submitted application
  When it has not passed vetting against the published criteria
  Then the solution is not listed
  But no application waits more than 30 days for a decision","Reject if a solution is listed without passing vetting against the published criteria, or a decision takes more than 30 days.",Imprana BRD,,,,Application form; vetted against published criteria; decision within 30 days,,,Backlog
US-PT-02,Partners integrate once via APIs,R2 Scale,Partners,Functional,Should,Absent,Solution Partner Manager,"As a Solution Partner Manager, I want to integrate once through Imprana Commons APIs, so that we don't build per-client integrations.","Scenario: Read and write through the shared data model
  Given a Solution Partner Manager's integration built against the Imprana Commons APIs
  When it reads and writes data
  Then the data is read from and written to the shared data model

Scenario: Test sandbox
  Given a Solution Partner Manager building an integration
  When they use the test sandbox
  Then they can test reads and writes without touching any organisation's live data

Scenario: Reject per-client integration
  Given an integration built once against the Imprana Commons APIs
  When another organisation deploys the solution
  Then no client-specific integration is required","Reject if partners cannot read and write the shared data model, have no test sandbox, or need a per-client integration.",Imprana BRD,,FR-INT-010,,Read and write to the shared data model; test sandbox,,,Backlog
US-PT-03,Qualified referrals with consented context,R2 Scale,Partners,Functional,Should,Absent,Solution Partner Manager,"As a Solution Partner Manager, I want qualified referrals with context, so that we can respond quickly.","Scenario: Qualified referral with a diagnosis summary
  Given an organisation that consents to share its diagnosis summary with a solution partner
  When a referral is sent to the Solution Partner Manager
  Then the referral includes the diagnosis summary

Scenario: Reject sharing without consent
  Given an organisation that has not consented
  When a referral is made
  Then its diagnosis summary is not shared with the Solution Partner Manager",Reject if a diagnosis summary is shared without the organisation's consent.,Imprana BRD,,,,"Referral includes a diagnosis summary, shared with the organisation's consent",,,Backlog
US-PT-06,Annual partner review and delisting,R2 Scale,Partners,Functional,Must,Absent,Platform Operator,"As a Platform Operator, I want to review partners regularly and delist those below standard, so that the catalogue stays trustworthy.","Scenario: Annual partner review
  Given a listed partner
  When a year has passed since its last review
  Then the Platform Operator reviews it

Scenario: Delist a partner below standard with notice
  Given a partner found below standard in its review
  When the Platform Operator delists it
  Then organisations affected by the delisting are given notice

Scenario: Reject delisting without notice
  Given a partner being delisted
  When affected organisations have not been given notice
  Then the delisting does not proceed
  And no listed partner goes more than a year without a review","Reject if a partner goes more than a year without review, or is delisted without notice to affected organisations.",Imprana BRD,,,,Annual review; delisting process with notice to affected organisations,,,Backlog
FR-PRV-008,Sharing register and agreements,R2 Scale,Privacy,Functional,Should,Absent,Privacy Officer,"As a Privacy Officer, I want every disclosure registered with recipient, purpose, version, allowed reuse, expiry and owner, so that I can find, correct or withdraw shared data and track each recipient notice.","Scenario: Correct a shared dataset
  Given a dataset with two partner disclosures in the sharing register
  When the Privacy Officer corrects the dataset
  Then both partner disclosures are identified
  And live access is revoked where required
  And each correction notice outcome is recorded

Scenario: List active disclosures for a source
  Given disclosures recorded with recipient, purpose, source or artifact version, allowed reuse, expiry and owner
  When the Privacy Officer selects a source
  Then its active disclosures within authorised scope are listed

Scenario: Reject asserting external deletion from a notice alone
  Given a withdrawal notice sent to a recipient holding an external copy
  When the disclosure status is updated
  Then external deletion is not asserted solely because the notice was sent
  And the live platform grant and the retained external copy have separate statuses","Reject if a disclosure lacks its register entry, or external deletion is asserted merely because a notice was sent.",Impact Platform ledger,,,"Every disclosure records recipient, purpose, source or artifact version, allowed reuse, expiry and owner. A selected source can list active disclosures within authorised scope. Correction or withdrawal starts recipient notice tasks and tracks acknowledgement where available. External data deletion is not asserted solely because a notice was sent. Live platform grants and retained external copies have separate statuses.","Correct a shared dataset and identify its two partner disclosures, revoke live access where required and record each correction notice outcome.",,,Backlog
FR-PRG-002,Activities and milestones,R2 Scale,Programmes,Functional,Should,Absent,Programme Manager,"As a Programme Manager, I want to define activities and milestones with assignees, dates, dependencies and required evidence, so that I can track delivery and see dependency risk without changing official results or approved dates.","Scenario: Define an activity
  Given a Programme Manager planning work
  When they create an activity with assignee, start, due date, predecessor links, milestone evidence and framework reference
  Then the activity is saved
  And blocked and cancelled are available as explicit states

Scenario: Complete an activity with evidence
  Given an activity with declared deliverable evidence
  When the assignee marks it complete
  Then completion requires the declared evidence or an authorised exception

Scenario: Predecessor delay flags downstream risk
  Given activity A precedes activity B
  When activity A is delayed
  Then B shows dependency risk
  And B's approved due date is retained
  And no indicator achievement is invented

Scenario: Reject a dependency cycle
  Given activity A precedes activity B
  When a user makes B a predecessor of A
  Then the link is rejected

Scenario: Reject a due date before start
  Given an activity with a start date
  When a user sets a due date before the start
  Then the date is rejected","Reject if a dependency cycle or due date before start is accepted, completion skips evidence without an authorised exception, or a delay changes official actuals or approved dates.",Impact Platform ledger,,,"Managers define activities with assignee, start, due date, predecessor links, milestone evidence and framework reference. Completion requires the declared deliverable evidence or an authorised exception; blocked and cancelled are explicit states. Reject dependency cycles and due dates before start. A predecessor delay flags downstream risk but never automatically changes official outcome actuals or approved programme dates.","Delay activity A, which precedes B; B shows dependency risk, its approved due date is retained and no indicator achievement is invented.",,,Backlog
FR-PRG-003,Workplans and calendars,R2 Scale,Programmes,Functional,Should,Absent,Programme Manager,"As a Programme Manager, I want a workplan calendar that shows tasks in my time zone, creates recurring obligations once and previews reschedules, so that deadlines shift predictably without altering locked history.","Scenario: View tasks in the viewer's zone
  Given programme and reporting tasks with a governing deadline zone
  When a Programme Manager opens the calendar
  Then tasks are shown in the viewer's zone
  And the governing deadline zone is available

Scenario: Preview and apply a reschedule
  Given a programme with future tasks and a locked quarterly deadline
  When the Programme Manager moves the programme end by one month
  Then the preview lists future tasks and affected recipients
  And only eligible future tasks shift
  And the locked quarterly deadline stays unchanged

Scenario: Recurrence uses the working calendar
  Given a recurring obligation
  When instances are generated across a daylight saving change
  Then stable obligation instances are created using the working calendar
  And each deadline resolves to one declared instant

Scenario: Reject duplicate tasks
  Given an obligation instance that already exists
  When recurrence generation runs again
  Then no duplicate task is created for that obligation identity

Scenario: Reject changes to locked deadlines
  Given a locked period deadline
  When a reschedule is applied
  Then the locked deadline remains unchanged in history","Reject if a reschedule changes a locked period deadline, recurrence creates duplicate tasks, or a daylight saving change leaves a deadline without one declared instant.",Impact Platform ledger,,,The calendar renders programme and reporting tasks in the viewer's zone with the governing deadline zone available. Recurrence creates stable obligation instances using the working calendar. Reschedule preview lists future tasks and affected recipients. Locked period deadlines remain immutable history. Daylight saving changes resolve to one declared instant; duplicate task creation is prevented by obligation identity.,"Move programme end by one month and confirm only eligible future tasks shift, while a locked quarterly deadline stays unchanged.",,,Backlog
FR-PRG-004,Risks issues and dependencies,R2 Scale,Programmes,Functional,Should,Absent,Programme Manager,"As a Programme Manager, I want to record risks and issues with owners, scored by a configured matrix, and to validate automated detections, so that escalations are reliable and auditable.","Scenario: Record a scored risk
  Given a configured risk matrix
  When the Programme Manager records a risk with category, likelihood, impact, owner, mitigation and review date
  Then the score is calculated from the configured matrix

Scenario: Automated detections await validation
  Given an automated detection of a possible issue
  When it is created
  Then it stays in suggested state until a manager validates it

Scenario: Escalate an overdue high impact issue
  Given a high impact issue past its due date with restricted evidence
  When escalation runs
  Then it identifies the responsible manager and linked obligations
  And the escalation email does not expose the restricted evidence

Scenario: Reject AI certainty as the risk score
  Given an automated detection with an AI certainty value
  When the risk score is calculated
  Then the score comes only from the configured matrix

Scenario: Reject closure without resolution evidence
  Given an open issue with earlier escalation events
  When a user tries to close it without resolution evidence
  Then closure is refused
  And earlier escalation events are never removed","Reject if a risk score comes from anything but the configured matrix, an issue closes without resolution evidence or loses escalation history, or an escalation email exposes restricted evidence.",Impact Platform ledger,,,"A risk record captures category, likelihood, impact, score rule, owner, mitigation and review date. An issue records an observed problem and evidence. Automated detections enter suggested state until a manager validates them. Risk score is calculated from an explicit configured matrix, not AI certainty. Closing needs resolution evidence and does not remove earlier escalation events.",Create a high impact issue past its due date; escalation identifies the responsible manager and linked obligations without exposing restricted evidence in email.,,,Backlog
FR-PRG-005,Geography and sites,R2 Scale,Programmes,Functional,Should,Partial,Data Steward,"As a Data Steward, I want to manage versioned geography hierarchies and bind projects and observations to a boundary version, so that boundary changes never rewrite history and locations are disclosed only at the permitted level.","Scenario: Bind data to a boundary version
  Given a Data Steward in the geography editor
  When they import or select a versioned hierarchy with optional permitted coordinates
  Then project and observation bindings record boundary version and effective date

Scenario: Report on the old boundary after a split
  Given a district that is split into two new districts
  When a report on the old boundary is reproduced
  Then it uses the old boundary codes
  And future data uses the new codes

Scenario: Maps follow the viewer's disclosure level
  Given a viewer without exact coordinate permission
  When they view a map
  Then locations are shown at the disclosure level allowed for them
  And generalisation uses a documented mapping

Scenario: Reject rewriting old observation codes
  Given observations coded to an old boundary
  When the boundaries change
  Then the old observation codes are not rewritten

Scenario: Reject exposing or faking exact locations
  Given a viewer without separate exact coordinate permission
  When they view locations
  Then exact coordinates are not shown
  And arbitrary jitter is not presented as an exact location","Reject if a boundary change rewrites old observation codes, exact coordinates are shown without separate permission, or jittered locations are presented as exact.",Impact Platform ledger,,,A geography editor imports or selects a versioned hierarchy and optional permitted coordinates. Project and observation bindings record boundary version and effective date. Maps use the disclosure level allowed for the viewer. Changing boundaries never rewrites old observation codes. Exact coordinates require separate permission; generalisation uses a documented mapping rather than arbitrary jitter presented as an exact location.,Split a district into two new districts and reproduce a report on the old boundary while future data uses the new codes.,,,Backlog
FR-PRG-007,Programme change control,R2 Scale,Programmes,Functional,Should,Partial,Programme Manager,"As a Programme Manager, I want to propose programme amendments as complete packages with reason, effective date and impact, so that approved changes apply consistently and never leave a hidden mix of old and new commitments.","Scenario: Approve and apply an amendment package
  Given an amendment with proposed changes, reason, effective date and impact on targets, activities, budgets and obligations
  When a Reviewer approves the exact amendment package
  Then application creates the corresponding new object versions and receipts

Scenario: Shorten a programme with future obligations
  Given a programme with future obligations
  When the Programme Manager submits an amendment shortening the programme
  Then approval requires resolving or explicitly retaining every affected obligation

Scenario: Reject applying an amendment with a failed child change
  Given an approved amendment where a required child change fails validation
  When the amendment is applied
  Then the amendment remains unapplied
  But it may be explicitly partially applied only under a declared approved mode","Reject if an amendment applies despite a failed required child change outside a declared approved partial mode, leaving a hidden mix of old and new commitments.",Impact Platform ledger,,,"A programme amendment contains proposed changes, reason, effective date and impact on targets, activities, budgets and obligations. Reviewers approve an exact amendment package; application creates the corresponding new object versions and receipts. If any required child change fails validation, the amendment remains unapplied or explicitly partially applied only under a declared approved mode. No hidden mixture of old and new commitments.",Shorten a programme while future obligations exist; approval requires resolving or explicitly retaining every affected obligation.,,,Backlog
FR-PRG-008,Closure and archival,R2 Scale,Programmes,Functional,Must,Absent,Programme Manager,"As a Programme Manager, I want a close wizard that lists outstanding work and blocks closure until mandatory items are resolved, so that archived programmes are complete, protected from ordinary edits and still exportable.","Scenario: Close wizard lists outstanding items
  Given a project being closed
  When the Programme Manager opens the close wizard
  Then it lists incomplete submissions, unresolved quality issues, open approvals, deliverables and retention duties
  And mandatory blockers must be resolved before closure

Scenario: Archive with a permitted warning
  Given a project with one permitted warning
  When the Programme Manager archives it with the exception attached to the closure decision
  Then its approved export still works
  And new ordinary data entry is denied
  And ordinary schedules stop

Scenario: Reject corrections without an approved reopen or amendment
  Given a closed project
  When a user attempts a correction without an approved reopen or governed amendment with scope
  Then the correction is refused

Scenario: Reject reopening locked periods with the programme
  Given a closed programme with locked reporting periods
  When the programme is reopened
  Then the locked reporting periods stay locked","Reject if closure proceeds with unresolved mandatory blockers, an archived project accepts ordinary edits or ungoverned corrections, or reopening a programme reopens locked periods.",Impact Platform ledger,,,"The close wizard lists incomplete submissions, unresolved quality issues, open approvals, deliverables and retention duties. Mandatory blockers require resolution; eligible exceptions are attached to the closure decision. Archival stops ordinary edits and schedules. Corrections after closure require approved reopen or a governed amendment with scope. Reopening the programme does not automatically reopen locked reporting periods.",Archive a project with one permitted warning and verify its approved export still works while new ordinary data entry is denied.,,,Backlog
FR-RPT-001,Report template library,R2 Scale,Reporting,Functional,Should,Absent,MEL Manager,"As a MEL Manager, I want versioned report templates defining sections, metric bindings, tables, charts, narrative limits, evidence slots, language and mandatory caveats, so that donor reports are produced consistently from approved data without altering reports already created.","Scenario: Two donor reports from one snapshot reconcile
  Given published report templates for donor A and donor B
  When the MEL Manager generates quarterly reports for both from one approved snapshot
  Then shared numeric fields in both reports reconcile to the same result IDs

Scenario: Template preview validates against a snapshot
  Given a draft report template
  When the MEL Manager previews it
  Then it is validated against a representative approved snapshot

Scenario: Reject zero placeholders for missing bindings
  Given a template with a required metric binding that is missing
  When a report is generated
  Then the missing binding appears as an explicit gap
  But no zero placeholder is inserted

Scenario: Reject silent changes to published reports
  Given a report created from a published template version
  When the donor template is changed
  Then a new template version is created
  And the existing report stays pinned to its original template version without being restyled or changed","Reject if a missing metric binding shows a zero placeholder, a template change silently restyles or alters a published report, or shared fields across donor reports do not reconcile to the same result IDs.",Impact Platform ledger,,,"A report template defines sections, required metric bindings, tables, charts, narrative limits, evidence slots, language and mandatory caveats. Preview validates a representative approved snapshot. Published template versions remain pinned by reports already created. Missing metric bindings remain explicit gaps; no zero placeholder. A donor template change creates a version and cannot silently restyle or change a published report.",Generate quarterly donor A and donor B reports from one snapshot and reconcile shared numeric fields to the same result IDs.,,,Backlog
FR-RPT-002,Reporting obligations,R2 Scale,Reporting,Functional,Must,Absent,Programme Manager,"As a Programme Manager, I want each reporting obligation tracked with its recipient, period, due date, owner, required indicators, template and review route, so that every donor deadline is met and no obligation is closed by mistake.","Scenario: Quarterly and annual obligations tracked separately
  Given a project with a quarterly obligation and an annual obligation
  When the Q4 report is completed
  Then the Q4 obligation is complete
  But the annual obligation is not closed automatically

Scenario: Calendar shows dependencies and status
  Given obligations defined for more than one donor
  When the Programme Manager opens the reporting calendar
  Then the donor calendars coexist
  And each instance shows missing dependencies and approval status

Scenario: Amendment preserves contractual history
  Given an existing obligation
  When it is amended
  Then the prior due date and contractual reference are preserved

Scenario: Reject completion by another donor's report
  Given obligations for donor A and donor B for the same period
  When the report for donor A is sent
  Then donor B's obligation is not marked complete

Scenario: Reject leaving an obligation without an owner
  Given an obligation whose owner departs
  When the departure is recorded
  Then reassignment of the obligation is triggered","Reject if an obligation is marked complete because a different period's or another donor's report was sent, an amendment loses the prior due date, or an owner's departure does not trigger reassignment.",Impact Platform ledger,,,"An obligation defines recipient class, period rule, due instant, owner, required indicators, template and review route. Calendar instances show missing dependencies and approval status. Amendments preserve prior due date and contractual reference. Multiple donor calendars may coexist, but a report cannot be marked complete merely because another donor's report was sent. Owner departure triggers reassignment.",Create quarterly and annual obligations for one project; completion of Q4 does not close the annual obligation automatically.,,,Backlog
FR-RPT-004,Narrative authoring and review,R2 Scale,Reporting,Functional,Should,Partial,Data Author,"As a Data Author, I want to draft, comment on and compare narrative revisions with AI suggestions labelled and factual claims linked to evidence, so that report narratives are accurate and consistent with official figures.","Scenario: Review AI suggestions before submission
  Given a narrative section containing AI proposed text
  When the Data Author reviews the section
  Then the AI proposed text is labelled until reviewed
  And the Data Author can accept, edit or reject each suggestion before submission
  And material factual claims link to permitted evidence or metric references

Scenario: Editing an approved narrative creates a new candidate
  Given an approved narrative
  When the Data Author edits it
  Then a new candidate is created
  And the revision can be compared with the approved version

Scenario: Reject a narrative number that conflicts with its metric
  Given a narrative and its bound metric both state 180 participants
  When the Data Author changes the narrative to 200 participants while the metric remains 180
  Then the discrepancy is flagged for resolution
  And reconciliation blocks approval until it is resolved

Scenario: Reject deleting required caveats through formatting
  Given a narrative section with a required caveat
  When formatting is applied that would remove the caveat
  Then the required caveat is retained","Reject if a narrative number that conflicts with its bound official value can be approved, a required caveat can be deleted through formatting, or AI proposed text is unlabelled before review.",Impact Platform ledger,,,"Narrative sections support drafts, comments and revision comparison. AI proposed text is labelled until reviewed. Material factual claims link to permitted evidence or metric references. The author accepts, edits or rejects suggestions before submission. Free text numbers that conflict with bound official values are flagged for resolution. Required caveats cannot be deleted through formatting. Editing an approved narrative creates a new candidate.",Change a narrative from 180 to 200 participants while its metric remains 180; reconciliation blocks approval until the discrepancy is resolved.,,,Backlog
FR-RPT-005,Accessible export formats,R2 Scale,Reporting,Functional,Should,Partial,MEL Manager,"As a MEL Manager, I want to export reports as DOCX or PDF and tables as XLSX or CSV with validated, accessible structure, so that exported artifacts match the approved snapshot exactly and can be read by everyone.","Scenario: Export a large report faithfully
  Given an approved 50-page report with twenty charts
  When the MEL Manager exports it
  Then no values are clipped
  And no caveats are missing
  And all values agree exactly with the snapshot
  And the artifact receipt identifies the report version, format and access expiry

Scenario: Export job validates content and structure
  Given a report export in DOCX or PDF or a table export in XLSX or CSV
  When the export job runs
  Then it validates snapshot, fonts, page breaks, headings, tables, figures, units, caveats and filter context
  And accessible standard templates preserve headings and table structure

Scenario: Reject marking a failed rendering as published
  Given an export job encounters a rendering failure
  When the job ends
  Then publication is not marked successful

Scenario: Reject unremediated conformance claims
  Given a report containing user supplied inaccessible content
  When it is exported
  Then the inaccessible content is flagged
  But the artifact is not claimed conformant until it is remediated","Reject if a rendering failure is marked as a successful publication, exported values are clipped, caveats are missing or values differ from the snapshot, or inaccessible content is claimed conformant without remediation.",Impact Platform ledger,,,"Export chooses DOCX or PDF for reports and XLSX or CSV for tables. The job validates snapshot, fonts, page breaks, headings, tables, figures, units, caveats and filter context. The artifact receipt identifies report version, format and access expiry. A rendering failure never marks publication successful. Accessible standard templates preserve headings and table structure; user supplied inaccessible content is flagged and cannot be claimed conformant without remediation.",Export a 50-page report with twenty charts and confirm no clipped values or missing caveats and exact agreement with the snapshot.,,,Backlog
FR-RPT-008,Distribution and scheduled delivery,R2 Scale,Reporting,Functional,Must,Absent,Programme Manager,"As a Programme Manager, I want to schedule report deliveries that recheck each recipient's eligibility at send time, so that reports reach the right people and removed recipients never receive protected content.","Scenario: Removed recipient receives nothing
  Given a delivery schedule with an artifact version or explicit latest-approved policy, three recipients, a cadence and an owner
  When one recipient is removed after scheduling and the delivery runs
  Then notices are sent to the two eligible recipients
  And the removed recipient receives no protected artifact
  And the removed recipient is skipped with a permitted reason

Scenario: Sensitive delivery uses authenticated access
  Given a sensitive artifact is scheduled for delivery
  When the delivery is sent
  Then recipients receive an authenticated access notice rather than an unprotected attachment

Scenario: Reject sending to recipients from a cached list
  Given a recipient's access has been revoked
  When the delivery runs
  Then recipient membership, purpose, artifact approval and disclosure are rechecked
  And the revoked recipient is not silently retained from a cached list

Scenario: Reject treating an unresolved timeout as delivered
  Given a delivery attempt ended in an unresolved provider timeout
  When the delivery status is checked or the delivery is retried
  Then the attempt is tracked as unknown until reconciled
  And any retry uses the delivery identity","Reject if a removed or revoked recipient receives a protected artifact, sensitive content is sent as an unprotected attachment, or an unresolved provider timeout is treated as delivered or retried without the delivery identity.",Impact Platform ledger,,,"A delivery schedule specifies artifact version or explicit latest-approved policy, recipients, cadence and owner. At send time recheck recipient membership, purpose, artifact approval and disclosure. Sensitive deliveries send authenticated access notices rather than unprotected attachments. An unresolved provider timeout is tracked as unknown until reconciled; retries use delivery identity. Revoked recipients are skipped with a permitted reason, never silently retained from a cached list.",Remove one of three recipients after scheduling; two eligible notices send and the removed recipient receives no protected artifact.,,,Backlog
FR-RPT-012,Report evidence package,R2 Scale,Reporting,Functional,Should,Absent,Funder Portfolio Manager,"As a Funder Portfolio Manager, I want an audit package with the report, snapshot manifest, dictionary, lineage, sources, decisions and caveats, so that I can verify published results are complete and reproducible without receiving lawfully withheld private data.","Scenario: Reconstruct a published pooled ratio from the package
  Given an audit package for a published report within the permitted scope
  When the Funder Portfolio Manager uses its contents
  Then the published pooled ratio can be reconstructed
  And file integrity and the content inventory allow completeness to be verified

Scenario: Withheld materials are listed without content
  Given an attachment has been lawfully withheld
  When the package is generated
  Then the withheld attachment is identified in the inventory
  But its private data is not included

Scenario: Reject download without current export authority
  Given a user whose export authority was removed after the package was generated
  When they attempt to download the package
  Then the download is refused
  And evidence restrictions remain enforced","Reject if withheld materials disclose their content, export authority is not checked at both generation and download, or the package does not allow the published ratio to be reconstructed.",Impact Platform ledger,,,"An audit package contains the permitted report, snapshot manifest, dictionary, result lineage, source references, decisions and caveats. File integrity and a content inventory allow the recipient to verify completeness. Missing or withheld materials are listed without disclosing their content. Package scope can be narrower than full tenant access. Export authority is checked at generation and download; evidence restrictions remain enforced.",Reconstruct a published pooled ratio from the package and identify one lawfully withheld attachment without receiving its private data.,,,Backlog
FR-PLN-004,Reusable libraries,R2 Scale,Results planning,Functional,Should,Absent,MEL Manager,"As a MEL Manager, I want to publish versioned library templates that projects use as pinned copies or managed instances and update only after reviewing the differences, so that approved definitions never change without a deliberate project decision.","Scenario: Publish a library version with governance details
  Given a MEL Manager curating a reusable library
  When they publish a library version
  Then the version records applicability, owner, review date and permitted override fields

Scenario: Consuming projects stay on their version until they adopt a reviewed revision
  Given two projects that consume the same library template
  When the MEL Manager updates the template denominator and publishes a new version
  Then each project receives an update notice showing the semantic differences and affected local changes
  And both projects remain on their existing versions
  And each project moves to the revised version only when it adopts the reviewed revision

Scenario: Project declines a library update
  Given a project with a pending library update
  When the Programme Manager rejects the update with a reason
  Then the project stays on its existing version
  And the reason is recorded

Scenario: Reject automatic update of approved definitions
  Given a project that consumes a library template as a managed instance with an approved definition
  When a new library version is published
  Then the approved definition is not updated automatically

Scenario: Reject new use of a retired library
  Given a library that has been retired
  When a user tries to instantiate it in a project
  Then the instantiation is refused
  But existing reports that used the library remain valid","Reject if an approved definition updates automatically from a library change, or a retired library can be newly used or invalidates old reports.",Impact Platform ledger,,,"A library curator publishes a version with applicability, owner, review date and permitted override fields. Instantiation selects a pinned copy or a managed update relationship. Update notices show semantic differences and affected local changes before adoption. Even managed instances do not update approved definitions automatically. A project may reject an update with a recorded reason; library retirement prevents new use without invalidating old reports.",Update a template denominator and confirm two consuming projects remain on their existing versions until each adopts a reviewed revision.,,,Backlog
FR-PLN-007,Assumptions and context,R2 Scale,Results planning,Functional,Should,Partial,Programme Manager,"As a Programme Manager, I want to record assumptions and context linked to framework nodes and flag affected plans when an assumption becomes invalid, so that we can reinterpret results without altering what was actually recorded.","Scenario: Record an assumption linked to a node
  Given a Programme Manager working on a results framework
  When they create an assumption linked to a node
  Then it records expected condition, evidence, owner, review date and status

Scenario: Invalidating an assumption flags affected planning
  Given a funding assumption linked to an outcome whose baseline was approved
  When the Programme Manager marks the assumption invalid
  Then a review task is generated
  And the linked outcome is flagged in affected planning views
  And historical results remain unchanged

Scenario: Reject changes to recorded actuals
  Given recorded actuals for an outcome linked to an assumption
  When the assumption status changes
  Then the recorded actuals are not altered

Scenario: Reject overwriting a past assessment
  Given a past assumption with an existing assessment
  When the assumption is changed
  Then the previous assessment and its effective date are retained","Reject if changing an assumption alters recorded actuals or historical results, or loses the previous assessment and effective date.",Impact Platform ledger,,,"Managers create assumptions and context records linked to nodes, with expected condition, evidence, owner, review date and status. Marking an assumption invalid generates a review task and highlights affected planning views. An assumption status changes interpretation, not recorded actuals. Changes to a past assumption retain the previous assessment and effective date.",Invalidate a funding assumption after a baseline was approved; the linked outcome is flagged and historical results remain unchanged.,,,Backlog
FR-PLN-009,Document assisted setup,R2 Scale,Results planning,Functional,Should,Absent,Programme Manager,"As a Programme Manager, I want to set up a programme from a proposal document by reviewing extracted values with their source location and inference labels, so that I can start faster while missing or conflicting facts stay visible.","Scenario: Choose a setup path
  Given a Programme Manager starting programme setup
  When they choose the manual, library or document assisted path
  Then each path produces the same draft entities

Scenario: Review extracted values
  Given a processed proposal document
  When the Programme Manager reviews the extraction
  Then each value shows source location, proposed field, ambiguity and inference label
  And they can accept or edit selected values
  And unresolved fields are shown before submission

Scenario: Conflicting end dates block activation
  Given a proposal containing two different end dates
  When the document is processed
  Then setup shows both references
  And the programme cannot be activated until the owner resolves the conflict

Scenario: Reject invented facts and embedded commands
  Given a proposal that omits dates, populations or commitments
  When extraction runs
  Then the missing values stay missing
  And AI inferred relationships are not presented as source facts
  And material additions require normal review
  But no source text can execute a product command","Reject if extraction fills in missing facts, presents AI inferences as source facts, lets document text execute a command, or allows activation with an unresolved conflict.",Impact Platform ledger,,,"Setup offers manual, library and document assisted paths into the same draft entities. Extraction presents source location, proposed field, ambiguity and inference label. The user accepts or edits selected values and sees unresolved fields before submission. Missing dates, populations or commitments stay missing. AI inferred relationships are not source facts; material additions require normal review. No source text can execute a product command.",Process a proposal containing two different end dates; setup shows both references and cannot activate until the owner resolves the conflict.,,,Backlog
FR-OPS-002,Entitlements and limits,R2 Scale,Service operations,Functional,Should,Absent,Organisation Administrator,"As an Organisation Administrator, I want usage warnings from 80 percent of each allowance and safe blocking of new excess work at the limit, so that we can plan ahead without losing the ability to read, correct, secure or export our data.","Scenario: Warning at 80 percent of an allowance
  Given a finite allowance for storage, seats, projects, connectors, API workload or AI budget
  When usage reaches 80 percent of that allowance
  Then a warning is shown with the usage basis

Scenario: Full storage blocks uploads but not export
  Given the storage allowance is full
  When a Data Author attempts a new media upload
  Then the upload is blocked safely
  When the Organisation Administrator exports existing data
  Then the permitted export remains available

Scenario: Reject limit enforcement that weakens security or data
  Given a tenant at the limit of an allowance
  When entitlement enforcement applies
  Then MFA is not removed, stored data is not deleted and protected information is not exposed
  And security repairs and privacy obligations remain executable
  And the commercial quota is not treated as a data permission","Reject if reaching a limit removes MFA, deletes data, exposes protected information, or blocks read, correction, security, privacy or authorised export paths.",Impact Platform ledger,,,"Entitlement checks distinguish storage, seats, projects, connectors, API workload and AI budget. Warnings begin at 80 percent of a finite allowance and show usage basis. At the limit, block new excess work while preserving read, correction, security and authorised exit paths. A commercial quota is not a data permission. Reaching a limit cannot remove MFA, delete stored data or expose protected information. Security repairs and privacy obligations remain executable.","Fill storage allowance, attempt a new media upload and then export existing data; the upload is blocked safely while permitted export remains available.",,,Backlog
FR-OPS-003,Subscription administration,R2 Scale,Service operations,Functional,Must,Absent,Organisation Administrator,"As an Organisation Administrator, I want to preview plan limits, overage, renewal date and affected capabilities before changing our subscription, so that a downgrade never cuts off existing records and excess usage is resolved under contract terms.","Scenario: Preview a subscription change
  Given an active subscription
  When the Organisation Administrator selects a different plan
  Then the preview shows plan limits, overage, renewal date and affected optional capabilities

Scenario: Downgrade below current project count
  Given a tenant with more projects than the new plan allows
  When the Organisation Administrator downgrades
  Then existing records remain readable
  And creation beyond the new limit is controlled
  And a resolution plan with grace terms drawn from the contract is created

Scenario: Reject payment failure affecting results or closing the tenant
  Given a payment provider failure
  When the failure is processed
  Then approved results are not altered
  And the tenant is not closed or deleted outside its own authorised workflow
  And no payment secret is retained unnecessarily

Scenario: Reject billing contacts gaining programme administration
  Given a billing contact added to the subscription
  When their access is evaluated
  Then they do not become a programme administrator","Reject if a downgrade makes existing records unreadable, a payment failure alters approved results or closes the tenant, or a billing contact becomes a programme administrator.",Impact Platform ledger + BRD,US-CM-01,,"Subscription changes preview plan limits, overage, renewal date and affected optional capabilities. Downgrade with excess usage creates a resolution plan and grace terms drawn from the contract. Billing contacts do not become programme administrators. Payment provider failure does not alter approved results. Tenant closure and deletion require their own authorised workflow; no payment secret is retained unnecessarily.",Downgrade below current project count and verify existing records remain readable while creation beyond the new limit is controlled.,,,Backlog
FR-OPS-004,Support case management,R2 Scale,Service operations,Functional,Should,Absent,Support Agent,"As a Support Agent, I want support cases that capture tenant, problem category, severity, safe correlation IDs, owner and communication history, so that I can resolve problems without browsing customer content unless a separate approved session is granted.","Scenario: Resolve a failed import with safe error references
  Given a support case for a failed import with safe correlation IDs
  When the Support Agent investigates
  Then the problem can be resolved using safe error references
  And attached diagnostics show their classification and scope

Scenario: Content inspection uses a separate approved session
  Given content inspection becomes necessary on a case
  When the Support Agent requests content access
  Then a separate approved support session starts
  And the case retains the explicit approved access grant and its expiry

Scenario: Reject content browsing on the strength of a ticket
  Given an open support case without an approved support session
  When the Support Agent attempts to browse tenant data
  Then access is refused

Scenario: Reject retaining closed case attachments
  Given a closed case with attachments
  When the applicable retention period ends
  Then the attachments expire","Reject if a support ticket alone grants data browsing, or closed case attachments outlive their retention policy.",Impact Platform ledger,,,"Support cases capture tenant, problem category, severity, safe correlation IDs, owner and communication history. Attaching diagnostics shows classification and scope. Content access, when necessary, starts a separate approved support session. A support ticket does not itself authorise unrestricted data browsing. Closed case attachments expire under the applicable retention policy.","Resolve a failed import using safe error references; if content inspection becomes necessary, retain the explicit approved access grant and its expiry.",,,Backlog
FR-OPS-008,Capacity and cost management,R2 Scale,Service operations,Functional,Should,Absent,Platform Operator,"As a Platform Operator, I want usage views of admitted work, jobs, storage, source runs and model consumption with capacity thresholds, so that I can manage capacity pressure and expensive workloads without harming other tenants.","Scenario: Expensive AI workload reaches its allowance
  Given an expensive AI workload
  When it runs to its allowance
  Then queuing is bounded
  And usage is attributed to the workload
  And ordinary approvals are unaffected

Scenario: Usage views and thresholds without payloads
  Given tenants with active workloads
  When the Platform Operator opens usage views
  Then admitted work, completed jobs, storage, source runs and model consumption are shown without payloads
  And thresholds identify projected capacity pressure and expensive workloads

Scenario: Cleanup only after dependency and retention checks
  Given temporary or orphan objects
  When cleanup runs
  Then objects are removed only after dependency and retention checks pass

Scenario: Reject cancelling another tenant's critical jobs
  Given one tenant has a cost spike
  When the Platform Operator manages capacity
  Then another tenant's critical jobs are not cancelled to hide the spike
  And approved budgets and operational limits are visible before any restrictive change","Reject if another tenant's critical jobs are cancelled to absorb one tenant's cost spike, usage views expose payloads, or cleanup skips dependency and retention checks.",Impact Platform ledger,,,"Usage views track admitted work, completed jobs, storage, source runs and model consumption without payloads. Thresholds identify projected capacity pressure and expensive workloads. Cleanup targets temporary or orphan objects only after dependency and retention checks. Do not cancel another tenant's critical jobs to hide one tenant's cost spike. Approved budgets and operational limits are visible before restrictive changes.","Run an expensive AI workload to its allowance and verify bounded queuing, usage attribution and unaffected ordinary approvals.",,,Backlog
FR-TEN-004,Configuration and terminology,R2 Scale,Tenancy and organisation,Functional,Should,Absent,Organisation Administrator,"As an Organisation Administrator, I want to propose dated changes to labels, code lists, reporting calendar, time zone or units with a preview of affected schedules and drafts, so that changes apply going forward while historical data keeps the configuration it used.","Scenario: Preview and approve a configuration change
  Given an Organisation Administrator proposes a label, code list, reporting calendar, time zone or unit change with an effective date
  When they preview the change
  Then the preview lists dependent schedules and drafts
  And once approved the new version applies prospectively

Scenario: Historical objects keep their configuration version
  Given an output label has been renamed and the next fiscal year start changed
  When a prior snapshot is opened
  Then its original labels and period membership remain reconstructable

Scenario: Reject a label edit that changes a stable code
  Given a code list entry with a stable code
  When the Organisation Administrator edits its display label
  Then the stable code is not changed

Scenario: Reject an unsafe fiscal boundary change
  Given an Organisation Administrator changes the fiscal year boundary
  When they attempt to apply it without a new calendar and explicit regeneration of future obligations
  Then the change is rejected
  And a calendar that creates overlapping official periods is also rejected","Reject if a label edit changes a stable code, if a change rewrites historical objects, or if a fiscal boundary change is applied without a new calendar and explicit obligation regeneration or creates overlapping official periods.",Impact Platform ledger,,,"A configuration editor proposes labels, code lists, reporting calendar, time zone or unit changes and chooses an effective date. Preview lists dependent schedules and drafts. Approved versions apply prospectively; historical objects retain the version they used. Display label edits do not change stable codes. A fiscal boundary change requires a new calendar and explicit future obligation regeneration; overlapping official periods are rejected.",Rename an output label and change the next fiscal year start; prior snapshot labels and period membership remain reconstructable.,,,Backlog
FR-TEN-005,Custom fields and templates,R2 Scale,Tenancy and organisation,Functional,Should,Absent,Organisation Administrator,"As an Organisation Administrator, I want to define and publish versioned custom fields with type, code, applicable objects, required condition, validation and classification, so that teams capture the extra data they need while access restrictions and history are preserved.","Scenario: Preview and publish a custom field
  Given an Organisation Administrator selects a field type, stable code, permitted object types, required condition, validation and classification
  When they preview the field
  Then the preview shows its availability in forms, imports, search and reports
  And publishing creates a field definition version that templates reference

Scenario: Use a restricted conditional field
  Given a published restricted decimal field required only for active grants
  When an authorised import supplies values for the field
  Then the import succeeds
  And an external viewer sees neither the value nor a search facet for the field

Scenario: Retire a field
  Given a field with historical values
  When the Organisation Administrator retires it
  Then new entry is no longer possible
  And historical values and their restricted visibility are preserved

Scenario: Reject a type change without a migration mapping
  Given a field that already has values
  When the Organisation Administrator changes its type without an explicit migration mapping
  Then the change is rejected
  And they must supply a migration mapping or create a new field","Reject if a field type changes on existing values without an explicit migration mapping, if retiring a field loses historical values, or if restricted field values or search facets are visible to unauthorised viewers.",Impact Platform ledger,,,"An administrator selects field type, stable code, permitted object types, required condition, validation and classification. Preview shows form, import, search and report availability. Publishing creates a field definition version; templates reference that version. A type change with existing values requires an explicit migration mapping or a new field. Retiring removes new entry but preserves historical values and restricted visibility.",Create a restricted decimal field required only for active grants; an authorised import succeeds and an external viewer sees neither value nor search facet.,,,Backlog
FR-TEN-006,Partner and consortium boundaries,R2 Scale,Tenancy and organisation,Functional,Must,Absent,Programme Manager,"As a Programme Manager, I want to set up partner agreements that define shared projects, artifacts, allowed actions, purpose, dates and owner, so that I can collaborate with partners while every exchange is explicit, recorded and limited to what was agreed.","Scenario: Create a partner agreement
  Given a Programme Manager
  When they create a partner agreement naming projects, shared artifacts, allowed actions, purpose, dates and owner
  Then the agreement is recorded
  But it grants no tenant membership by itself

Scenario: Exchange an artifact across tenants
  Given an active partner agreement
  When an artifact is exchanged across tenants under it
  Then an explicit destination copy is created with the source version and agreement reference
  And the transfer is recorded in the sharing register

Scenario: Share one indicator definition with two partners
  Given an approved indicator definition shared with partners X and Y
  When each partner submits data against it
  Then each partner sees only its own submissions
  And neither receives the other's completion statistics unless explicitly disclosed

Scenario: Reject transfers after the agreement expires
  Given a partner agreement has expired
  When a new transfer is attempted under it
  Then the transfer is refused
  And live access is revoked
  And the agreed restriction or deletion process for retained copies starts, with external completion tracked separately","Reject if an agreement grants tenant membership by itself, if a partner sees another partner's submissions or completion statistics without explicit disclosure, or if transfers or live access continue after the agreement expires.",Impact Platform ledger,,,"The programme manager creates a partner agreement naming projects, shared artifacts, allowed actions, purpose, dates and owner. A cross tenant exchange creates an explicit destination copy with source version and agreement reference. Each transfer is recorded in the sharing register. An agreement grants no tenant membership by itself. Expiry stops new transfer, revokes live access and starts the agreed retained copy restriction or deletion process; external completion is tracked separately.",Share one approved indicator definition with partners X and Y; each sees its own submissions and neither receives the other's completion statistics unless explicitly disclosed.,,,Backlog
FR-TEN-007,Policy inheritance and exceptions,R2 Scale,Tenancy and organisation,Functional,Must,Absent,Organisation Administrator,"As an Organisation Administrator, I want to see effective tenant and project policies with the source of each restriction and manage tightening and time-bound exceptions, so that stricter rules apply reliably and any relaxation is justified, independently approved and expires.","Scenario: Inspect effective policy
  Given a project that inherits tenant policies
  When the Organisation Administrator opens the policy editor
  Then it shows the effective tenant and project rules with the source of each restriction

Scenario: Tighten a policy
  Given the Organisation Administrator tightens a rule
  When the impact is shown and they confirm it
  Then the tighter rule is applied

Scenario: Request a permitted relaxation
  Given a relaxation that policy permits
  When the Organisation Administrator requests it
  Then an exception request is opened specifying scope, reason, compensating control, independent approver and expiry
  And when the exception expires the stricter rule is restored and dependent jobs are rechecked

Scenario: Reject overriding a tenant prohibition
  Given the tenant prohibits public raw participant exports
  And a project administrator owns the dataset
  When an attempt is made to enable public raw participant exports for that dataset
  Then the platform rejects it

Scenario: Reject forbidden exceptions and unresolved policy
  Given an exception that would permit cross tenant access, self approval or unsupported arithmetic, or a policy that is unknown, or an exception that has expired
  When sensitive work is attempted under it
  Then the work is denied","Reject if a project-level owner can override a tenant prohibition, if an exception permits cross tenant access, self approval or unsupported arithmetic, or if sensitive work proceeds under an unknown policy or expired exception.",Impact Platform ledger,,,"A policy editor shows effective tenant and project rules with the source of each restriction. Tightening is applied after impact confirmation. A permitted relaxation opens an exception request specifying scope, reason, compensating control, independent approver and expiry. Unknown policy or expired exception denies sensitive work. An exception cannot permit cross tenant access, self approval or unsupported arithmetic. Expiry restores the stricter rule and rechecks dependent jobs.",Attempt to enable public raw participant exports under a tenant prohibition; the platform rejects it even if a project administrator owns the dataset.,,,Backlog
FR-UX-002,Progressive configuration,R2 Scale,User experience,Functional,Should,Partial,Programme Manager,"As a Programme Manager, I want to set up a programme from a simple template with advanced settings revealed only in relevant steps and all defaults shown for review before submission, so that I know exactly how results will be calculated and shared.","Scenario: Template programme shows its rules
  Given a simple programme created from a template
  When the Programme Manager inspects it
  Then the exact sum rule and reporting calendar that produce its first result are shown

Scenario: Defaults are visible and editable before submission
  Given the Programme Manager reaches the final setup summary
  When they review it
  Then defaults for units, periods, aggregation, consent and audience are visible
  And each can be edited before submission

Scenario: Reject hidden defaults
  Given a programme created from a template
  When its settings are applied
  Then there is no hidden automatic unique reach, broad sharing or assumed consent

Scenario: Reject progression with invalid defaults
  Given a setup step containing an invalid default
  When the Programme Manager tries to continue
  Then progression is blocked
  And no superficially complete programme is created","Reject if setup applies hidden unique reach, broad sharing or assumed consent, or invalid defaults let a superficially complete programme be created.",Impact Platform ledger,,,"Programme setup offers a simple template and reveals advanced settings in relevant steps. Defaults for units, periods, aggregation, consent and audience are visible in a final summary and editable before submission. No hidden automatic unique reach, broad sharing or assumed consent. Invalid defaults block progression rather than creating a superficially complete programme.",Create a simple programme from a template and inspect the exact sum rule and reporting calendar that produce its first result.,,,Backlog
FR-UX-008,Discoverability and help,R2 Scale,User experience,Functional,Should,Absent,Data Author,"As a Data Author, I want permission-aware search, recent work, saved views and context help explaining measurement states, approval blockers and recovery actions, so that I can find and fix my work without administrator help.","Scenario: Resolve a pending approval without help from an administrator
  Given an indicator assigned to the Data Author with approval pending
  When they search for it
  Then they find it, identify why approval is pending and reach the required evidence task without administrator intervention

Scenario: Notification leads to the exact issue
  Given a safe task notification
  When the Data Author follows it
  Then they reach the exact permitted object and issue
  And help examples use synthetic data without revealing implementation secrets

Scenario: Reject results beyond current permissions
  Given an item the Data Author is no longer permitted to see
  When they use search, recent work or saved views
  Then the item does not appear

Scenario: Reject silent rebinding of a saved view
  Given a saved view bound to a retired definition
  When it is opened
  Then a reviewed rebinding is prompted
  But its meaning is not silently changed","Reject if search, recent work or saved views show items beyond current permissions, or a saved view silently changes meaning after a definition is retired.",Impact Platform ledger,,,"Search, recent work and saved views use current permissions. Context help explains measurement states, approval blockers and recovery actions using product language. Users can move from a safe task notification to the exact permitted object and issue. Help examples use synthetic data and do not reveal implementation secrets. A saved view with a retired definition prompts reviewed rebinding rather than silently changing meaning.","Find an assigned indicator, identify why approval is pending and reach the required evidence task without administrator intervention.",,,Backlog
FR-UX-010,Usability evidence,R2 Scale,User experience,Functional,Should,Absent,Product Owner,"As a Product Owner, I want usability qualification with representative roles and accessibility needs that measures completion, time and consequential errors, so that failures are prioritised by data loss, disclosure and incorrect official result risk.","Scenario: Run the BRD core tasks with representative participants
  Given at least fifteen representative participants covering roles and accessibility needs
  When they perform the six BRD core tasks after standard onboarding
  Then completion, time and consequential errors are measured
  And the completion threshold and every critical error resolution are documented

Scenario: Failures are prioritised by risk
  Given failures observed during qualification
  When they are triaged
  Then they are prioritised by data loss, disclosure and incorrect official result risk

Scenario: Reject downgrading critical defects or counting facilitated completion
  Given a critical workflow defect and a task completed with facilitation
  When results are recorded
  Then the critical defect is not accepted as cosmetic
  And the facilitation is recorded and not counted as unaided completion","Reject if fewer than fifteen representative participants are used, a critical workflow defect is accepted as cosmetic, or facilitated tasks count as unaided completion.",Impact Platform ledger,,,"Usability qualification selects representative roles and accessibility needs, records standard onboarding and tasks, and measures completion, time and consequential errors. Failures are prioritised by data loss, disclosure and incorrect official result risk. No critical observed workflow defect may be accepted as cosmetic. Facilitation is recorded and does not count as unaided task completion.",Run the six BRD core tasks with at least fifteen representative participants and document both the completion threshold and every critical error resolution.,,,Backlog
VF-UX-002,Usability qualification,R2 Scale,User experience,Non-functional,Should,Absent,Programme Manager,"As a Programme Manager, I want core tasks to be completable without help after standard onboarding, so that my team can set up, collect, correct, approve, explain and report without relying on facilitators.","Scenario: At least 90 percent of users complete core tasks unaided
  Given at least 15 representative users who have completed standard onboarding
  When they attempt programme setup, assigned collection, correction, approval, result explanation and report generation
  Then at least 90 percent complete the tasks without facilitator intervention
  And role, completion, facilitator intervention, elapsed time and consequential errors are recorded

Scenario: Reject readiness below threshold or with critical errors
  Given the usability session results
  When unaided completion is below 90 percent
  Then readiness is not granted
  And any observed critical disclosure, data loss or incorrect official result blocks readiness","Reject if fewer than 90 percent of representative users complete the core tasks unaided, or any critical disclosure, data loss or incorrect official result is observed.",Impact Platform ledger,,,"At least 90 percent of representative users shall complete programme setup, assigned collection, correction, approval, result explanation and report generation tasks without facilitator intervention after standard onboarding. No observed critical data loss or disclosure error is acceptable. At least fifteen representative users complete the six core tasks after standard onboarding. Record role, completion, facilitator intervention, elapsed time and consequential errors.","At least ninety percent unaided completion is required; any observed critical disclosure, data loss or incorrect official result blocks readiness.",,,Backlog
FR-WFL-004,Delegation escalation and absence,R2 Scale,Workflow and review,Functional,Should,Partial,Reviewer,"As a Reviewer, I want to delegate my review work for a defined scope and period and have overdue or orphaned work escalated to an eligible backup, so that reviews continue during absence without compromising independence.","Scenario: Delegate review work
  Given a Reviewer sets a delegation with scope, start, end, delegate and reason
  When work is routed during the delegation period
  Then the system verifies the delegate's eligibility and independence before routing

Scenario: Escalate when the only reviewer is removed
  Given the only assigned reviewer during period close
  When that reviewer is removed
  Then an eligible backup is selected with attribution
  And the original reviewer receives no new protected task

Scenario: Escalate on a missed deadline
  Given a review task with a deadline
  When the deadline passes
  Then the task escalates to a named backup or manager

Scenario: Reject a delegate approving the delegator's own change
  Given a delegate acting for a Reviewer
  When the delegate tries to approve a change authored by the delegator where independence is lost
  Then the approval is refused

Scenario: Reject automatic approval when no replacement exists
  Given no eligible replacement reviewer exists
  When escalation runs
  Then the work is marked Blocked and a management task is created
  But it is never automatically approved","Reject if a delegate approves the delegator's own change without independence, or work is automatically approved when no eligible replacement exists.",Impact Platform ledger,,,"Delegation specifies scope, start, end, delegate and reason. The system verifies eligibility and independence before routing work. Escalation goes to a named backup or manager when a deadline passes or reviewer departs. A delegate cannot approve the delegator's own authored change if independence is lost. No eligible replacement produces Blocked and a management task, never automatic approval.",Remove the only assigned reviewer during close; an eligible backup is selected with attribution and the original reviewer receives no new protected task.,,,Backlog
FR-WFL-005,Comments mentions and discussions,R2 Scale,Workflow and review,Functional,Should,Absent,Data Author,"As a Data Author, I want to discuss work in threads attached to a specific object version or field and mention eligible collaborators, so that I can collaborate without exposing restricted information.","Scenario: Discuss in a thread and mention a collaborator
  Given an object version or field
  When a Data Author starts a thread on it and mentions a collaborator
  Then the thread is attached to that version or field reference
  And mention suggestions contain only eligible collaborators
  And the notification links to the object with minimal permitted text and access is rechecked on opening

Scenario: Edit or remove a comment
  Given a comment in a thread
  When it is edited or removed
  Then permitted moderation history is retained

Scenario: Reject mentioning an external viewer in a restricted discussion
  Given a restricted evidence discussion
  When a Data Author tries to mention an external viewer
  Then the external viewer is not offered in the mention list
  And no outgoing notification discloses the restricted content

Scenario: Reject quoting restricted fields into a broader thread
  Given a restricted field
  When a user tries to quote it into a broader thread
  Then the quote is prevented

Scenario: Reject treating a resolved thread as resolution or approval
  Given a thread about a quality issue or a record awaiting approval
  When the thread is resolved
  Then the quality issue is not resolved
  And the record is not approved","Reject if restricted content is disclosed through mentions, notifications or quotes in broader threads, or resolving a thread resolves a quality issue or approves a record.",Impact Platform ledger,,,Threads attach to an object version or field reference. Mention suggestions contain only eligible collaborators. A notification links to the object and uses minimal permitted text; opening rechecks access. Edits and removal retain permitted moderation history. Do not quote restricted fields into a broader thread. Resolving a thread does not resolve a quality issue or approve a record.,Mention an external viewer in a restricted evidence discussion; the system prevents disclosure through both the mention list and outgoing notification.,,,Backlog
FR-WFL-006,Task and notification centre,R2 Scale,Workflow and review,Functional,Should,Partial,Data Author,"As a Data Author, I want one work centre for my assignments, returned work, due obligations and security notices, with my choice of permitted channels and digests, so that I never miss work that needs my attention.","Scenario: Use the consolidated work centre
  Given a Data Author with assignments, returned work, due obligations and security notices
  When they open the work centre
  Then all of these items are consolidated in one place
  And they can choose permitted channels and digests
  And deadlines and escalations follow FD12
  And every notification has an event identity and per recipient delivery status

Scenario: Retry an overdue reminder after a provider timeout
  Given an overdue reminder whose delivery timed out at the provider
  When the reminder is retried
  Then one logical notice remains with traceable delivery attempts
  And no duplicate task is created

Scenario: Reject muting mandatory security notices
  Given a mandatory security notice
  When a Data Author tries to mute it
  Then muting is refused

Scenario: Reject revealing content after failed delivery
  Given a notification whose delivery failed
  When contact remediation is flagged
  Then the content is not revealed to unverified alternative contacts","Reject if retries create duplicate reminders or tasks, mandatory security notices can be muted, or failed delivery reveals content to unverified alternatives.",Impact Platform ledger,,,"The work centre consolidates assignments, returned work, due obligations and security notices. Users may choose permitted channels and digests; deadlines and escalations follow FD12. Every notification has an event identity and per recipient delivery status. Retries do not generate duplicate logical reminders. Mandatory security notices cannot be muted. Failed delivery flags contact remediation without revealing content to unverified alternatives.","Retry one overdue reminder after provider timeout; one logical notice and traceable attempts remain, with no duplicate task creation.",,,Backlog
FR-AI-008,Qualitative assistance,R3 Ecosystem,AI capabilities,Functional,Should,Absent,Analyst,"As an Analyst, I want AI to suggest codes, themes, excerpts and translations from a permitted source set and approved codebook, so that I can review qualitative data faster while keeping minority and contradictory viewpoints traceable to their sources.","Scenario: Suggestions from permitted sources and an approved codebook
  Given a permitted source set and an approved codebook
  When qualitative assistance runs
  Then it returns suggested codes, themes, excerpts and translations
  And the Analyst reviews each suggestion individually
  And accepted edits create normal coded evidence records

Scenario: Opposing views remain traceable
  Given interviews with opposing views in two languages
  When they are summarised
  Then both perspectives are retained
  And each remains traceable to its original excerpts

Scenario: Reject fabricated quotations and unlabelled translations
  Given AI qualitative output
  When it contains an invented verbatim quotation or a fabricated speaker identity
  Then the output is rejected
  And machine translation stays labelled until reviewed and does not broaden source permission","Reject if output invents verbatim quotations or speaker identities, drops minority or contradictory viewpoints, or unreviewed machine translation is unlabelled or broadens source permission.",Impact Platform ledger,,,"Qualitative assistance selects a permitted source set and approved codebook, returning suggested codes, themes, excerpts and translations. Analysts review individual suggestions and retain minority and contradictory viewpoints. Accepted edits create normal coded evidence records. No invented verbatim quotations or fabricated speaker identities. Machine translation stays labelled until reviewed and cannot broaden source permission.",Summarise interviews with opposing views in two languages; both perspectives remain traceable to their original excerpts.,,,Backlog
FR-AI-009,Proactive findings,R3 Ecosystem,AI capabilities,Functional,Should,Absent,Programme Manager,"As a Programme Manager, I want AI to raise suggested findings for enabled scopes with their evidence, limitations and proposed follow up, so that I can verify, dismiss or assign them without them being treated as confirmed findings.","Scenario: Suggested finding includes context
  Given proactive findings are enabled for a scope with a defined detection task
  When a performance spike is detected
  Then one suggested finding is created
  And it states affected result versions, evidence, limitation and proposed follow up

Scenario: Dismiss a suggestion
  Given a suggested finding for a performance spike
  When the Programme Manager dismisses it as seasonal
  Then the feedback is recorded
  And no source value changes

Scenario: Reject unreviewed suggestions as confirmed findings
  Given a suggested finding that has not been reviewed
  When it is displayed or reported
  Then it is not presented as a confirmed fraud, impact or programme risk finding
  And noise controls, cooldown and owner accountability apply
  But no suggestion is generated for a scope or detection task that is not enabled","Reject if suggestions run outside enabled scopes and defined detection tasks, are presented as confirmed findings before review, change source values, or bypass noise controls, cooldown and owner accountability.",Impact Platform ledger,,,"Proactive findings run only for enabled scopes and defined detection tasks. Each suggestion states affected result versions, evidence, limitation and proposed follow up. Users verify, dismiss or assign it, and feedback is recorded. Suggestions are not confirmed fraud, impact or programme risk findings until reviewed. Noise controls, cooldown and owner accountability apply.",A performance spike creates one suggested finding with context; a manager dismisses it as seasonal and no source value changes.,,,Backlog
FR-ACC-012,Administrative review and simulation,R3 Ecosystem,Access control,Functional,Should,Partial,Organisation Administrator,"As an Organisation Administrator, I want to draft an access change and simulate its effect on representative people before applying it, so that I understand gained and lost access and sensitive expansions get a second review.","Scenario: Simulate an access change
  Given an Organisation Administrator drafts an access change and chooses representative subjects
  When they preview it
  Then gained and lost capabilities, affected restricted classes, links and schedules are calculated

Scenario: Approve a sensitive expansion
  Given the change expands sensitive access
  When it is executed
  Then a second eligible Reviewer must approve it
  And a current policy comparison is made at execution

Scenario: Reject execution on a stale preview
  Given an Organisation Administrator previewed expanding a group to a new programme
  When the group's membership changes before execution
  Then execution requires a fresh preview

Scenario: Reject simulation side effects or overexposure
  When the Organisation Administrator runs a simulation
  Then nothing is changed
  And no data beyond their review scope is revealed, with counts or redacted scope labels used only when permitted","Reject if a simulation changes anything or reveals data beyond the administrator's review scope, if a sensitive expansion executes without a second eligible reviewer, or if execution proceeds on a stale preview.",Impact Platform ledger,,,"An administrator drafts an access change and chooses representative subjects. The preview calculates gained and lost capabilities, affected restricted classes, links and schedules. Sensitive expansion requires a second eligible reviewer and a current policy comparison at execution. Simulation is read only. It cannot reveal data beyond the administrator's review scope; use counts or redacted scope labels only when permitted.","Expand a group to a new programme, inspect the candidate access difference and then change the group's membership; execution requires a fresh preview.",,,Backlog
FR-CAL-013,Weighted and composite indicators,R3 Ecosystem,Calculations,Functional,Should,Absent,MEL Manager,"As a MEL Manager, I want to configure weighted composite indicators with components, normalisation, weights and a missing-component policy, preview each component's contribution, and pin approved versions, so that composite scores are transparent and reproducible.","Scenario: Weighted composite score is calculated
  Given a normalised weighted mean with component scores 60 and 80
  And weights 0.4 and 0.6
  When the composite is calculated
  Then the score is 72
  And the preview shows each component's contribution and sensitivity to proposed weights

Scenario: Changing weights creates a new version
  Given an approved composite configuration pinned with its source versions
  When the weights are changed
  Then a new version is created
  And the old score remains reproducible

Scenario: Reject invalid weights or missing required components
  Given a normalised weighted mean whose weights do not sum to one
  When the configuration is validated
  Then it is rejected
  And a missing required component blocks the score or returns an explicitly incomplete score
  But renormalisation is applied only when the approved rule declares it","Reject if weights of a normalised weighted mean do not sum to one, a missing required component yields a complete-looking score, renormalisation happens without a declaring rule, or a weight change overwrites the earlier version.",Impact Platform ledger,,,"Composite setup specifies components, normalisation, weight scale, missing component policy and interpretation. Preview shows contribution of each component and sensitivity to proposed weights. Approval pins the complete configuration and source versions. Weights sum to one for a normalised weighted mean. Missing required components block or return an explicitly incomplete score; renormalisation is permitted only when the approved rule declares it.",Scores 60 and 80 with weights 0.4 and 0.6 produce 72; changing weights creates a new version and leaves the old score reproducible.,,,Backlog
FR-CAL-016,Statistical interpretation,R3 Ecosystem,Calculations,Functional,Should,Absent,Analyst,"As an Analyst, I want statistical outputs to declare method, sample basis, weights, uncertainty and limitations and to pool only from compatible raw values or valid sufficient statistics, so that statistics are never misrepresented.","Scenario: Pooled median from raw values
  Given one group with raw values 1, 2 and 100 and another with raw values 3 and 4
  When a pooled median is calculated
  Then the result is 3
  And the result package contains calculation metadata and limitations

Scenario: Reject a pooled median from subgroup medians alone
  Given only subgroup medians are available
  When a pooled median is requested
  Then no pooled median claim is produced
  And any mean of medians is labelled as a mean of medians, never a pooled median

Scenario: Reject sample estimates as population counts
  Given a sample estimate without a reviewed expansion method
  When it is reported
  Then it is not presented as a population count","Reject if a mean of medians is presented as a pooled median, pooling uses insufficient or incompatible data, or a sample estimate is reported as a population count without a reviewed expansion method.",Impact Platform ledger,,,"A statistical output selects method, sample basis, weights, uncertainty and eligible observations. The result package contains calculation metadata and limitations. Pooling requires sufficient compatible raw values or valid sufficient statistics for the chosen method. A mean of medians is labelled as that statistic, never a pooled median. Sample estimates are not population counts without a reviewed expansion method.","Groups with raw values 1, 2, 100 and 3, 4 combine to median 3; subgroup medians alone cannot reproduce that claim reliably.",,,Backlog
FR-ANA-005,Table analysis and pivots,R3 Ecosystem,Dashboards and analysis,Functional,Should,Absent,Analyst,"As an Analyst, I want to build pivot tables with compatible dimensions, measures and aggregations and correctly recalculated totals, so that I can analyse data without double counting or breaching disclosure rules.","Scenario: Pivot participants by a multiselect service type
  Given participants have a multiselect service type
  When the Analyst pivots participants by service type
  Then category totals may exceed the distinct grand total
  And that difference is explained
  And the grand total is recalculated from eligible source semantics rather than summed from displayed cells

Scenario: Large pivot runs as a cancellable job
  Given a pivot whose preview estimates a large cardinality
  When the Analyst runs it
  Then the request is routed to a cancellable job

Scenario: Reject breaching disclosure policy in a pivot
  Given a pivot that includes suppressed cells or nonadditive dimensions
  When the pivot is displayed
  Then the suppressed cells and nonadditive dimensions retain their disclosure policy

Scenario: Reject unsupported statistics
  Given the Analyst selects a statistic that is not supported
  When the pivot is requested
  Then the pivot is blocked or a distinctly labelled alternative is required","Reject if grand totals are summed from rounded or overlapping cells, suppressed cells or nonadditive dimensions lose their disclosure policy, or an unsupported statistic runs without being blocked or distinctly labelled.",Impact Platform ledger,,,"Pivot authoring selects dimensions, measures and compatible aggregation functions. Preview estimates cardinality and routes large requests to cancellable jobs. Grand totals are recalculated from eligible source semantics rather than summed from displayed rounded or overlapping cells. Suppressed cells and nonadditive dimensions retain their disclosure policy. An unsupported statistic blocks the pivot or requires a distinctly labelled alternative.","Pivot participants by a multiselect service type; category totals may exceed the distinct grand total, and that difference is explained.",,,Backlog
FR-ANA-006,Geographic analysis,R3 Ecosystem,Dashboards and analysis,Functional,Should,Absent,Analyst,"As an Analyst, I want to configure maps with a boundary version, authorised layers, period, legend, missingness treatment and an equivalent table, so that I can publish geographic views without disclosing more location detail than allowed.","Scenario: Configure a map with an equivalent table
  Given the Analyst configures a map with a boundary version, authorised point or aggregate layer, period, legend and missingness treatment
  When the map is displayed
  Then an equivalent sortable table is available

Scenario: District view discloses no household coordinates
  Given only district aggregates are allowed for vulnerable participants
  When the Analyst publishes a district view and the permitted payload is inspected
  Then no household coordinate is disclosed

Scenario: Reject precise coordinates hidden in map outputs
  Given only district aggregates are allowed
  When tooltips, downloads or map request payloads are inspected
  Then no precise coordinates are present

Scenario: Reject a hidden boundary mismatch
  Given the data and the selected boundary version do not match
  When the map is displayed
  Then the boundary mismatch is visible","Reject if precise coordinates appear in tooltips, downloads or map request payloads when only district aggregates are allowed, or a boundary mismatch is not visible.",Impact Platform ledger,,,"Map configuration selects boundary version, authorised point or aggregate layer, period, legend and missingness treatment. External maps use approved geographic granularity. Every map offers an equivalent sortable table. Precise coordinates cannot hide in tooltips, downloads or map request payloads when only district aggregates are allowed. Boundary mismatch is visible.",Publish a district view of vulnerable participants and inspect the permitted payload: no household coordinate is disclosed.,,,Backlog
FR-ANA-009,Alerts and thresholds,R3 Ecosystem,Dashboards and analysis,Functional,Should,Absent,Programme Manager,"As a Programme Manager, I want alerts that distinguish threshold breaches from missing or stale data and respect a cooldown, so that I respond to the right problem and am not misled by absent values.","Scenario: Missed monthly submission raises a missingness alert
  Given an alert declaring measure, condition, minimum coverage, freshness, evaluation cadence, recipients and cooldown
  When a monthly submission is missed
  Then a missingness alert is generated

Scenario: Approved performance decline raises a separate threshold alert
  Given the same alert configuration
  When an approved result shows a performance decline that meets the condition
  Then a threshold alert is generated separately from any missingness alert
  And the triggered alert records the exact evaluated result version

Scenario: Reject treating an absent value as zero
  Given a value is absent for the evaluation period
  When the alert is evaluated
  Then no deterioration alert is raised by treating the absent value as zero

Scenario: Reject separate alerts during cooldown
  Given an alert has triggered and is within its cooldown
  When the condition repeats
  Then one incident or digest is updated according to policy","Reject if an absent value is treated as zero to raise a deterioration alert, missing or stale input is reported as a threshold breach, or repeated conditions during cooldown create separate alerts.",Impact Platform ledger,,,"An alert declares measure, condition, minimum coverage, freshness, evaluation cadence, recipients and cooldown. Evaluation distinguishes threshold breach, missing data and stale input. Triggered alerts record the exact evaluated result version. No deterioration alert from an absent value treated as zero. Repeated conditions during cooldown update one incident or digest according to policy.","A missed monthly submission generates a missingness alert, while an approved performance decline produces a separate threshold alert.",,,Backlog
FR-ANA-010,External analytics access,R3 Ecosystem,Dashboards and analysis,Functional,Should,Absent,Data Steward,"As a Data Steward, I want to give BI tools governed access to selected datasets through a revocable service identity, so that external analysis uses well-defined data and every external extract stays tracked.","Scenario: Create a governed BI connection
  Given the Data Steward selects governed datasets and field scope
  When a BI connection is created
  Then a service identity is issued
  And the external destination and reuse terms are recorded
  And the data package includes definitions, units, value states and freshness

Scenario: Revoked service identity cannot refresh
  Given a BI connection with a successful prior extract
  When the Data Steward revokes the BI service identity
  Then subsequent refresh fails
  And the register identifies the last successful external extract

Scenario: Reject refresh without current authority
  Given a refresh request whose credential or object authority is no longer current
  When the refresh runs
  Then no data is retrieved

Scenario: Reject claims of remote erasure or unrestricted access
  Given data has already been extracted to an external tool
  When access is revoked
  Then the external copies remain tracked as disclosures
  But they are not represented as remotely erased
  And no unrestricted database connection is implied","Reject if a revoked service identity can still refresh, external copies are represented as remotely erased, or the connection implies unrestricted database access.",Impact Platform ledger,,,"A BI connection selects governed datasets and field scope, issues a service identity and records external destination and reuse terms. Refresh requires current credential and object authority. The data package includes definitions, units, value states and freshness. Revocation stops new retrieval; external copies are tracked as disclosures and cannot be represented as remotely erased. No unrestricted database connection is implied.",Revoke the BI service identity and verify subsequent refresh fails while the register identifies the last successful external extract.,,,Backlog
FR-DQ-007,Anomaly assistance,R3 Ecosystem,Data quality,Functional,Should,Partial,Data Steward,"As a Data Steward, I want anomaly runs to suggest possible issues with their method, data, comparison window and explanation for me to confirm, dismiss with a reason or defer, so that unusual data is reviewed without being changed automatically.","Scenario: Anomaly run records its context and suggests findings
  Given eligible data for an anomaly run
  When the anomaly run executes
  Then it records the method version, eligible data, comparison window and explanation
  And its findings enter a suggested state with severity and owner

Scenario: Seasonal spike reviewed as expected
  Given an anomaly run flags a seasonal spike
  When a Data Steward reviews it as expected and dismisses it with a reason
  Then the underlying data is retained unchanged
  And the dismissed suggestion remains distinct from a confirmed quality defect
  And the false positive evidence is retained under the minimised policy to inform later evaluated model changes

Scenario: Reject a flag that changes data or labels a person
  Given an anomaly finding has been raised
  When it is suggested, confirmed, dismissed or deferred
  Then it never modifies the underlying data
  And it never labels a person as fraudulent","Reject if an anomaly flag modifies data, labels a person fraudulent, or a dismissed suggestion is treated as a confirmed quality defect.",Impact Platform ledger,,,"An anomaly run records method version, eligible data, comparison window and explanation. Findings enter suggested state with severity and owner. Review can confirm an issue, dismiss with reason or defer; feedback informs later evaluated model changes. A flag never modifies data or labels a person fraudulent. False positive and missed issue evidence is retained under minimised policy.","A seasonal spike is flagged, reviewed as expected and retained unchanged; the dismissed suggestion remains distinct from a confirmed quality defect.",,,Backlog
FR-EVA-001,Evaluation registry,R3 Ecosystem,Evaluation,Functional,Should,Absent,MEL Manager,"As a MEL Manager, I want to register evaluations with their questions, design, baseline, period, evaluator, independence, ethics requirements, budget and deliverables, with stage gates before field collection or publication, so that each study is properly documented and controlled.","Scenario: Register several studies for one programme
  Given one programme
  When baseline, midline and endline studies are registered for it
  Then each study keeps its own method and observation period

Scenario: Stage gates check required documents
  Given a registered evaluation
  When it reaches field collection or publication
  Then the stage gate checks the required methodological and policy documents

Scenario: Reject an unsupported independence claim
  Given a study marked independent
  When no basis for its independence is identified
  Then the independence claim is not accepted
  And a self declaration is not shown as verified

Scenario: Reject treating registration as approval of sensitive processing
  Given a registered evaluation that involves sensitive processing
  When sensitive processing is attempted on the basis of registration alone
  Then the processing is not approved","Reject if a study is marked independent without a stated basis, a self declaration is treated as verified, or registration alone approves sensitive processing.",Impact Platform ledger,,,"Evaluation registration captures questions, study design, programme baseline, period, evaluator, independence, ethics requirements, budget and deliverables. Stage gates check required methodological and policy documents before field collection or publication. A study marked independent must identify its basis; self declaration is not automatically verified. Evaluation registration alone does not approve sensitive processing.","Create baseline, midline and endline studies for one programme and verify each keeps its own method and observation period.",,,Backlog
FR-EVA-002,Sampling and methodological metadata,R3 Ecosystem,Evaluation,Functional,Should,Absent,Analyst,"As an Analyst, I want a versioned methodology record of sampling frame, eligibility, assignment, weights, nonresponse rules and analysis plan, so that estimates are reproducible and amendments are transparent.","Scenario: Export a stratified sample with methodology metadata
  Given a stratified sample with weights and nonresponse metadata
  When an Analyst exports it
  Then the declared eligible denominator can be reproduced

Scenario: Amendments are reviewed and dated relative to data inspection
  Given a methodology record
  When it is amended
  Then the amendment identifies when it occurred relative to data inspection
  And it requires review

Scenario: Reject relabelling a sample count as a population
  Given a sample count
  When a population estimate is requested without an explicit valid expansion method
  Then the population estimate is refused
  And the sample count cannot be relabelled as all beneficiaries

Scenario: Reject weighted output with missing weights
  Given a sample with missing weights
  When weighted output is requested
  Then the weighted output is blocked
  But the weights are not silently defaulted to one","Reject if a sample count is presented as all beneficiaries without a valid expansion method, or weighted output proceeds with missing weights silently defaulted to one.",Impact Platform ledger,,,"The methodology record versions sampling frame, eligibility, assignment, weights, nonresponse rules and analysis plan. Amendments identify when changes occurred relative to data inspection and require review. Population estimates require an explicit valid expansion method; a sample count cannot be relabelled as all beneficiaries. Missing weights block weighted output rather than defaulting to one silently.",Export a stratified sample with weights and nonresponse metadata and reproduce the declared eligible denominator.,,,Backlog
FR-EVA-003,Analysis packages,R3 Ecosystem,Evaluation,Functional,Should,Absent,Analyst,"As an Analyst, I want to create a frozen analysis extract with selected variables, filters, approved sources, dictionary and integrity manifest, so that submitted results stay reproducible after live data changes.","Scenario: Create a frozen extract
  Given approved sources
  When an Analyst creates an extract with selected variables, filters, dictionary and integrity manifest
  Then the extract is frozen
  And reviewed scripts and notebooks can be attached as evidence
  And results reference the extract and method versions

Scenario: Reproduce a result after live records change
  Given a submitted result based on a pinned extract
  When live records are later corrected
  Then the extract is not altered
  And the result can be reproduced from the pinned extract
  And the original analysis remains reconcilable

Scenario: Reject executing uploaded code
  Given a script or notebook uploaded as an ordinary upload
  When it is stored in the product
  Then it is not executed in the product

Scenario: Reject export without the export capability
  Given a user with analysis access but without the separate export capability
  When they try to export the extract
  Then the export is refused","Reject if uploaded code executes in the product, export is allowed without its separate capability, or live corrections alter a frozen extract.",Impact Platform ledger,,,"An analyst creates a frozen extract with selected variables, filters, approved sources, dictionary and integrity manifest. Reviewed scripts and notebooks can be attached as evidence. Results reference the extract and method versions. Ordinary uploads do not execute code in the product. Analysis access and export require separate capabilities, and later live corrections do not alter the extract.",Reproduce a submitted result using the pinned extract after live records change; the original analysis remains reconcilable.,,,Backlog
FR-EVA-006,Learning agenda,R3 Ecosystem,Evaluation,Functional,Should,Absent,MEL Manager,"As a MEL Manager, I want learning questions linked to strategic decisions, evidence gaps, planned inquiry, owner and review date, with versioned evidence and conclusions, so that decisions draw on what we have learned and what remains uncertain.","Scenario: Link a decision to a learning question
  Given a programme redesign decision
  When the MEL Manager links it to a learning question with three sources and one unresolved assumption
  Then the learning question shows the decision, the three sources and the unresolved assumption
  And the assumption is marked as requiring a follow up study

Scenario: Close and reopen a learning question
  Given a learning question
  When it is closed
  Then what was learned and the remaining uncertainty are recorded
  And reopening it later preserves the prior reasoning

Scenario: Reject automatic transfer of an answer to another context
  Given a question answered in one context
  When it is considered for another context
  Then the answer is not automatically treated as applicable

Scenario: Reject restricted evidence in a broad summary without review
  Given restricted evidence linked to a learning question
  When a broad learning summary is produced
  Then the restricted evidence is not copied into it without disclosure review",Reject if an answer is automatically applied to another context or restricted evidence is copied into a broad learning summary without disclosure review.,Impact Platform ledger,,,"A learning question links to strategic decisions, evidence gaps, planned inquiry, owner and review date. Evidence and conclusions are versioned. Closing records what was learned and remaining uncertainty; reopening preserves prior reasoning. A question answered in one context is not automatically applicable elsewhere. Restricted evidence is not copied into a broad learning summary without disclosure review.","Link a programme redesign decision to a learning question, three sources and one unresolved assumption requiring a follow up study.",,,Backlog
FR-EVA-007,Management responses and actions,R3 Ecosystem,Evaluation,Functional,Should,Absent,Executive Director,"As an Executive Director, I want to respond to each evaluation recommendation with accept, partially accept or reject and a reason, and track accepted actions to evidenced completion, so that my organisation is accountable for acting on evaluations.","Scenario: Accept a recommendation and create an action
  Given an evaluation recommendation on training
  When the Executive Director accepts it with a reason
  Then an action is created with an owner, due date and required completion evidence

Scenario: Separate action completion from outcome evidence
  Given an accepted training recommendation with completed training evidence
  When the action is reviewed
  Then the action is recorded as complete
  But outcome improvement remains pending until follow up measurements support it

Scenario: Reject automatic closure of overdue actions
  Given an action past its due date
  When it becomes overdue
  Then it escalates
  But it is not automatically closed

Scenario: Reject hiding a rejected recommendation
  Given a recommendation rejected with a reason
  When recommendations are viewed
  Then it remains visible with its accountable response","Reject if overdue actions close automatically, a rejected recommendation is hidden, or action completion is treated as evidence of changed outcomes.",Impact Platform ledger,,,"Each recommendation receives accept, partially accept or reject with reason. Accepted elements create actions with owners, due dates and required completion evidence. Review separates action completion from evidence of changed outcomes. Overdue actions escalate without automatic closure. A rejected recommendation remains visible with its accountable response.","Accept a training recommendation, complete training evidence and leave outcome improvement pending until follow up measurements support it.",,,Backlog
FR-EVD-005,Qualitative coding,R3 Ecosystem,Evidence,Functional,Should,Absent,Analyst,"As an Analyst, I want coders to assign excerpts independently against a versioned codebook and an adjudicator to record the final interpretation, so that qualitative findings are rigorous and individual coding decisions are preserved.","Scenario: Maintain a versioned codebook
  Given a codebook
  When codes are defined
  Then each code has a stable identity, meaning, and inclusion and exclusion examples
  And the codebook has a version

Scenario: Adjudicate a coding disagreement
  Given two coders label the same transcript differently
  When the comparison shows the disagreement and an adjudicator records the final interpretation
  Then both coders' assignments remain
  And the adjudication records its rationale and codebook version

Scenario: Reject invalid agreement or consensus
  Given coded excerpts from two coders
  When agreement is calculated or consensus is recorded
  Then unmatched units are not used to calculate agreement
  And consensus cannot be claimed by overwriting a coder's work

Scenario: Reject excerpts losing source restrictions
  Given a restricted source transcript
  When excerpts and themes are created from it
  Then they inherit the source restrictions","Reject if agreement is calculated on unmatched units, consensus is claimed by overwriting a coder's work, or excerpts and themes lose their source restrictions.",Impact Platform ledger,,,"A codebook defines stable codes, meanings, inclusion and exclusion examples and version. Each coder independently assigns excerpts and memos. Comparison shows disagreement and an adjudicator records the final interpretation while preserving individual decisions. Do not calculate agreement using unmatched units or claim consensus from overwriting a coder's work. Excerpts and themes inherit source restrictions.",Two coders label the same transcript differently; both assignments remain and the adjudication records its rationale and codebook version.,,,Backlog
FR-EVD-006,Transcription and translation,R3 Ecosystem,Evidence,Functional,Should,Absent,Analyst,"As an Analyst, I want to request transcription or translation of a recording through an approved destination and correct the resulting segments, so that I can use accurate, traceable text from recordings in analysis and reports.","Scenario: Request a transcript or translation
  Given a recording
  When an Analyst requests processing with an approved destination, language and permitted task
  Then the generated transcript or translation is a new labelled artifact
  And it is linked to offsets in the original recording

Scenario: Correct a translated segment used in a quotation
  Given a translated phrase at minute 03:12 is used in a report quotation
  When the Analyst corrects the phrase
  Then the quotation resolves to the corrected segment and the original recording
  And the original automated output is retained according to policy
  And quotation use requires review of the original meaning

Scenario: Reject inventing speakers or timings
  Given a segment where the speaker or timing is uncertain
  When the transcript is generated
  Then the speaker or timing is marked unknown
  But it is not invented

Scenario: Reject fallback to an unapproved provider
  Given a sensitive recording
  When the approved processing destination is unavailable
  Then processing does not fall back to an unapproved provider","Reject if uncertain speakers or timings are invented, a sensitive recording falls back to an unapproved provider, or a quotation is used without review of the original meaning.",Impact Platform ledger,,,"A processing request selects recording, approved destination, language and permitted task. Generated transcript or translation is a new labelled artifact linked to original offsets. Users correct segments and retain original automated output according to policy. Uncertain speakers or timings are marked unknown, not invented. Sensitive recordings cannot fall back to an unapproved provider. Quotation use requires review of the original meaning.",Correct a translated phrase at minute 03:12 and verify a report quotation resolves to the corrected segment and original recording.,,,Backlog
FR-EVD-008,Findings and triangulation,R3 Ecosystem,Evidence,Functional,Should,Absent,MEL Manager,"As a MEL Manager, I want findings to record their statement, method, supporting and contradictory evidence, confidence rationale, limitations and reviewer, with versioned interpretations, so that conclusions are evidence-based and transparent about contradictions.","Scenario: Record a triangulated finding
  Given survey evidence shows improvement while interviews describe harm
  When the finding is recorded and reviewed
  Then the finding retains both sources
  And it distinguishes observation from interpretation

Scenario: Version an interpretation change
  Given a recorded finding
  When its interpretation is edited
  Then a new version is created
  And the changed evidence set is shown

Scenario: Reject AI confidence in place of evidential judgement
  Given a finding with an AI confidence score
  When the finding is reviewed
  Then the AI confidence is not accepted as a substitute for the confidence rationale

Scenario: Reject publication that drops contradictory evidence
  Given a contested finding with material contradictory evidence
  When it is published
  Then publication is refused unless the contradictory evidence is preserved or its limitation is disclosed",Reject if AI confidence substitutes for evidential judgement or a finding is published without its material contradictory evidence or a disclosed limitation.,Impact Platform ledger,,,"A finding records statement, method, supporting and contradictory evidence, confidence rationale, limitations and reviewer. Editing the interpretation creates a version and shows the changed evidence set. AI confidence is not a substitute for evidential judgement. A finding can remain contested; publication must preserve material contradictory evidence or disclose its limitation.",Survey evidence improves while interviews describe harm; the reviewed finding retains both sources and distinguishes observation from interpretation.,,,Backlog
FR-FIN-002,Budget planning,R3 Ecosystem,Finance,Functional,Should,Absent,Finance Officer,"As a Finance Officer, I want versioned budgets by activity, category, partner and period with an approval route, so that revisions can be compared and approved without altering actual spending or previously reported variance.","Scenario: Raise an approved budget
  Given an approved budget of 100
  When the Finance Officer revises it to 120 and the revision is approved
  Then the original comparison remains available
  And imported actual spending stays unchanged

Scenario: Draft revisions compare against baselines
  Given a draft budget revision with lines by activity, category, partner and period with currency
  When the Finance Officer reviews it
  Then it is compared against the original and current baseline
  And approval pins the budget and its rate assumptions

Scenario: Reject budget changes that alter actuals or history
  Given an approved budget with imported actual expenditure and previously reported variance
  When the budget is changed
  Then transaction amounts are not altered
  And historically reported variance is not altered","Reject if a budget change alters transaction amounts, imported actual spending or historically reported variance, or the original comparison is lost.",Impact Platform ledger,,,"A budget version contains lines by activity, category, partner and period with currency and approval route. Draft revisions compare against the original and current baseline. Approval pins the budget and its rate assumptions. Actual expenditure remains an independent source dataset. Changing a budget cannot alter transaction amounts or historically reported variance.",Raise an approved budget from 100 to 120; the original comparison remains available and imported actual spending stays unchanged.,,,Backlog
FR-FIN-003,Expenditure ingestion,R3 Ecosystem,Finance,Functional,Should,Absent,Finance Officer,"As a Finance Officer, I want expenditure imported with stable transaction keys, control totals and explicit correction handling, so that repeated or amended files never double count spending.","Scenario: Import an amended transaction file twice
  Given an amended transaction file
  When the Finance Officer imports it twice
  Then only the intended corrected expenditure balance contributes to analysis
  And unchanged records are reconciled rather than duplicated

Scenario: Mapping validates control totals and adjustments
  Given an expenditure file with source transaction key, posting and event dates, amount, currency, category and funding allocation
  When it is mapped
  Then control totals and adjustment semantics are validated
  And reversals and replacements are treated as separate transaction semantics

Scenario: Reject counting the same expense again
  Given a file has already been imported
  When the same file is uploaded again
  Then the same expense is not counted again

Scenario: Reject approval of unbalanced source totals
  Given a source file whose totals do not balance
  When approval is requested
  Then approval is blocked unless an explicit permitted exception is recorded","Reject if a repeated upload counts the same expense again, reversals and replacements are conflated, or unbalanced source totals are approved without an explicit permitted exception.",Impact Platform ledger,,,"Expenditure ingestion uses a stable source transaction key, posting and event dates, amount, currency, category and funding allocation. Mapping validates control totals and adjustment semantics. Repeated files reconcile unchanged records and explicit correction revisions. Reversal and replacement are separate transaction semantics. A repeated upload cannot count the same expense again; unbalanced source totals block approval or require an explicit permitted exception.",Import an amended transaction file twice and verify only the intended corrected expenditure balance contributes to analysis.,,,Backlog
FR-FIN-005,Variance and forecast,R3 Ecosystem,Finance,Functional,Should,Absent,Finance Officer,"As a Finance Officer, I want variance views showing remaining budget with a labelled sign convention and forecasts kept separate from actuals, so that I can report the spending position and expected overrun accurately.","Scenario: Show unspent budget and forecast overrun as separate facts
  Given a budget of 100, recorded spending of 60 and a forecast total of 110
  When the Finance Officer opens the variance view
  Then it shows 40 currently unspent
  And it shows a forecast overrun of ten as a separate fact
  And the sign convention is labelled

Scenario: Forecast assumptions recorded separately
  Given a variance view with a selected budget version, actual cutoff, commitments and forecast method
  When a forecast is saved
  Then its assumptions and author or method version are recorded separately from actuals

Scenario: Reject treating missing spending as underspend
  Given spending data is missing for a period
  When variance is calculated
  Then the missing data is not shown as underspend

Scenario: Reject forecasts entering actual expenditure
  Given a forecast exists
  When actual expenditure is displayed or reported
  Then the forecast does not enter the actual expenditure series
  And it does not imply programme impact success","Reject if missing spending data is treated as underspend, a forecast enters the actual expenditure series or implies programme impact success, or unspent budget and forecast overrun are not shown as separate facts.",Impact Platform ledger,,,"Variance views select budget version, actual cutoff, commitments and forecast method. Display budget minus expenditure as remaining budget, with sign convention labelled. Forecasts contain assumptions and author or method version separately from actuals. Missing spending data is not treated as underspend. A forecast cannot enter the actual expenditure series or imply programme impact success.","Budget 100, recorded spending 60 and forecast total 110 show 40 currently unspent and a forecast overrun of ten, as separate facts.",,,Backlog
FR-FIN-006,Shared costs and allocations,R3 Ecosystem,Finance,Functional,Should,Absent,Finance Officer,"As a Finance Officer, I want to allocate shared costs to projects or donors using versioned rules with stated weights and rounding, so that allocated amounts reconcile to the source cost and are never charged twice.","Scenario: Allocate 100 at 60 and 40 percent
  Given a shared cost of 100 and an allocation rule of 60 and 40 percent
  When the Finance Officer previews and approves the allocation
  Then the two outputs sum to 100
  And the approved rule is fixed for the relevant snapshot

Scenario: Rounding remainder assigned deterministically
  Given an allocation that leaves a residual rounding unit
  When the allocation is previewed
  Then the remainder is reconciled and assigned by a deterministic stated rule

Scenario: Reject weights that do not reconcile
  Given an allocation rule whose weights do not reconcile to the declared total
  When the Finance Officer attempts to approve it
  Then approval is refused

Scenario: Reject repeated or double allocation
  Given an allocation has been made for an imported cost
  When the same import is repeated
  Then no additional allocation is created
  And no cost is double charged across overlapping views","Reject if weights do not reconcile to the declared total, a rounding remainder is assigned by no stated deterministic rule, or a repeated import creates an additional allocation or double charge.",Impact Platform ledger,,,"Allocation rules specify source cost, recipient projects or donors, basis, weights and effective version. Preview reconciles allocated amounts and rounding remainder. Approval fixes the rule for the relevant snapshot. Weights must reconcile to the declared total. A residual rounding unit is assigned by a deterministic stated rule; no analytical double charging across overlapping views.",Allocate 100 at 60 and 40 percent; the two outputs sum to 100 and a repeated import creates no additional allocation.,,,Backlog
FR-FRM-008,Respondent and public forms,R3 Ecosystem,Forms and collection,Functional,Should,Absent,Programme Participant,"As a Programme Participant, I want to complete a public form or a single-response link with clear notice, expiry and resume rules, so that I can respond myself without seeing anyone else's information.","Scenario: Submit once with a scoped token
  Given a Programme Participant has a single response token with notice and expiry
  When they submit the form
  Then a receipt confirms successful submission
  And the receipt contains no other respondents' details

Scenario: Resume a draft before expiry
  Given draft resume is permitted for the token
  When the participant returns before expiry, authenticated or with the bound token
  Then their draft is restored

Scenario: Reject token replay and access to other responses
  Given a token already used for a final submission
  When it is replayed and a different response ID is requested
  Then the replay is idempotent or unavailable and creates no duplicate result
  And the other response is never shown

Scenario: Reject abuse and directory exposure
  Given submissions arriving beyond the rate limits
  When further requests are made to the form
  Then accessible abuse controls and rate limits are applied
  And no participant directory is exposed","Reject if token replay creates a duplicate result, another respondent's response or details are shown, or the form exposes a participant directory.",Impact Platform ledger,,,"Self completion uses a public form or a scoped single response token with notice, expiry and permitted resume behaviour. The form exposes no participant directory. Default token permits one final submission and optional authenticated or token bound draft resume until expiry. Apply accessible abuse controls and rate limits. Receipt confirms successful submission without returning other respondents' details. Token replay cannot create duplicate results.",Submit once with a token and request a different response ID; replay is idempotent or unavailable and the other response is never shown.,,,Backlog
FR-FRM-009,Longitudinal and repeat visits,R3 Ecosystem,Forms and collection,Functional,Should,Absent,MEL Manager,"As a MEL Manager, I want repeat visit templates with entity scope, visit type, baseline reference, expected interval and observation window, recording each visit as a separate event, so that follow-up data is analysed correctly without double counting participants.","Scenario: Baseline and follow ups analysed in the designated window
  Given one person with a baseline and two follow-up visits
  When the analysis runs
  Then it selects the visit in the designated window
  And the person is not counted as three different participants

Scenario: Prior responses shown but not copied
  Given permitted prior responses exist for a person
  When a follow-up visit form is opened
  Then prior responses are shown with their date and source
  And they are not copied as current answers by default

Scenario: Reject an outside-window visit without a reason
  Given a visit outside the observation window
  When it is submitted without a reason and an analysis eligibility decision
  Then it is not accepted as eligible for analysis

Scenario: Reject treating missing follow up as zero
  Given a participant with missing follow up, withdrawal or death
  When outcomes are calculated
  Then each status remains distinct and is not recorded as a zero outcome","Reject if repeat visits are counted as separate participants, prior answers are copied as current by default, outside-window visits lack a reason and eligibility decision, or missing follow up, withdrawal or death is treated as zero.",Impact Platform ledger,,,"Repeat visit templates declare entity scope, visit type, baseline reference, expected interval and observation window. Each visit is a separate event. Permitted prior responses may be shown with their date and source, never copied as current answers by default. Outside-window visits require a reason and an analysis eligibility decision. Missing follow up, withdrawal and death remain distinct from zero outcomes.",Record a baseline and two follow ups for one person; the analysis selects the designated window without counting all three as different participants.,,,Backlog
FR-IAM-005,Provisioning and deprovisioning,R3 Ecosystem,Identity and accounts,Functional,Should,Absent,Organisation Administrator,"As an Organisation Administrator, I want our directory to provision and deprovision memberships within a configured scope and show reconciliation differences, so that joiners get the right access and leavers lose it promptly without orphaning their work.","Scenario: Provision from the directory
  Given a directory connection that declares authoritative attributes and groups
  When a directory user is provisioned
  Then a pending or active membership is created only within the configured scope

Scenario: Deactivate a user who owns a job
  Given a directory user owns a job
  When the user is deactivated in the directory
  Then derived access is removed, sessions are revoked and ownership reassignment tasks are opened
  And within the BRD revocation bound further access fails
  And the job is cancelled or explicitly reassigned

Scenario: Reconcile directory and platform
  When the Organisation Administrator views reconciliation
  Then differences between the directory and the platform are shown

Scenario: Reject manual override of directory-controlled attributes
  Given an attribute controlled by the directory
  When an administrator manually overrides it without a recorded bounded exception
  Then the override is rejected
  And a manual grant may add only separately authorised scope and is removed if policy forbids local supplements","Reject if provisioning creates membership outside the configured scope, if a deactivated user keeps access or their jobs run unassigned beyond the BRD revocation bound, or if directory-controlled attributes are overridden without a recorded bounded exception.",Impact Platform ledger,,,"A directory connection declares authoritative attributes and groups. Provisioning creates a pending or active membership only within its configured scope. Deactivation removes derived access, revokes sessions and opens ownership reassignment tasks. Reconciliation shows directory and platform differences. Directory controlled attributes cannot be manually overridden except through a recorded bounded exception. A manual grant can add only separately authorised scope and is removed if policy forbids local supplements.","Deactivate a directory user while they own a job; within the BRD revocation bound, further access fails and the job is cancelled or explicitly reassigned.",,,Backlog
FR-IAM-011,Access certification,R3 Ecosystem,Identity and accounts,Functional,Should,Absent,Organisation Administrator,"As an Organisation Administrator, I want to run access reviews where each grant is retained, narrowed or revoked with a reason, so that access stays justified and stale or orphaned grants are found and fixed.","Scenario: Start an access review
  When the Organisation Administrator starts an access review for selected scopes and a snapshot date
  Then reviewers see each grant's subject, source of grant, sensitive capabilities, expiry, owner and last relevant activity

Scenario: Decide each grant
  When a reviewer retains, narrows or revokes a grant
  Then a reason is recorded
  And unreviewed grants remain flagged overdue

Scenario: Review a service identity whose owner has left
  Given a service identity whose owner has left
  When the reviewer assigns a new owner or revokes it
  Then the review decision and execution receipt are retained

Scenario: Reject exposure of protected record content
  Given a reviewer is performing an access review
  When they inspect a grant
  Then they see entitlement metadata only and no protected record content

Scenario: Reject stale review execution
  Given a grant was replaced after the review decision was made
  When the revocation decision is executed
  Then the current grant revision is rechecked
  And the unrelated replacement grant is not revoked","Reject if an access review reveals protected record content, if a stale review decision revokes an unrelated replacement grant, or if unreviewed grants are not flagged overdue.",Impact Platform ledger,,,"An owner starts an access review for selected scopes and a snapshot date. Reviewers see subject, source of grant, sensitive capabilities, expiry, owner and last relevant activity. Each grant is retained, narrowed or revoked with reason; unreviewed grants remain flagged overdue. Review access reveals entitlement metadata only, not protected record content. Execution rechecks the current grant revision so a stale review cannot revoke an unrelated replacement grant.",Review a service identity whose owner has left; assign a new owner or revoke it and retain the review decision and execution receipt.,,,Backlog
FR-INT-006,Webhook delivery,R3 Ecosystem,Integrations and connectors,Functional,Should,Absent,Integration Developer,"As an Integration Developer, I want verified, authenticated webhook deliveries carrying event ID, occurrence time and resource version with explicit at-least-once and out-of-order semantics, so that my consumer can apply each event once and keep resource state consistent.","Scenario: Configure a webhook
  Given the Integration Developer configures a webhook destination and event types
  When the configuration is saved
  Then destination control and permitted event types are verified
  And delivery attempts are visible

Scenario: Duplicate and out-of-order deliveries
  Given events v2 then v1 are each delivered twice to a qualified consumer
  When the consumer processes them
  Then it records one effect per event
  And the resource state is not downgraded

Scenario: Reject invalid authentication
  Given a delivery with invalid authentication
  When the qualified consumer receives it
  Then the delivery is rejected without downgrading resource state

Scenario: Reject sensitive payloads and unchecked destinations
  Given a webhook subscription
  When an event is delivered
  Then no sensitive unrestricted payload is sent by default and details are fetched through current scope
  And destinations and redirects undergo the same outbound policy checks

Scenario: Reject retries after revocation
  Given a webhook with pending retries
  When the webhook is revoked
  Then no further retries are sent","Reject if duplicate or out-of-order deliveries cause repeated effects or downgrade resource state, invalid authentication is accepted, sensitive unrestricted payloads are sent by default, or retries continue after revocation.",Impact Platform ledger,,,"Webhook configuration verifies destination control and permitted event types. Deliveries carry event ID, occurrence time, resource version and authenticated integrity context. Consumers receive explicit at-least-once and possible out-of-order semantics; delivery attempts are visible. No sensitive unrestricted payload by default; consumers fetch details through current scope. Revocation stops retries. Destinations and redirects undergo the same outbound policy checks.",Deliver events v2 then v1 twice; a qualified consumer records one effect per event and rejects invalid authentication without downgrading resource state.,,,Backlog
FR-INT-008,Import export standards,R3 Ecosystem,Integrations and connectors,Functional,Should,Absent,Data Steward,"As a Data Steward, I want imports and exports to follow an exchange mapping declaring standard version, code lists, units, locale, date representation and information loss, so that data exchanged under sector standards like IATI and SDG round trips without undeclared loss or mismatched codes.","Scenario: Exchange mapping declares the standard and its conventions
  Given an exchange mapping for a sector standard
  When the Data Steward reviews it
  Then it identifies the standard version, code lists, units, locale, date representation and information loss

Scenario: Multilingual record round trips with a manifest
  Given a multilingual record containing currency, unit and geography codes
  When it is exported and imported again through the exchange mapping
  Then import and export both validate against the mapping
  And a manifest accounts for every intentionally transformed or unsupported field
  And codes remain stable and separate from display translations

Scenario: Reject unknown codes
  Given an import containing a code that is not in the mapping's code lists
  When the import is validated
  Then the code is quarantined or rejected
  But it is not automatically matched to a similar label","Reject if an unknown code is automatically matched to a similar label, codes change with display translations, or an intentionally transformed or unsupported field is missing from the manifest.",Impact Platform ledger + BRD,NFR-14,,"An exchange mapping identifies standard version, code lists, units, locale, date representation and information loss. Import and export validate against that mapping and include a manifest for transformed or unsupported fields. Codes are stable and separate from display translations. An unknown code is quarantined or rejected, not automatically matched to a similar label.","Round trip a multilingual record containing currency, unit and geography codes and account for every intentionally transformed field.",,,Backlog
FR-INT-010,Development and testing access,R3 Ecosystem,Integrations and connectors,Functional,Should,Absent,Integration Developer,"As an Integration Developer, I want a developer workspace with versioned sample contracts, synthetic fixtures and isolated test credentials, so that I can qualify my connector's update, retry and failure behaviour before it is eligible for production.","Scenario: Developer workspace provides isolated test assets
  Given an Integration Developer with a developer workspace
  When they open it
  Then versioned sample contracts, synthetic fixtures and test credentials with isolated tenant scope are available
  And production secrets and personal data are excluded by default

Scenario: Qualification precedes production eligibility
  Given a connector under development
  When the Integration Developer runs the connector test end to end
  Then qualification exercises full update, retry and failure behaviour
  And a production connection becomes eligible only after qualification

Scenario: Reject test credential access to production
  Given a test credential from the developer workspace
  When it is used to enumerate or mutate a production project
  Then both actions are denied

Scenario: Reject debug payload access as a developer entitlement
  Given an Integration Developer without a support grant
  When they request debug payload access
  Then access is denied
  And debug payloads are available only through a separate time bounded support grant","Reject if a test credential can enumerate or mutate a production project, production secrets or personal data are present by default, or debug payloads are reachable without a separate time bounded support grant.",Impact Platform ledger,,,"A developer workspace provides versioned sample contracts, synthetic fixtures and test credentials with isolated tenant scope. Qualification exercises full update, retry and failure behaviour before a production connection is eligible. Production secrets and personal data are excluded by default. Debug payload access is a separate time bounded support grant, not a developer entitlement.",Run a connector test end to end and demonstrate its credential cannot enumerate or mutate a production project.,,,Backlog
VF-ECO-001,Cost transparency and sustainability,R3 Ecosystem,NFR cost,Non-functional,Should,Absent,Platform Operator,"As a Platform Operator, I want the cost of running the service measured per tenant, workload, storage, integration run and AI use case, so that product limits and commitments are based on known costs.","Scenario: Unit costs are measured for the reference load
  Given the reference load
  When resource and model usage are measured
  Then cost per active tenant, approved result workload, storage volume, integration run and AI use case is calculated

Scenario: Product limits are costed and budget limits enforced
  Given the qualification profile
  When product limits are reviewed
  Then each limit is costed against the profile
  And the corresponding visible budget limits are exercised

Scenario: Cost budget is approved before unbounded commitments
  Given a proposed unbounded or dedicated deployment commitment
  When it is to be offered
  Then an approved cost budget exists first

Scenario: Reject unlabelled assumptions or unlimited commitments
  Given cost figures presented at HLD review
  When measured prices or costs are not distinguished from assumptions
  Then the review fails
  And no unlimited commercial commitment is derived from these figures","Reject if measured costs are not distinguished from assumptions, or an unbounded or dedicated commitment is offered without an approved cost budget.",Impact Platform ledger,,,"The operating model shall measure cost per active tenant, approved result workload, storage volume, integration run and AI use case. Product limits shall be costed against the qualification profile. A cost budget shall be approved before offering unbounded or dedicated deployment commitments. Measure resource and model usage for the reference load, then calculate cost per tenant, result workload, storage, connector run and use case. Exercise the corresponding visible budget limits.",Distinguish measured prices or costs from assumptions at HLD review; no unlimited commercial commitment is derived from this FSD.,,,Backlog
FR-PAR-005,Household and group membership,R3 Ecosystem,Participants,Functional,Should,Absent,Data Steward,"As a Data Steward, I want household and group membership recorded as dated relationships that survey submissions pin to, so that historic observations keep the household or group that applied at the time.","Scenario: Move a person between households
  Given a person who is a member of household A
  When they move to household B on 1 June
  Then the membership in household A is closed and a membership in household B is opened after overlap validation
  And May observations retain household A
  And July observations resolve to household B

Scenario: Record a membership and pin it to surveys
  Given a household or group
  When a membership is recorded
  Then it records the entity pair, role, effective start and optional end
  And survey submissions pin the relevant relationship version

Scenario: Reject retrospective application of current membership
  Given historic surveys pinned to an earlier membership
  When the person's current membership changes
  Then the historic surveys are not updated to the current membership

Scenario: Reject guardian details bypassing their own controls
  Given a user permitted to view household membership
  But not permitted under the guardian field's separate sensitivity and purpose controls
  When they view the membership
  Then the guardian field is not shown to them",Reject if current membership is retrospectively applied to historic surveys or guardian details bypass their separate sensitivity and purpose controls.,Impact Platform ledger,,,"Household or group membership records entity pair, role, effective start and optional end. A change closes the old interval and opens a new one after overlap validation. Survey submissions pin the relevant relationship version. A guardian field has separate sensitivity and purpose controls. Current membership is not retrospectively applied to historic surveys.",Move a person from household A to B on 1 June; May observations retain A and July observations resolve to B.,,,Backlog
FR-PAR-006,Cohorts and follow up,R3 Ecosystem,Participants,Functional,Should,Absent,MEL Manager,"As a MEL Manager, I want cohorts that pin eligibility rules, index date, observation windows and denominator policy and record each follow-up outcome, so that attrition and exclusions are explicit rather than hidden in results.","Scenario: Missing follow ups appear as attrition
  Given a cohort of ten enrolled participants with a declared denominator policy
  And two participants have missing follow ups
  When the cohort outcomes are analysed
  Then the results use the declared denominator
  And the two missing follow ups appear as explicit attrition
  But they are not reported as eight automatically successful outcomes

Scenario: Record follow up outcomes and show exclusions
  Given a cohort under follow up
  When follow up outcomes are recorded
  Then each can be recorded as completed, missing, withdrawn, ineligible, deceased or lost to follow up where appropriate
  And the analysis displays exclusions and their reasons

Scenario: Reject an unapproved denominator change
  Given a cohort with a pinned denominator policy
  When the denominator is changed without an approved rule
  Then the change is refused

Scenario: Reject an outside-window observation substituting for the intended visit
  Given an observation recorded outside the follow up window
  When the cohort is analysed
  Then the observation is separately flagged
  And it does not silently substitute for the intended visit","Reject if missing follow ups count as successful outcomes, the denominator changes without an approved rule, or an outside-window observation silently replaces the intended visit.",Impact Platform ledger,,,"Cohort creation pins eligibility rules, index date, observation windows and denominator policy. Follow up outcomes record completed, missing, withdrawn, ineligible, deceased or lost to follow up where appropriate. Analysis displays exclusions and their reasons. Denominator changes require an approved rule; missing follow up is not successful treatment. An outside-window observation is separately flagged and cannot silently substitute for the intended visit.","Ten enrolled participants with two missing follow ups produce the declared denominator and explicit attrition, not eight automatically successful outcomes.",,,Backlog
US-PT-04,Partners see outcomes of their deployments,R3 Ecosystem,Partners,Functional,Could,Absent,Solution Partner Manager,"As a Solution Partner Manager, I want to see outcomes of our deployments, so that we can improve.","Scenario: See outcomes per deployment
  Given deployments of the partner's solution
  When the Solution Partner Manager views outcomes
  Then adoption and ROI are shown for each deployment
  And the data is anonymised

Scenario: Reject identifiable outcome data
  Given outcomes for a deployment
  When the Solution Partner Manager views them
  Then no organisation can be identified from them
  And no outcomes are shown for other partners' deployments",Reject if deployment outcomes are not anonymised or include other partners' deployments.,Imprana BRD,,,,Anonymised adoption and ROI per deployment,,,Backlog
FR-PRG-009,Cross project dependencies,R3 Ecosystem,Programmes,Functional,Should,Absent,Programme Manager,"As a Programme Manager, I want to link an authorised prerequisite from another project with a shared status contract, so that dependent teams can track it without seeing confidential details of the source project.","Scenario: Link a cross project prerequisite
  Given a Programme Manager authorised for a prerequisite in another project
  When they link it with a shared status contract
  Then receiving users see either the full permitted dependency or a disclosed status summary with owner contact and freshness

Scenario: Partner sees only the status summary
  Given a Partner Organisation User with a delayed prerequisite from another project
  When they view the dependency
  Then they see that it is delayed and its due date
  But they cannot drill into the originating project's confidential grant agreement

Scenario: Reject exposure of restricted details
  Given a prerequisite with a restricted title, budget or task comments
  When a receiving user views the dependency label
  Then none of the restricted details are shown

Scenario: Reject copying hidden source on a broken grant
  Given a dependency whose access grant is broken
  When a receiving user views the link
  Then the link shows as unavailable
  And no hidden source content is copied","Reject if a dependency label exposes restricted titles, budgets or task comments, or a broken grant copies hidden source content instead of showing unavailable.",Impact Platform ledger,,,"A manager links an authorised prerequisite across projects with a shared status contract. Receiving users see either the full permitted dependency or a disclosed status summary with owner contact and freshness. Do not expose restricted titles, budgets or task comments through the dependency label. A broken grant changes the link to unavailable rather than copying the hidden source.",A partner sees prerequisite delayed and due date but cannot drill into the originating project's confidential grant agreement.,,,Backlog
FR-PRG-010,Bulk administration,R3 Ecosystem,Programmes,Functional,Should,Absent,Organisation Administrator,"As an Organisation Administrator, I want to apply one operation, such as owner reassignment or template instantiation, to many objects with a validated preview and an item manifest, so that bulk changes are safe, scoped and repeatable.","Scenario: Preview a bulk operation
  Given an Organisation Administrator who selects a set of objects and one operation
  When the preview runs
  Then every object's current revision and scope are validated
  And candidates are shown as valid, skipped or blocked

Scenario: Execute with mixed candidates
  Given ten projects selected for reassignment, with two outside scope and one at a stale revision
  When the Organisation Administrator executes the operation
  Then seven commit
  And three report safe reasons
  And an item manifest is returned

Scenario: Retry has no new effect
  Given a completed bulk template instantiation
  When it is retried with the same operation identity
  Then no duplicate template instances are created

Scenario: Reject mass approval
  Given items awaiting approval
  When a user tries to approve them through bulk administration
  Then the operation is refused

Scenario: Reject changed candidates without refreshed review
  Given a candidate that changed after the preview
  When execution runs
  Then it is not committed until a refreshed review","Reject if bulk administration allows mass approval, commits out-of-scope or changed candidates without refreshed review, or a retry with the same operation identity has a new effect.",Impact Platform ledger,,,"Bulk administration accepts a selected object set and one operation such as owner reassignment or template instantiation. Preview validates every object's current revision and scope, showing valid, skipped and blocked candidates. Execution returns an item manifest. No mass approval through this tool. Retrying a completed item with the same operation identity has no new effect; changed candidates need refreshed review.","Reassign ten projects with two outside scope and one stale revision; seven commit, three report safe reasons and retry does not duplicate template instances.",,,Backlog
FR-RPT-006,Presentation and donor format output,R3 Ecosystem,Reporting,Functional,Should,Absent,MEL Manager,"As a MEL Manager, I want to produce slides and donor-format submissions from the approved snapshot through versioned mappings, so that figures stay consistent across formats without retyped numbers or fabricated values.","Scenario: Presentation and donor submission agree
  Given an approved snapshot and versioned mappings for a presentation and a structured donor submission
  When the MEL Manager produces both outputs
  Then shared result values and periods agree despite the different layouts

Scenario: Preview and approve a mapping
  Given a slide or donor format mapping
  When the MEL Manager previews the output
  Then omitted optional content and unsupported mandatory fields are listed
  And approval binds the mapping version and intended audience

Scenario: Reject retyped authoritative numbers
  Given an output with editable placeholders
  When authoritative numbers are placed in it
  Then they keep maintained bindings to the snapshot
  But they are not retyped without bindings

Scenario: Reject fabricated defaults in donor schemas
  Given a donor schema whose required data is missing
  When the submission is validated
  Then validation fails
  But no fabricated default is supplied","Reject if authoritative numbers are retyped into placeholders without maintained bindings, missing required donor data is filled with fabricated defaults, or shared values differ between outputs from the same snapshot.",Impact Platform ledger,,,Slide and donor format output uses a versioned mapping from the approved snapshot to specified fields and narrative sections. Preview lists omitted optional content and unsupported mandatory fields. Approval binds the mapping version and intended audience. Do not retype authoritative numbers into editable placeholders without maintained bindings. Donor schemas with missing required data fail validation instead of receiving fabricated defaults.,Produce a presentation and structured donor submission from the same snapshot; shared result values and periods agree despite different layouts.,,,Backlog
FR-RPT-011,Transparency publication,R3 Ecosystem,Reporting,Functional,Should,Absent,MEL Manager,"As a MEL Manager, I want to validate and publish to a specifically qualified IATI standard profile and reconcile the external acknowledgement, so that our transparency publications are valid and traceable.","Scenario: Validation lists payload issues
  Given a publication workspace with a specifically qualified IATI standard profile, organisation identity and mapping
  When the MEL Manager validates a representative payload containing an invalid code
  Then mandatory fields, code list errors and disclosure issues are listed

Scenario: Approved version reconciles to the external acknowledgement
  Given the MEL Manager has fixed the invalid code and approved the exact payload version
  When the payload is exported or published directly and the external acknowledgement is received
  Then the payload version and external acknowledgement are recorded
  And the acknowledgement reconciles to the internal publication record

Scenario: Reject unspecified schema versions
  Given a schema version that has not been specifically qualified
  When publication against it is attempted
  Then support for that schema version is not claimed

Scenario: Reject treating an external rejection as delivered
  Given a payload has been published
  When the external recipient rejects it
  Then the delivery is left as failed or correction required

Scenario: Reject claims of erasing third party copies
  Given a published payload must be removed
  When removal follows the qualified route
  Then the system does not claim that third party copies were erased","Reject if support is claimed for an unspecified schema version, an external rejection is shown as delivered, the acknowledgement cannot be reconciled to the internal record, or removal claims to erase third party copies.",Impact Platform ledger,,,"The publication workspace selects a specifically qualified IATI standard profile, organisation identity and mapping. Validation lists mandatory fields, code list errors and disclosure issues. Approved export or direct publication records the payload version and external acknowledgement. Do not claim support for an unspecified schema version. External rejection leaves delivery failed or correction required; removal follows the qualified route and may not erase third party copies.","Validate a representative payload, fix an invalid code, approve the exact version and reconcile its external acknowledgement to the internal publication record.",,,Backlog
FR-PLN-002,Theory of change relationships,R3 Ecosystem,Results planning,Functional,Should,Partial,MEL Manager,"As a MEL Manager, I want to add directed contribution links with rationale, assumptions, evidence strength and optional context to the theory of change, so that I can document how results contribute to each other without implying calculations or causal proof.","Scenario: Add a contribution link
  When the MEL Manager adds a directed contribution link
  Then it records rationale, assumptions, evidence strength and optional external context
  And alternative causal pathways are allowed

Scenario: Link across programmes
  When the MEL Manager links to a result in another programme
  Then the link is allowed only with permission to both endpoints or through a separately shared summary endpoint

Scenario: Reject implied calculation
  Given two outcomes are linked to one impact
  When the parent result is inspected
  Then it remains uncalculated until an explicit approved numeric rule exists
  And the relationship creates no numeric sum, deduplication rule or causal proof

Scenario: Reject containment cycles
  When a link would create a containment cycle
  Then it is rejected","Reject if a theory of change link creates a numeric sum, deduplication rule or causal claim, if a containment cycle is accepted, or if a cross programme link is made without permission to both endpoints or a shared summary endpoint.",Impact Platform ledger,,,"The theory of change editor adds directed contribution links with rationale, assumptions, evidence strength and optional external context. Cross programme links require permission to both endpoints or a separately shared summary endpoint. Alternative causal pathways are allowed; a containment cycle is not. Adding a theory relationship never creates a numeric sum, deduplication rule or causal proof.",Link two outcomes to one impact and inspect the parent result; it remains uncalculated until an explicit approved numeric rule exists.,,,Backlog
FR-PLN-005,Standard mappings,R3 Ecosystem,Results planning,Functional,Should,Absent,MEL Manager,"As a MEL Manager, I want to map local nodes or indicators to versioned external standards with a relation type, rationale and reviewer, so that we can organise reporting against standards such as the SDGs without distorting our own results.","Scenario: Record a reviewed mapping to an external standard
  Given a MEL Manager in the mapping editor
  When they link a local indicator to an entry in a versioned external standard using a relation type such as related to, contributes to or equivalent by reviewed definition
  Then the mapping records the relation type, rationale and reviewer

Scenario: Map one local measure to two SDG entries without double counting
  Given a local measure with an organisational unique result
  When the MEL Manager maps it to two SDG entries
  Then both mappings are available to organise reporting
  And the organisational unique result is still counted once

Scenario: Keep mappings to an unavailable standard version
  Given a mapping to a standard version that is no longer available
  When a user views the mapping
  Then it remains as a historical reference

Scenario: Reject treating mappings as arithmetic
  Given a local indicator with many to many mappings to an external standard
  When results are reported through those mappings
  Then the mappings do not imply mathematical equivalence, unit conversion or additive attribution","Reject if a standard mapping causes a local result to be counted more than once or is treated as mathematical equivalence, unit conversion or additive attribution.",Impact Platform ledger,,,"A mapping editor links local nodes or indicators to a versioned external standard using a relation type such as related to, contributes to or equivalent by reviewed definition. It records rationale and reviewer. Many to many mappings organise reporting only. They do not imply mathematical equivalence, unit conversion or additive attribution. An unavailable standard version remains a historical reference.",Map one local measure to two SDG entries and verify the organisational unique result is still counted once.,,,Backlog
FR-OPS-009,Operational automation,R3 Ecosystem,Service operations,Functional,Should,Absent,Platform Operator,"As a Platform Operator, I want operational jobs to declare owner, schedule, policy scope, idempotent identity, checkpoints and stop control, with a run manifest, so that partial failures can be retried safely under current policy.","Scenario: Retry a partially failed retention run
  Given a retention run that partially failed
  When the Platform Operator retries it
  Then eligible work resumes under current policy
  And held evidence remains intact
  And already sent notifications are not duplicated

Scenario: Run manifest records item outcomes
  Given an operational job run
  When the run finishes
  Then the run manifest records completed, held, skipped and failed items

Scenario: Reject destructive execution without a fresh hold check
  Given a destructive task scheduled before a hold was placed
  When the task executes
  Then holds are rechecked immediately before execution
  And the held items are not destroyed

Scenario: Reject treating a stopped schedule as a reversal
  Given a schedule stopped after some actions completed
  When the stop is recorded
  Then the completed actions are not presented as reversed","Reject if a retry duplicates completed actions or notifications, a destructive task runs without rechecking holds, or stopping a schedule implies reversal of completed actions.",Impact Platform ledger,,,"Operational jobs declare owner, schedule, policy scope, idempotent identity, checkpoints and stop control. The run manifest records completed, held, skipped and failed items. Retry resumes eligible work under current policy. Destructive tasks recheck holds immediately before execution. A stopped schedule does not imply reversal of already completed actions.",Retry a partially failed retention run; held evidence remains intact and already sent notifications are not duplicated.,,,Backlog
FR-OPS-010,Trust and assurance information,R3 Ecosystem,Service operations,Functional,Should,Absent,Executive Director,"As an Executive Director, I want to see the versioned security, privacy, subprocessor, service objective and incident-process statements that apply to our deployment and contract, so that I can rely on assurance claims backed by current evidence.","Scenario: Tenant sees the applicable trust package
  Given a trust package version with approved statements, evidence owner and review date
  When an Executive Director opens trust information
  Then they see the package applicable to their deployment profile and contract

Scenario: Stale claim is removed or qualified
  Given a published assurance claim and its scoped assessment
  When a Platform Operator compares them and the evidence no longer applies
  Then the claim is removed or qualified

Scenario: Reject blanket certification for expired or unqualified variants
  Given an expired assessment or an unqualified deployment variant
  When the trust package is published
  Then it does not inherit a blanket certification claim

Scenario: Reject uncontrolled sharing of restricted evidence
  Given restricted assurance evidence
  When a tenant requests it
  Then it is shared only through the controlled sharing path","Reject if an expired assessment or unqualified variant carries a blanket certification claim, or restricted assurance evidence is shared outside the controlled path.",Impact Platform ledger,,,"The trust package versions approved security, privacy, subprocessor, service objective and incident-process statements with evidence owner and review date. Tenants see the package applicable to their deployment profile and contract. Expired assessments or unqualified variants cannot inherit a blanket certification claim. Restricted assurance evidence has a controlled sharing path.",Compare a published assurance claim to its scoped assessment and remove or qualify any claim whose evidence no longer applies.,,,Backlog
FR-TEN-008,Configuration promotion,R3 Ecosystem,Tenancy and organisation,Functional,Should,Absent,Organisation Administrator,"As an Organisation Administrator, I want to test configuration in an isolated workspace and promote a reviewed package to production with rollback, so that configuration changes are safe and never expose production credentials or personal data.","Scenario: Copy configuration to a test workspace
  Given an Organisation Administrator
  When they copy configuration and synthetic fixtures into an isolated test workspace
  Then production credentials and personal records are not copied by default

Scenario: Promote an approved package
  Given a configuration package in the test workspace
  When promotion compares versions, dependencies and validation results
  And an eligible Reviewer approves the complete package
  Then the production application records the exact promoted versions and affected future objects

Scenario: Roll back a promoted collection rule
  Given a new collection rule was promoted and production submissions were accepted under it
  When the Organisation Administrator rolls it back
  Then compatible configuration references are restored
  And sample records never appear in production
  And accepted production submissions keep their original rule references

Scenario: Reject rollback that erases intervening writes
  Given writes were made under an intervening configuration version
  When a rollback is attempted without an explicit migration
  Then those writes are not erased or altered","Reject if production credentials or personal records are copied to a test workspace by default, if sample records reach production, or if rollback erases writes made under an intervening version without an explicit migration.",Impact Platform ledger,,,"An administrator copies configuration and synthetic fixtures into an isolated test workspace. Promotion compares versions, dependencies and validation results; an eligible reviewer approves the complete package. Production application records the exact promoted versions and affected future objects. Never copy production credentials or personal records by default. Rollback restores compatible configuration references only; it cannot erase writes made under an intervening version without an explicit migration.","Promote a new collection rule, then roll it back; sample records never appear in production and accepted production submissions keep their original rule references.",,,Backlog
FR-TEN-009,Branding and external identity,R3 Ecosystem,Tenancy and organisation,Functional,Should,Absent,Organisation Administrator,"As an Organisation Administrator, I want to apply approved, accessible branding and a verified external domain to our workspace and reports, including white-labelling under a funder's brand, so that stakeholders see the right brand without hiding caveats, approval status or the actual organisation.","Scenario: Preview and publish a theme
  Given approved logos, accessible colours, tenant name and report styles
  When the Organisation Administrator previews and publishes the theme
  Then only presentation changes

Scenario: Activate an external domain
  Given an external domain has been added
  When verified control and an active renewal or revocation owner are recorded
  Then the domain becomes active
  But until then it remains pending

Scenario: Reject an inaccessible theme
  Given reports are served with an accessible theme
  When the Organisation Administrator attempts to publish a theme with a low contrast colour palette
  Then publication of the failing theme is blocked
  And the prior accessible theme continues to serve reports

Scenario: Reject unsafe assets and branding that hides mandatory content
  Given the Organisation Administrator is editing branding
  When they upload an asset that fails file safety checks or configure branding that hides mandatory caveats, approval status or the actual organisation
  Then the asset or branding is rejected

Scenario: Reject fallback when domain verification expires
  Given an external domain whose verification has expired
  When the domain is requested
  Then the domain is disabled
  And no fallback tenant is opened","Reject if a theme failing accessibility contrast is published, if branding hides mandatory caveats, approval status or the actual organisation, if unsafe assets are accepted, or if an unverified or expired domain serves any tenant.",Impact Platform ledger + BRD,US-FP-05,,"The branding editor previews approved logos, accessible colours, tenant name and report styles. An external domain remains pending until verified control and an active renewal or revocation owner are recorded. Publishing the theme changes presentation only. Uploaded assets pass file safety checks. Branding cannot hide mandatory caveats, approval status or the actual organisation; expired domain verification disables the domain without opening a fallback tenant.",Apply a low contrast colour palette; publication blocks the failing theme while the prior accessible theme continues to serve reports.,,,Backlog
FR-UX-007,Expanded localisation,R3 Ecosystem,User experience,Functional,Should,Absent,Data Author,"As a Data Author, I want each released language to cover navigation, help, validation, notifications, standard reports and critical consent text with professional review, so that I can complete core workflows fully in my language.","Scenario: Core workflow works in each released language
  Given each released language
  When a Data Author completes the same core workflow in it
  Then no untranslated blocking message or reversed layout obscures an action
  And right-to-left presentation is qualified where relevant

Scenario: Reject release with incomplete translation
  Given a language whose core workflow translation is incomplete
  When release is requested
  Then release of the affected core workflows is blocked
  And machine translation alone is not accepted as a completed interface qualification

Scenario: Reject fallback that changes stored meaning
  Given a missing translation
  When fallback language is used
  Then the fallback is explicit
  And stored codes and numeric semantics do not change","Reject if a language is released with untranslated blocking messages, relies on machine translation alone, or a fallback changes stored codes or numeric semantics.",Impact Platform ledger,,,"A language release contains navigation, help, validation, notifications, standard reports and critical consent text with professional review. Right to left presentation is qualified where relevant. Translation completeness blocks release of affected core workflows. Machine translation alone is not a completed interface qualification. Fallback language is explicit and never changes stored codes or numeric semantics.",Complete the same core workflow in each released language and confirm no untranslated blocking message or reversed layout obscures an action.,,,Backlog
FR-WFL-009,Automation rules,R3 Ecosystem,Workflow and review,Functional,Should,Absent,Programme Manager,"As a Programme Manager, I want to define and preview bounded automation rules with a trigger, conditions, action, owner, scope and retry policy, so that routine follow-ups such as overdue reminders happen reliably without runaway or unauthorised actions.","Scenario: Overdue reminder rule updates one task
  Given the Programme Manager has created an overdue reminder rule with an event trigger, conditions, a task update action, owner, scope and retry policy
  And the rule has been previewed against synthetic or permitted sample events
  When the same overdue event occurs repeatedly
  Then exactly one task is produced
  And each execution records the input event and action receipt

Scenario: Disabling a rule stops future actions
  Given an active automation rule that has already committed actions
  When the Programme Manager disables the rule
  Then no further actions are taken
  And the already committed actions are identified

Scenario: Reject recursive unlimited reminders
  Given an automation rule whose action could re-trigger the rule
  When the loop depth or frequency limit is reached
  Then no further reminders are created

Scenario: Reject automation acting beyond its authority
  Given an active automation rule
  When it attempts to approve an object it generated, publish without approval or expand permissions
  Then the action is blocked","Reject if repeated events create duplicate or unlimited recursive reminders, or automation approves its own generated objects, publishes without approval or expands permissions.",Impact Platform ledger,,,"An automation rule declares event trigger, conditions, bounded action, owner, scope and retry policy. Preview runs against synthetic or permitted sample events. Executions record input event and action receipts, with loop depth and frequency limits. Automation cannot approve its own generated objects, publish without approval or expand permissions. Disable stops future actions and identifies already committed ones.",Create an overdue reminder rule that triggers a task update; repeated events produce one task and cannot recursively create unlimited reminders.,,,Backlog
FR-AI-017,Forecasts and scenario assistance,Later,AI capabilities,Functional,Could,Absent,Programme Manager,"As a Programme Manager, I want AI forecasts and scenarios built from approved inputs with a stated horizon, method, assumptions and uncertainty, so that I can explore projections for planning without them being mistaken for actuals or overwriting targets.","Scenario: Forecast records its basis
  Given approved input versions
  When a forecast is created
  Then it records forecast horizon, method, assumptions and validation history
  And outputs include uncertainty and a scenario label

Scenario: Actuals and projections exported together stay distinct
  Given actuals and a projection
  When they are exported together
  Then they appear as distinct series with horizon and uncertainty
  And approved targets are not overwritten automatically

Scenario: Adoption is reviewed and changes are versioned
  Given a forecast scenario
  When it is adopted as a planning assumption, or its model or assumptions change
  Then adoption goes through review
  And a change of model or assumptions creates a new scenario version

Scenario: Reject forecasts on insufficient evidence
  Given insufficient evidence for a forecast
  When a forecast is requested
  Then the forecast is withheld or returned only as explicitly bounded exploratory output","Reject if a forecast is mixed with actuals, automatically overwrites approved targets, is adopted as a planning assumption without review, or is issued without bounds when evidence is insufficient.",Impact Platform ledger,,,"Forecasting selects approved input versions, forecast horizon, method, assumptions and validation history. Outputs include uncertainty and scenario label and remain separate from actuals and committed targets. Review controls any adoption as a planning assumption. Insufficient evidence produces a withheld forecast or explicitly bounded exploratory output. Changing model or assumptions creates a new scenario version.","Export actuals and a projection together and verify distinct series, horizon, uncertainty and no automatic overwrite of approved targets.",,,Backlog
FR-EVA-005,Outcome harvesting and contribution,Later,Evaluation,Functional,Could,Absent,MEL Manager,"As a MEL Manager, I want to harvest outcomes with their observed change, significance, timing, actors, contribution hypothesis, independent substantiation and dissenting views, so that contribution claims are reviewed separately from observed outcomes and attribution limits are clear.","Scenario: Two organisations contribute to one policy change
  Given two organisations claim contribution to one policy change
  When the outcome is reviewed and the narrative approved
  Then the approved narrative identifies both organisations
  And it states the limits of attribution
  And the contributions are not forced into shares that total 100 percent

Scenario: Review separates the outcome from contribution claims
  Given a harvested outcome
  When it is reviewed
  Then the observed outcome is reviewed separately from each organisation's contribution claim

Scenario: Reject publishing unsubstantiated claims as causation
  Given a contribution claim without independent substantiation
  When publication as established causation is attempted
  Then the claim remains proposed
  And it is not published as established causation",Reject if contributors are forced into shares totalling 100 percent or an unsubstantiated contribution claim is published as established causation.,Impact Platform ledger,,,"Outcome harvesting records observed change, significance, timing, actors, contribution hypothesis, independent substantiation and dissenting views. Review separates the observed outcome from each organisation's contribution claim. Multiple contributors may be recorded without forcing shares that total 100 percent. Unsubstantiated claims remain proposed and cannot be published as established causation.",Two organisations claim contribution to one policy change; the approved narrative identifies both and the limits of attribution.,,,Backlog
FR-EVA-008,Institutional learning library,Later,Evaluation,Functional,Could,Absent,Programme Manager,"As a Programme Manager, I want to reuse published lessons with their source context, method, applicability and limitations and record my adaptation assumptions, so that new programmes learn from past experience without overstating transferability.","Scenario: Publish a lesson
  Given a curator preparing a lesson
  When they publish it
  Then it includes source context, method, applicability, limitations, owner, review date and allowed reuse

Scenario: Apply a lesson in a different context
  Given a published rural implementation lesson
  When a Programme Manager applies it in an urban programme
  Then the contextual differences are recorded as adaptation assumptions
  And the underlying confidential transcripts remain inaccessible

Scenario: Reject cross tenant sharing without approval
  Given a lesson in one tenant
  When it is shared with another tenant without approved licensing and disclosure
  Then the sharing is refused

Scenario: Reject copying restricted material on reuse
  Given a lesson based on restricted interviews
  When it is reused in a new programme
  Then the restricted interviews are not copied
  And identical effectiveness is not implied","Reject if a lesson is shared across tenants without approved licensing and disclosure, or reuse copies restricted interviews or implies identical effectiveness.",Impact Platform ledger,,,"A curator publishes a lesson with source context, method, applicability, limitations, owner, review date and allowed reuse. New programmes reference the lesson and record adaptation assumptions. Cross tenant sharing requires approved licensing and disclosure. Reusing a lesson does not copy restricted interviews or imply identical effectiveness.",Apply a rural implementation lesson in an urban programme and record the contextual differences while the underlying confidential transcripts remain inaccessible.,,,Backlog
FR-FIN-007,Cost effectiveness,Later,Finance,Functional,Could,Absent,Finance Officer,"As a Finance Officer, I want to calculate cost effectiveness from a defined cost scope, currency and rate basis, eligible outcome denominator, matched period and exclusions, so that cost-per-outcome figures are reproducible and their limitations are clear.","Scenario: Calculate cost per participant
  Given an approved cost of 900 and 180 unique participants
  When the Finance Officer calculates cost effectiveness
  Then the cost per participant is five
  And shared-cost exclusions are explicitly listed
  And the ratio is returned with its limitations and source lineage

Scenario: Reject a zero or incompatible denominator
  Given a denominator that is zero or incompatible
  When cost effectiveness is calculated
  Then the result is undefined

Scenario: Reject unauthorised deduplication and causal labelling
  Given the denominator is unique participants
  When deduplication has not been authorised
  Then the unique participant count is not used
  And the ratio is never automatically labelled as causal return on investment","Reject if a zero or incompatible denominator yields a value, unique participants are counted without authorised deduplication, or the ratio is automatically labelled as causal return on investment.",Impact Platform ledger,,,"Cost effectiveness chooses cost scope, reporting currency and rate basis, eligible outcome denominator, matched period and exclusions. Calculation returns the deterministic ratio with limitations and source lineage. Zero or incompatible denominator gives undefined. Unique participants require authorised deduplication; the ratio is not automatically labelled causal return on investment.","Approved cost 900 over 180 unique participants produces cost per participant five, with shared-cost exclusions explicitly listed.",,,Backlog
FR-PLN-008,Planning scenarios,Later,Results planning,Functional,Could,Absent,Programme Manager,"As a Programme Manager, I want to model planning scenarios from a pinned baseline and adopt one through normal amendment proposals, so that I can compare options without bypassing approvals or confusing projections with actuals.","Scenario: Compare funding scenarios
  Given a programme with a pinned baseline
  When the Programme Manager creates two funding scenarios with altered targets, budgets, timing and assumptions and compares them
  Then the comparison shows the differences
  And calculated projections are shown separately from approved actuals

Scenario: Adopt a scenario through amendment proposals
  Given two compared funding scenarios
  When the Programme Manager adopts one
  Then an ordinary amendment proposal is created for each governed object
  And the original targets remain official until all required amendment decisions complete

Scenario: Reject direct promotion of a scenario
  Given a scenario with altered targets and budgets
  When a user attempts to promote it directly to official
  Then the operation is refused
  And target, budget and framework approval are still required

Scenario: Reject abandoned scenarios in official views
  Given an abandoned scenario
  When an official portfolio view is displayed
  Then the scenario is excluded
  And it remains labelled as abandoned","Reject if a scenario becomes official without target, budget and framework approval, or an abandoned scenario appears in official portfolio views.",Impact Platform ledger,,,"A scenario starts from a pinned programme baseline and records altered targets, budgets, timing and assumptions. Comparison shows differences and calculated projections separately from approved actuals. Adoption creates ordinary amendment proposals for each governed object. No direct promote operation can bypass target, budget or framework approval. Abandoned scenarios remain labelled and are excluded from official portfolio views.",Compare two funding scenarios and adopt one; the original targets remain official until all required amendment decisions complete.,,,Backlog
FR-SEC-015,Enterprise assurance options,Later,Security,Functional,Could,Absent,Executive Director,"As an Executive Director, I want each enterprise deployment variant to have a qualified profile showing its capabilities, region, recovery, responsibilities, key custody and exit process, so that I know what is supported before choosing it.","Scenario: Variant profile is defined
  Given an enterprise deployment variant
  When it is offered
  Then it has a named capability profile, region and recovery constraints, responsibilities, upgrade process, key custody and exit process
  And product screens show supported and unsupported features for that profile

Scenario: Customer key loss behaves as documented
  Given a qualified dedicated profile with a customer controlled key
  When the key is lost
  Then the documented unavailable and recovery behaviour occurs
  And data is not silently moved elsewhere

Scenario: Reject unqualified variants
  Given a dedicated deployment or customer controlled key option
  When it is selected through a commercial checkbox without passing equivalent functional, isolation and recovery gates
  Then it is not made available","Reject if a variant is offered without passing equivalent functional, isolation and recovery gates, or losing a customer controlled key silently moves data elsewhere.",Impact Platform ledger,,,"A deployment variant has a named capability profile, region and recovery constraints, responsibilities, upgrade process, key custody and exit process. Product screens show supported and unsupported features for that qualified profile. Dedicated deployment and customer controlled keys are not available merely by selecting a commercial checkbox. Each offered variant must pass equivalent functional, isolation and recovery gates.","Qualify one dedicated profile, lose its customer controlled key and verify the documented unavailable and recovery behaviour without silently moving data elsewhere.",,,Backlog
